solid OpenSCAD_Model
  facet normal 0 0 1
    outer loop
      vertex 22.4758 25.6459 3
      vertex 12.1726 18.4177 3
      vertex 12.2 18 3
    endloop
  endfacet
  facet normal 0 0 1
    outer loop
      vertex 15.6459 32.4758 3
      vertex 12.091 18.8282 3
      vertex 12.1726 18.4177 3
    endloop
  endfacet
  facet normal 0 0 1
    outer loop
      vertex 15.6459 32.4758 3
      vertex 11.9564 19.2246 3
      vertex 12.091 18.8282 3
    endloop
  endfacet
  facet normal 0 0 1
    outer loop
      vertex 15.6459 32.4758 3
      vertex 11.7713 19.6 3
      vertex 11.9564 19.2246 3
    endloop
  endfacet
  facet normal 0 0 1
    outer loop
      vertex 15.6459 32.4758 3
      vertex 11.5387 19.948 3
      vertex 11.7713 19.6 3
    endloop
  endfacet
  facet normal 0 0 1
    outer loop
      vertex 15.6459 32.4758 3
      vertex 11.2627 20.2627 3
      vertex 11.5387 19.948 3
    endloop
  endfacet
  facet normal 0 0 1
    outer loop
      vertex 15.6459 32.4758 3
      vertex 10.948 20.5387 3
      vertex 11.2627 20.2627 3
    endloop
  endfacet
  facet normal 0 0 1
    outer loop
      vertex 7.4 20.7713 3
      vertex 12.9571 36.5 3
      vertex 10.8165 40.8407 3
    endloop
  endfacet
  facet normal 0 0 1
    outer loop
      vertex 15.6459 32.4758 3
      vertex 10.6 20.7713 3
      vertex 10.948 20.5387 3
    endloop
  endfacet
  facet normal 0 0 1
    outer loop
      vertex 15.6459 32.4758 3
      vertex 10.2246 20.9564 3
      vertex 10.6 20.7713 3
    endloop
  endfacet
  facet normal 0 0 1
    outer loop
      vertex 15.6459 32.4758 3
      vertex 9.82822 21.091 3
      vertex 10.2246 20.9564 3
    endloop
  endfacet
  facet normal 0 0 1
    outer loop
      vertex 15.6459 32.4758 3
      vertex 9.41768 21.1726 3
      vertex 9.82822 21.091 3
    endloop
  endfacet
  facet normal 0 0 1
    outer loop
      vertex 6.46127 19.948 3
      vertex 10.8165 40.8407 3
      vertex 9.26074 45.4237 3
    endloop
  endfacet
  facet normal 0 0 1
    outer loop
      vertex 15.6459 32.4758 3
      vertex 9 21.2 3
      vertex 9.41768 21.1726 3
    endloop
  endfacet
  facet normal 0 0 1
    outer loop
      vertex 15.6459 32.4758 3
      vertex 8.58232 21.1726 3
      vertex 9 21.2 3
    endloop
  endfacet
  facet normal 0 0 1
    outer loop
      vertex 6.04358 19.2246 3
      vertex 9.26074 45.4237 3
      vertex 8.31654 50.1705 3
    endloop
  endfacet
  facet normal 0 0 1
    outer loop
      vertex 12.9571 36.5 3
      vertex 8.17178 21.091 3
      vertex 8.58232 21.1726 3
    endloop
  endfacet
  facet normal 0 0 1
    outer loop
      vertex 5.90904 18.8282 3
      vertex 8.31654 50.1705 3
      vertex 8 55 3
    endloop
  endfacet
  facet normal 0 0 1
    outer loop
      vertex 6.46127 90.052 3
      vertex 10.8165 69.1593 3
      vertex 6.73726 89.7373 3
    endloop
  endfacet
  facet normal 0 0 1
    outer loop
      vertex 12.9571 36.5 3
      vertex 7.77541 20.9564 3
      vertex 8.17178 21.091 3
    endloop
  endfacet
  facet normal 0 0 1
    outer loop
      vertex 10.8165 69.1593 3
      vertex 6.46127 90.052 3
      vertex 9.26074 64.5763 3
    endloop
  endfacet
  facet normal 0 0 1
    outer loop
      vertex 12.9571 36.5 3
      vertex 7.4 20.7713 3
      vertex 7.77541 20.9564 3
    endloop
  endfacet
  facet normal 0 0 1
    outer loop
      vertex 6.22872 90.4 3
      vertex 9.26074 64.5763 3
      vertex 6.46127 90.052 3
    endloop
  endfacet
  facet normal 0 0 1
    outer loop
      vertex 10.8165 40.8407 3
      vertex 7.05196 20.5387 3
      vertex 7.4 20.7713 3
    endloop
  endfacet
  facet normal 0 0 1
    outer loop
      vertex 6.04358 90.7754 3
      vertex 9.26074 64.5763 3
      vertex 6.22872 90.4 3
    endloop
  endfacet
  facet normal 0 0 1
    outer loop
      vertex 10.8165 40.8407 3
      vertex 6.73726 20.2627 3
      vertex 7.05196 20.5387 3
    endloop
  endfacet
  facet normal 0 0 1
    outer loop
      vertex 9.26074 64.5763 3
      vertex 6.04358 90.7754 3
      vertex 8.31654 59.8295 3
    endloop
  endfacet
  facet normal 0 0 1
    outer loop
      vertex 10.8165 40.8407 3
      vertex 6.46127 19.948 3
      vertex 6.73726 20.2627 3
    endloop
  endfacet
  facet normal 0 0 1
    outer loop
      vertex 5.90904 91.1718 3
      vertex 8.31654 59.8295 3
      vertex 6.04358 90.7754 3
    endloop
  endfacet
  facet normal 0 0 1
    outer loop
      vertex 9.26074 45.4237 3
      vertex 6.22872 19.6 3
      vertex 6.46127 19.948 3
    endloop
  endfacet
  facet normal 0 0 1
    outer loop
      vertex 8.31654 59.8295 3
      vertex 5.90904 91.1718 3
      vertex 8 55 3
    endloop
  endfacet
  facet normal 0 0 1
    outer loop
      vertex 9.26074 45.4237 3
      vertex 6.04358 19.2246 3
      vertex 6.22872 19.6 3
    endloop
  endfacet
  facet normal 0 0 1
    outer loop
      vertex 5.82738 91.5823 3
      vertex 8 55 3
      vertex 5.90904 91.1718 3
    endloop
  endfacet
  facet normal 0 0 1
    outer loop
      vertex 8.31654 50.1705 3
      vertex 5.90904 18.8282 3
      vertex 6.04358 19.2246 3
    endloop
  endfacet
  facet normal 0 0 1
    outer loop
      vertex 3.65 7.98 3
      vertex 8 55 3
      vertex 5.82738 91.5823 3
    endloop
  endfacet
  facet normal 0 0 1
    outer loop
      vertex 8 55 3
      vertex 5.82738 18.4177 3
      vertex 5.90904 18.8282 3
    endloop
  endfacet
  facet normal 0 0 1
    outer loop
      vertex 3.65 7.98 3
      vertex 5.82738 91.5823 3
      vertex 5.8 92 3
    endloop
  endfacet
  facet normal 0 0 1
    outer loop
      vertex 8 55 3
      vertex 3.65 7.98 3
      vertex 5.82738 18.4177 3
    endloop
  endfacet
  facet normal -0 0 1
    outer loop
      vertex 11.7713 90.4 3
      vertex 22.4758 84.3541 3
      vertex 11.9564 90.7754 3
    endloop
  endfacet
  facet normal 0 0 1
    outer loop
      vertex 22.4758 84.3541 3
      vertex 11.7713 90.4 3
      vertex 18.837 81.1629 3
    endloop
  endfacet
  facet normal -0 0 1
    outer loop
      vertex 11.5387 90.052 3
      vertex 18.837 81.1629 3
      vertex 11.7713 90.4 3
    endloop
  endfacet
  facet normal -0 0 1
    outer loop
      vertex 11.2627 89.7373 3
      vertex 18.837 81.1629 3
      vertex 11.5387 90.052 3
    endloop
  endfacet
  facet normal -0 0 1
    outer loop
      vertex 10.948 89.4613 3
      vertex 18.837 81.1629 3
      vertex 11.2627 89.7373 3
    endloop
  endfacet
  facet normal -0 0 1
    outer loop
      vertex 10.6 89.2287 3
      vertex 18.837 81.1629 3
      vertex 10.948 89.4613 3
    endloop
  endfacet
  facet normal -0 0 1
    outer loop
      vertex 10.2246 89.0436 3
      vertex 18.837 81.1629 3
      vertex 10.6 89.2287 3
    endloop
  endfacet
  facet normal 0 0 1
    outer loop
      vertex 18.837 81.1629 3
      vertex 10.2246 89.0436 3
      vertex 15.6459 77.5242 3
    endloop
  endfacet
  facet normal -0 0 1
    outer loop
      vertex 9.82822 88.909 3
      vertex 15.6459 77.5242 3
      vertex 10.2246 89.0436 3
    endloop
  endfacet
  facet normal -0 0 1
    outer loop
      vertex 9.41768 88.8274 3
      vertex 15.6459 77.5242 3
      vertex 9.82822 88.909 3
    endloop
  endfacet
  facet normal -0 0 1
    outer loop
      vertex 9 88.8 3
      vertex 15.6459 77.5242 3
      vertex 9.41768 88.8274 3
    endloop
  endfacet
  facet normal 0 0 1
    outer loop
      vertex 8.58232 88.8274 3
      vertex 15.6459 77.5242 3
      vertex 9 88.8 3
    endloop
  endfacet
  facet normal 0 0 1
    outer loop
      vertex 15.6459 77.5242 3
      vertex 8.58232 88.8274 3
      vertex 12.9571 73.5 3
    endloop
  endfacet
  facet normal 0 0 1
    outer loop
      vertex 8.17178 88.909 3
      vertex 12.9571 73.5 3
      vertex 8.58232 88.8274 3
    endloop
  endfacet
  facet normal 0 0 1
    outer loop
      vertex 7.77541 89.0436 3
      vertex 12.9571 73.5 3
      vertex 8.17178 88.909 3
    endloop
  endfacet
  facet normal 0 0 1
    outer loop
      vertex 7.4 89.2287 3
      vertex 12.9571 73.5 3
      vertex 7.77541 89.0436 3
    endloop
  endfacet
  facet normal 0 0 1
    outer loop
      vertex 12.9571 73.5 3
      vertex 7.4 89.2287 3
      vertex 10.8165 69.1593 3
    endloop
  endfacet
  facet normal 0 0 1
    outer loop
      vertex 7.05196 89.4613 3
      vertex 10.8165 69.1593 3
      vertex 7.4 89.2287 3
    endloop
  endfacet
  facet normal 0 0 1
    outer loop
      vertex 6.73726 89.7373 3
      vertex 10.8165 69.1593 3
      vertex 7.05196 89.4613 3
    endloop
  endfacet
  facet normal 0 0 1
    outer loop
      vertex 83.9564 90.7754 3
      vertex 105 93 3
      vertex 84.091 91.1718 3
    endloop
  endfacet
  facet normal 0 0 1
    outer loop
      vertex 105 18 3
      vertex 84.1726 18.4177 3
      vertex 84.2 18 3
    endloop
  endfacet
  facet normal 0 -0 1
    outer loop
      vertex 82 55 3
      vertex 105 93 3
      vertex 81.6835 59.8295 3
    endloop
  endfacet
  facet normal -0 0 1
    outer loop
      vertex 81.6835 50.1705 3
      vertex 105 18 3
      vertex 82 55 3
    endloop
  endfacet
  facet normal 0 0 1
    outer loop
      vertex 83.7713 90.4 3
      vertex 105 93 3
      vertex 83.9564 90.7754 3
    endloop
  endfacet
  facet normal 0 0 1
    outer loop
      vertex 105 18 3
      vertex 84.091 18.8282 3
      vertex 84.1726 18.4177 3
    endloop
  endfacet
  facet normal 0 0 1
    outer loop
      vertex 83.5387 90.052 3
      vertex 105 93 3
      vertex 83.7713 90.4 3
    endloop
  endfacet
  facet normal -0 0 1
    outer loop
      vertex 80.7393 45.4237 3
      vertex 105 18 3
      vertex 81.6835 50.1705 3
    endloop
  endfacet
  facet normal 0 0 1
    outer loop
      vertex 83.2627 89.7373 3
      vertex 105 93 3
      vertex 83.5387 90.052 3
    endloop
  endfacet
  facet normal 0 0 1
    outer loop
      vertex 105 18 3
      vertex 83.9564 19.2246 3
      vertex 84.091 18.8282 3
    endloop
  endfacet
  facet normal 0 0 1
    outer loop
      vertex 105 93 3
      vertex 83.2627 89.7373 3
      vertex 79.1835 69.1593 3
    endloop
  endfacet
  facet normal -0 0 1
    outer loop
      vertex 79.1835 40.8407 3
      vertex 105 18 3
      vertex 80.7393 45.4237 3
    endloop
  endfacet
  facet normal 0 0 1
    outer loop
      vertex 79.1835 69.1593 3
      vertex 83.2627 89.7373 3
      vertex 82.948 89.4613 3
    endloop
  endfacet
  facet normal 0 0 1
    outer loop
      vertex 105 18 3
      vertex 83.7713 19.6 3
      vertex 83.9564 19.2246 3
    endloop
  endfacet
  facet normal 0 0 1
    outer loop
      vertex 79.1835 69.1593 3
      vertex 82.948 89.4613 3
      vertex 82.6 89.2287 3
    endloop
  endfacet
  facet normal 0 0 1
    outer loop
      vertex 105 18 3
      vertex 83.5387 19.948 3
      vertex 83.7713 19.6 3
    endloop
  endfacet
  facet normal 0 0 1
    outer loop
      vertex 77.0429 73.5 3
      vertex 82.6 89.2287 3
      vertex 82.2246 89.0436 3
    endloop
  endfacet
  facet normal -0 -0 1
    outer loop
      vertex 83.2627 20.2627 3
      vertex 105 18 3
      vertex 79.1835 40.8407 3
    endloop
  endfacet
  facet normal 0 0 1
    outer loop
      vertex 105 18 3
      vertex 83.2627 20.2627 3
      vertex 83.5387 19.948 3
    endloop
  endfacet
  facet normal 0 0 1
    outer loop
      vertex 77.0429 73.5 3
      vertex 82.2246 89.0436 3
      vertex 81.8282 88.909 3
    endloop
  endfacet
  facet normal 0 0 1
    outer loop
      vertex 105 93 3
      vertex 82 55 3
      vertex 105 18 3
    endloop
  endfacet
  facet normal 0 0 1
    outer loop
      vertex 77.0429 73.5 3
      vertex 81.8282 88.909 3
      vertex 81.4177 88.8274 3
    endloop
  endfacet
  facet normal 0 0 1
    outer loop
      vertex 74.3541 77.5242 3
      vertex 81.4177 88.8274 3
      vertex 81 88.8 3
    endloop
  endfacet
  facet normal 0 0 1
    outer loop
      vertex 105 93 3
      vertex 80.7393 64.5763 3
      vertex 81.6835 59.8295 3
    endloop
  endfacet
  facet normal 0 0 1
    outer loop
      vertex 74.3541 77.5242 3
      vertex 81 88.8 3
      vertex 80.5823 88.8274 3
    endloop
  endfacet
  facet normal 0 0 1
    outer loop
      vertex 74.3541 77.5242 3
      vertex 80.5823 88.8274 3
      vertex 80.1718 88.909 3
    endloop
  endfacet
  facet normal 0 0 1
    outer loop
      vertex 74.3541 77.5242 3
      vertex 80.1718 88.909 3
      vertex 79.7754 89.0436 3
    endloop
  endfacet
  facet normal 0 0 1
    outer loop
      vertex 71.1629 81.1629 3
      vertex 79.7754 89.0436 3
      vertex 79.4 89.2287 3
    endloop
  endfacet
  facet normal 0 0 1
    outer loop
      vertex 105 93 3
      vertex 79.1835 69.1593 3
      vertex 80.7393 64.5763 3
    endloop
  endfacet
  facet normal 0 0 1
    outer loop
      vertex 71.1629 81.1629 3
      vertex 79.4 89.2287 3
      vertex 79.052 89.4613 3
    endloop
  endfacet
  facet normal 0 0 1
    outer loop
      vertex 71.1629 81.1629 3
      vertex 79.052 89.4613 3
      vertex 78.7373 89.7373 3
    endloop
  endfacet
  facet normal 0 0 1
    outer loop
      vertex 71.1629 81.1629 3
      vertex 78.7373 89.7373 3
      vertex 78.4613 90.052 3
    endloop
  endfacet
  facet normal 0 0 1
    outer loop
      vertex 71.1629 81.1629 3
      vertex 78.4613 90.052 3
      vertex 78.2287 90.4 3
    endloop
  endfacet
  facet normal 0 0 1
    outer loop
      vertex 67.5242 84.3541 3
      vertex 78.2287 90.4 3
      vertex 78.0436 90.7754 3
    endloop
  endfacet
  facet normal 0 0 1
    outer loop
      vertex 67.5242 84.3541 3
      vertex 78.0436 90.7754 3
      vertex 77.909 91.1718 3
    endloop
  endfacet
  facet normal 0 0 1
    outer loop
      vertex 67.5242 84.3541 3
      vertex 77.909 91.1718 3
      vertex 77.8274 91.5823 3
    endloop
  endfacet
  facet normal 0 0 1
    outer loop
      vertex 67.5242 84.3541 3
      vertex 77.8274 91.5823 3
      vertex 77.8 92 3
    endloop
  endfacet
  facet normal 0 0 1
    outer loop
      vertex 82.6 89.2287 3
      vertex 77.0429 73.5 3
      vertex 79.1835 69.1593 3
    endloop
  endfacet
  facet normal 0 0 1
    outer loop
      vertex 83.2627 20.2627 3
      vertex 79.1835 40.8407 3
      vertex 82.948 20.5387 3
    endloop
  endfacet
  facet normal 0 0 1
    outer loop
      vertex 82.948 20.5387 3
      vertex 79.1835 40.8407 3
      vertex 82.6 20.7713 3
    endloop
  endfacet
  facet normal -0 0 1
    outer loop
      vertex 77.0429 36.5 3
      vertex 82.6 20.7713 3
      vertex 79.1835 40.8407 3
    endloop
  endfacet
  facet normal 0 0 1
    outer loop
      vertex 82.6 20.7713 3
      vertex 77.0429 36.5 3
      vertex 82.2246 20.9564 3
    endloop
  endfacet
  facet normal 0 0 1
    outer loop
      vertex 82.2246 20.9564 3
      vertex 77.0429 36.5 3
      vertex 81.8282 21.091 3
    endloop
  endfacet
  facet normal 0 0 1
    outer loop
      vertex 81.8282 21.091 3
      vertex 77.0429 36.5 3
      vertex 81.4177 21.1726 3
    endloop
  endfacet
  facet normal -0 0 1
    outer loop
      vertex 74.3541 32.4758 3
      vertex 81.4177 21.1726 3
      vertex 77.0429 36.5 3
    endloop
  endfacet
  facet normal 0 0 1
    outer loop
      vertex 81.4177 21.1726 3
      vertex 74.3541 32.4758 3
      vertex 81 21.2 3
    endloop
  endfacet
  facet normal 0 0 1
    outer loop
      vertex 81 21.2 3
      vertex 74.3541 32.4758 3
      vertex 80.5823 21.1726 3
    endloop
  endfacet
  facet normal 0 0 1
    outer loop
      vertex 80.5823 21.1726 3
      vertex 74.3541 32.4758 3
      vertex 80.1718 21.091 3
    endloop
  endfacet
  facet normal 0 0 1
    outer loop
      vertex 80.1718 21.091 3
      vertex 74.3541 32.4758 3
      vertex 79.7754 20.9564 3
    endloop
  endfacet
  facet normal -0 0 1
    outer loop
      vertex 71.1629 28.837 3
      vertex 79.7754 20.9564 3
      vertex 74.3541 32.4758 3
    endloop
  endfacet
  facet normal 0 0 1
    outer loop
      vertex 79.7754 20.9564 3
      vertex 71.1629 28.837 3
      vertex 79.4 20.7713 3
    endloop
  endfacet
  facet normal 0 0 1
    outer loop
      vertex 79.4 20.7713 3
      vertex 71.1629 28.837 3
      vertex 79.052 20.5387 3
    endloop
  endfacet
  facet normal 0 0 1
    outer loop
      vertex 79.052 20.5387 3
      vertex 71.1629 28.837 3
      vertex 78.7373 20.2627 3
    endloop
  endfacet
  facet normal 0 0 1
    outer loop
      vertex 78.7373 20.2627 3
      vertex 71.1629 28.837 3
      vertex 78.4613 19.948 3
    endloop
  endfacet
  facet normal 0 0 1
    outer loop
      vertex 78.4613 19.948 3
      vertex 71.1629 28.837 3
      vertex 78.2287 19.6 3
    endloop
  endfacet
  facet normal -0 0 1
    outer loop
      vertex 67.5242 25.6459 3
      vertex 78.2287 19.6 3
      vertex 71.1629 28.837 3
    endloop
  endfacet
  facet normal 0 0 1
    outer loop
      vertex 78.2287 19.6 3
      vertex 67.5242 25.6459 3
      vertex 78.0436 19.2246 3
    endloop
  endfacet
  facet normal -0 0 1
    outer loop
      vertex 105 18 3
      vertex 130 8 3
      vertex 225 18 3
    endloop
  endfacet
  facet normal -0 0 1
    outer loop
      vertex 83.9564 16.7754 3
      vertex 106 8 3
      vertex 105 18 3
    endloop
  endfacet
  facet normal 0 0 1
    outer loop
      vertex 130 8 3
      vertex 105 18 3
      vertex 106 8 3
    endloop
  endfacet
  facet normal 0 0 1
    outer loop
      vertex 184.042 106.72 3
      vertex 182.173 105.418 3
      vertex 182.2 105 3
    endloop
  endfacet
  facet normal 0 0 1
    outer loop
      vertex 184.042 106.72 3
      vertex 182.091 105.828 3
      vertex 182.173 105.418 3
    endloop
  endfacet
  facet normal 0 0 1
    outer loop
      vertex 184.042 106.72 3
      vertex 181.956 106.225 3
      vertex 182.091 105.828 3
    endloop
  endfacet
  facet normal 0 0 1
    outer loop
      vertex 184.042 106.72 3
      vertex 181.771 106.6 3
      vertex 181.956 106.225 3
    endloop
  endfacet
  facet normal 0 0 1
    outer loop
      vertex 182.272 108.272 3
      vertex 181.539 106.948 3
      vertex 181.771 106.6 3
    endloop
  endfacet
  facet normal 0 0 1
    outer loop
      vertex 182.272 108.272 3
      vertex 181.263 107.263 3
      vertex 181.539 106.948 3
    endloop
  endfacet
  facet normal 0 0 1
    outer loop
      vertex 182.272 108.272 3
      vertex 180.948 107.539 3
      vertex 181.263 107.263 3
    endloop
  endfacet
  facet normal 0 0 1
    outer loop
      vertex 180.6 107.771 3
      vertex 182.272 108.272 3
      vertex 180.72 110.042 3
    endloop
  endfacet
  facet normal 0 0 1
    outer loop
      vertex 182.272 108.272 3
      vertex 180.6 107.771 3
      vertex 180.948 107.539 3
    endloop
  endfacet
  facet normal 0 0 1
    outer loop
      vertex 180.72 110.042 3
      vertex 180.225 107.956 3
      vertex 180.6 107.771 3
    endloop
  endfacet
  facet normal 0 0 1
    outer loop
      vertex 180.72 110.042 3
      vertex 179.828 108.091 3
      vertex 180.225 107.956 3
    endloop
  endfacet
  facet normal 0 0 1
    outer loop
      vertex 180.72 110.042 3
      vertex 179.418 108.173 3
      vertex 179.828 108.091 3
    endloop
  endfacet
  facet normal 0 0 1
    outer loop
      vertex 179 108.2 3
      vertex 180.72 110.042 3
      vertex 179.412 112 3
    endloop
  endfacet
  facet normal 0 0 1
    outer loop
      vertex 180.72 110.042 3
      vertex 179 108.2 3
      vertex 179.418 108.173 3
    endloop
  endfacet
  facet normal 0 0 1
    outer loop
      vertex 179.412 112 3
      vertex 178.582 108.173 3
      vertex 179 108.2 3
    endloop
  endfacet
  facet normal 0 0 1
    outer loop
      vertex 177.4 107.771 3
      vertex 179.412 112 3
      vertex 178.37 114.112 3
    endloop
  endfacet
  facet normal 0 0 1
    outer loop
      vertex 179.412 112 3
      vertex 178.172 108.091 3
      vertex 178.582 108.173 3
    endloop
  endfacet
  facet normal 0 0 1
    outer loop
      vertex 179.412 112 3
      vertex 177.775 107.956 3
      vertex 178.172 108.091 3
    endloop
  endfacet
  facet normal 0 0 1
    outer loop
      vertex 176.461 106.948 3
      vertex 178.37 114.112 3
      vertex 177.613 116.341 3
    endloop
  endfacet
  facet normal 0 0 1
    outer loop
      vertex 179.412 112 3
      vertex 177.4 107.771 3
      vertex 177.775 107.956 3
    endloop
  endfacet
  facet normal 0 0 1
    outer loop
      vertex 176.044 106.225 3
      vertex 177.613 116.341 3
      vertex 177.154 118.651 3
    endloop
  endfacet
  facet normal 0 0 1
    outer loop
      vertex 178.37 114.112 3
      vertex 177.052 107.539 3
      vertex 177.4 107.771 3
    endloop
  endfacet
  facet normal 0 0 1
    outer loop
      vertex 105 93 3
      vertex 177.154 118.651 3
      vertex 177 121 3
    endloop
  endfacet
  facet normal 0 0 1
    outer loop
      vertex 176.044 135.775 3
      vertex 177.613 125.659 3
      vertex 176.229 135.4 3
    endloop
  endfacet
  facet normal 0 0 1
    outer loop
      vertex 178.37 114.112 3
      vertex 176.737 107.263 3
      vertex 177.052 107.539 3
    endloop
  endfacet
  facet normal 0 0 1
    outer loop
      vertex 177.613 125.659 3
      vertex 176.044 135.775 3
      vertex 177.154 123.349 3
    endloop
  endfacet
  facet normal 0 0 1
    outer loop
      vertex 178.37 114.112 3
      vertex 176.461 106.948 3
      vertex 176.737 107.263 3
    endloop
  endfacet
  facet normal 0 0 1
    outer loop
      vertex 175.909 136.172 3
      vertex 177.154 123.349 3
      vertex 176.044 135.775 3
    endloop
  endfacet
  facet normal 0 0 1
    outer loop
      vertex 177.613 116.341 3
      vertex 176.229 106.6 3
      vertex 176.461 106.948 3
    endloop
  endfacet
  facet normal 0 0 1
    outer loop
      vertex 105 93 3
      vertex 177.154 123.349 3
      vertex 175.909 136.172 3
    endloop
  endfacet
  facet normal 0 0 1
    outer loop
      vertex 177.613 116.341 3
      vertex 176.044 106.225 3
      vertex 176.229 106.6 3
    endloop
  endfacet
  facet normal 0 0 1
    outer loop
      vertex 177.154 123.349 3
      vertex 105 93 3
      vertex 177 121 3
    endloop
  endfacet
  facet normal 0 0 1
    outer loop
      vertex 177.154 118.651 3
      vertex 105 93 3
      vertex 175.909 105.828 3
    endloop
  endfacet
  facet normal 0 0 1
    outer loop
      vertex 105 93 3
      vertex 175.909 136.172 3
      vertex 175.827 136.582 3
    endloop
  endfacet
  facet normal 0 0 1
    outer loop
      vertex 177.154 118.651 3
      vertex 175.909 105.828 3
      vertex 176.044 106.225 3
    endloop
  endfacet
  facet normal 0 0 1
    outer loop
      vertex 105 93 3
      vertex 175.827 136.582 3
      vertex 175.8 137 3
    endloop
  endfacet
  facet normal 0 0 1
    outer loop
      vertex 175.909 105.828 3
      vertex 105 93 3
      vertex 175.827 105.418 3
    endloop
  endfacet
  facet normal -0 0 1
    outer loop
      vertex 182.091 136.172 3
      vertex 184.042 135.28 3
      vertex 182.173 136.582 3
    endloop
  endfacet
  facet normal -0 0 1
    outer loop
      vertex 181.956 135.775 3
      vertex 184.042 135.28 3
      vertex 182.091 136.172 3
    endloop
  endfacet
  facet normal -0 0 1
    outer loop
      vertex 181.771 135.4 3
      vertex 184.042 135.28 3
      vertex 181.956 135.775 3
    endloop
  endfacet
  facet normal 0 0 1
    outer loop
      vertex 184.042 135.28 3
      vertex 181.771 135.4 3
      vertex 182.272 133.728 3
    endloop
  endfacet
  facet normal -0 0 1
    outer loop
      vertex 181.539 135.052 3
      vertex 182.272 133.728 3
      vertex 181.771 135.4 3
    endloop
  endfacet
  facet normal -0 0 1
    outer loop
      vertex 181.263 134.737 3
      vertex 182.272 133.728 3
      vertex 181.539 135.052 3
    endloop
  endfacet
  facet normal -0 0 1
    outer loop
      vertex 180.948 134.461 3
      vertex 182.272 133.728 3
      vertex 181.263 134.737 3
    endloop
  endfacet
  facet normal -0 0 1
    outer loop
      vertex 180.6 134.229 3
      vertex 182.272 133.728 3
      vertex 180.948 134.461 3
    endloop
  endfacet
  facet normal 0 0 1
    outer loop
      vertex 182.272 133.728 3
      vertex 180.6 134.229 3
      vertex 180.72 131.958 3
    endloop
  endfacet
  facet normal -0 0 1
    outer loop
      vertex 180.225 134.044 3
      vertex 180.72 131.958 3
      vertex 180.6 134.229 3
    endloop
  endfacet
  facet normal -0 0 1
    outer loop
      vertex 179.828 133.909 3
      vertex 180.72 131.958 3
      vertex 180.225 134.044 3
    endloop
  endfacet
  facet normal -0 0 1
    outer loop
      vertex 179.418 133.827 3
      vertex 180.72 131.958 3
      vertex 179.828 133.909 3
    endloop
  endfacet
  facet normal -0 0 1
    outer loop
      vertex 179 133.8 3
      vertex 180.72 131.958 3
      vertex 179.418 133.827 3
    endloop
  endfacet
  facet normal 0 0 1
    outer loop
      vertex 180.72 131.958 3
      vertex 179 133.8 3
      vertex 179.412 130 3
    endloop
  endfacet
  facet normal 0 0 1
    outer loop
      vertex 178.582 133.827 3
      vertex 179.412 130 3
      vertex 179 133.8 3
    endloop
  endfacet
  facet normal 0 0 1
    outer loop
      vertex 178.172 133.909 3
      vertex 179.412 130 3
      vertex 178.582 133.827 3
    endloop
  endfacet
  facet normal 0 0 1
    outer loop
      vertex 177.775 134.044 3
      vertex 179.412 130 3
      vertex 178.172 133.909 3
    endloop
  endfacet
  facet normal 0 0 1
    outer loop
      vertex 177.4 134.229 3
      vertex 179.412 130 3
      vertex 177.775 134.044 3
    endloop
  endfacet
  facet normal 0 0 1
    outer loop
      vertex 179.412 130 3
      vertex 177.4 134.229 3
      vertex 178.37 127.888 3
    endloop
  endfacet
  facet normal 0 0 1
    outer loop
      vertex 177.052 134.461 3
      vertex 178.37 127.888 3
      vertex 177.4 134.229 3
    endloop
  endfacet
  facet normal 0 0 1
    outer loop
      vertex 176.737 134.737 3
      vertex 178.37 127.888 3
      vertex 177.052 134.461 3
    endloop
  endfacet
  facet normal 0 0 1
    outer loop
      vertex 176.461 135.052 3
      vertex 178.37 127.888 3
      vertex 176.737 134.737 3
    endloop
  endfacet
  facet normal 0 0 1
    outer loop
      vertex 178.37 127.888 3
      vertex 176.461 135.052 3
      vertex 177.613 125.659 3
    endloop
  endfacet
  facet normal 0 0 1
    outer loop
      vertex 176.229 135.4 3
      vertex 177.613 125.659 3
      vertex 176.461 135.052 3
    endloop
  endfacet
  facet normal 0 0 1
    outer loop
      vertex 214.091 136.172 3
      vertex 236.35 142 3
      vertex 214.173 136.582 3
    endloop
  endfacet
  facet normal 0 0 1
    outer loop
      vertex 236.35 142 3
      vertex 214.173 105.418 3
      vertex 214.2 105 3
    endloop
  endfacet
  facet normal 0 0 1
    outer loop
      vertex 213.956 135.775 3
      vertex 236.35 142 3
      vertex 214.091 136.172 3
    endloop
  endfacet
  facet normal 0 0 1
    outer loop
      vertex 212.846 118.651 3
      vertex 236.35 142 3
      vertex 213 121 3
    endloop
  endfacet
  facet normal 0 0 1
    outer loop
      vertex 213.771 135.4 3
      vertex 236.35 142 3
      vertex 213.956 135.775 3
    endloop
  endfacet
  facet normal 0 0 1
    outer loop
      vertex 236.35 142 3
      vertex 214.091 105.828 3
      vertex 214.173 105.418 3
    endloop
  endfacet
  facet normal 0 0 1
    outer loop
      vertex 236.35 142 3
      vertex 213.771 135.4 3
      vertex 212.387 125.659 3
    endloop
  endfacet
  facet normal 0 0 1
    outer loop
      vertex 236.35 142 3
      vertex 212.846 118.651 3
      vertex 214.091 105.828 3
    endloop
  endfacet
  facet normal 0 0 1
    outer loop
      vertex 212.387 125.659 3
      vertex 213.771 135.4 3
      vertex 213.539 135.052 3
    endloop
  endfacet
  facet normal 0 0 1
    outer loop
      vertex 214.091 105.828 3
      vertex 212.846 118.651 3
      vertex 213.956 106.225 3
    endloop
  endfacet
  facet normal 0 0 1
    outer loop
      vertex 211.63 127.888 3
      vertex 213.539 135.052 3
      vertex 213.263 134.737 3
    endloop
  endfacet
  facet normal -0 0 1
    outer loop
      vertex 212.387 116.341 3
      vertex 213.956 106.225 3
      vertex 212.846 118.651 3
    endloop
  endfacet
  facet normal 0 0 1
    outer loop
      vertex 213.956 106.225 3
      vertex 212.387 116.341 3
      vertex 213.771 106.6 3
    endloop
  endfacet
  facet normal 0 0 1
    outer loop
      vertex 211.63 127.888 3
      vertex 213.263 134.737 3
      vertex 212.948 134.461 3
    endloop
  endfacet
  facet normal 0 0 1
    outer loop
      vertex 236.35 142 3
      vertex 212.846 123.349 3
      vertex 213 121 3
    endloop
  endfacet
  facet normal 0 0 1
    outer loop
      vertex 211.63 127.888 3
      vertex 212.948 134.461 3
      vertex 212.6 134.229 3
    endloop
  endfacet
  facet normal 0 0 1
    outer loop
      vertex 236.35 142 3
      vertex 212.387 125.659 3
      vertex 212.846 123.349 3
    endloop
  endfacet
  facet normal 0 0 1
    outer loop
      vertex 210.588 130 3
      vertex 212.6 134.229 3
      vertex 212.225 134.044 3
    endloop
  endfacet
  facet normal 0 0 1
    outer loop
      vertex 210.588 130 3
      vertex 212.225 134.044 3
      vertex 211.828 133.909 3
    endloop
  endfacet
  facet normal 0 0 1
    outer loop
      vertex 213.539 135.052 3
      vertex 211.63 127.888 3
      vertex 212.387 125.659 3
    endloop
  endfacet
  facet normal 0 0 1
    outer loop
      vertex 210.588 130 3
      vertex 211.828 133.909 3
      vertex 211.418 133.827 3
    endloop
  endfacet
  facet normal 0 0 1
    outer loop
      vertex 210.588 130 3
      vertex 211.418 133.827 3
      vertex 211 133.8 3
    endloop
  endfacet
  facet normal 0 0 1
    outer loop
      vertex 212.6 134.229 3
      vertex 210.588 130 3
      vertex 211.63 127.888 3
    endloop
  endfacet
  facet normal 0 0 1
    outer loop
      vertex 209.28 131.958 3
      vertex 211 133.8 3
      vertex 210.582 133.827 3
    endloop
  endfacet
  facet normal 0 0 1
    outer loop
      vertex 209.28 131.958 3
      vertex 210.582 133.827 3
      vertex 210.172 133.909 3
    endloop
  endfacet
  facet normal 0 0 1
    outer loop
      vertex 209.28 131.958 3
      vertex 210.172 133.909 3
      vertex 209.775 134.044 3
    endloop
  endfacet
  facet normal 0 0 1
    outer loop
      vertex 209.28 131.958 3
      vertex 209.775 134.044 3
      vertex 209.4 134.229 3
    endloop
  endfacet
  facet normal 0 0 1
    outer loop
      vertex 211 133.8 3
      vertex 209.28 131.958 3
      vertex 210.588 130 3
    endloop
  endfacet
  facet normal 0 0 1
    outer loop
      vertex 207.728 133.728 3
      vertex 209.4 134.229 3
      vertex 209.052 134.461 3
    endloop
  endfacet
  facet normal 0 0 1
    outer loop
      vertex 207.728 133.728 3
      vertex 209.052 134.461 3
      vertex 208.737 134.737 3
    endloop
  endfacet
  facet normal 0 0 1
    outer loop
      vertex 207.728 133.728 3
      vertex 208.737 134.737 3
      vertex 208.461 135.052 3
    endloop
  endfacet
  facet normal 0 0 1
    outer loop
      vertex 207.728 133.728 3
      vertex 208.461 135.052 3
      vertex 208.229 135.4 3
    endloop
  endfacet
  facet normal 0 0 1
    outer loop
      vertex 205.958 135.28 3
      vertex 208.229 135.4 3
      vertex 208.044 135.775 3
    endloop
  endfacet
  facet normal 0 0 1
    outer loop
      vertex 205.958 135.28 3
      vertex 208.044 135.775 3
      vertex 207.909 136.172 3
    endloop
  endfacet
  facet normal 0 0 1
    outer loop
      vertex 209.4 134.229 3
      vertex 207.728 133.728 3
      vertex 209.28 131.958 3
    endloop
  endfacet
  facet normal 0 0 1
    outer loop
      vertex 205.958 135.28 3
      vertex 207.909 136.172 3
      vertex 207.827 136.582 3
    endloop
  endfacet
  facet normal 0 0 1
    outer loop
      vertex 205.958 135.28 3
      vertex 207.827 136.582 3
      vertex 207.8 137 3
    endloop
  endfacet
  facet normal -0 0 1
    outer loop
      vertex 225 93 3
      vertex 236.35 7.98 3
      vertex 236.35 142 3
    endloop
  endfacet
  facet normal -0 0 1
    outer loop
      vertex 225 18 3
      vertex 236.35 7.98 3
      vertex 225 93 3
    endloop
  endfacet
  facet normal 0 0 1
    outer loop
      vertex 214.173 136.582 3
      vertex 236.35 142 3
      vertex 214.2 137 3
    endloop
  endfacet
  facet normal 0 0 1
    outer loop
      vertex 236.35 142 3
      vertex 214.173 137.418 3
      vertex 214.2 137 3
    endloop
  endfacet
  facet normal 0 0 1
    outer loop
      vertex 236.35 142 3
      vertex 214.091 137.828 3
      vertex 214.173 137.418 3
    endloop
  endfacet
  facet normal 0 0 1
    outer loop
      vertex 236.35 142 3
      vertex 213.956 138.225 3
      vertex 214.091 137.828 3
    endloop
  endfacet
  facet normal 0 0 1
    outer loop
      vertex 236.35 142 3
      vertex 213.771 138.6 3
      vertex 213.956 138.225 3
    endloop
  endfacet
  facet normal 0 0 1
    outer loop
      vertex 236.35 142 3
      vertex 213.539 138.948 3
      vertex 213.771 138.6 3
    endloop
  endfacet
  facet normal 0 0 1
    outer loop
      vertex 236.35 142 3
      vertex 213.263 139.263 3
      vertex 213.539 138.948 3
    endloop
  endfacet
  facet normal 0 0 1
    outer loop
      vertex 236.35 142 3
      vertex 212.948 139.539 3
      vertex 213.263 139.263 3
    endloop
  endfacet
  facet normal 0 0 1
    outer loop
      vertex 236.35 142 3
      vertex 212.6 139.771 3
      vertex 212.948 139.539 3
    endloop
  endfacet
  facet normal 0 0 1
    outer loop
      vertex 236.35 142 3
      vertex 212.225 139.956 3
      vertex 212.6 139.771 3
    endloop
  endfacet
  facet normal 0 0 1
    outer loop
      vertex 236.35 142 3
      vertex 211.828 140.091 3
      vertex 212.225 139.956 3
    endloop
  endfacet
  facet normal 0 0 1
    outer loop
      vertex 236.35 142 3
      vertex 211.418 140.173 3
      vertex 211.828 140.091 3
    endloop
  endfacet
  facet normal 0 0 1
    outer loop
      vertex 236.35 142 3
      vertex 211 140.2 3
      vertex 211.418 140.173 3
    endloop
  endfacet
  facet normal 0 0 1
    outer loop
      vertex 179 140.2 3
      vertex 211 140.2 3
      vertex 236.35 142 3
    endloop
  endfacet
  facet normal 0 0 1
    outer loop
      vertex 208.229 135.4 3
      vertex 205.958 135.28 3
      vertex 207.728 133.728 3
    endloop
  endfacet
  facet normal 0 0 1
    outer loop
      vertex 204 136.588 3
      vertex 207.8 137 3
      vertex 207.827 137.418 3
    endloop
  endfacet
  facet normal 0 0 1
    outer loop
      vertex 204 136.588 3
      vertex 207.827 137.418 3
      vertex 207.909 137.828 3
    endloop
  endfacet
  facet normal 0 0 1
    outer loop
      vertex 204 136.588 3
      vertex 207.909 137.828 3
      vertex 208.044 138.225 3
    endloop
  endfacet
  facet normal 0 0 1
    outer loop
      vertex 204 136.588 3
      vertex 208.044 138.225 3
      vertex 208.229 138.6 3
    endloop
  endfacet
  facet normal 0 0 1
    outer loop
      vertex 201.888 137.63 3
      vertex 208.229 138.6 3
      vertex 208.461 138.948 3
    endloop
  endfacet
  facet normal 0 0 1
    outer loop
      vertex 207.8 137 3
      vertex 204 136.588 3
      vertex 205.958 135.28 3
    endloop
  endfacet
  facet normal 0 0 1
    outer loop
      vertex 201.888 137.63 3
      vertex 208.461 138.948 3
      vertex 208.737 139.263 3
    endloop
  endfacet
  facet normal 0 0 1
    outer loop
      vertex 201.888 137.63 3
      vertex 208.737 139.263 3
      vertex 209.052 139.539 3
    endloop
  endfacet
  facet normal 0 0 1
    outer loop
      vertex 199.659 138.387 3
      vertex 209.052 139.539 3
      vertex 209.4 139.771 3
    endloop
  endfacet
  facet normal 0 0 1
    outer loop
      vertex 208.229 138.6 3
      vertex 201.888 137.63 3
      vertex 204 136.588 3
    endloop
  endfacet
  facet normal 0 0 1
    outer loop
      vertex 199.659 138.387 3
      vertex 209.4 139.771 3
      vertex 209.775 139.956 3
    endloop
  endfacet
  facet normal 0 0 1
    outer loop
      vertex 197.349 138.846 3
      vertex 209.775 139.956 3
      vertex 210.172 140.091 3
    endloop
  endfacet
  facet normal 0 0 1
    outer loop
      vertex 209.052 139.539 3
      vertex 199.659 138.387 3
      vertex 201.888 137.63 3
    endloop
  endfacet
  facet normal 0 0 1
    outer loop
      vertex 195 139 3
      vertex 210.172 140.091 3
      vertex 210.582 140.173 3
    endloop
  endfacet
  facet normal 0 0 1
    outer loop
      vertex 209.775 139.956 3
      vertex 197.349 138.846 3
      vertex 199.659 138.387 3
    endloop
  endfacet
  facet normal 0 0 1
    outer loop
      vertex 210.172 140.091 3
      vertex 195 139 3
      vertex 197.349 138.846 3
    endloop
  endfacet
  facet normal -0 0 1
    outer loop
      vertex 179.418 140.173 3
      vertex 195 139 3
      vertex 210.582 140.173 3
    endloop
  endfacet
  facet normal -0 0 1
    outer loop
      vertex 182.173 136.582 3
      vertex 184.042 135.28 3
      vertex 182.2 137 3
    endloop
  endfacet
  facet normal 0 0 1
    outer loop
      vertex 186 136.588 3
      vertex 182.2 137 3
      vertex 184.042 135.28 3
    endloop
  endfacet
  facet normal 0 0 1
    outer loop
      vertex 181.771 138.6 3
      vertex 186 136.588 3
      vertex 188.112 137.63 3
    endloop
  endfacet
  facet normal 0 0 1
    outer loop
      vertex 180.948 139.539 3
      vertex 188.112 137.63 3
      vertex 190.341 138.387 3
    endloop
  endfacet
  facet normal 0 0 1
    outer loop
      vertex 180.225 139.956 3
      vertex 190.341 138.387 3
      vertex 192.651 138.846 3
    endloop
  endfacet
  facet normal 0 0 1
    outer loop
      vertex 186 136.588 3
      vertex 182.173 137.418 3
      vertex 182.2 137 3
    endloop
  endfacet
  facet normal 0 0 1
    outer loop
      vertex 186 136.588 3
      vertex 182.091 137.828 3
      vertex 182.173 137.418 3
    endloop
  endfacet
  facet normal 0 0 1
    outer loop
      vertex 186 136.588 3
      vertex 181.956 138.225 3
      vertex 182.091 137.828 3
    endloop
  endfacet
  facet normal -0 -0 1
    outer loop
      vertex 179.828 140.091 3
      vertex 195 139 3
      vertex 179.418 140.173 3
    endloop
  endfacet
  facet normal 0 0 1
    outer loop
      vertex 211 140.2 3
      vertex 179 140.2 3
      vertex 210.582 140.173 3
    endloop
  endfacet
  facet normal 0 0 1
    outer loop
      vertex 186 136.588 3
      vertex 181.771 138.6 3
      vertex 181.956 138.225 3
    endloop
  endfacet
  facet normal 0 0 1
    outer loop
      vertex 188.112 137.63 3
      vertex 181.539 138.948 3
      vertex 181.771 138.6 3
    endloop
  endfacet
  facet normal 0 0 1
    outer loop
      vertex 188.112 137.63 3
      vertex 181.263 139.263 3
      vertex 181.539 138.948 3
    endloop
  endfacet
  facet normal 0 0 1
    outer loop
      vertex 188.112 137.63 3
      vertex 180.948 139.539 3
      vertex 181.263 139.263 3
    endloop
  endfacet
  facet normal 0 0 1
    outer loop
      vertex 190.341 138.387 3
      vertex 180.6 139.771 3
      vertex 180.948 139.539 3
    endloop
  endfacet
  facet normal 0 0 1
    outer loop
      vertex 190.341 138.387 3
      vertex 180.225 139.956 3
      vertex 180.6 139.771 3
    endloop
  endfacet
  facet normal 0 0 1
    outer loop
      vertex 192.651 138.846 3
      vertex 179.828 140.091 3
      vertex 180.225 139.956 3
    endloop
  endfacet
  facet normal 0 0 1
    outer loop
      vertex 195 139 3
      vertex 179.828 140.091 3
      vertex 192.651 138.846 3
    endloop
  endfacet
  facet normal 0 0 1
    outer loop
      vertex 210.582 140.173 3
      vertex 179 140.2 3
      vertex 179.418 140.173 3
    endloop
  endfacet
  facet normal 0 0 1
    outer loop
      vertex 175.827 105.418 3
      vertex 105 93 3
      vertex 175.8 105 3
    endloop
  endfacet
  facet normal 0 0 1
    outer loop
      vertex 175.827 137.418 3
      vertex 105 93 3
      vertex 175.8 137 3
    endloop
  endfacet
  facet normal 0 0 1
    outer loop
      vertex 175.909 137.828 3
      vertex 105 93 3
      vertex 175.827 137.418 3
    endloop
  endfacet
  facet normal 0 0 1
    outer loop
      vertex 176.044 138.225 3
      vertex 105 93 3
      vertex 175.909 137.828 3
    endloop
  endfacet
  facet normal 0 0 1
    outer loop
      vertex 176.229 138.6 3
      vertex 105 93 3
      vertex 176.044 138.225 3
    endloop
  endfacet
  facet normal 0 0 1
    outer loop
      vertex 81.4177 95.1726 3
      vertex 176.229 138.6 3
      vertex 176.461 138.948 3
    endloop
  endfacet
  facet normal 0 0 1
    outer loop
      vertex 3.65 142 3
      vertex 176.461 138.948 3
      vertex 176.737 139.263 3
    endloop
  endfacet
  facet normal 0 0 1
    outer loop
      vertex 3.65 142 3
      vertex 176.737 139.263 3
      vertex 177.052 139.539 3
    endloop
  endfacet
  facet normal 0 0 1
    outer loop
      vertex 3.65 142 3
      vertex 177.052 139.539 3
      vertex 177.4 139.771 3
    endloop
  endfacet
  facet normal 0 0 1
    outer loop
      vertex 84.1726 91.5823 3
      vertex 105 93 3
      vertex 84.2 92 3
    endloop
  endfacet
  facet normal 0 0 1
    outer loop
      vertex 176.229 138.6 3
      vertex 81.8282 95.091 3
      vertex 105 93 3
    endloop
  endfacet
  facet normal 0 0 1
    outer loop
      vertex 105 93 3
      vertex 84.1726 92.4177 3
      vertex 84.2 92 3
    endloop
  endfacet
  facet normal 0 0 1
    outer loop
      vertex 105 93 3
      vertex 84.091 92.8282 3
      vertex 84.1726 92.4177 3
    endloop
  endfacet
  facet normal 0 0 1
    outer loop
      vertex 105 93 3
      vertex 83.9564 93.2246 3
      vertex 84.091 92.8282 3
    endloop
  endfacet
  facet normal 0 0 1
    outer loop
      vertex 105 93 3
      vertex 83.7713 93.6 3
      vertex 83.9564 93.2246 3
    endloop
  endfacet
  facet normal 0 0 1
    outer loop
      vertex 3.65 142 3
      vertex 177.4 139.771 3
      vertex 177.775 139.956 3
    endloop
  endfacet
  facet normal 0 0 1
    outer loop
      vertex 105 93 3
      vertex 83.5387 93.948 3
      vertex 83.7713 93.6 3
    endloop
  endfacet
  facet normal 0 0 1
    outer loop
      vertex 105 93 3
      vertex 83.2627 94.2627 3
      vertex 83.5387 93.948 3
    endloop
  endfacet
  facet normal 0 0 1
    outer loop
      vertex 105 93 3
      vertex 82.948 94.5387 3
      vertex 83.2627 94.2627 3
    endloop
  endfacet
  facet normal 0 0 1
    outer loop
      vertex 105 93 3
      vertex 82.6 94.7713 3
      vertex 82.948 94.5387 3
    endloop
  endfacet
  facet normal 0 0 1
    outer loop
      vertex 105 93 3
      vertex 82.2246 94.9564 3
      vertex 82.6 94.7713 3
    endloop
  endfacet
  facet normal 0 0 1
    outer loop
      vertex 105 93 3
      vertex 81.8282 95.091 3
      vertex 82.2246 94.9564 3
    endloop
  endfacet
  facet normal 0 0 1
    outer loop
      vertex 176.229 138.6 3
      vertex 81.4177 95.1726 3
      vertex 81.8282 95.091 3
    endloop
  endfacet
  facet normal 0 0 1
    outer loop
      vertex 176.461 138.948 3
      vertex 3.65 142 3
      vertex 81.4177 95.1726 3
    endloop
  endfacet
  facet normal 0 0 1
    outer loop
      vertex 81.4177 95.1726 3
      vertex 3.65 142 3
      vertex 81 95.2 3
    endloop
  endfacet
  facet normal 0 0 1
    outer loop
      vertex 81 95.2 3
      vertex 3.65 142 3
      vertex 80.5823 95.1726 3
    endloop
  endfacet
  facet normal 0 0 1
    outer loop
      vertex 80.5823 95.1726 3
      vertex 3.65 142 3
      vertex 80.1718 95.091 3
    endloop
  endfacet
  facet normal 0 0 1
    outer loop
      vertex 81.4177 88.8274 3
      vertex 74.3541 77.5242 3
      vertex 77.0429 73.5 3
    endloop
  endfacet
  facet normal 0 0 1
    outer loop
      vertex 63.5 87.0429 3
      vertex 77.8 92 3
      vertex 77.8274 92.4177 3
    endloop
  endfacet
  facet normal 0 0 1
    outer loop
      vertex 63.5 87.0429 3
      vertex 77.8274 92.4177 3
      vertex 77.909 92.8282 3
    endloop
  endfacet
  facet normal 0 0 1
    outer loop
      vertex 79.7754 89.0436 3
      vertex 71.1629 81.1629 3
      vertex 74.3541 77.5242 3
    endloop
  endfacet
  facet normal 0 0 1
    outer loop
      vertex 63.5 87.0429 3
      vertex 77.909 92.8282 3
      vertex 78.0436 93.2246 3
    endloop
  endfacet
  facet normal 0 0 1
    outer loop
      vertex 63.5 87.0429 3
      vertex 78.0436 93.2246 3
      vertex 78.2287 93.6 3
    endloop
  endfacet
  facet normal 0 0 1
    outer loop
      vertex 78.2287 90.4 3
      vertex 67.5242 84.3541 3
      vertex 71.1629 81.1629 3
    endloop
  endfacet
  facet normal 0 0 1
    outer loop
      vertex 59.1593 89.1835 3
      vertex 78.2287 93.6 3
      vertex 78.4613 93.948 3
    endloop
  endfacet
  facet normal 0 0 1
    outer loop
      vertex 59.1593 89.1835 3
      vertex 78.4613 93.948 3
      vertex 78.7373 94.2627 3
    endloop
  endfacet
  facet normal 0 0 1
    outer loop
      vertex 77.8 92 3
      vertex 63.5 87.0429 3
      vertex 67.5242 84.3541 3
    endloop
  endfacet
  facet normal 0 0 1
    outer loop
      vertex 54.5763 90.7393 3
      vertex 78.7373 94.2627 3
      vertex 79.052 94.5387 3
    endloop
  endfacet
  facet normal 0 0 1
    outer loop
      vertex 54.5763 90.7393 3
      vertex 79.052 94.5387 3
      vertex 79.4 94.7713 3
    endloop
  endfacet
  facet normal 0 0 1
    outer loop
      vertex 54.5763 90.7393 3
      vertex 79.4 94.7713 3
      vertex 79.7754 94.9564 3
    endloop
  endfacet
  facet normal 0 0 1
    outer loop
      vertex 78.2287 93.6 3
      vertex 59.1593 89.1835 3
      vertex 63.5 87.0429 3
    endloop
  endfacet
  facet normal 0 0 1
    outer loop
      vertex 80.1718 95.091 3
      vertex 3.65 142 3
      vertex 79.7754 94.9564 3
    endloop
  endfacet
  facet normal 0 -0 1
    outer loop
      vertex 49.8295 91.6835 3
      vertex 79.7754 94.9564 3
      vertex 3.65 142 3
    endloop
  endfacet
  facet normal 0 0 1
    outer loop
      vertex 78.7373 94.2627 3
      vertex 54.5763 90.7393 3
      vertex 59.1593 89.1835 3
    endloop
  endfacet
  facet normal 0 0 1
    outer loop
      vertex 79.7754 94.9564 3
      vertex 49.8295 91.6835 3
      vertex 54.5763 90.7393 3
    endloop
  endfacet
  facet normal 0 0 1
    outer loop
      vertex 49.8295 91.6835 3
      vertex 3.65 142 3
      vertex 45 92 3
    endloop
  endfacet
  facet normal 0 0 1
    outer loop
      vertex 45 92 3
      vertex 3.65 142 3
      vertex 40.1705 91.6835 3
    endloop
  endfacet
  facet normal 0 0 1
    outer loop
      vertex 40.1705 91.6835 3
      vertex 3.65 142 3
      vertex 35.4237 90.7393 3
    endloop
  endfacet
  facet normal -0 0 1
    outer loop
      vertex 11.9564 90.7754 3
      vertex 22.4758 84.3541 3
      vertex 12.091 91.1718 3
    endloop
  endfacet
  facet normal -0 0 1
    outer loop
      vertex 12.091 91.1718 3
      vertex 22.4758 84.3541 3
      vertex 12.1726 91.5823 3
    endloop
  endfacet
  facet normal -0 0 1
    outer loop
      vertex 12.1726 91.5823 3
      vertex 22.4758 84.3541 3
      vertex 12.2 92 3
    endloop
  endfacet
  facet normal 0 0 1
    outer loop
      vertex 26.5 87.0429 3
      vertex 12.2 92 3
      vertex 22.4758 84.3541 3
    endloop
  endfacet
  facet normal 0 0 1
    outer loop
      vertex 11.7713 93.6 3
      vertex 26.5 87.0429 3
      vertex 30.8407 89.1835 3
    endloop
  endfacet
  facet normal -0 -0 1
    outer loop
      vertex 10.6 94.7713 3
      vertex 35.4237 90.7393 3
      vertex 3.65 142 3
    endloop
  endfacet
  facet normal 0 0 1
    outer loop
      vertex 3.65 142 3
      vertex 177.775 139.956 3
      vertex 178.172 140.091 3
    endloop
  endfacet
  facet normal 0 0 1
    outer loop
      vertex 26.5 87.0429 3
      vertex 12.1726 92.4177 3
      vertex 12.2 92 3
    endloop
  endfacet
  facet normal 0 0 1
    outer loop
      vertex 26.5 87.0429 3
      vertex 12.091 92.8282 3
      vertex 12.1726 92.4177 3
    endloop
  endfacet
  facet normal 0 0 1
    outer loop
      vertex 26.5 87.0429 3
      vertex 11.9564 93.2246 3
      vertex 12.091 92.8282 3
    endloop
  endfacet
  facet normal 0 0 1
    outer loop
      vertex 26.5 87.0429 3
      vertex 11.7713 93.6 3
      vertex 11.9564 93.2246 3
    endloop
  endfacet
  facet normal -0 -0 1
    outer loop
      vertex 11.2627 94.2627 3
      vertex 35.4237 90.7393 3
      vertex 10.948 94.5387 3
    endloop
  endfacet
  facet normal 0 0 1
    outer loop
      vertex 30.8407 89.1835 3
      vertex 11.5387 93.948 3
      vertex 11.7713 93.6 3
    endloop
  endfacet
  facet normal 0 0 1
    outer loop
      vertex 30.8407 89.1835 3
      vertex 11.2627 94.2627 3
      vertex 11.5387 93.948 3
    endloop
  endfacet
  facet normal 0 0 1
    outer loop
      vertex 35.4237 90.7393 3
      vertex 11.2627 94.2627 3
      vertex 30.8407 89.1835 3
    endloop
  endfacet
  facet normal 0 0 1
    outer loop
      vertex 35.4237 90.7393 3
      vertex 10.6 94.7713 3
      vertex 10.948 94.5387 3
    endloop
  endfacet
  facet normal 0 0 1
    outer loop
      vertex 10.6 94.7713 3
      vertex 3.65 142 3
      vertex 10.2246 94.9564 3
    endloop
  endfacet
  facet normal 0 0 1
    outer loop
      vertex 10.2246 94.9564 3
      vertex 3.65 142 3
      vertex 9.82822 95.091 3
    endloop
  endfacet
  facet normal 0 0 1
    outer loop
      vertex 9.82822 95.091 3
      vertex 3.65 142 3
      vertex 9.41768 95.1726 3
    endloop
  endfacet
  facet normal 0 0 1
    outer loop
      vertex 9.41768 95.1726 3
      vertex 3.65 142 3
      vertex 9 95.2 3
    endloop
  endfacet
  facet normal 0 0 1
    outer loop
      vertex 9 95.2 3
      vertex 3.65 142 3
      vertex 8.58232 95.1726 3
    endloop
  endfacet
  facet normal 0 0 1
    outer loop
      vertex 5.82738 18.4177 3
      vertex 3.65 7.98 3
      vertex 5.8 18 3
    endloop
  endfacet
  facet normal -0 0 1
    outer loop
      vertex 3.65 142 3
      vertex 179 140.2 3
      vertex 236.35 142 3
    endloop
  endfacet
  facet normal 0 0 1
    outer loop
      vertex 3.65 142 3
      vertex 178.582 140.173 3
      vertex 179 140.2 3
    endloop
  endfacet
  facet normal 0 0 1
    outer loop
      vertex 3.65 142 3
      vertex 178.172 140.091 3
      vertex 178.582 140.173 3
    endloop
  endfacet
  facet normal 0 0 1
    outer loop
      vertex 8.58232 95.1726 3
      vertex 3.65 142 3
      vertex 8.17178 95.091 3
    endloop
  endfacet
  facet normal 0 0 1
    outer loop
      vertex 3.65 142 3
      vertex 7.77541 94.9564 3
      vertex 8.17178 95.091 3
    endloop
  endfacet
  facet normal 0 0 1
    outer loop
      vertex 3.65 142 3
      vertex 7.4 94.7713 3
      vertex 7.77541 94.9564 3
    endloop
  endfacet
  facet normal 0 0 1
    outer loop
      vertex 3.65 142 3
      vertex 7.05196 94.5387 3
      vertex 7.4 94.7713 3
    endloop
  endfacet
  facet normal 0 0 1
    outer loop
      vertex 3.65 142 3
      vertex 6.73726 94.2627 3
      vertex 7.05196 94.5387 3
    endloop
  endfacet
  facet normal 0 0 1
    outer loop
      vertex 3.65 142 3
      vertex 6.46127 93.948 3
      vertex 6.73726 94.2627 3
    endloop
  endfacet
  facet normal 0 0 1
    outer loop
      vertex 3.65 142 3
      vertex 6.22872 93.6 3
      vertex 6.46127 93.948 3
    endloop
  endfacet
  facet normal 0 0 1
    outer loop
      vertex 3.65 142 3
      vertex 6.04358 93.2246 3
      vertex 6.22872 93.6 3
    endloop
  endfacet
  facet normal 0 0 1
    outer loop
      vertex 3.65 142 3
      vertex 5.90904 92.8282 3
      vertex 6.04358 93.2246 3
    endloop
  endfacet
  facet normal 0 0 1
    outer loop
      vertex 3.65 142 3
      vertex 5.82738 92.4177 3
      vertex 5.90904 92.8282 3
    endloop
  endfacet
  facet normal 0 0 1
    outer loop
      vertex 3.65 142 3
      vertex 5.8 92 3
      vertex 5.82738 92.4177 3
    endloop
  endfacet
  facet normal 0 0 1
    outer loop
      vertex 3.65 7.98 3
      vertex 5.8 92 3
      vertex 3.65 142 3
    endloop
  endfacet
  facet normal 0 0 1
    outer loop
      vertex 5.8 18 3
      vertex 3.65 7.98 3
      vertex 4.85 0 3
    endloop
  endfacet
  facet normal 0 0 1
    outer loop
      vertex 236.35 7.98 3
      vertex 225 18 3
      vertex 235.15 0 3
    endloop
  endfacet
  facet normal 0 0 1
    outer loop
      vertex 130 3 3
      vertex 225 18 3
      vertex 130 8 3
    endloop
  endfacet
  facet normal 0 0 1
    outer loop
      vertex 225 18 3
      vertex 130 3 3
      vertex 235.15 0 3
    endloop
  endfacet
  facet normal -0 0 1
    outer loop
      vertex 106 3 3
      vertex 235.15 0 3
      vertex 130 3 3
    endloop
  endfacet
  facet normal 0 0 1
    outer loop
      vertex 84.091 91.1718 3
      vertex 105 93 3
      vertex 84.1726 91.5823 3
    endloop
  endfacet
  facet normal 0 0 1
    outer loop
      vertex 84.1726 17.5823 3
      vertex 105 18 3
      vertex 84.2 18 3
    endloop
  endfacet
  facet normal 0 0 1
    outer loop
      vertex 84.091 17.1718 3
      vertex 105 18 3
      vertex 84.1726 17.5823 3
    endloop
  endfacet
  facet normal 0 0 1
    outer loop
      vertex 83.9564 16.7754 3
      vertex 105 18 3
      vertex 84.091 17.1718 3
    endloop
  endfacet
  facet normal 0 0 1
    outer loop
      vertex 106 8 3
      vertex 83.9564 16.7754 3
      vertex 83.7713 16.4 3
    endloop
  endfacet
  facet normal -0 0 1
    outer loop
      vertex 83.5387 16.052 3
      vertex 106 8 3
      vertex 83.7713 16.4 3
    endloop
  endfacet
  facet normal -0 0 1
    outer loop
      vertex 83.2627 15.7373 3
      vertex 106 8 3
      vertex 83.5387 16.052 3
    endloop
  endfacet
  facet normal 0 0 1
    outer loop
      vertex 106 8 3
      vertex 83.2627 15.7373 3
      vertex 106 3 3
    endloop
  endfacet
  facet normal -0 0 1
    outer loop
      vertex 82.948 15.4613 3
      vertex 106 3 3
      vertex 83.2627 15.7373 3
    endloop
  endfacet
  facet normal -0 0 1
    outer loop
      vertex 82.6 15.2287 3
      vertex 106 3 3
      vertex 82.948 15.4613 3
    endloop
  endfacet
  facet normal -0 0 1
    outer loop
      vertex 82.2246 15.0436 3
      vertex 106 3 3
      vertex 82.6 15.2287 3
    endloop
  endfacet
  facet normal -0 0 1
    outer loop
      vertex 81.8282 14.909 3
      vertex 106 3 3
      vertex 82.2246 15.0436 3
    endloop
  endfacet
  facet normal -0 0 1
    outer loop
      vertex 81.4177 14.8274 3
      vertex 106 3 3
      vertex 81.8282 14.909 3
    endloop
  endfacet
  facet normal -0 0 1
    outer loop
      vertex 81 14.8 3
      vertex 106 3 3
      vertex 81.4177 14.8274 3
    endloop
  endfacet
  facet normal 0 0 1
    outer loop
      vertex 80.5823 14.8274 3
      vertex 106 3 3
      vertex 81 14.8 3
    endloop
  endfacet
  facet normal 0 0 1
    outer loop
      vertex 80.1718 14.909 3
      vertex 106 3 3
      vertex 80.5823 14.8274 3
    endloop
  endfacet
  facet normal 0 0 1
    outer loop
      vertex 49.8295 18.3165 3
      vertex 80.1718 14.909 3
      vertex 79.7754 15.0436 3
    endloop
  endfacet
  facet normal 0 0 1
    outer loop
      vertex 78.0436 19.2246 3
      vertex 67.5242 25.6459 3
      vertex 77.909 18.8282 3
    endloop
  endfacet
  facet normal 0 0 1
    outer loop
      vertex 77.909 18.8282 3
      vertex 67.5242 25.6459 3
      vertex 77.8274 18.4177 3
    endloop
  endfacet
  facet normal 0 0 1
    outer loop
      vertex 77.8274 18.4177 3
      vertex 67.5242 25.6459 3
      vertex 77.8 18 3
    endloop
  endfacet
  facet normal -0 0 1
    outer loop
      vertex 63.5 22.9571 3
      vertex 77.8 18 3
      vertex 67.5242 25.6459 3
    endloop
  endfacet
  facet normal 0 0 1
    outer loop
      vertex 77.8 18 3
      vertex 63.5 22.9571 3
      vertex 77.8274 17.5823 3
    endloop
  endfacet
  facet normal 0 0 1
    outer loop
      vertex 77.8274 17.5823 3
      vertex 63.5 22.9571 3
      vertex 77.909 17.1718 3
    endloop
  endfacet
  facet normal 0 0 1
    outer loop
      vertex 77.909 17.1718 3
      vertex 63.5 22.9571 3
      vertex 78.0436 16.7754 3
    endloop
  endfacet
  facet normal 0 0 1
    outer loop
      vertex 78.0436 16.7754 3
      vertex 63.5 22.9571 3
      vertex 78.2287 16.4 3
    endloop
  endfacet
  facet normal -0 0 1
    outer loop
      vertex 59.1593 20.8165 3
      vertex 78.2287 16.4 3
      vertex 63.5 22.9571 3
    endloop
  endfacet
  facet normal 0 0 1
    outer loop
      vertex 78.2287 16.4 3
      vertex 59.1593 20.8165 3
      vertex 78.4613 16.052 3
    endloop
  endfacet
  facet normal 0 0 1
    outer loop
      vertex 78.4613 16.052 3
      vertex 59.1593 20.8165 3
      vertex 78.7373 15.7373 3
    endloop
  endfacet
  facet normal -0 0 1
    outer loop
      vertex 54.5763 19.2607 3
      vertex 78.7373 15.7373 3
      vertex 59.1593 20.8165 3
    endloop
  endfacet
  facet normal 0 0 1
    outer loop
      vertex 78.7373 15.7373 3
      vertex 54.5763 19.2607 3
      vertex 79.052 15.4613 3
    endloop
  endfacet
  facet normal 0 0 1
    outer loop
      vertex 79.052 15.4613 3
      vertex 54.5763 19.2607 3
      vertex 79.4 15.2287 3
    endloop
  endfacet
  facet normal 0 0 1
    outer loop
      vertex 79.4 15.2287 3
      vertex 54.5763 19.2607 3
      vertex 79.7754 15.0436 3
    endloop
  endfacet
  facet normal -0 0 1
    outer loop
      vertex 49.8295 18.3165 3
      vertex 79.7754 15.0436 3
      vertex 54.5763 19.2607 3
    endloop
  endfacet
  facet normal 0 0 1
    outer loop
      vertex 80.1718 14.909 3
      vertex 49.8295 18.3165 3
      vertex 4.85 0 3
    endloop
  endfacet
  facet normal 0 0 1
    outer loop
      vertex 4.85 0 3
      vertex 49.8295 18.3165 3
      vertex 45 18 3
    endloop
  endfacet
  facet normal 0 0 1
    outer loop
      vertex 4.85 0 3
      vertex 45 18 3
      vertex 40.1705 18.3165 3
    endloop
  endfacet
  facet normal 0 0 1
    outer loop
      vertex 4.85 0 3
      vertex 40.1705 18.3165 3
      vertex 35.4237 19.2607 3
    endloop
  endfacet
  facet normal 0 0 1
    outer loop
      vertex 8.58232 21.1726 3
      vertex 15.6459 32.4758 3
      vertex 12.9571 36.5 3
    endloop
  endfacet
  facet normal 0 0 1
    outer loop
      vertex 12.1726 18.4177 3
      vertex 18.837 28.837 3
      vertex 15.6459 32.4758 3
    endloop
  endfacet
  facet normal 0 0 1
    outer loop
      vertex 12.1726 18.4177 3
      vertex 22.4758 25.6459 3
      vertex 18.837 28.837 3
    endloop
  endfacet
  facet normal 0 0 1
    outer loop
      vertex 12.2 18 3
      vertex 26.5 22.9571 3
      vertex 22.4758 25.6459 3
    endloop
  endfacet
  facet normal 0 0 1
    outer loop
      vertex 12.1726 17.5823 3
      vertex 26.5 22.9571 3
      vertex 12.2 18 3
    endloop
  endfacet
  facet normal 0 0 1
    outer loop
      vertex 12.091 17.1718 3
      vertex 26.5 22.9571 3
      vertex 12.1726 17.5823 3
    endloop
  endfacet
  facet normal 0 0 1
    outer loop
      vertex 11.9564 16.7754 3
      vertex 26.5 22.9571 3
      vertex 12.091 17.1718 3
    endloop
  endfacet
  facet normal 0 0 1
    outer loop
      vertex 11.7713 16.4 3
      vertex 26.5 22.9571 3
      vertex 11.9564 16.7754 3
    endloop
  endfacet
  facet normal 0 0 1
    outer loop
      vertex 26.5 22.9571 3
      vertex 11.7713 16.4 3
      vertex 30.8407 20.8165 3
    endloop
  endfacet
  facet normal 0 0 1
    outer loop
      vertex 11.5387 16.052 3
      vertex 30.8407 20.8165 3
      vertex 11.7713 16.4 3
    endloop
  endfacet
  facet normal 0 0 1
    outer loop
      vertex 11.2627 15.7373 3
      vertex 30.8407 20.8165 3
      vertex 11.5387 16.052 3
    endloop
  endfacet
  facet normal 0 0 1
    outer loop
      vertex 4.85 0 3
      vertex 30.8407 20.8165 3
      vertex 11.2627 15.7373 3
    endloop
  endfacet
  facet normal 0 0 1
    outer loop
      vertex 30.8407 20.8165 3
      vertex 4.85 0 3
      vertex 35.4237 19.2607 3
    endloop
  endfacet
  facet normal 0 0 1
    outer loop
      vertex 4.85 0 3
      vertex 11.2627 15.7373 3
      vertex 10.948 15.4613 3
    endloop
  endfacet
  facet normal 0 0 1
    outer loop
      vertex 4.85 0 3
      vertex 10.948 15.4613 3
      vertex 10.6 15.2287 3
    endloop
  endfacet
  facet normal 0 0 1
    outer loop
      vertex 4.85 0 3
      vertex 10.6 15.2287 3
      vertex 10.2246 15.0436 3
    endloop
  endfacet
  facet normal 0 0 1
    outer loop
      vertex 4.85 0 3
      vertex 10.2246 15.0436 3
      vertex 9.82822 14.909 3
    endloop
  endfacet
  facet normal 0 0 1
    outer loop
      vertex 4.85 0 3
      vertex 9.82822 14.909 3
      vertex 9.41768 14.8274 3
    endloop
  endfacet
  facet normal 0 0 1
    outer loop
      vertex 4.85 0 3
      vertex 9.41768 14.8274 3
      vertex 9 14.8 3
    endloop
  endfacet
  facet normal 0 0 1
    outer loop
      vertex 4.85 0 3
      vertex 9 14.8 3
      vertex 8.58232 14.8274 3
    endloop
  endfacet
  facet normal 0 0 1
    outer loop
      vertex 106 3 3
      vertex 4.85 0 3
      vertex 235.15 0 3
    endloop
  endfacet
  facet normal 0 0 1
    outer loop
      vertex 80.1718 14.909 3
      vertex 4.85 0 3
      vertex 106 3 3
    endloop
  endfacet
  facet normal 0 0 1
    outer loop
      vertex 8.17178 14.909 3
      vertex 4.85 0 3
      vertex 8.58232 14.8274 3
    endloop
  endfacet
  facet normal 0 0 1
    outer loop
      vertex 7.77541 15.0436 3
      vertex 4.85 0 3
      vertex 8.17178 14.909 3
    endloop
  endfacet
  facet normal 0 0 1
    outer loop
      vertex 7.4 15.2287 3
      vertex 4.85 0 3
      vertex 7.77541 15.0436 3
    endloop
  endfacet
  facet normal 0 0 1
    outer loop
      vertex 7.05196 15.4613 3
      vertex 4.85 0 3
      vertex 7.4 15.2287 3
    endloop
  endfacet
  facet normal 0 0 1
    outer loop
      vertex 6.73726 15.7373 3
      vertex 4.85 0 3
      vertex 7.05196 15.4613 3
    endloop
  endfacet
  facet normal 0 0 1
    outer loop
      vertex 6.46127 16.052 3
      vertex 4.85 0 3
      vertex 6.73726 15.7373 3
    endloop
  endfacet
  facet normal 0 0 1
    outer loop
      vertex 6.22872 16.4 3
      vertex 4.85 0 3
      vertex 6.46127 16.052 3
    endloop
  endfacet
  facet normal 0 0 1
    outer loop
      vertex 6.04358 16.7754 3
      vertex 4.85 0 3
      vertex 6.22872 16.4 3
    endloop
  endfacet
  facet normal 0 0 1
    outer loop
      vertex 5.90904 17.1718 3
      vertex 4.85 0 3
      vertex 6.04358 16.7754 3
    endloop
  endfacet
  facet normal 0 0 1
    outer loop
      vertex 5.82738 17.5823 3
      vertex 4.85 0 3
      vertex 5.90904 17.1718 3
    endloop
  endfacet
  facet normal 0 0 1
    outer loop
      vertex 4.85 0 3
      vertex 5.82738 17.5823 3
      vertex 5.8 18 3
    endloop
  endfacet
  facet normal 0 0 1
    outer loop
      vertex 236.35 142 3
      vertex 214.2 105 3
      vertex 225 93 3
    endloop
  endfacet
  facet normal -0 0 1
    outer loop
      vertex 214.173 104.582 3
      vertex 225 93 3
      vertex 214.2 105 3
    endloop
  endfacet
  facet normal -0 0 1
    outer loop
      vertex 214.091 104.172 3
      vertex 225 93 3
      vertex 214.173 104.582 3
    endloop
  endfacet
  facet normal -0 0 1
    outer loop
      vertex 213.956 103.775 3
      vertex 225 93 3
      vertex 214.091 104.172 3
    endloop
  endfacet
  facet normal -0 0 1
    outer loop
      vertex 213.771 103.4 3
      vertex 225 93 3
      vertex 213.956 103.775 3
    endloop
  endfacet
  facet normal -0 0 1
    outer loop
      vertex 213.539 103.052 3
      vertex 225 93 3
      vertex 213.771 103.4 3
    endloop
  endfacet
  facet normal -0 0 1
    outer loop
      vertex 213.263 102.737 3
      vertex 225 93 3
      vertex 213.539 103.052 3
    endloop
  endfacet
  facet normal -0 0 1
    outer loop
      vertex 212.948 102.461 3
      vertex 225 93 3
      vertex 213.263 102.737 3
    endloop
  endfacet
  facet normal -0 0 1
    outer loop
      vertex 212.6 102.229 3
      vertex 225 93 3
      vertex 212.948 102.461 3
    endloop
  endfacet
  facet normal -0 0 1
    outer loop
      vertex 212.225 102.044 3
      vertex 225 93 3
      vertex 212.6 102.229 3
    endloop
  endfacet
  facet normal -0 0 1
    outer loop
      vertex 211.828 101.909 3
      vertex 225 93 3
      vertex 212.225 102.044 3
    endloop
  endfacet
  facet normal -0 0 1
    outer loop
      vertex 211.418 101.827 3
      vertex 225 93 3
      vertex 211.828 101.909 3
    endloop
  endfacet
  facet normal -0 0 1
    outer loop
      vertex 211 101.8 3
      vertex 225 93 3
      vertex 211.418 101.827 3
    endloop
  endfacet
  facet normal 0 0 1
    outer loop
      vertex 210.582 101.827 3
      vertex 225 93 3
      vertex 211 101.8 3
    endloop
  endfacet
  facet normal 0 0 1
    outer loop
      vertex 210.172 101.909 3
      vertex 225 93 3
      vertex 210.582 101.827 3
    endloop
  endfacet
  facet normal 0 0 1
    outer loop
      vertex 197.349 103.154 3
      vertex 210.172 101.909 3
      vertex 209.775 102.044 3
    endloop
  endfacet
  facet normal 0 0 1
    outer loop
      vertex 199.659 103.613 3
      vertex 209.775 102.044 3
      vertex 209.4 102.229 3
    endloop
  endfacet
  facet normal 0 0 1
    outer loop
      vertex 207.827 105.418 3
      vertex 205.958 106.72 3
      vertex 207.8 105 3
    endloop
  endfacet
  facet normal -0 0 1
    outer loop
      vertex 204 105.412 3
      vertex 207.8 105 3
      vertex 205.958 106.72 3
    endloop
  endfacet
  facet normal 0 0 1
    outer loop
      vertex 207.8 105 3
      vertex 204 105.412 3
      vertex 207.827 104.582 3
    endloop
  endfacet
  facet normal 0 0 1
    outer loop
      vertex 207.827 104.582 3
      vertex 204 105.412 3
      vertex 207.909 104.172 3
    endloop
  endfacet
  facet normal 0 0 1
    outer loop
      vertex 207.909 104.172 3
      vertex 204 105.412 3
      vertex 208.044 103.775 3
    endloop
  endfacet
  facet normal 0 0 1
    outer loop
      vertex 208.044 103.775 3
      vertex 204 105.412 3
      vertex 208.229 103.4 3
    endloop
  endfacet
  facet normal -0 0 1
    outer loop
      vertex 201.888 104.37 3
      vertex 208.229 103.4 3
      vertex 204 105.412 3
    endloop
  endfacet
  facet normal 0 0 1
    outer loop
      vertex 208.229 103.4 3
      vertex 201.888 104.37 3
      vertex 208.461 103.052 3
    endloop
  endfacet
  facet normal 0 0 1
    outer loop
      vertex 208.461 103.052 3
      vertex 201.888 104.37 3
      vertex 208.737 102.737 3
    endloop
  endfacet
  facet normal 0 0 1
    outer loop
      vertex 208.737 102.737 3
      vertex 201.888 104.37 3
      vertex 209.052 102.461 3
    endloop
  endfacet
  facet normal -0 0 1
    outer loop
      vertex 199.659 103.613 3
      vertex 209.052 102.461 3
      vertex 201.888 104.37 3
    endloop
  endfacet
  facet normal 0 0 1
    outer loop
      vertex 209.052 102.461 3
      vertex 199.659 103.613 3
      vertex 209.4 102.229 3
    endloop
  endfacet
  facet normal 0 0 1
    outer loop
      vertex 209.775 102.044 3
      vertex 199.659 103.613 3
      vertex 197.349 103.154 3
    endloop
  endfacet
  facet normal 0 0 1
    outer loop
      vertex 210.172 101.909 3
      vertex 197.349 103.154 3
      vertex 225 93 3
    endloop
  endfacet
  facet normal -0 0 1
    outer loop
      vertex 195 103 3
      vertex 225 93 3
      vertex 197.349 103.154 3
    endloop
  endfacet
  facet normal 0 0 1
    outer loop
      vertex 179.828 101.909 3
      vertex 195 103 3
      vertex 192.651 103.154 3
    endloop
  endfacet
  facet normal 0 0 1
    outer loop
      vertex 180.225 102.044 3
      vertex 192.651 103.154 3
      vertex 190.341 103.613 3
    endloop
  endfacet
  facet normal 0 0 1
    outer loop
      vertex 181.771 106.6 3
      vertex 184.042 106.72 3
      vertex 182.272 108.272 3
    endloop
  endfacet
  facet normal 0 0 1
    outer loop
      vertex 182.2 105 3
      vertex 186 105.412 3
      vertex 184.042 106.72 3
    endloop
  endfacet
  facet normal 0 0 1
    outer loop
      vertex 182.173 104.582 3
      vertex 186 105.412 3
      vertex 182.2 105 3
    endloop
  endfacet
  facet normal 0 0 1
    outer loop
      vertex 182.091 104.172 3
      vertex 186 105.412 3
      vertex 182.173 104.582 3
    endloop
  endfacet
  facet normal 0 0 1
    outer loop
      vertex 181.956 103.775 3
      vertex 186 105.412 3
      vertex 182.091 104.172 3
    endloop
  endfacet
  facet normal 0 0 1
    outer loop
      vertex 181.771 103.4 3
      vertex 186 105.412 3
      vertex 181.956 103.775 3
    endloop
  endfacet
  facet normal 0 0 1
    outer loop
      vertex 186 105.412 3
      vertex 181.771 103.4 3
      vertex 188.112 104.37 3
    endloop
  endfacet
  facet normal 0 0 1
    outer loop
      vertex 181.539 103.052 3
      vertex 188.112 104.37 3
      vertex 181.771 103.4 3
    endloop
  endfacet
  facet normal 0 0 1
    outer loop
      vertex 181.263 102.737 3
      vertex 188.112 104.37 3
      vertex 181.539 103.052 3
    endloop
  endfacet
  facet normal 0 0 1
    outer loop
      vertex 180.948 102.461 3
      vertex 188.112 104.37 3
      vertex 181.263 102.737 3
    endloop
  endfacet
  facet normal 0 0 1
    outer loop
      vertex 188.112 104.37 3
      vertex 180.948 102.461 3
      vertex 190.341 103.613 3
    endloop
  endfacet
  facet normal 0 0 1
    outer loop
      vertex 180.6 102.229 3
      vertex 190.341 103.613 3
      vertex 180.948 102.461 3
    endloop
  endfacet
  facet normal 0 0 1
    outer loop
      vertex 180.225 102.044 3
      vertex 190.341 103.613 3
      vertex 180.6 102.229 3
    endloop
  endfacet
  facet normal 0 0 1
    outer loop
      vertex 192.651 103.154 3
      vertex 180.225 102.044 3
      vertex 179.828 101.909 3
    endloop
  endfacet
  facet normal 0 0 1
    outer loop
      vertex 195 103 3
      vertex 179.828 101.909 3
      vertex 225 93 3
    endloop
  endfacet
  facet normal -0 0 1
    outer loop
      vertex 179.418 101.827 3
      vertex 225 93 3
      vertex 179.828 101.909 3
    endloop
  endfacet
  facet normal -0 0 1
    outer loop
      vertex 179 101.8 3
      vertex 225 93 3
      vertex 179.418 101.827 3
    endloop
  endfacet
  facet normal 0 0 1
    outer loop
      vertex 178.582 101.827 3
      vertex 225 93 3
      vertex 179 101.8 3
    endloop
  endfacet
  facet normal 0 0 1
    outer loop
      vertex 178.582 101.827 3
      vertex 105 93 3
      vertex 225 93 3
    endloop
  endfacet
  facet normal 0 0 1
    outer loop
      vertex 178.172 101.909 3
      vertex 105 93 3
      vertex 178.582 101.827 3
    endloop
  endfacet
  facet normal 0 0 1
    outer loop
      vertex 177.775 102.044 3
      vertex 105 93 3
      vertex 178.172 101.909 3
    endloop
  endfacet
  facet normal 0 0 1
    outer loop
      vertex 177.4 102.229 3
      vertex 105 93 3
      vertex 177.775 102.044 3
    endloop
  endfacet
  facet normal 0 0 1
    outer loop
      vertex 177.052 102.461 3
      vertex 105 93 3
      vertex 177.4 102.229 3
    endloop
  endfacet
  facet normal 0 0 1
    outer loop
      vertex 176.737 102.737 3
      vertex 105 93 3
      vertex 177.052 102.461 3
    endloop
  endfacet
  facet normal 0 0 1
    outer loop
      vertex 176.461 103.052 3
      vertex 105 93 3
      vertex 176.737 102.737 3
    endloop
  endfacet
  facet normal 0 0 1
    outer loop
      vertex 176.229 103.4 3
      vertex 105 93 3
      vertex 176.461 103.052 3
    endloop
  endfacet
  facet normal 0 0 1
    outer loop
      vertex 176.044 103.775 3
      vertex 105 93 3
      vertex 176.229 103.4 3
    endloop
  endfacet
  facet normal 0 0 1
    outer loop
      vertex 175.909 104.172 3
      vertex 105 93 3
      vertex 176.044 103.775 3
    endloop
  endfacet
  facet normal 0 0 1
    outer loop
      vertex 175.827 104.582 3
      vertex 105 93 3
      vertex 175.909 104.172 3
    endloop
  endfacet
  facet normal 0 0 1
    outer loop
      vertex 105 93 3
      vertex 175.827 104.582 3
      vertex 175.8 105 3
    endloop
  endfacet
  facet normal 0 0 1
    outer loop
      vertex 213.771 106.6 3
      vertex 212.387 116.341 3
      vertex 213.539 106.948 3
    endloop
  endfacet
  facet normal -0 0 1
    outer loop
      vertex 211.63 114.112 3
      vertex 213.539 106.948 3
      vertex 212.387 116.341 3
    endloop
  endfacet
  facet normal 0 0 1
    outer loop
      vertex 213.539 106.948 3
      vertex 211.63 114.112 3
      vertex 213.263 107.263 3
    endloop
  endfacet
  facet normal 0 0 1
    outer loop
      vertex 213.263 107.263 3
      vertex 211.63 114.112 3
      vertex 212.948 107.539 3
    endloop
  endfacet
  facet normal 0 0 1
    outer loop
      vertex 212.948 107.539 3
      vertex 211.63 114.112 3
      vertex 212.6 107.771 3
    endloop
  endfacet
  facet normal -0 0 1
    outer loop
      vertex 210.588 112 3
      vertex 212.6 107.771 3
      vertex 211.63 114.112 3
    endloop
  endfacet
  facet normal 0 0 1
    outer loop
      vertex 212.6 107.771 3
      vertex 210.588 112 3
      vertex 212.225 107.956 3
    endloop
  endfacet
  facet normal 0 0 1
    outer loop
      vertex 212.225 107.956 3
      vertex 210.588 112 3
      vertex 211.828 108.091 3
    endloop
  endfacet
  facet normal 0 0 1
    outer loop
      vertex 211.828 108.091 3
      vertex 210.588 112 3
      vertex 211.418 108.173 3
    endloop
  endfacet
  facet normal 0 0 1
    outer loop
      vertex 211.418 108.173 3
      vertex 210.588 112 3
      vertex 211 108.2 3
    endloop
  endfacet
  facet normal -0 0 1
    outer loop
      vertex 209.28 110.042 3
      vertex 211 108.2 3
      vertex 210.588 112 3
    endloop
  endfacet
  facet normal 0 0 1
    outer loop
      vertex 211 108.2 3
      vertex 209.28 110.042 3
      vertex 210.582 108.173 3
    endloop
  endfacet
  facet normal 0 0 1
    outer loop
      vertex 210.582 108.173 3
      vertex 209.28 110.042 3
      vertex 210.172 108.091 3
    endloop
  endfacet
  facet normal 0 0 1
    outer loop
      vertex 210.172 108.091 3
      vertex 209.28 110.042 3
      vertex 209.775 107.956 3
    endloop
  endfacet
  facet normal 0 0 1
    outer loop
      vertex 209.775 107.956 3
      vertex 209.28 110.042 3
      vertex 209.4 107.771 3
    endloop
  endfacet
  facet normal -0 0 1
    outer loop
      vertex 207.728 108.272 3
      vertex 209.4 107.771 3
      vertex 209.28 110.042 3
    endloop
  endfacet
  facet normal 0 0 1
    outer loop
      vertex 209.4 107.771 3
      vertex 207.728 108.272 3
      vertex 209.052 107.539 3
    endloop
  endfacet
  facet normal 0 0 1
    outer loop
      vertex 209.052 107.539 3
      vertex 207.728 108.272 3
      vertex 208.737 107.263 3
    endloop
  endfacet
  facet normal 0 0 1
    outer loop
      vertex 208.737 107.263 3
      vertex 207.728 108.272 3
      vertex 208.461 106.948 3
    endloop
  endfacet
  facet normal 0 0 1
    outer loop
      vertex 208.461 106.948 3
      vertex 207.728 108.272 3
      vertex 208.229 106.6 3
    endloop
  endfacet
  facet normal -0 0 1
    outer loop
      vertex 205.958 106.72 3
      vertex 208.229 106.6 3
      vertex 207.728 108.272 3
    endloop
  endfacet
  facet normal 0 0 1
    outer loop
      vertex 207.909 105.828 3
      vertex 205.958 106.72 3
      vertex 207.827 105.418 3
    endloop
  endfacet
  facet normal 0 0 1
    outer loop
      vertex 208.044 106.225 3
      vertex 205.958 106.72 3
      vertex 207.909 105.828 3
    endloop
  endfacet
  facet normal 0 0 1
    outer loop
      vertex 208.229 106.6 3
      vertex 205.958 106.72 3
      vertex 208.044 106.225 3
    endloop
  endfacet
  facet normal 0 -1 0
    outer loop
      vertex 4.85 0 0
      vertex 235.15 0 3
      vertex 4.85 0 3
    endloop
  endfacet
  facet normal 0 -1 -0
    outer loop
      vertex 235.15 0 3
      vertex 4.85 0 0
      vertex 235.15 0 0
    endloop
  endfacet
  facet normal 0 0 -1
    outer loop
      vertex 22.4758 84.3541 0
      vertex 10.7846 91.7651 0
      vertex 10.8 92 0
    endloop
  endfacet
  facet normal 0 0 -1
    outer loop
      vertex 12.9571 73.5 0
      vertex 10.7387 91.5341 0
      vertex 10.7846 91.7651 0
    endloop
  endfacet
  facet normal 0 0 -1
    outer loop
      vertex 12.9571 73.5 0
      vertex 10.663 91.3112 0
      vertex 10.7387 91.5341 0
    endloop
  endfacet
  facet normal 0 0 -1
    outer loop
      vertex 12.9571 73.5 0
      vertex 10.5588 91.1 0
      vertex 10.663 91.3112 0
    endloop
  endfacet
  facet normal 0 0 -1
    outer loop
      vertex 12.9571 73.5 0
      vertex 10.428 90.9042 0
      vertex 10.5588 91.1 0
    endloop
  endfacet
  facet normal 0 0 -1
    outer loop
      vertex 12.9571 73.5 0
      vertex 10.2728 90.7272 0
      vertex 10.428 90.9042 0
    endloop
  endfacet
  facet normal 0 0 -1
    outer loop
      vertex 12.9571 73.5 0
      vertex 10.0958 90.572 0
      vertex 10.2728 90.7272 0
    endloop
  endfacet
  facet normal 0 0 -1
    outer loop
      vertex 12.9571 73.5 0
      vertex 9.9 90.4412 0
      vertex 10.0958 90.572 0
    endloop
  endfacet
  facet normal 0 0 -1
    outer loop
      vertex 12.9571 73.5 0
      vertex 9.68883 90.337 0
      vertex 9.9 90.4412 0
    endloop
  endfacet
  facet normal 0 0 -1
    outer loop
      vertex 12.9571 73.5 0
      vertex 9.46587 90.2613 0
      vertex 9.68883 90.337 0
    endloop
  endfacet
  facet normal 0 0 -1
    outer loop
      vertex 7.44115 91.1 0
      vertex 10.8165 69.1593 0
      vertex 9.26074 64.5763 0
    endloop
  endfacet
  facet normal 0 0 -1
    outer loop
      vertex 12.9571 73.5 0
      vertex 9.23495 90.2154 0
      vertex 9.46587 90.2613 0
    endloop
  endfacet
  facet normal 0 0 -1
    outer loop
      vertex 12.9571 73.5 0
      vertex 9 90.2 0
      vertex 9.23495 90.2154 0
    endloop
  endfacet
  facet normal 0 0 -1
    outer loop
      vertex 12.9571 73.5 0
      vertex 8.76505 90.2154 0
      vertex 9 90.2 0
    endloop
  endfacet
  facet normal 0 0 -1
    outer loop
      vertex 12.9571 73.5 0
      vertex 8.53413 90.2613 0
      vertex 8.76505 90.2154 0
    endloop
  endfacet
  facet normal 0 0 -1
    outer loop
      vertex 7.26133 91.5341 0
      vertex 9.26074 64.5763 0
      vertex 8.31654 59.8295 0
    endloop
  endfacet
  facet normal 0 0 -1
    outer loop
      vertex 12.9571 73.5 0
      vertex 8.31117 90.337 0
      vertex 8.53413 90.2613 0
    endloop
  endfacet
  facet normal 0 0 -1
    outer loop
      vertex 12.9571 73.5 0
      vertex 8.1 90.4412 0
      vertex 8.31117 90.337 0
    endloop
  endfacet
  facet normal 0 0 -1
    outer loop
      vertex 7.2154 91.7651 0
      vertex 8.31654 59.8295 0
      vertex 8 55 0
    endloop
  endfacet
  facet normal 0 0 -1
    outer loop
      vertex 12.9571 73.5 0
      vertex 7.90423 90.572 0
      vertex 8.1 90.4412 0
    endloop
  endfacet
  facet normal -0 0 -1
    outer loop
      vertex 10.8165 40.8407 0
      vertex 7.44115 18.9 0
      vertex 9.26074 45.4237 0
    endloop
  endfacet
  facet normal 0 0 -1
    outer loop
      vertex 7.33702 18.6888 0
      vertex 9.26074 45.4237 0
      vertex 7.44115 18.9 0
    endloop
  endfacet
  facet normal 0 0 -1
    outer loop
      vertex 10.8165 69.1593 0
      vertex 7.72721 90.7272 0
      vertex 7.90423 90.572 0
    endloop
  endfacet
  facet normal 0 0 -1
    outer loop
      vertex 7.26133 18.4659 0
      vertex 9.26074 45.4237 0
      vertex 7.33702 18.6888 0
    endloop
  endfacet
  facet normal 0 0 -1
    outer loop
      vertex 10.8165 69.1593 0
      vertex 7.57196 90.9042 0
      vertex 7.72721 90.7272 0
    endloop
  endfacet
  facet normal -0 0 -1
    outer loop
      vertex 9.26074 45.4237 0
      vertex 7.26133 18.4659 0
      vertex 8.31654 50.1705 0
    endloop
  endfacet
  facet normal 0 0 -1
    outer loop
      vertex 10.8165 69.1593 0
      vertex 7.44115 91.1 0
      vertex 7.57196 90.9042 0
    endloop
  endfacet
  facet normal 0 0 -1
    outer loop
      vertex 3.65 7.98 0
      vertex 8.31654 50.1705 0
      vertex 7.26133 18.4659 0
    endloop
  endfacet
  facet normal 0 0 -1
    outer loop
      vertex 9.26074 64.5763 0
      vertex 7.33702 91.3112 0
      vertex 7.44115 91.1 0
    endloop
  endfacet
  facet normal -0 0 -1
    outer loop
      vertex 8.31654 50.1705 0
      vertex 3.65 7.98 0
      vertex 8 55 0
    endloop
  endfacet
  facet normal 0 0 -1
    outer loop
      vertex 9.26074 64.5763 0
      vertex 7.26133 91.5341 0
      vertex 7.33702 91.3112 0
    endloop
  endfacet
  facet normal 0 0 -1
    outer loop
      vertex 3.65 7.98 0
      vertex 7.26133 18.4659 0
      vertex 7.2154 18.2349 0
    endloop
  endfacet
  facet normal 0 -0 -1
    outer loop
      vertex 7.2154 91.7651 0
      vertex 8 55 0
      vertex 3.65 7.98 0
    endloop
  endfacet
  facet normal 0 0 -1
    outer loop
      vertex 3.65 7.98 0
      vertex 7.2154 18.2349 0
      vertex 7.2 18 0
    endloop
  endfacet
  facet normal 0 0 -1
    outer loop
      vertex 8.31654 59.8295 0
      vertex 7.2154 91.7651 0
      vertex 7.26133 91.5341 0
    endloop
  endfacet
  facet normal -0 0 -1
    outer loop
      vertex 22.4758 25.6459 0
      vertex 10.5588 18.9 0
      vertex 18.837 28.837 0
    endloop
  endfacet
  facet normal 0 0 -1
    outer loop
      vertex 10.428 19.0958 0
      vertex 18.837 28.837 0
      vertex 10.5588 18.9 0
    endloop
  endfacet
  facet normal 0 0 -1
    outer loop
      vertex 10.2728 19.2728 0
      vertex 18.837 28.837 0
      vertex 10.428 19.0958 0
    endloop
  endfacet
  facet normal 0 0 -1
    outer loop
      vertex 10.0958 19.428 0
      vertex 18.837 28.837 0
      vertex 10.2728 19.2728 0
    endloop
  endfacet
  facet normal 0 0 -1
    outer loop
      vertex 9.9 19.5588 0
      vertex 18.837 28.837 0
      vertex 10.0958 19.428 0
    endloop
  endfacet
  facet normal 0 0 -1
    outer loop
      vertex 9.68883 19.663 0
      vertex 18.837 28.837 0
      vertex 9.9 19.5588 0
    endloop
  endfacet
  facet normal -0 0 -1
    outer loop
      vertex 18.837 28.837 0
      vertex 9.68883 19.663 0
      vertex 15.6459 32.4758 0
    endloop
  endfacet
  facet normal 0 0 -1
    outer loop
      vertex 9.46587 19.7387 0
      vertex 15.6459 32.4758 0
      vertex 9.68883 19.663 0
    endloop
  endfacet
  facet normal 0 0 -1
    outer loop
      vertex 9.23495 19.7846 0
      vertex 15.6459 32.4758 0
      vertex 9.46587 19.7387 0
    endloop
  endfacet
  facet normal 0 0 -1
    outer loop
      vertex 9 19.8 0
      vertex 15.6459 32.4758 0
      vertex 9.23495 19.7846 0
    endloop
  endfacet
  facet normal 0 0 -1
    outer loop
      vertex 8.76505 19.7846 0
      vertex 15.6459 32.4758 0
      vertex 9 19.8 0
    endloop
  endfacet
  facet normal 0 0 -1
    outer loop
      vertex 8.53413 19.7387 0
      vertex 15.6459 32.4758 0
      vertex 8.76505 19.7846 0
    endloop
  endfacet
  facet normal -0 0 -1
    outer loop
      vertex 15.6459 32.4758 0
      vertex 8.53413 19.7387 0
      vertex 12.9571 36.5 0
    endloop
  endfacet
  facet normal 0 0 -1
    outer loop
      vertex 8.31117 19.663 0
      vertex 12.9571 36.5 0
      vertex 8.53413 19.7387 0
    endloop
  endfacet
  facet normal 0 0 -1
    outer loop
      vertex 8.1 19.5588 0
      vertex 12.9571 36.5 0
      vertex 8.31117 19.663 0
    endloop
  endfacet
  facet normal 0 0 -1
    outer loop
      vertex 7.90423 19.428 0
      vertex 12.9571 36.5 0
      vertex 8.1 19.5588 0
    endloop
  endfacet
  facet normal -0 0 -1
    outer loop
      vertex 12.9571 36.5 0
      vertex 7.90423 19.428 0
      vertex 10.8165 40.8407 0
    endloop
  endfacet
  facet normal 0 0 -1
    outer loop
      vertex 7.72721 19.2728 0
      vertex 10.8165 40.8407 0
      vertex 7.90423 19.428 0
    endloop
  endfacet
  facet normal 0 0 -1
    outer loop
      vertex 7.57196 19.0958 0
      vertex 10.8165 40.8407 0
      vertex 7.72721 19.2728 0
    endloop
  endfacet
  facet normal 0 0 -1
    outer loop
      vertex 7.44115 18.9 0
      vertex 10.8165 40.8407 0
      vertex 7.57196 19.0958 0
    endloop
  endfacet
  facet normal -0 0 -1
    outer loop
      vertex 153.267 50.6399 0
      vertex 80.7393 45.4237 0
      vertex 152.733 52.213 0
    endloop
  endfacet
  facet normal 0 0 -1
    outer loop
      vertex 81.6835 59.8295 0
      vertex 152.3 55.5 0
      vertex 82 55 0
    endloop
  endfacet
  facet normal 0 -0 -1
    outer loop
      vertex 81.6835 50.1705 0
      vertex 152.733 52.213 0
      vertex 80.7393 45.4237 0
    endloop
  endfacet
  facet normal 0 0 -1
    outer loop
      vertex 152.3 55.5 0
      vertex 82.7846 91.7651 0
      vertex 82.8 92 0
    endloop
  endfacet
  facet normal -0 0 -1
    outer loop
      vertex 152.733 52.213 0
      vertex 81.6835 50.1705 0
      vertex 152.409 53.8423 0
    endloop
  endfacet
  facet normal 0 0 -1
    outer loop
      vertex 80.7393 64.5763 0
      vertex 152.3 55.5 0
      vertex 81.6835 59.8295 0
    endloop
  endfacet
  facet normal 0 0 -1
    outer loop
      vertex 80.7393 45.4237 0
      vertex 82.663 18.6888 0
      vertex 82.5588 18.9 0
    endloop
  endfacet
  facet normal 0 0 -1
    outer loop
      vertex 152.3 55.5 0
      vertex 82.7387 91.5341 0
      vertex 82.7846 91.7651 0
    endloop
  endfacet
  facet normal 0 0 -1
    outer loop
      vertex 79.1835 40.8407 0
      vertex 82.5588 18.9 0
      vertex 82.428 19.0958 0
    endloop
  endfacet
  facet normal 0 -0 -1
    outer loop
      vertex 82.663 91.3112 0
      vertex 152.3 55.5 0
      vertex 80.7393 64.5763 0
    endloop
  endfacet
  facet normal 0 0 -1
    outer loop
      vertex 79.1835 40.8407 0
      vertex 82.428 19.0958 0
      vertex 82.2728 19.2728 0
    endloop
  endfacet
  facet normal 0 0 -1
    outer loop
      vertex 152.3 55.5 0
      vertex 82.663 91.3112 0
      vertex 82.7387 91.5341 0
    endloop
  endfacet
  facet normal 0 0 -1
    outer loop
      vertex 79.1835 40.8407 0
      vertex 82.2728 19.2728 0
      vertex 82.0958 19.428 0
    endloop
  endfacet
  facet normal 0 0 -1
    outer loop
      vertex 82.663 91.3112 0
      vertex 80.7393 64.5763 0
      vertex 82.5588 91.1 0
    endloop
  endfacet
  facet normal 0 0 -1
    outer loop
      vertex 79.1835 69.1593 0
      vertex 82.5588 91.1 0
      vertex 80.7393 64.5763 0
    endloop
  endfacet
  facet normal 0 0 -1
    outer loop
      vertex 77.0429 36.5 0
      vertex 82.0958 19.428 0
      vertex 81.9 19.5588 0
    endloop
  endfacet
  facet normal 0 0 -1
    outer loop
      vertex 77.0429 36.5 0
      vertex 81.9 19.5588 0
      vertex 81.6888 19.663 0
    endloop
  endfacet
  facet normal 0 0 -1
    outer loop
      vertex 152.409 53.8423 0
      vertex 82 55 0
      vertex 152.3 55.5 0
    endloop
  endfacet
  facet normal 0 0 -1
    outer loop
      vertex 77.0429 36.5 0
      vertex 81.6888 19.663 0
      vertex 81.4659 19.7387 0
    endloop
  endfacet
  facet normal 0 0 -1
    outer loop
      vertex 74.3541 32.4758 0
      vertex 81.4659 19.7387 0
      vertex 81.2349 19.7846 0
    endloop
  endfacet
  facet normal 0 0 -1
    outer loop
      vertex 74.3541 32.4758 0
      vertex 81.2349 19.7846 0
      vertex 81 19.8 0
    endloop
  endfacet
  facet normal 0 0 -1
    outer loop
      vertex 74.3541 32.4758 0
      vertex 81 19.8 0
      vertex 80.7651 19.7846 0
    endloop
  endfacet
  facet normal 0 -0 -1
    outer loop
      vertex 82 55 0
      vertex 152.409 53.8423 0
      vertex 81.6835 50.1705 0
    endloop
  endfacet
  facet normal 0 0 -1
    outer loop
      vertex 74.3541 32.4758 0
      vertex 80.7651 19.7846 0
      vertex 80.5341 19.7387 0
    endloop
  endfacet
  facet normal 0 0 -1
    outer loop
      vertex 74.3541 32.4758 0
      vertex 80.5341 19.7387 0
      vertex 80.3112 19.663 0
    endloop
  endfacet
  facet normal 0 0 -1
    outer loop
      vertex 71.1629 28.837 0
      vertex 80.3112 19.663 0
      vertex 80.1 19.5588 0
    endloop
  endfacet
  facet normal 0 0 -1
    outer loop
      vertex 71.1629 28.837 0
      vertex 80.1 19.5588 0
      vertex 79.9042 19.428 0
    endloop
  endfacet
  facet normal 0 0 -1
    outer loop
      vertex 71.1629 28.837 0
      vertex 79.9042 19.428 0
      vertex 79.7272 19.2728 0
    endloop
  endfacet
  facet normal 0 0 -1
    outer loop
      vertex 71.1629 28.837 0
      vertex 79.7272 19.2728 0
      vertex 79.572 19.0958 0
    endloop
  endfacet
  facet normal 0 0 -1
    outer loop
      vertex 71.1629 28.837 0
      vertex 79.572 19.0958 0
      vertex 79.4412 18.9 0
    endloop
  endfacet
  facet normal 0 0 -1
    outer loop
      vertex 67.5242 25.6459 0
      vertex 79.4412 18.9 0
      vertex 79.337 18.6888 0
    endloop
  endfacet
  facet normal 0 0 -1
    outer loop
      vertex 67.5242 25.6459 0
      vertex 79.337 18.6888 0
      vertex 79.2613 18.4659 0
    endloop
  endfacet
  facet normal 0 0 -1
    outer loop
      vertex 67.5242 25.6459 0
      vertex 79.2613 18.4659 0
      vertex 79.2154 18.2349 0
    endloop
  endfacet
  facet normal 0 0 -1
    outer loop
      vertex 67.5242 25.6459 0
      vertex 79.2154 18.2349 0
      vertex 79.2 18 0
    endloop
  endfacet
  facet normal 0 0 -1
    outer loop
      vertex 82.5588 18.9 0
      vertex 79.1835 40.8407 0
      vertex 80.7393 45.4237 0
    endloop
  endfacet
  facet normal 0 0 -1
    outer loop
      vertex 82.5588 91.1 0
      vertex 79.1835 69.1593 0
      vertex 82.428 90.9042 0
    endloop
  endfacet
  facet normal 0 0 -1
    outer loop
      vertex 82.428 90.9042 0
      vertex 79.1835 69.1593 0
      vertex 82.2728 90.7272 0
    endloop
  endfacet
  facet normal 0 0 -1
    outer loop
      vertex 82.2728 90.7272 0
      vertex 79.1835 69.1593 0
      vertex 82.0958 90.572 0
    endloop
  endfacet
  facet normal 0 0 -1
    outer loop
      vertex 77.0429 73.5 0
      vertex 82.0958 90.572 0
      vertex 79.1835 69.1593 0
    endloop
  endfacet
  facet normal 0 0 -1
    outer loop
      vertex 82.0958 90.572 0
      vertex 77.0429 73.5 0
      vertex 81.9 90.4412 0
    endloop
  endfacet
  facet normal 0 0 -1
    outer loop
      vertex 81.9 90.4412 0
      vertex 77.0429 73.5 0
      vertex 81.6888 90.337 0
    endloop
  endfacet
  facet normal 0 0 -1
    outer loop
      vertex 81.6888 90.337 0
      vertex 77.0429 73.5 0
      vertex 81.4659 90.2613 0
    endloop
  endfacet
  facet normal 0 0 -1
    outer loop
      vertex 74.3541 77.5242 0
      vertex 81.4659 90.2613 0
      vertex 77.0429 73.5 0
    endloop
  endfacet
  facet normal 0 0 -1
    outer loop
      vertex 81.4659 90.2613 0
      vertex 74.3541 77.5242 0
      vertex 81.2349 90.2154 0
    endloop
  endfacet
  facet normal 0 0 -1
    outer loop
      vertex 81.2349 90.2154 0
      vertex 74.3541 77.5242 0
      vertex 81 90.2 0
    endloop
  endfacet
  facet normal -0 0 -1
    outer loop
      vertex 81 90.2 0
      vertex 74.3541 77.5242 0
      vertex 80.7651 90.2154 0
    endloop
  endfacet
  facet normal -0 0 -1
    outer loop
      vertex 80.7651 90.2154 0
      vertex 74.3541 77.5242 0
      vertex 80.5341 90.2613 0
    endloop
  endfacet
  facet normal -0 0 -1
    outer loop
      vertex 80.5341 90.2613 0
      vertex 74.3541 77.5242 0
      vertex 80.3112 90.337 0
    endloop
  endfacet
  facet normal 0 0 -1
    outer loop
      vertex 71.1629 81.1629 0
      vertex 80.3112 90.337 0
      vertex 74.3541 77.5242 0
    endloop
  endfacet
  facet normal -0 0 -1
    outer loop
      vertex 80.3112 90.337 0
      vertex 71.1629 81.1629 0
      vertex 80.1 90.4412 0
    endloop
  endfacet
  facet normal -0 0 -1
    outer loop
      vertex 80.1 90.4412 0
      vertex 71.1629 81.1629 0
      vertex 79.9042 90.572 0
    endloop
  endfacet
  facet normal -0 0 -1
    outer loop
      vertex 79.9042 90.572 0
      vertex 71.1629 81.1629 0
      vertex 79.7272 90.7272 0
    endloop
  endfacet
  facet normal -0 0 -1
    outer loop
      vertex 79.7272 90.7272 0
      vertex 71.1629 81.1629 0
      vertex 79.572 90.9042 0
    endloop
  endfacet
  facet normal -0 0 -1
    outer loop
      vertex 79.572 90.9042 0
      vertex 71.1629 81.1629 0
      vertex 79.4412 91.1 0
    endloop
  endfacet
  facet normal 0 0 -1
    outer loop
      vertex 67.5242 84.3541 0
      vertex 79.4412 91.1 0
      vertex 71.1629 81.1629 0
    endloop
  endfacet
  facet normal 0 0 -1
    outer loop
      vertex 184.042 135.28 0
      vertex 180.785 136.765 0
      vertex 180.8 137 0
    endloop
  endfacet
  facet normal 0 0 -1
    outer loop
      vertex 184.042 135.28 0
      vertex 180.739 136.534 0
      vertex 180.785 136.765 0
    endloop
  endfacet
  facet normal 0 0 -1
    outer loop
      vertex 179.689 135.337 0
      vertex 182.272 133.728 0
      vertex 180.72 131.958 0
    endloop
  endfacet
  facet normal 0 0 -1
    outer loop
      vertex 184.042 135.28 0
      vertex 180.663 136.311 0
      vertex 180.739 136.534 0
    endloop
  endfacet
  facet normal 0 0 -1
    outer loop
      vertex 182.272 133.728 0
      vertex 180.559 136.1 0
      vertex 180.663 136.311 0
    endloop
  endfacet
  facet normal 0 0 -1
    outer loop
      vertex 182.272 133.728 0
      vertex 180.428 135.904 0
      vertex 180.559 136.1 0
    endloop
  endfacet
  facet normal 0 0 -1
    outer loop
      vertex 182.272 133.728 0
      vertex 180.273 135.727 0
      vertex 180.428 135.904 0
    endloop
  endfacet
  facet normal 0 0 -1
    outer loop
      vertex 182.272 133.728 0
      vertex 180.096 135.572 0
      vertex 180.273 135.727 0
    endloop
  endfacet
  facet normal 0 0 -1
    outer loop
      vertex 182.272 133.728 0
      vertex 179.9 135.441 0
      vertex 180.096 135.572 0
    endloop
  endfacet
  facet normal 0 0 -1
    outer loop
      vertex 182.272 133.728 0
      vertex 179.689 135.337 0
      vertex 179.9 135.441 0
    endloop
  endfacet
  facet normal 0 0 -1
    outer loop
      vertex 180.72 131.958 0
      vertex 179.466 135.261 0
      vertex 179.689 135.337 0
    endloop
  endfacet
  facet normal 0 0 -1
    outer loop
      vertex 178.534 135.261 0
      vertex 180.72 131.958 0
      vertex 179.412 130 0
    endloop
  endfacet
  facet normal 0 0 -1
    outer loop
      vertex 180.72 131.958 0
      vertex 179.235 135.215 0
      vertex 179.466 135.261 0
    endloop
  endfacet
  facet normal 0 0 -1
    outer loop
      vertex 180.72 131.958 0
      vertex 179 135.2 0
      vertex 179.235 135.215 0
    endloop
  endfacet
  facet normal 0 0 -1
    outer loop
      vertex 180.72 131.958 0
      vertex 178.765 135.215 0
      vertex 179 135.2 0
    endloop
  endfacet
  facet normal 0 0 -1
    outer loop
      vertex 180.72 131.958 0
      vertex 178.534 135.261 0
      vertex 178.765 135.215 0
    endloop
  endfacet
  facet normal 0 0 -1
    outer loop
      vertex 177.727 135.727 0
      vertex 179.412 130 0
      vertex 178.37 127.888 0
    endloop
  endfacet
  facet normal 0 0 -1
    outer loop
      vertex 179.412 130 0
      vertex 178.311 135.337 0
      vertex 178.534 135.261 0
    endloop
  endfacet
  facet normal 0 0 -1
    outer loop
      vertex 179.412 130 0
      vertex 178.1 135.441 0
      vertex 178.311 135.337 0
    endloop
  endfacet
  facet normal 0 0 -1
    outer loop
      vertex 179.412 130 0
      vertex 177.904 135.572 0
      vertex 178.1 135.441 0
    endloop
  endfacet
  facet normal 0 0 -1
    outer loop
      vertex 179.412 130 0
      vertex 177.727 135.727 0
      vertex 177.904 135.572 0
    endloop
  endfacet
  facet normal 0 0 -1
    outer loop
      vertex 177.441 136.1 0
      vertex 178.37 127.888 0
      vertex 177.613 125.659 0
    endloop
  endfacet
  facet normal 0 0 -1
    outer loop
      vertex 178.37 127.888 0
      vertex 177.572 135.904 0
      vertex 177.727 135.727 0
    endloop
  endfacet
  facet normal 0 0 -1
    outer loop
      vertex 178.37 127.888 0
      vertex 177.441 136.1 0
      vertex 177.572 135.904 0
    endloop
  endfacet
  facet normal 0 0 -1
    outer loop
      vertex 177.613 125.659 0
      vertex 177.337 136.311 0
      vertex 177.441 136.1 0
    endloop
  endfacet
  facet normal 0 0 -1
    outer loop
      vertex 177.613 125.659 0
      vertex 177.261 136.534 0
      vertex 177.337 136.311 0
    endloop
  endfacet
  facet normal 0 0 -1
    outer loop
      vertex 177.154 123.349 0
      vertex 177.261 136.534 0
      vertex 177.613 125.659 0
    endloop
  endfacet
  facet normal -0 0 -1
    outer loop
      vertex 177.261 136.534 0
      vertex 177.154 123.349 0
      vertex 177.215 136.765 0
    endloop
  endfacet
  facet normal 0 0 -1
    outer loop
      vertex 82.2728 93.2728 0
      vertex 177.215 136.765 0
      vertex 177.154 123.349 0
    endloop
  endfacet
  facet normal 0 0 -1
    outer loop
      vertex 180.739 105.466 0
      vertex 184.042 106.72 0
      vertex 180.785 105.235 0
    endloop
  endfacet
  facet normal 0 0 -1
    outer loop
      vertex 180.663 105.689 0
      vertex 184.042 106.72 0
      vertex 180.739 105.466 0
    endloop
  endfacet
  facet normal -0 0 -1
    outer loop
      vertex 184.042 106.72 0
      vertex 180.663 105.689 0
      vertex 182.272 108.272 0
    endloop
  endfacet
  facet normal 0 0 -1
    outer loop
      vertex 180.559 105.9 0
      vertex 182.272 108.272 0
      vertex 180.663 105.689 0
    endloop
  endfacet
  facet normal 0 0 -1
    outer loop
      vertex 180.428 106.096 0
      vertex 182.272 108.272 0
      vertex 180.559 105.9 0
    endloop
  endfacet
  facet normal 0 0 -1
    outer loop
      vertex 180.273 106.273 0
      vertex 182.272 108.272 0
      vertex 180.428 106.096 0
    endloop
  endfacet
  facet normal 0 0 -1
    outer loop
      vertex 180.096 106.428 0
      vertex 182.272 108.272 0
      vertex 180.273 106.273 0
    endloop
  endfacet
  facet normal 0 0 -1
    outer loop
      vertex 179.9 106.559 0
      vertex 182.272 108.272 0
      vertex 180.096 106.428 0
    endloop
  endfacet
  facet normal 0 0 -1
    outer loop
      vertex 179.689 106.663 0
      vertex 182.272 108.272 0
      vertex 179.9 106.559 0
    endloop
  endfacet
  facet normal -0 0 -1
    outer loop
      vertex 182.272 108.272 0
      vertex 179.689 106.663 0
      vertex 180.72 110.042 0
    endloop
  endfacet
  facet normal 0 0 -1
    outer loop
      vertex 179.466 106.739 0
      vertex 180.72 110.042 0
      vertex 179.689 106.663 0
    endloop
  endfacet
  facet normal 0 0 -1
    outer loop
      vertex 179.235 106.785 0
      vertex 180.72 110.042 0
      vertex 179.466 106.739 0
    endloop
  endfacet
  facet normal 0 0 -1
    outer loop
      vertex 179 106.8 0
      vertex 180.72 110.042 0
      vertex 179.235 106.785 0
    endloop
  endfacet
  facet normal 0 0 -1
    outer loop
      vertex 178.765 106.785 0
      vertex 180.72 110.042 0
      vertex 179 106.8 0
    endloop
  endfacet
  facet normal 0 0 -1
    outer loop
      vertex 178.534 106.739 0
      vertex 180.72 110.042 0
      vertex 178.765 106.785 0
    endloop
  endfacet
  facet normal -0 0 -1
    outer loop
      vertex 180.72 110.042 0
      vertex 178.534 106.739 0
      vertex 179.412 112 0
    endloop
  endfacet
  facet normal 0 0 -1
    outer loop
      vertex 178.311 106.663 0
      vertex 179.412 112 0
      vertex 178.534 106.739 0
    endloop
  endfacet
  facet normal 0 0 -1
    outer loop
      vertex 178.1 106.559 0
      vertex 179.412 112 0
      vertex 178.311 106.663 0
    endloop
  endfacet
  facet normal 0 0 -1
    outer loop
      vertex 177.904 106.428 0
      vertex 179.412 112 0
      vertex 178.1 106.559 0
    endloop
  endfacet
  facet normal 0 0 -1
    outer loop
      vertex 177.727 106.273 0
      vertex 179.412 112 0
      vertex 177.904 106.428 0
    endloop
  endfacet
  facet normal -0 0 -1
    outer loop
      vertex 179.412 112 0
      vertex 177.727 106.273 0
      vertex 178.37 114.112 0
    endloop
  endfacet
  facet normal 0 0 -1
    outer loop
      vertex 177.572 106.096 0
      vertex 178.37 114.112 0
      vertex 177.727 106.273 0
    endloop
  endfacet
  facet normal 0 0 -1
    outer loop
      vertex 177.441 105.9 0
      vertex 178.37 114.112 0
      vertex 177.572 106.096 0
    endloop
  endfacet
  facet normal -0 0 -1
    outer loop
      vertex 178.37 114.112 0
      vertex 177.441 105.9 0
      vertex 177.613 116.341 0
    endloop
  endfacet
  facet normal 0 0 -1
    outer loop
      vertex 177.337 105.689 0
      vertex 177.613 116.341 0
      vertex 177.441 105.9 0
    endloop
  endfacet
  facet normal 0 0 -1
    outer loop
      vertex 177.261 105.466 0
      vertex 177.613 116.341 0
      vertex 177.337 105.689 0
    endloop
  endfacet
  facet normal 0 0 -1
    outer loop
      vertex 177.154 118.651 0
      vertex 177.261 105.466 0
      vertex 177.215 105.235 0
    endloop
  endfacet
  facet normal 0 0 -1
    outer loop
      vertex 82.663 92.6888 0
      vertex 177.215 105.235 0
      vertex 177.2 105 0
    endloop
  endfacet
  facet normal 0 0 -1
    outer loop
      vertex 177.261 105.466 0
      vertex 177.154 118.651 0
      vertex 177.613 116.341 0
    endloop
  endfacet
  facet normal 0 0 -1
    outer loop
      vertex 171.35 66.4985 0
      vertex 179.235 103.215 0
      vertex 172.731 65.5756 0
    endloop
  endfacet
  facet normal 0 0 -1
    outer loop
      vertex 179.235 103.215 0
      vertex 171.35 66.4985 0
      vertex 179 103.2 0
    endloop
  endfacet
  facet normal 0 0 -1
    outer loop
      vertex 169.86 67.2333 0
      vertex 179 103.2 0
      vertex 171.35 66.4985 0
    endloop
  endfacet
  facet normal -0 0 -1
    outer loop
      vertex 179 103.2 0
      vertex 169.86 67.2333 0
      vertex 178.765 103.215 0
    endloop
  endfacet
  facet normal -0 0 -1
    outer loop
      vertex 178.765 103.215 0
      vertex 169.86 67.2333 0
      vertex 178.534 103.261 0
    endloop
  endfacet
  facet normal 0 0 -1
    outer loop
      vertex 168.287 67.7673 0
      vertex 178.534 103.261 0
      vertex 169.86 67.2333 0
    endloop
  endfacet
  facet normal -0 0 -1
    outer loop
      vertex 178.534 103.261 0
      vertex 168.287 67.7673 0
      vertex 178.311 103.337 0
    endloop
  endfacet
  facet normal 0 0 -1
    outer loop
      vertex 166.658 68.0913 0
      vertex 178.311 103.337 0
      vertex 168.287 67.7673 0
    endloop
  endfacet
  facet normal -0 0 -1
    outer loop
      vertex 178.311 103.337 0
      vertex 166.658 68.0913 0
      vertex 178.1 103.441 0
    endloop
  endfacet
  facet normal -0 0 -1
    outer loop
      vertex 178.1 103.441 0
      vertex 166.658 68.0913 0
      vertex 177.904 103.572 0
    endloop
  endfacet
  facet normal 0 0 -1
    outer loop
      vertex 165 68.2 0
      vertex 177.904 103.572 0
      vertex 166.658 68.0913 0
    endloop
  endfacet
  facet normal 0 0 -1
    outer loop
      vertex 236.35 142 0
      vertex 212.785 136.765 0
      vertex 212.8 137 0
    endloop
  endfacet
  facet normal 0 0 -1
    outer loop
      vertex 236.35 142 0
      vertex 212.739 136.534 0
      vertex 212.785 136.765 0
    endloop
  endfacet
  facet normal 0 -0 -1
    outer loop
      vertex 212.663 136.311 0
      vertex 236.35 142 0
      vertex 212.387 125.659 0
    endloop
  endfacet
  facet normal 0 0 -1
    outer loop
      vertex 236.35 142 0
      vertex 212.663 136.311 0
      vertex 212.739 136.534 0
    endloop
  endfacet
  facet normal 0 0 -1
    outer loop
      vertex 212.663 136.311 0
      vertex 212.387 125.659 0
      vertex 212.559 136.1 0
    endloop
  endfacet
  facet normal 0 0 -1
    outer loop
      vertex 211.63 127.888 0
      vertex 212.559 136.1 0
      vertex 212.387 125.659 0
    endloop
  endfacet
  facet normal 0 0 -1
    outer loop
      vertex 212.559 136.1 0
      vertex 211.63 127.888 0
      vertex 212.428 135.904 0
    endloop
  endfacet
  facet normal 0 0 -1
    outer loop
      vertex 212.428 135.904 0
      vertex 211.63 127.888 0
      vertex 212.273 135.727 0
    endloop
  endfacet
  facet normal 0 0 -1
    outer loop
      vertex 210.588 130 0
      vertex 212.273 135.727 0
      vertex 211.63 127.888 0
    endloop
  endfacet
  facet normal 0 0 -1
    outer loop
      vertex 212.273 135.727 0
      vertex 210.588 130 0
      vertex 212.096 135.572 0
    endloop
  endfacet
  facet normal 0 0 -1
    outer loop
      vertex 212.096 135.572 0
      vertex 210.588 130 0
      vertex 211.9 135.441 0
    endloop
  endfacet
  facet normal 0 0 -1
    outer loop
      vertex 211.9 135.441 0
      vertex 210.588 130 0
      vertex 211.689 135.337 0
    endloop
  endfacet
  facet normal 0 0 -1
    outer loop
      vertex 211.689 135.337 0
      vertex 210.588 130 0
      vertex 211.466 135.261 0
    endloop
  endfacet
  facet normal 0 0 -1
    outer loop
      vertex 209.28 131.958 0
      vertex 211.466 135.261 0
      vertex 210.588 130 0
    endloop
  endfacet
  facet normal 0 0 -1
    outer loop
      vertex 211.466 135.261 0
      vertex 209.28 131.958 0
      vertex 211.235 135.215 0
    endloop
  endfacet
  facet normal 0 0 -1
    outer loop
      vertex 211.235 135.215 0
      vertex 209.28 131.958 0
      vertex 211 135.2 0
    endloop
  endfacet
  facet normal -0 0 -1
    outer loop
      vertex 211 135.2 0
      vertex 209.28 131.958 0
      vertex 210.765 135.215 0
    endloop
  endfacet
  facet normal -0 0 -1
    outer loop
      vertex 210.765 135.215 0
      vertex 209.28 131.958 0
      vertex 210.534 135.261 0
    endloop
  endfacet
  facet normal -0 0 -1
    outer loop
      vertex 210.534 135.261 0
      vertex 209.28 131.958 0
      vertex 210.311 135.337 0
    endloop
  endfacet
  facet normal 0 0 -1
    outer loop
      vertex 207.728 133.728 0
      vertex 210.311 135.337 0
      vertex 209.28 131.958 0
    endloop
  endfacet
  facet normal -0 0 -1
    outer loop
      vertex 210.311 135.337 0
      vertex 207.728 133.728 0
      vertex 210.1 135.441 0
    endloop
  endfacet
  facet normal -0 0 -1
    outer loop
      vertex 210.1 135.441 0
      vertex 207.728 133.728 0
      vertex 209.904 135.572 0
    endloop
  endfacet
  facet normal -0 0 -1
    outer loop
      vertex 209.904 135.572 0
      vertex 207.728 133.728 0
      vertex 209.727 135.727 0
    endloop
  endfacet
  facet normal -0 0 -1
    outer loop
      vertex 209.727 135.727 0
      vertex 207.728 133.728 0
      vertex 209.572 135.904 0
    endloop
  endfacet
  facet normal -0 0 -1
    outer loop
      vertex 209.572 135.904 0
      vertex 207.728 133.728 0
      vertex 209.441 136.1 0
    endloop
  endfacet
  facet normal -0 0 -1
    outer loop
      vertex 209.441 136.1 0
      vertex 207.728 133.728 0
      vertex 209.337 136.311 0
    endloop
  endfacet
  facet normal 0 0 -1
    outer loop
      vertex 205.958 135.28 0
      vertex 209.337 136.311 0
      vertex 207.728 133.728 0
    endloop
  endfacet
  facet normal -0 0 -1
    outer loop
      vertex 209.337 136.311 0
      vertex 205.958 135.28 0
      vertex 209.261 136.534 0
    endloop
  endfacet
  facet normal -0 0 -1
    outer loop
      vertex 209.261 136.534 0
      vertex 205.958 135.28 0
      vertex 209.215 136.765 0
    endloop
  endfacet
  facet normal 0 0 -1
    outer loop
      vertex 236.35 142 0
      vertex 212.846 118.651 0
      vertex 213 121 0
    endloop
  endfacet
  facet normal 0 0 -1
    outer loop
      vertex 236.35 7.98 0
      vertex 212.8 105 0
      vertex 212.846 118.651 0
    endloop
  endfacet
  facet normal 0 0 -1
    outer loop
      vertex 236.35 7.98 0
      vertex 212.785 104.765 0
      vertex 212.8 105 0
    endloop
  endfacet
  facet normal 0 0 -1
    outer loop
      vertex 236.35 7.98 0
      vertex 212.739 104.534 0
      vertex 212.785 104.765 0
    endloop
  endfacet
  facet normal 0 0 -1
    outer loop
      vertex 236.35 7.98 0
      vertex 212.663 104.311 0
      vertex 212.739 104.534 0
    endloop
  endfacet
  facet normal 0 0 -1
    outer loop
      vertex 236.35 7.98 0
      vertex 212.559 104.1 0
      vertex 212.663 104.311 0
    endloop
  endfacet
  facet normal 0 0 -1
    outer loop
      vertex 236.35 7.98 0
      vertex 212.428 103.904 0
      vertex 212.559 104.1 0
    endloop
  endfacet
  facet normal 0 0 -1
    outer loop
      vertex 236.35 7.98 0
      vertex 212.273 103.727 0
      vertex 212.428 103.904 0
    endloop
  endfacet
  facet normal 0 0 -1
    outer loop
      vertex 236.35 7.98 0
      vertex 212.096 103.572 0
      vertex 212.273 103.727 0
    endloop
  endfacet
  facet normal 0 0 -1
    outer loop
      vertex 236.35 7.98 0
      vertex 211.9 103.441 0
      vertex 212.096 103.572 0
    endloop
  endfacet
  facet normal 0 0 -1
    outer loop
      vertex 236.35 7.98 0
      vertex 211.689 103.337 0
      vertex 211.9 103.441 0
    endloop
  endfacet
  facet normal 0 0 -1
    outer loop
      vertex 236.35 7.98 0
      vertex 177.7 55.5 0
      vertex 211.689 103.337 0
    endloop
  endfacet
  facet normal 0 0 -1
    outer loop
      vertex 211.689 103.337 0
      vertex 177.7 55.5 0
      vertex 211.466 103.261 0
    endloop
  endfacet
  facet normal 0 0 -1
    outer loop
      vertex 177.591 57.1577 0
      vertex 211.466 103.261 0
      vertex 177.7 55.5 0
    endloop
  endfacet
  facet normal 0 0 -1
    outer loop
      vertex 211.466 103.261 0
      vertex 177.591 57.1577 0
      vertex 211.235 103.215 0
    endloop
  endfacet
  facet normal 0 0 -1
    outer loop
      vertex 177.267 58.787 0
      vertex 211.235 103.215 0
      vertex 177.591 57.1577 0
    endloop
  endfacet
  facet normal 0 0 -1
    outer loop
      vertex 211.235 103.215 0
      vertex 177.267 58.787 0
      vertex 211 103.2 0
    endloop
  endfacet
  facet normal -0 0 -1
    outer loop
      vertex 211 103.2 0
      vertex 177.267 58.787 0
      vertex 210.765 103.215 0
    endloop
  endfacet
  facet normal 0 -0 -1
    outer loop
      vertex 199.659 103.613 0
      vertex 210.534 103.261 0
      vertex 197.349 103.154 0
    endloop
  endfacet
  facet normal 0 0 -1
    outer loop
      vertex 210.311 103.337 0
      vertex 199.659 103.613 0
      vertex 210.1 103.441 0
    endloop
  endfacet
  facet normal 0 -0 -1
    outer loop
      vertex 201.888 104.37 0
      vertex 210.1 103.441 0
      vertex 199.659 103.613 0
    endloop
  endfacet
  facet normal 0 0 -1
    outer loop
      vertex 210.1 103.441 0
      vertex 201.888 104.37 0
      vertex 209.904 103.572 0
    endloop
  endfacet
  facet normal 0 0 -1
    outer loop
      vertex 209.904 103.572 0
      vertex 201.888 104.37 0
      vertex 209.727 103.727 0
    endloop
  endfacet
  facet normal 0 -0 -1
    outer loop
      vertex 204 105.412 0
      vertex 209.727 103.727 0
      vertex 201.888 104.37 0
    endloop
  endfacet
  facet normal 0 0 -1
    outer loop
      vertex 205.958 106.72 0
      vertex 209.2 105 0
      vertex 209.215 104.765 0
    endloop
  endfacet
  facet normal 0 0 -1
    outer loop
      vertex 205.958 106.72 0
      vertex 209.215 104.765 0
      vertex 209.261 104.534 0
    endloop
  endfacet
  facet normal 0 0 -1
    outer loop
      vertex 209.727 103.727 0
      vertex 204 105.412 0
      vertex 209.572 103.904 0
    endloop
  endfacet
  facet normal 0 0 -1
    outer loop
      vertex 209.2 105 0
      vertex 205.958 106.72 0
      vertex 207.728 108.272 0
    endloop
  endfacet
  facet normal 0 0 -1
    outer loop
      vertex 209.261 104.534 0
      vertex 204 105.412 0
      vertex 205.958 106.72 0
    endloop
  endfacet
  facet normal 0 0 -1
    outer loop
      vertex 209.572 103.904 0
      vertex 204 105.412 0
      vertex 209.441 104.1 0
    endloop
  endfacet
  facet normal 0 0 -1
    outer loop
      vertex 209.337 104.311 0
      vertex 204 105.412 0
      vertex 209.261 104.534 0
    endloop
  endfacet
  facet normal 0 0 -1
    outer loop
      vertex 209.441 104.1 0
      vertex 204 105.412 0
      vertex 209.337 104.311 0
    endloop
  endfacet
  facet normal 0 0 -1
    outer loop
      vertex 210.534 103.261 0
      vertex 199.659 103.613 0
      vertex 210.311 103.337 0
    endloop
  endfacet
  facet normal 0 0 -1
    outer loop
      vertex 176.733 60.3601 0
      vertex 210.765 103.215 0
      vertex 177.267 58.787 0
    endloop
  endfacet
  facet normal -0 0 -1
    outer loop
      vertex 210.765 103.215 0
      vertex 176.733 60.3601 0
      vertex 210.534 103.261 0
    endloop
  endfacet
  facet normal 0 0 -1
    outer loop
      vertex 210.534 103.261 0
      vertex 176.733 60.3601 0
      vertex 197.349 103.154 0
    endloop
  endfacet
  facet normal 0 0 -1
    outer loop
      vertex 175.999 61.85 0
      vertex 197.349 103.154 0
      vertex 176.733 60.3601 0
    endloop
  endfacet
  facet normal 0 -0 -1
    outer loop
      vertex 179.689 103.337 0
      vertex 190.341 103.613 0
      vertex 179.466 103.261 0
    endloop
  endfacet
  facet normal 0 -0 -1
    outer loop
      vertex 179.9 103.441 0
      vertex 188.112 104.37 0
      vertex 179.689 103.337 0
    endloop
  endfacet
  facet normal -0 0 -1
    outer loop
      vertex 186 105.412 0
      vertex 180.739 104.534 0
      vertex 184.042 106.72 0
    endloop
  endfacet
  facet normal 0 0 -1
    outer loop
      vertex 180.785 105.235 0
      vertex 184.042 106.72 0
      vertex 180.8 105 0
    endloop
  endfacet
  facet normal 0 -0 -1
    outer loop
      vertex 180.8 105 0
      vertex 184.042 106.72 0
      vertex 180.785 104.765 0
    endloop
  endfacet
  facet normal 0 -0 -1
    outer loop
      vertex 180.785 104.765 0
      vertex 184.042 106.72 0
      vertex 180.739 104.534 0
    endloop
  endfacet
  facet normal 0 -0 -1
    outer loop
      vertex 180.428 103.904 0
      vertex 186 105.412 0
      vertex 180.273 103.727 0
    endloop
  endfacet
  facet normal 0 -0 -1
    outer loop
      vertex 180.739 104.534 0
      vertex 186 105.412 0
      vertex 180.663 104.311 0
    endloop
  endfacet
  facet normal 0 -0 -1
    outer loop
      vertex 180.663 104.311 0
      vertex 186 105.412 0
      vertex 180.559 104.1 0
    endloop
  endfacet
  facet normal 0 -0 -1
    outer loop
      vertex 180.559 104.1 0
      vertex 186 105.412 0
      vertex 180.428 103.904 0
    endloop
  endfacet
  facet normal -0 0 -1
    outer loop
      vertex 188.112 104.37 0
      vertex 180.273 103.727 0
      vertex 186 105.412 0
    endloop
  endfacet
  facet normal 0 -0 -1
    outer loop
      vertex 180.273 103.727 0
      vertex 188.112 104.37 0
      vertex 180.096 103.572 0
    endloop
  endfacet
  facet normal 0 -0 -1
    outer loop
      vertex 180.096 103.572 0
      vertex 188.112 104.37 0
      vertex 179.9 103.441 0
    endloop
  endfacet
  facet normal -0 0 -1
    outer loop
      vertex 190.341 103.613 0
      vertex 179.689 103.337 0
      vertex 188.112 104.37 0
    endloop
  endfacet
  facet normal 0 0 -1
    outer loop
      vertex 197.349 103.154 0
      vertex 175.999 61.85 0
      vertex 195 103 0
    endloop
  endfacet
  facet normal 0 0 -1
    outer loop
      vertex 175.076 63.2313 0
      vertex 195 103 0
      vertex 175.999 61.85 0
    endloop
  endfacet
  facet normal -0 0 -1
    outer loop
      vertex 195 103 0
      vertex 175.076 63.2313 0
      vertex 192.651 103.154 0
    endloop
  endfacet
  facet normal 0 0 -1
    outer loop
      vertex 173.98 64.4803 0
      vertex 192.651 103.154 0
      vertex 175.076 63.2313 0
    endloop
  endfacet
  facet normal 0 0 -1
    outer loop
      vertex 172.731 65.5756 0
      vertex 192.651 103.154 0
      vertex 173.98 64.4803 0
    endloop
  endfacet
  facet normal -0 0 -1
    outer loop
      vertex 192.651 103.154 0
      vertex 172.731 65.5756 0
      vertex 190.341 103.613 0
    endloop
  endfacet
  facet normal 0 0 -1
    outer loop
      vertex 190.341 103.613 0
      vertex 172.731 65.5756 0
      vertex 179.466 103.261 0
    endloop
  endfacet
  facet normal 0 0 -1
    outer loop
      vertex 179.466 103.261 0
      vertex 172.731 65.5756 0
      vertex 179.235 103.215 0
    endloop
  endfacet
  facet normal 0 0 -1
    outer loop
      vertex 236.35 7.98 0
      vertex 177.591 53.8423 0
      vertex 177.7 55.5 0
    endloop
  endfacet
  facet normal 0 0 -1
    outer loop
      vertex 236.35 7.98 0
      vertex 177.267 52.213 0
      vertex 177.591 53.8423 0
    endloop
  endfacet
  facet normal 0 0 -1
    outer loop
      vertex 236.35 7.98 0
      vertex 176.733 50.6399 0
      vertex 177.267 52.213 0
    endloop
  endfacet
  facet normal 0 0 -1
    outer loop
      vertex 236.35 7.98 0
      vertex 175.999 49.15 0
      vertex 176.733 50.6399 0
    endloop
  endfacet
  facet normal 0 0 -1
    outer loop
      vertex 236.35 7.98 0
      vertex 175.076 47.7687 0
      vertex 175.999 49.15 0
    endloop
  endfacet
  facet normal 0 0 -1
    outer loop
      vertex 236.35 7.98 0
      vertex 173.98 46.5197 0
      vertex 175.076 47.7687 0
    endloop
  endfacet
  facet normal 0 0 -1
    outer loop
      vertex 236.35 7.98 0
      vertex 172.731 45.4244 0
      vertex 173.98 46.5197 0
    endloop
  endfacet
  facet normal 0 0 -1
    outer loop
      vertex 236.35 7.98 0
      vertex 171.35 44.5015 0
      vertex 172.731 45.4244 0
    endloop
  endfacet
  facet normal 0 0 -1
    outer loop
      vertex 235.15 0 0
      vertex 169.86 43.7667 0
      vertex 171.35 44.5015 0
    endloop
  endfacet
  facet normal 0 0 -1
    outer loop
      vertex 235.15 0 0
      vertex 168.287 43.2327 0
      vertex 169.86 43.7667 0
    endloop
  endfacet
  facet normal 0 0 -1
    outer loop
      vertex 235.15 0 0
      vertex 166.658 42.9086 0
      vertex 168.287 43.2327 0
    endloop
  endfacet
  facet normal 0 0 -1
    outer loop
      vertex 235.15 0 0
      vertex 165 42.8 0
      vertex 166.658 42.9086 0
    endloop
  endfacet
  facet normal 0 0 -1
    outer loop
      vertex 235.15 0 0
      vertex 163.342 42.9086 0
      vertex 165 42.8 0
    endloop
  endfacet
  facet normal 0 0 -1
    outer loop
      vertex 82.2728 16.7272 0
      vertex 163.342 42.9086 0
      vertex 235.15 0 0
    endloop
  endfacet
  facet normal -0 0 -1
    outer loop
      vertex 163.342 42.9086 0
      vertex 82.2728 16.7272 0
      vertex 161.713 43.2327 0
    endloop
  endfacet
  facet normal 0 -0 -1
    outer loop
      vertex 82.428 16.9042 0
      vertex 161.713 43.2327 0
      vertex 82.2728 16.7272 0
    endloop
  endfacet
  facet normal -0 0 -1
    outer loop
      vertex 154.001 49.15 0
      vertex 82.663 18.6888 0
      vertex 153.267 50.6399 0
    endloop
  endfacet
  facet normal 0 0 -1
    outer loop
      vertex 82.663 18.6888 0
      vertex 154.001 49.15 0
      vertex 82.7387 18.4659 0
    endloop
  endfacet
  facet normal 0 0 -1
    outer loop
      vertex 82.7387 18.4659 0
      vertex 154.001 49.15 0
      vertex 82.7846 18.2349 0
    endloop
  endfacet
  facet normal -0 0 -1
    outer loop
      vertex 154.924 47.7687 0
      vertex 82.7846 18.2349 0
      vertex 154.001 49.15 0
    endloop
  endfacet
  facet normal 0 0 -1
    outer loop
      vertex 82.7846 18.2349 0
      vertex 154.924 47.7687 0
      vertex 82.8 18 0
    endloop
  endfacet
  facet normal -0 0 -1
    outer loop
      vertex 156.02 46.5197 0
      vertex 82.8 18 0
      vertex 154.924 47.7687 0
    endloop
  endfacet
  facet normal 0 0 -1
    outer loop
      vertex 82.7846 17.7651 0
      vertex 156.02 46.5197 0
      vertex 157.269 45.4244 0
    endloop
  endfacet
  facet normal 0 0 -1
    outer loop
      vertex 82.7387 17.5341 0
      vertex 157.269 45.4244 0
      vertex 158.65 44.5015 0
    endloop
  endfacet
  facet normal -0 0 -1
    outer loop
      vertex 161.713 43.2327 0
      vertex 82.428 16.9042 0
      vertex 160.14 43.7667 0
    endloop
  endfacet
  facet normal 0 0 -1
    outer loop
      vertex 156.02 46.5197 0
      vertex 82.7846 17.7651 0
      vertex 82.8 18 0
    endloop
  endfacet
  facet normal 0 0 -1
    outer loop
      vertex 157.269 45.4244 0
      vertex 82.7387 17.5341 0
      vertex 82.7846 17.7651 0
    endloop
  endfacet
  facet normal 0 0 -1
    outer loop
      vertex 158.65 44.5015 0
      vertex 82.663 17.3112 0
      vertex 82.7387 17.5341 0
    endloop
  endfacet
  facet normal -0 0 -1
    outer loop
      vertex 160.14 43.7667 0
      vertex 82.663 17.3112 0
      vertex 158.65 44.5015 0
    endloop
  endfacet
  facet normal 0 -0 -1
    outer loop
      vertex 82.663 17.3112 0
      vertex 160.14 43.7667 0
      vertex 82.5588 17.1 0
    endloop
  endfacet
  facet normal 0 -0 -1
    outer loop
      vertex 82.5588 17.1 0
      vertex 160.14 43.7667 0
      vertex 82.428 16.9042 0
    endloop
  endfacet
  facet normal 0 0 -1
    outer loop
      vertex 235.15 0 0
      vertex 82.0958 16.572 0
      vertex 82.2728 16.7272 0
    endloop
  endfacet
  facet normal 0 0 -1
    outer loop
      vertex 235.15 0 0
      vertex 81.9 16.4412 0
      vertex 82.0958 16.572 0
    endloop
  endfacet
  facet normal 0 0 -1
    outer loop
      vertex 235.15 0 0
      vertex 81.6888 16.337 0
      vertex 81.9 16.4412 0
    endloop
  endfacet
  facet normal 0 0 -1
    outer loop
      vertex 235.15 0 0
      vertex 81.4659 16.2613 0
      vertex 81.6888 16.337 0
    endloop
  endfacet
  facet normal 0 0 -1
    outer loop
      vertex 235.15 0 0
      vertex 81.2349 16.2154 0
      vertex 81.4659 16.2613 0
    endloop
  endfacet
  facet normal 0 0 -1
    outer loop
      vertex 4.85 0 0
      vertex 81.2349 16.2154 0
      vertex 235.15 0 0
    endloop
  endfacet
  facet normal 0 0 -1
    outer loop
      vertex 81.2349 16.2154 0
      vertex 4.85 0 0
      vertex 81 16.2 0
    endloop
  endfacet
  facet normal 0 0 -1
    outer loop
      vertex 82.0958 19.428 0
      vertex 77.0429 36.5 0
      vertex 79.1835 40.8407 0
    endloop
  endfacet
  facet normal 0 0 -1
    outer loop
      vertex 67.5242 25.6459 0
      vertex 79.2 18 0
      vertex 79.2154 17.7651 0
    endloop
  endfacet
  facet normal 0 0 -1
    outer loop
      vertex 81.4659 19.7387 0
      vertex 74.3541 32.4758 0
      vertex 77.0429 36.5 0
    endloop
  endfacet
  facet normal 0 0 -1
    outer loop
      vertex 63.5 22.9571 0
      vertex 79.2154 17.7651 0
      vertex 79.2613 17.5341 0
    endloop
  endfacet
  facet normal 0 0 -1
    outer loop
      vertex 80.3112 19.663 0
      vertex 71.1629 28.837 0
      vertex 74.3541 32.4758 0
    endloop
  endfacet
  facet normal 0 0 -1
    outer loop
      vertex 63.5 22.9571 0
      vertex 79.2613 17.5341 0
      vertex 79.337 17.3112 0
    endloop
  endfacet
  facet normal 0 0 -1
    outer loop
      vertex 63.5 22.9571 0
      vertex 79.337 17.3112 0
      vertex 79.4412 17.1 0
    endloop
  endfacet
  facet normal 0 0 -1
    outer loop
      vertex 59.1593 20.8165 0
      vertex 79.4412 17.1 0
      vertex 79.572 16.9042 0
    endloop
  endfacet
  facet normal 0 0 -1
    outer loop
      vertex 79.4412 18.9 0
      vertex 67.5242 25.6459 0
      vertex 71.1629 28.837 0
    endloop
  endfacet
  facet normal 0 0 -1
    outer loop
      vertex 59.1593 20.8165 0
      vertex 79.572 16.9042 0
      vertex 79.7272 16.7272 0
    endloop
  endfacet
  facet normal 0 0 -1
    outer loop
      vertex 59.1593 20.8165 0
      vertex 79.7272 16.7272 0
      vertex 79.9042 16.572 0
    endloop
  endfacet
  facet normal 0 0 -1
    outer loop
      vertex 79.2154 17.7651 0
      vertex 63.5 22.9571 0
      vertex 67.5242 25.6459 0
    endloop
  endfacet
  facet normal 0 0 -1
    outer loop
      vertex 54.5763 19.2607 0
      vertex 79.9042 16.572 0
      vertex 80.1 16.4412 0
    endloop
  endfacet
  facet normal 0 0 -1
    outer loop
      vertex 54.5763 19.2607 0
      vertex 80.1 16.4412 0
      vertex 80.3112 16.337 0
    endloop
  endfacet
  facet normal 0 0 -1
    outer loop
      vertex 79.4412 17.1 0
      vertex 59.1593 20.8165 0
      vertex 63.5 22.9571 0
    endloop
  endfacet
  facet normal 0 0 -1
    outer loop
      vertex 49.8295 18.3165 0
      vertex 80.3112 16.337 0
      vertex 80.5341 16.2613 0
    endloop
  endfacet
  facet normal 0 0 -1
    outer loop
      vertex 79.9042 16.572 0
      vertex 54.5763 19.2607 0
      vertex 59.1593 20.8165 0
    endloop
  endfacet
  facet normal 0 0 -1
    outer loop
      vertex 4.85 0 0
      vertex 80.5341 16.2613 0
      vertex 80.7651 16.2154 0
    endloop
  endfacet
  facet normal 0 0 -1
    outer loop
      vertex 80.3112 16.337 0
      vertex 49.8295 18.3165 0
      vertex 54.5763 19.2607 0
    endloop
  endfacet
  facet normal -0 0 -1
    outer loop
      vertex 81 16.2 0
      vertex 4.85 0 0
      vertex 80.7651 16.2154 0
    endloop
  endfacet
  facet normal -0 0 -1
    outer loop
      vertex 80.5341 16.2613 0
      vertex 4.85 0 0
      vertex 49.8295 18.3165 0
    endloop
  endfacet
  facet normal 0 0 -1
    outer loop
      vertex 49.8295 18.3165 0
      vertex 4.85 0 0
      vertex 45 18 0
    endloop
  endfacet
  facet normal 0 0 -1
    outer loop
      vertex 10.5588 18.9 0
      vertex 22.4758 25.6459 0
      vertex 10.663 18.6888 0
    endloop
  endfacet
  facet normal 0 0 -1
    outer loop
      vertex 10.663 18.6888 0
      vertex 22.4758 25.6459 0
      vertex 10.7387 18.4659 0
    endloop
  endfacet
  facet normal 0 0 -1
    outer loop
      vertex 10.7387 18.4659 0
      vertex 22.4758 25.6459 0
      vertex 10.7846 18.2349 0
    endloop
  endfacet
  facet normal 0 0 -1
    outer loop
      vertex 10.7846 18.2349 0
      vertex 22.4758 25.6459 0
      vertex 10.8 18 0
    endloop
  endfacet
  facet normal 0 0 -1
    outer loop
      vertex 10.7846 17.7651 0
      vertex 22.4758 25.6459 0
      vertex 26.5 22.9571 0
    endloop
  endfacet
  facet normal 0 0 -1
    outer loop
      vertex 10.5588 17.1 0
      vertex 26.5 22.9571 0
      vertex 30.8407 20.8165 0
    endloop
  endfacet
  facet normal 0 0 -1
    outer loop
      vertex 4.85 0 0
      vertex 30.8407 20.8165 0
      vertex 35.4237 19.2607 0
    endloop
  endfacet
  facet normal 0 0 -1
    outer loop
      vertex 4.85 0 0
      vertex 35.4237 19.2607 0
      vertex 40.1705 18.3165 0
    endloop
  endfacet
  facet normal -0 0 -1
    outer loop
      vertex 45 18 0
      vertex 4.85 0 0
      vertex 40.1705 18.3165 0
    endloop
  endfacet
  facet normal 0 0 -1
    outer loop
      vertex 22.4758 25.6459 0
      vertex 10.7846 17.7651 0
      vertex 10.8 18 0
    endloop
  endfacet
  facet normal 0 0 -1
    outer loop
      vertex 26.5 22.9571 0
      vertex 10.7387 17.5341 0
      vertex 10.7846 17.7651 0
    endloop
  endfacet
  facet normal 0 0 -1
    outer loop
      vertex 26.5 22.9571 0
      vertex 10.663 17.3112 0
      vertex 10.7387 17.5341 0
    endloop
  endfacet
  facet normal 0 0 -1
    outer loop
      vertex 30.8407 20.8165 0
      vertex 4.85 0 0
      vertex 10.2728 16.7272 0
    endloop
  endfacet
  facet normal 0 0 -1
    outer loop
      vertex 26.5 22.9571 0
      vertex 10.5588 17.1 0
      vertex 10.663 17.3112 0
    endloop
  endfacet
  facet normal 0 0 -1
    outer loop
      vertex 30.8407 20.8165 0
      vertex 10.428 16.9042 0
      vertex 10.5588 17.1 0
    endloop
  endfacet
  facet normal 0 0 -1
    outer loop
      vertex 30.8407 20.8165 0
      vertex 10.2728 16.7272 0
      vertex 10.428 16.9042 0
    endloop
  endfacet
  facet normal 0 0 -1
    outer loop
      vertex 10.2728 16.7272 0
      vertex 4.85 0 0
      vertex 10.0958 16.572 0
    endloop
  endfacet
  facet normal 0 0 -1
    outer loop
      vertex 10.0958 16.572 0
      vertex 4.85 0 0
      vertex 9.9 16.4412 0
    endloop
  endfacet
  facet normal 0 0 -1
    outer loop
      vertex 3.65 7.98 0
      vertex 9.9 16.4412 0
      vertex 4.85 0 0
    endloop
  endfacet
  facet normal 0 0 -1
    outer loop
      vertex 9.9 16.4412 0
      vertex 3.65 7.98 0
      vertex 9.68883 16.337 0
    endloop
  endfacet
  facet normal 0 0 -1
    outer loop
      vertex 9.68883 16.337 0
      vertex 3.65 7.98 0
      vertex 9.46587 16.2613 0
    endloop
  endfacet
  facet normal 0 0 -1
    outer loop
      vertex 9.46587 16.2613 0
      vertex 3.65 7.98 0
      vertex 9.23495 16.2154 0
    endloop
  endfacet
  facet normal -0 0 -1
    outer loop
      vertex 7.2154 17.7651 0
      vertex 3.65 7.98 0
      vertex 7.2 18 0
    endloop
  endfacet
  facet normal -0 0 -1
    outer loop
      vertex 7.26133 17.5341 0
      vertex 3.65 7.98 0
      vertex 7.2154 17.7651 0
    endloop
  endfacet
  facet normal -0 0 -1
    outer loop
      vertex 7.33702 17.3112 0
      vertex 3.65 7.98 0
      vertex 7.26133 17.5341 0
    endloop
  endfacet
  facet normal -0 0 -1
    outer loop
      vertex 7.44115 17.1 0
      vertex 3.65 7.98 0
      vertex 7.33702 17.3112 0
    endloop
  endfacet
  facet normal -0 0 -1
    outer loop
      vertex 7.57196 16.9042 0
      vertex 3.65 7.98 0
      vertex 7.44115 17.1 0
    endloop
  endfacet
  facet normal -0 0 -1
    outer loop
      vertex 7.72721 16.7272 0
      vertex 3.65 7.98 0
      vertex 7.57196 16.9042 0
    endloop
  endfacet
  facet normal -0 0 -1
    outer loop
      vertex 7.90423 16.572 0
      vertex 3.65 7.98 0
      vertex 7.72721 16.7272 0
    endloop
  endfacet
  facet normal -0 0 -1
    outer loop
      vertex 8.1 16.4412 0
      vertex 3.65 7.98 0
      vertex 7.90423 16.572 0
    endloop
  endfacet
  facet normal -0 0 -1
    outer loop
      vertex 8.31117 16.337 0
      vertex 3.65 7.98 0
      vertex 8.1 16.4412 0
    endloop
  endfacet
  facet normal -0 0 -1
    outer loop
      vertex 8.53413 16.2613 0
      vertex 3.65 7.98 0
      vertex 8.31117 16.337 0
    endloop
  endfacet
  facet normal -0 0 -1
    outer loop
      vertex 8.76505 16.2154 0
      vertex 3.65 7.98 0
      vertex 8.53413 16.2613 0
    endloop
  endfacet
  facet normal -0 0 -1
    outer loop
      vertex 9 16.2 0
      vertex 3.65 7.98 0
      vertex 8.76505 16.2154 0
    endloop
  endfacet
  facet normal 0 0 -1
    outer loop
      vertex 9.23495 16.2154 0
      vertex 3.65 7.98 0
      vertex 9 16.2 0
    endloop
  endfacet
  facet normal 0 0 -1
    outer loop
      vertex 171.35 44.5015 0
      vertex 236.35 7.98 0
      vertex 235.15 0 0
    endloop
  endfacet
  facet normal 0 0 -1
    outer loop
      vertex 212.846 118.651 0
      vertex 236.35 142 0
      vertex 236.35 7.98 0
    endloop
  endfacet
  facet normal 0 0 -1
    outer loop
      vertex 212.846 123.349 0
      vertex 236.35 142 0
      vertex 213 121 0
    endloop
  endfacet
  facet normal 0 0 -1
    outer loop
      vertex 212.387 125.659 0
      vertex 236.35 142 0
      vertex 212.846 123.349 0
    endloop
  endfacet
  facet normal 0 0 -1
    outer loop
      vertex 212.785 137.235 0
      vertex 236.35 142 0
      vertex 212.8 137 0
    endloop
  endfacet
  facet normal 0 0 -1
    outer loop
      vertex 212.739 137.466 0
      vertex 236.35 142 0
      vertex 212.785 137.235 0
    endloop
  endfacet
  facet normal 0 0 -1
    outer loop
      vertex 212.663 137.689 0
      vertex 236.35 142 0
      vertex 212.739 137.466 0
    endloop
  endfacet
  facet normal 0 0 -1
    outer loop
      vertex 212.559 137.9 0
      vertex 236.35 142 0
      vertex 212.663 137.689 0
    endloop
  endfacet
  facet normal 0 0 -1
    outer loop
      vertex 212.428 138.096 0
      vertex 236.35 142 0
      vertex 212.559 137.9 0
    endloop
  endfacet
  facet normal 0 0 -1
    outer loop
      vertex 212.273 138.273 0
      vertex 236.35 142 0
      vertex 212.428 138.096 0
    endloop
  endfacet
  facet normal 0 0 -1
    outer loop
      vertex 212.096 138.428 0
      vertex 236.35 142 0
      vertex 212.273 138.273 0
    endloop
  endfacet
  facet normal 0 0 -1
    outer loop
      vertex 211.9 138.559 0
      vertex 236.35 142 0
      vertex 212.096 138.428 0
    endloop
  endfacet
  facet normal 0 0 -1
    outer loop
      vertex 211.689 138.663 0
      vertex 236.35 142 0
      vertex 211.9 138.559 0
    endloop
  endfacet
  facet normal 0 0 -1
    outer loop
      vertex 211.466 138.739 0
      vertex 236.35 142 0
      vertex 211.689 138.663 0
    endloop
  endfacet
  facet normal 0 0 -1
    outer loop
      vertex 211.235 138.785 0
      vertex 236.35 142 0
      vertex 211.466 138.739 0
    endloop
  endfacet
  facet normal 0 0 -1
    outer loop
      vertex 211 138.8 0
      vertex 236.35 142 0
      vertex 211.235 138.785 0
    endloop
  endfacet
  facet normal 0 0 -1
    outer loop
      vertex 197.349 138.846 0
      vertex 211 138.8 0
      vertex 210.765 138.785 0
    endloop
  endfacet
  facet normal -0 0 -1
    outer loop
      vertex 209.215 136.765 0
      vertex 205.958 135.28 0
      vertex 209.2 137 0
    endloop
  endfacet
  facet normal -0 0 -1
    outer loop
      vertex 209.2 137 0
      vertex 205.958 135.28 0
      vertex 209.215 137.235 0
    endloop
  endfacet
  facet normal -0 0 -1
    outer loop
      vertex 209.215 137.235 0
      vertex 205.958 135.28 0
      vertex 209.261 137.466 0
    endloop
  endfacet
  facet normal 0 0 -1
    outer loop
      vertex 204 136.588 0
      vertex 209.261 137.466 0
      vertex 205.958 135.28 0
    endloop
  endfacet
  facet normal -0 0 -1
    outer loop
      vertex 209.261 137.466 0
      vertex 204 136.588 0
      vertex 209.337 137.689 0
    endloop
  endfacet
  facet normal -0 0 -1
    outer loop
      vertex 209.337 137.689 0
      vertex 204 136.588 0
      vertex 209.441 137.9 0
    endloop
  endfacet
  facet normal -0 0 -1
    outer loop
      vertex 209.441 137.9 0
      vertex 204 136.588 0
      vertex 209.572 138.096 0
    endloop
  endfacet
  facet normal -0 0 -1
    outer loop
      vertex 209.572 138.096 0
      vertex 204 136.588 0
      vertex 209.727 138.273 0
    endloop
  endfacet
  facet normal 0 0 -1
    outer loop
      vertex 201.888 137.63 0
      vertex 209.727 138.273 0
      vertex 204 136.588 0
    endloop
  endfacet
  facet normal -0 0 -1
    outer loop
      vertex 209.727 138.273 0
      vertex 201.888 137.63 0
      vertex 209.904 138.428 0
    endloop
  endfacet
  facet normal -0 0 -1
    outer loop
      vertex 209.904 138.428 0
      vertex 201.888 137.63 0
      vertex 210.1 138.559 0
    endloop
  endfacet
  facet normal -0 0 -1
    outer loop
      vertex 210.1 138.559 0
      vertex 201.888 137.63 0
      vertex 210.311 138.663 0
    endloop
  endfacet
  facet normal 0 0 -1
    outer loop
      vertex 199.659 138.387 0
      vertex 210.311 138.663 0
      vertex 201.888 137.63 0
    endloop
  endfacet
  facet normal -0 0 -1
    outer loop
      vertex 210.311 138.663 0
      vertex 199.659 138.387 0
      vertex 210.534 138.739 0
    endloop
  endfacet
  facet normal 0 0 -1
    outer loop
      vertex 197.349 138.846 0
      vertex 210.534 138.739 0
      vertex 199.659 138.387 0
    endloop
  endfacet
  facet normal 0 0 -1
    outer loop
      vertex 210.534 138.739 0
      vertex 197.349 138.846 0
      vertex 210.765 138.785 0
    endloop
  endfacet
  facet normal 0 0 -1
    outer loop
      vertex 211 138.8 0
      vertex 197.349 138.846 0
      vertex 236.35 142 0
    endloop
  endfacet
  facet normal 0 0 -1
    outer loop
      vertex 195 139 0
      vertex 236.35 142 0
      vertex 197.349 138.846 0
    endloop
  endfacet
  facet normal 0 0 -1
    outer loop
      vertex 179 138.8 0
      vertex 195 139 0
      vertex 192.651 138.846 0
    endloop
  endfacet
  facet normal 0 0 -1
    outer loop
      vertex 180.663 136.311 0
      vertex 184.042 135.28 0
      vertex 182.272 133.728 0
    endloop
  endfacet
  facet normal 0 0 -1
    outer loop
      vertex 180.785 137.235 0
      vertex 184.042 135.28 0
      vertex 180.8 137 0
    endloop
  endfacet
  facet normal 0 0 -1
    outer loop
      vertex 180.739 137.466 0
      vertex 184.042 135.28 0
      vertex 180.785 137.235 0
    endloop
  endfacet
  facet normal 0 0 -1
    outer loop
      vertex 184.042 135.28 0
      vertex 180.739 137.466 0
      vertex 186 136.588 0
    endloop
  endfacet
  facet normal 0 0 -1
    outer loop
      vertex 180.663 137.689 0
      vertex 186 136.588 0
      vertex 180.739 137.466 0
    endloop
  endfacet
  facet normal 0 0 -1
    outer loop
      vertex 180.559 137.9 0
      vertex 186 136.588 0
      vertex 180.663 137.689 0
    endloop
  endfacet
  facet normal 0 0 -1
    outer loop
      vertex 180.428 138.096 0
      vertex 186 136.588 0
      vertex 180.559 137.9 0
    endloop
  endfacet
  facet normal 0 0 -1
    outer loop
      vertex 180.273 138.273 0
      vertex 186 136.588 0
      vertex 180.428 138.096 0
    endloop
  endfacet
  facet normal 0 0 -1
    outer loop
      vertex 186 136.588 0
      vertex 180.273 138.273 0
      vertex 188.112 137.63 0
    endloop
  endfacet
  facet normal 0 0 -1
    outer loop
      vertex 180.096 138.428 0
      vertex 188.112 137.63 0
      vertex 180.273 138.273 0
    endloop
  endfacet
  facet normal 0 0 -1
    outer loop
      vertex 179.9 138.559 0
      vertex 188.112 137.63 0
      vertex 180.096 138.428 0
    endloop
  endfacet
  facet normal 0 0 -1
    outer loop
      vertex 188.112 137.63 0
      vertex 179.9 138.559 0
      vertex 190.341 138.387 0
    endloop
  endfacet
  facet normal 0 0 -1
    outer loop
      vertex 179.689 138.663 0
      vertex 190.341 138.387 0
      vertex 179.9 138.559 0
    endloop
  endfacet
  facet normal 0 0 -1
    outer loop
      vertex 179.466 138.739 0
      vertex 190.341 138.387 0
      vertex 179.689 138.663 0
    endloop
  endfacet
  facet normal 0 0 -1
    outer loop
      vertex 190.341 138.387 0
      vertex 179.466 138.739 0
      vertex 192.651 138.846 0
    endloop
  endfacet
  facet normal 0 0 -1
    outer loop
      vertex 179.235 138.785 0
      vertex 192.651 138.846 0
      vertex 179.466 138.739 0
    endloop
  endfacet
  facet normal 0 0 -1
    outer loop
      vertex 179 138.8 0
      vertex 192.651 138.846 0
      vertex 179.235 138.785 0
    endloop
  endfacet
  facet normal -0 0 -1
    outer loop
      vertex 195 139 0
      vertex 179 138.8 0
      vertex 236.35 142 0
    endloop
  endfacet
  facet normal 0 0 -1
    outer loop
      vertex 82.428 93.0958 0
      vertex 177.154 123.349 0
      vertex 177 121 0
    endloop
  endfacet
  facet normal -0 0 -1
    outer loop
      vertex 177.904 103.572 0
      vertex 165 68.2 0
      vertex 177.727 103.727 0
    endloop
  endfacet
  facet normal 0 0 -1
    outer loop
      vertex 163.342 68.0913 0
      vertex 177.727 103.727 0
      vertex 165 68.2 0
    endloop
  endfacet
  facet normal -0 0 -1
    outer loop
      vertex 177.727 103.727 0
      vertex 163.342 68.0913 0
      vertex 177.572 103.904 0
    endloop
  endfacet
  facet normal -0 0 -1
    outer loop
      vertex 177.572 103.904 0
      vertex 163.342 68.0913 0
      vertex 177.441 104.1 0
    endloop
  endfacet
  facet normal 0 0 -1
    outer loop
      vertex 161.713 67.7673 0
      vertex 177.441 104.1 0
      vertex 163.342 68.0913 0
    endloop
  endfacet
  facet normal -0 0 -1
    outer loop
      vertex 177.441 104.1 0
      vertex 161.713 67.7673 0
      vertex 177.337 104.311 0
    endloop
  endfacet
  facet normal 0 0 -1
    outer loop
      vertex 160.14 67.2333 0
      vertex 177.337 104.311 0
      vertex 161.713 67.7673 0
    endloop
  endfacet
  facet normal -0 0 -1
    outer loop
      vertex 177.337 104.311 0
      vertex 160.14 67.2333 0
      vertex 177.261 104.534 0
    endloop
  endfacet
  facet normal 0 0 -1
    outer loop
      vertex 158.65 66.4985 0
      vertex 177.261 104.534 0
      vertex 160.14 67.2333 0
    endloop
  endfacet
  facet normal -0 0 -1
    outer loop
      vertex 177.261 104.534 0
      vertex 158.65 66.4985 0
      vertex 177.215 104.765 0
    endloop
  endfacet
  facet normal -0 0 -1
    outer loop
      vertex 177.215 104.765 0
      vertex 158.65 66.4985 0
      vertex 177.2 105 0
    endloop
  endfacet
  facet normal 0 0 -1
    outer loop
      vertex 157.269 65.5756 0
      vertex 177.2 105 0
      vertex 158.65 66.4985 0
    endloop
  endfacet
  facet normal 0 0 -1
    outer loop
      vertex 82.7387 92.4659 0
      vertex 177.2 105 0
      vertex 157.269 65.5756 0
    endloop
  endfacet
  facet normal 0 0 -1
    outer loop
      vertex 82.663 92.6888 0
      vertex 177.2 105 0
      vertex 82.7387 92.4659 0
    endloop
  endfacet
  facet normal -0 0 -1
    outer loop
      vertex 177.154 118.651 0
      vertex 82.5588 92.9 0
      vertex 177 121 0
    endloop
  endfacet
  facet normal 0 0 -1
    outer loop
      vertex 82.428 93.0958 0
      vertex 177 121 0
      vertex 82.5588 92.9 0
    endloop
  endfacet
  facet normal -0 0 -1
    outer loop
      vertex 177.215 105.235 0
      vertex 82.663 92.6888 0
      vertex 177.154 118.651 0
    endloop
  endfacet
  facet normal 0 0 -1
    outer loop
      vertex 82.7846 92.2349 0
      vertex 157.269 65.5756 0
      vertex 156.02 64.4803 0
    endloop
  endfacet
  facet normal 0 0 -1
    outer loop
      vertex 82.8 92 0
      vertex 156.02 64.4803 0
      vertex 154.924 63.2313 0
    endloop
  endfacet
  facet normal 0 0 -1
    outer loop
      vertex 82.8 92 0
      vertex 154.924 63.2313 0
      vertex 154.001 61.85 0
    endloop
  endfacet
  facet normal 0 0 -1
    outer loop
      vertex 82.8 92 0
      vertex 154.001 61.85 0
      vertex 153.267 60.3601 0
    endloop
  endfacet
  facet normal 0 0 -1
    outer loop
      vertex 82.8 92 0
      vertex 153.267 60.3601 0
      vertex 152.733 58.787 0
    endloop
  endfacet
  facet normal 0 0 -1
    outer loop
      vertex 80.7393 45.4237 0
      vertex 153.267 50.6399 0
      vertex 82.663 18.6888 0
    endloop
  endfacet
  facet normal 0 0 -1
    outer loop
      vertex 152.3 55.5 0
      vertex 82.8 92 0
      vertex 152.409 57.1577 0
    endloop
  endfacet
  facet normal 0 0 -1
    outer loop
      vertex 152.409 57.1577 0
      vertex 82.8 92 0
      vertex 152.733 58.787 0
    endloop
  endfacet
  facet normal 0 0 -1
    outer loop
      vertex 156.02 64.4803 0
      vertex 82.8 92 0
      vertex 82.7846 92.2349 0
    endloop
  endfacet
  facet normal 0 0 -1
    outer loop
      vertex 157.269 65.5756 0
      vertex 82.7846 92.2349 0
      vertex 82.7387 92.4659 0
    endloop
  endfacet
  facet normal 0 0 -1
    outer loop
      vertex 82.5588 92.9 0
      vertex 177.154 118.651 0
      vertex 82.663 92.6888 0
    endloop
  endfacet
  facet normal 0 0 -1
    outer loop
      vertex 177.154 123.349 0
      vertex 82.428 93.0958 0
      vertex 82.2728 93.2728 0
    endloop
  endfacet
  facet normal -0 0 -1
    outer loop
      vertex 177.215 136.765 0
      vertex 82.2728 93.2728 0
      vertex 177.2 137 0
    endloop
  endfacet
  facet normal 0 0 -1
    outer loop
      vertex 82.0958 93.428 0
      vertex 177.2 137 0
      vertex 82.2728 93.2728 0
    endloop
  endfacet
  facet normal -0 0 -1
    outer loop
      vertex 177.2 137 0
      vertex 82.0958 93.428 0
      vertex 177.215 137.235 0
    endloop
  endfacet
  facet normal 0 0 -1
    outer loop
      vertex 81.9 93.5588 0
      vertex 177.215 137.235 0
      vertex 82.0958 93.428 0
    endloop
  endfacet
  facet normal -0 0 -1
    outer loop
      vertex 177.215 137.235 0
      vertex 81.9 93.5588 0
      vertex 177.261 137.466 0
    endloop
  endfacet
  facet normal 0 0 -1
    outer loop
      vertex 81.6888 93.663 0
      vertex 177.261 137.466 0
      vertex 81.9 93.5588 0
    endloop
  endfacet
  facet normal -0 0 -1
    outer loop
      vertex 177.261 137.466 0
      vertex 81.6888 93.663 0
      vertex 177.337 137.689 0
    endloop
  endfacet
  facet normal 0 0 -1
    outer loop
      vertex 81.4659 93.7387 0
      vertex 177.337 137.689 0
      vertex 81.6888 93.663 0
    endloop
  endfacet
  facet normal -0 0 -1
    outer loop
      vertex 177.337 137.689 0
      vertex 81.4659 93.7387 0
      vertex 177.441 137.9 0
    endloop
  endfacet
  facet normal 0 0 -1
    outer loop
      vertex 81.2349 93.7846 0
      vertex 177.441 137.9 0
      vertex 81.4659 93.7387 0
    endloop
  endfacet
  facet normal -0 0 -1
    outer loop
      vertex 177.441 137.9 0
      vertex 81.2349 93.7846 0
      vertex 177.572 138.096 0
    endloop
  endfacet
  facet normal 0 0 -1
    outer loop
      vertex 3.65 142 0
      vertex 177.572 138.096 0
      vertex 81.2349 93.7846 0
    endloop
  endfacet
  facet normal 0 0 -1
    outer loop
      vertex 177.572 138.096 0
      vertex 3.65 142 0
      vertex 177.727 138.273 0
    endloop
  endfacet
  facet normal 0 0 -1
    outer loop
      vertex 177.727 138.273 0
      vertex 3.65 142 0
      vertex 177.904 138.428 0
    endloop
  endfacet
  facet normal 0 0 -1
    outer loop
      vertex 177.904 138.428 0
      vertex 3.65 142 0
      vertex 178.1 138.559 0
    endloop
  endfacet
  facet normal 0 0 -1
    outer loop
      vertex 3.65 142 0
      vertex 81.2349 93.7846 0
      vertex 81 93.8 0
    endloop
  endfacet
  facet normal 0 0 -1
    outer loop
      vertex 3.65 142 0
      vertex 81 93.8 0
      vertex 80.7651 93.7846 0
    endloop
  endfacet
  facet normal 0 0 -1
    outer loop
      vertex 3.65 142 0
      vertex 80.7651 93.7846 0
      vertex 80.5341 93.7387 0
    endloop
  endfacet
  facet normal 0 0 -1
    outer loop
      vertex 3.65 142 0
      vertex 80.5341 93.7387 0
      vertex 80.3112 93.663 0
    endloop
  endfacet
  facet normal -0 0 -1
    outer loop
      vertex 79.4412 91.1 0
      vertex 67.5242 84.3541 0
      vertex 79.337 91.3112 0
    endloop
  endfacet
  facet normal -0 0 -1
    outer loop
      vertex 79.337 91.3112 0
      vertex 67.5242 84.3541 0
      vertex 79.2613 91.5341 0
    endloop
  endfacet
  facet normal -0 0 -1
    outer loop
      vertex 79.2613 91.5341 0
      vertex 67.5242 84.3541 0
      vertex 79.2154 91.7651 0
    endloop
  endfacet
  facet normal -0 0 -1
    outer loop
      vertex 79.2154 91.7651 0
      vertex 67.5242 84.3541 0
      vertex 79.2 92 0
    endloop
  endfacet
  facet normal -0 0 -1
    outer loop
      vertex 79.2 92 0
      vertex 67.5242 84.3541 0
      vertex 79.2154 92.2349 0
    endloop
  endfacet
  facet normal 0 0 -1
    outer loop
      vertex 63.5 87.0429 0
      vertex 79.2154 92.2349 0
      vertex 67.5242 84.3541 0
    endloop
  endfacet
  facet normal -0 0 -1
    outer loop
      vertex 79.2154 92.2349 0
      vertex 63.5 87.0429 0
      vertex 79.2613 92.4659 0
    endloop
  endfacet
  facet normal -0 0 -1
    outer loop
      vertex 79.2613 92.4659 0
      vertex 63.5 87.0429 0
      vertex 79.337 92.6888 0
    endloop
  endfacet
  facet normal -0 0 -1
    outer loop
      vertex 79.337 92.6888 0
      vertex 63.5 87.0429 0
      vertex 79.4412 92.9 0
    endloop
  endfacet
  facet normal 0 0 -1
    outer loop
      vertex 59.1593 89.1835 0
      vertex 79.4412 92.9 0
      vertex 63.5 87.0429 0
    endloop
  endfacet
  facet normal -0 0 -1
    outer loop
      vertex 79.4412 92.9 0
      vertex 59.1593 89.1835 0
      vertex 79.572 93.0958 0
    endloop
  endfacet
  facet normal -0 0 -1
    outer loop
      vertex 79.572 93.0958 0
      vertex 59.1593 89.1835 0
      vertex 79.7272 93.2728 0
    endloop
  endfacet
  facet normal -0 0 -1
    outer loop
      vertex 79.7272 93.2728 0
      vertex 59.1593 89.1835 0
      vertex 79.9042 93.428 0
    endloop
  endfacet
  facet normal 0 0 -1
    outer loop
      vertex 54.5763 90.7393 0
      vertex 79.9042 93.428 0
      vertex 59.1593 89.1835 0
    endloop
  endfacet
  facet normal -0 0 -1
    outer loop
      vertex 79.9042 93.428 0
      vertex 54.5763 90.7393 0
      vertex 80.1 93.5588 0
    endloop
  endfacet
  facet normal -0 0 -1
    outer loop
      vertex 80.1 93.5588 0
      vertex 54.5763 90.7393 0
      vertex 80.3112 93.663 0
    endloop
  endfacet
  facet normal 0 0 -1
    outer loop
      vertex 49.8295 91.6835 0
      vertex 80.3112 93.663 0
      vertex 54.5763 90.7393 0
    endloop
  endfacet
  facet normal -0 0 -1
    outer loop
      vertex 80.3112 93.663 0
      vertex 49.8295 91.6835 0
      vertex 3.65 142 0
    endloop
  endfacet
  facet normal 0 0 -1
    outer loop
      vertex 3.65 142 0
      vertex 49.8295 91.6835 0
      vertex 45 92 0
    endloop
  endfacet
  facet normal 0 0 -1
    outer loop
      vertex 3.65 142 0
      vertex 45 92 0
      vertex 40.1705 91.6835 0
    endloop
  endfacet
  facet normal 0 0 -1
    outer loop
      vertex 3.65 142 0
      vertex 40.1705 91.6835 0
      vertex 35.4237 90.7393 0
    endloop
  endfacet
  facet normal 0 0 -1
    outer loop
      vertex 178.1 138.559 0
      vertex 3.65 142 0
      vertex 178.311 138.663 0
    endloop
  endfacet
  facet normal 0 0 -1
    outer loop
      vertex 7.90423 90.572 0
      vertex 12.9571 73.5 0
      vertex 10.8165 69.1593 0
    endloop
  endfacet
  facet normal 0 0 -1
    outer loop
      vertex 10.7846 91.7651 0
      vertex 15.6459 77.5242 0
      vertex 12.9571 73.5 0
    endloop
  endfacet
  facet normal 0 0 -1
    outer loop
      vertex 10.7846 91.7651 0
      vertex 18.837 81.1629 0
      vertex 15.6459 77.5242 0
    endloop
  endfacet
  facet normal 0 0 -1
    outer loop
      vertex 10.7846 91.7651 0
      vertex 22.4758 84.3541 0
      vertex 18.837 81.1629 0
    endloop
  endfacet
  facet normal 0 0 -1
    outer loop
      vertex 10.7846 92.2349 0
      vertex 22.4758 84.3541 0
      vertex 10.8 92 0
    endloop
  endfacet
  facet normal 0 0 -1
    outer loop
      vertex 22.4758 84.3541 0
      vertex 10.7846 92.2349 0
      vertex 26.5 87.0429 0
    endloop
  endfacet
  facet normal 0 0 -1
    outer loop
      vertex 10.7387 92.4659 0
      vertex 26.5 87.0429 0
      vertex 10.7846 92.2349 0
    endloop
  endfacet
  facet normal 0 0 -1
    outer loop
      vertex 10.663 92.6888 0
      vertex 26.5 87.0429 0
      vertex 10.7387 92.4659 0
    endloop
  endfacet
  facet normal 0 0 -1
    outer loop
      vertex 10.5588 92.9 0
      vertex 26.5 87.0429 0
      vertex 10.663 92.6888 0
    endloop
  endfacet
  facet normal 0 0 -1
    outer loop
      vertex 26.5 87.0429 0
      vertex 10.5588 92.9 0
      vertex 30.8407 89.1835 0
    endloop
  endfacet
  facet normal 0 0 -1
    outer loop
      vertex 10.428 93.0958 0
      vertex 30.8407 89.1835 0
      vertex 10.5588 92.9 0
    endloop
  endfacet
  facet normal 0 0 -1
    outer loop
      vertex 10.2728 93.2728 0
      vertex 30.8407 89.1835 0
      vertex 10.428 93.0958 0
    endloop
  endfacet
  facet normal 0 0 -1
    outer loop
      vertex 10.0958 93.428 0
      vertex 30.8407 89.1835 0
      vertex 10.2728 93.2728 0
    endloop
  endfacet
  facet normal 0 0 -1
    outer loop
      vertex 30.8407 89.1835 0
      vertex 10.0958 93.428 0
      vertex 35.4237 90.7393 0
    endloop
  endfacet
  facet normal 0 0 -1
    outer loop
      vertex 9.9 93.5588 0
      vertex 35.4237 90.7393 0
      vertex 10.0958 93.428 0
    endloop
  endfacet
  facet normal 0 0 -1
    outer loop
      vertex 35.4237 90.7393 0
      vertex 9.9 93.5588 0
      vertex 3.65 142 0
    endloop
  endfacet
  facet normal 0 0 -1
    outer loop
      vertex 3.65 142 0
      vertex 9.9 93.5588 0
      vertex 9.68883 93.663 0
    endloop
  endfacet
  facet normal 0 0 -1
    outer loop
      vertex 3.65 142 0
      vertex 9.68883 93.663 0
      vertex 9.46587 93.7387 0
    endloop
  endfacet
  facet normal 0 0 -1
    outer loop
      vertex 3.65 142 0
      vertex 9.46587 93.7387 0
      vertex 9.23495 93.7846 0
    endloop
  endfacet
  facet normal 0 0 -1
    outer loop
      vertex 3.65 142 0
      vertex 9.23495 93.7846 0
      vertex 9 93.8 0
    endloop
  endfacet
  facet normal 0 0 -1
    outer loop
      vertex 3.65 142 0
      vertex 9 93.8 0
      vertex 8.76505 93.7846 0
    endloop
  endfacet
  facet normal 0 0 -1
    outer loop
      vertex 3.65 142 0
      vertex 8.76505 93.7846 0
      vertex 8.53413 93.7387 0
    endloop
  endfacet
  facet normal -0 0 -1
    outer loop
      vertex 7.2154 91.7651 0
      vertex 3.65 7.98 0
      vertex 7.2 92 0
    endloop
  endfacet
  facet normal 0 0 -1
    outer loop
      vertex 179 138.8 0
      vertex 3.65 142 0
      vertex 236.35 142 0
    endloop
  endfacet
  facet normal 0 0 -1
    outer loop
      vertex 178.765 138.785 0
      vertex 3.65 142 0
      vertex 179 138.8 0
    endloop
  endfacet
  facet normal 0 0 -1
    outer loop
      vertex 178.534 138.739 0
      vertex 3.65 142 0
      vertex 178.765 138.785 0
    endloop
  endfacet
  facet normal 0 0 -1
    outer loop
      vertex 178.311 138.663 0
      vertex 3.65 142 0
      vertex 178.534 138.739 0
    endloop
  endfacet
  facet normal 0 0 -1
    outer loop
      vertex 8.31117 93.663 0
      vertex 3.65 142 0
      vertex 8.53413 93.7387 0
    endloop
  endfacet
  facet normal 0 0 -1
    outer loop
      vertex 8.1 93.5588 0
      vertex 3.65 142 0
      vertex 8.31117 93.663 0
    endloop
  endfacet
  facet normal 0 0 -1
    outer loop
      vertex 7.90423 93.428 0
      vertex 3.65 142 0
      vertex 8.1 93.5588 0
    endloop
  endfacet
  facet normal 0 0 -1
    outer loop
      vertex 7.72721 93.2728 0
      vertex 3.65 142 0
      vertex 7.90423 93.428 0
    endloop
  endfacet
  facet normal 0 0 -1
    outer loop
      vertex 7.57196 93.0958 0
      vertex 3.65 142 0
      vertex 7.72721 93.2728 0
    endloop
  endfacet
  facet normal 0 0 -1
    outer loop
      vertex 7.44115 92.9 0
      vertex 3.65 142 0
      vertex 7.57196 93.0958 0
    endloop
  endfacet
  facet normal 0 0 -1
    outer loop
      vertex 7.33702 92.6888 0
      vertex 3.65 142 0
      vertex 7.44115 92.9 0
    endloop
  endfacet
  facet normal 0 0 -1
    outer loop
      vertex 7.26133 92.4659 0
      vertex 3.65 142 0
      vertex 7.33702 92.6888 0
    endloop
  endfacet
  facet normal 0 0 -1
    outer loop
      vertex 7.2154 92.2349 0
      vertex 3.65 142 0
      vertex 7.26133 92.4659 0
    endloop
  endfacet
  facet normal 0 0 -1
    outer loop
      vertex 7.2 92 0
      vertex 3.65 142 0
      vertex 7.2154 92.2349 0
    endloop
  endfacet
  facet normal 0 0 -1
    outer loop
      vertex 3.65 142 0
      vertex 7.2 92 0
      vertex 3.65 7.98 0
    endloop
  endfacet
  facet normal 0 0 -1
    outer loop
      vertex 212.785 105.235 0
      vertex 212.846 118.651 0
      vertex 212.8 105 0
    endloop
  endfacet
  facet normal 0 0 -1
    outer loop
      vertex 212.739 105.466 0
      vertex 212.846 118.651 0
      vertex 212.785 105.235 0
    endloop
  endfacet
  facet normal 0 0 -1
    outer loop
      vertex 212.387 116.341 0
      vertex 212.739 105.466 0
      vertex 212.663 105.689 0
    endloop
  endfacet
  facet normal 0 0 -1
    outer loop
      vertex 212.387 116.341 0
      vertex 212.663 105.689 0
      vertex 212.559 105.9 0
    endloop
  endfacet
  facet normal 0 0 -1
    outer loop
      vertex 211.63 114.112 0
      vertex 212.559 105.9 0
      vertex 212.428 106.096 0
    endloop
  endfacet
  facet normal 0 0 -1
    outer loop
      vertex 212.739 105.466 0
      vertex 212.387 116.341 0
      vertex 212.846 118.651 0
    endloop
  endfacet
  facet normal 0 0 -1
    outer loop
      vertex 211.63 114.112 0
      vertex 212.428 106.096 0
      vertex 212.273 106.273 0
    endloop
  endfacet
  facet normal 0 0 -1
    outer loop
      vertex 210.588 112 0
      vertex 212.273 106.273 0
      vertex 212.096 106.428 0
    endloop
  endfacet
  facet normal 0 0 -1
    outer loop
      vertex 210.588 112 0
      vertex 212.096 106.428 0
      vertex 211.9 106.559 0
    endloop
  endfacet
  facet normal 0 0 -1
    outer loop
      vertex 210.588 112 0
      vertex 211.9 106.559 0
      vertex 211.689 106.663 0
    endloop
  endfacet
  facet normal 0 0 -1
    outer loop
      vertex 212.559 105.9 0
      vertex 211.63 114.112 0
      vertex 212.387 116.341 0
    endloop
  endfacet
  facet normal 0 0 -1
    outer loop
      vertex 210.588 112 0
      vertex 211.689 106.663 0
      vertex 211.466 106.739 0
    endloop
  endfacet
  facet normal 0 0 -1
    outer loop
      vertex 209.28 110.042 0
      vertex 211.466 106.739 0
      vertex 211.235 106.785 0
    endloop
  endfacet
  facet normal 0 0 -1
    outer loop
      vertex 209.28 110.042 0
      vertex 211.235 106.785 0
      vertex 211 106.8 0
    endloop
  endfacet
  facet normal 0 0 -1
    outer loop
      vertex 209.28 110.042 0
      vertex 211 106.8 0
      vertex 210.765 106.785 0
    endloop
  endfacet
  facet normal 0 0 -1
    outer loop
      vertex 212.273 106.273 0
      vertex 210.588 112 0
      vertex 211.63 114.112 0
    endloop
  endfacet
  facet normal 0 0 -1
    outer loop
      vertex 209.28 110.042 0
      vertex 210.765 106.785 0
      vertex 210.534 106.739 0
    endloop
  endfacet
  facet normal 0 0 -1
    outer loop
      vertex 209.28 110.042 0
      vertex 210.534 106.739 0
      vertex 210.311 106.663 0
    endloop
  endfacet
  facet normal 0 0 -1
    outer loop
      vertex 207.728 108.272 0
      vertex 210.311 106.663 0
      vertex 210.1 106.559 0
    endloop
  endfacet
  facet normal 0 0 -1
    outer loop
      vertex 207.728 108.272 0
      vertex 210.1 106.559 0
      vertex 209.904 106.428 0
    endloop
  endfacet
  facet normal 0 0 -1
    outer loop
      vertex 207.728 108.272 0
      vertex 209.904 106.428 0
      vertex 209.727 106.273 0
    endloop
  endfacet
  facet normal 0 0 -1
    outer loop
      vertex 207.728 108.272 0
      vertex 209.727 106.273 0
      vertex 209.572 106.096 0
    endloop
  endfacet
  facet normal 0 0 -1
    outer loop
      vertex 207.728 108.272 0
      vertex 209.572 106.096 0
      vertex 209.441 105.9 0
    endloop
  endfacet
  facet normal 0 0 -1
    outer loop
      vertex 207.728 108.272 0
      vertex 209.441 105.9 0
      vertex 209.337 105.689 0
    endloop
  endfacet
  facet normal 0 0 -1
    outer loop
      vertex 211.466 106.739 0
      vertex 209.28 110.042 0
      vertex 210.588 112 0
    endloop
  endfacet
  facet normal 0 0 -1
    outer loop
      vertex 207.728 108.272 0
      vertex 209.337 105.689 0
      vertex 209.261 105.466 0
    endloop
  endfacet
  facet normal 0 0 -1
    outer loop
      vertex 207.728 108.272 0
      vertex 209.261 105.466 0
      vertex 209.215 105.235 0
    endloop
  endfacet
  facet normal 0 0 -1
    outer loop
      vertex 207.728 108.272 0
      vertex 209.215 105.235 0
      vertex 209.2 105 0
    endloop
  endfacet
  facet normal 0 0 -1
    outer loop
      vertex 210.311 106.663 0
      vertex 207.728 108.272 0
      vertex 209.28 110.042 0
    endloop
  endfacet
  facet normal 1 -0 0
    outer loop
      vertex 236.35 7.98 3
      vertex 236.35 142 0
      vertex 236.35 142 3
    endloop
  endfacet
  facet normal 1 0 0
    outer loop
      vertex 236.35 142 0
      vertex 236.35 7.98 3
      vertex 236.35 7.98 0
    endloop
  endfacet
  facet normal 0.988882 -0.148704 0
    outer loop
      vertex 235.15 0 3
      vertex 236.35 7.98 0
      vertex 236.35 7.98 3
    endloop
  endfacet
  facet normal 0.988882 -0.148704 0
    outer loop
      vertex 236.35 7.98 0
      vertex 235.15 0 3
      vertex 235.15 0 0
    endloop
  endfacet
  facet normal -0.988882 -0.148704 0
    outer loop
      vertex 4.85 0 0
      vertex 3.65 7.98 3
      vertex 3.65 7.98 0
    endloop
  endfacet
  facet normal -0.988882 -0.148704 0
    outer loop
      vertex 3.65 7.98 3
      vertex 4.85 0 0
      vertex 4.85 0 3
    endloop
  endfacet
  facet normal -1 0 0
    outer loop
      vertex 3.65 7.98 0
      vertex 3.65 142 3
      vertex 3.65 142 0
    endloop
  endfacet
  facet normal -1 -0 0
    outer loop
      vertex 3.65 142 3
      vertex 3.65 7.98 0
      vertex 3.65 7.98 3
    endloop
  endfacet
  facet normal 0 1 -0
    outer loop
      vertex 236.35 142 0
      vertex 3.65 142 3
      vertex 236.35 142 3
    endloop
  endfacet
  facet normal 0 1 0
    outer loop
      vertex 3.65 142 3
      vertex 236.35 142 0
      vertex 3.65 142 0
    endloop
  endfacet
  facet normal -1 0 0
    outer loop
      vertex 108 3 4.8
      vertex 108 8 5.3
      vertex 108 8 4.8
    endloop
  endfacet
  facet normal -1 -0 0
    outer loop
      vertex 108 8 5.3
      vertex 108 3 4.8
      vertex 108 3 5.3
    endloop
  endfacet
  facet normal -0 0 1
    outer loop
      vertex 108 8 5.3
      vertex 109 3 5.3
      vertex 109 8 5.3
    endloop
  endfacet
  facet normal 0 0 1
    outer loop
      vertex 109 3 5.3
      vertex 108 8 5.3
      vertex 108 3 5.3
    endloop
  endfacet
  facet normal 1 -0 0
    outer loop
      vertex 109 3 5.3
      vertex 109 8 4.8
      vertex 109 8 5.3
    endloop
  endfacet
  facet normal 1 0 0
    outer loop
      vertex 109 8 4.8
      vertex 109 3 5.3
      vertex 109 3 4.8
    endloop
  endfacet
  facet normal 0 -1 0
    outer loop
      vertex 106 3 3
      vertex 108 3 4.8
      vertex 106 3 4.8
    endloop
  endfacet
  facet normal 0 -1 -0
    outer loop
      vertex 108 3 4.8
      vertex 106 3 3
      vertex 109 3 4.8
    endloop
  endfacet
  facet normal 0 -1 -0
    outer loop
      vertex 109 3 4.8
      vertex 106 3 3
      vertex 112 3 4.8
    endloop
  endfacet
  facet normal 0 -1 -0
    outer loop
      vertex 112 3 4.8
      vertex 106 3 3
      vertex 113 3 4.8
    endloop
  endfacet
  facet normal 0 -1 -0
    outer loop
      vertex 113 3 4.8
      vertex 106 3 3
      vertex 116 3 4.8
    endloop
  endfacet
  facet normal 0 -1 -0
    outer loop
      vertex 116 3 4.8
      vertex 106 3 3
      vertex 117 3 4.8
    endloop
  endfacet
  facet normal 0 -1 0
    outer loop
      vertex 130 3 3
      vertex 117 3 4.8
      vertex 106 3 3
    endloop
  endfacet
  facet normal 0 -1 0
    outer loop
      vertex 117 3 4.8
      vertex 130 3 3
      vertex 120 3 4.8
    endloop
  endfacet
  facet normal 0 -1 0
    outer loop
      vertex 120 3 4.8
      vertex 130 3 3
      vertex 121 3 4.8
    endloop
  endfacet
  facet normal 0 -1 0
    outer loop
      vertex 121 3 4.8
      vertex 130 3 3
      vertex 124 3 4.8
    endloop
  endfacet
  facet normal 0 -1 0
    outer loop
      vertex 124 3 4.8
      vertex 130 3 3
      vertex 125 3 4.8
    endloop
  endfacet
  facet normal 0 -1 0
    outer loop
      vertex 125 3 4.8
      vertex 130 3 3
      vertex 128 3 4.8
    endloop
  endfacet
  facet normal 0 -1 0
    outer loop
      vertex 128 3 4.8
      vertex 130 3 3
      vertex 129 3 4.8
    endloop
  endfacet
  facet normal 0 -1 0
    outer loop
      vertex 129 3 4.8
      vertex 130 3 3
      vertex 130 3 4.8
    endloop
  endfacet
  facet normal 0 -1 0
    outer loop
      vertex 108 3 4.8
      vertex 109 3 5.3
      vertex 108 3 5.3
    endloop
  endfacet
  facet normal 0 -1 -0
    outer loop
      vertex 109 3 5.3
      vertex 108 3 4.8
      vertex 109 3 4.8
    endloop
  endfacet
  facet normal 0 -1 0
    outer loop
      vertex 112 3 4.8
      vertex 113 3 5.3
      vertex 112 3 5.3
    endloop
  endfacet
  facet normal 0 -1 -0
    outer loop
      vertex 113 3 5.3
      vertex 112 3 4.8
      vertex 113 3 4.8
    endloop
  endfacet
  facet normal 0 -1 0
    outer loop
      vertex 116 3 4.8
      vertex 117 3 5.3
      vertex 116 3 5.3
    endloop
  endfacet
  facet normal 0 -1 -0
    outer loop
      vertex 117 3 5.3
      vertex 116 3 4.8
      vertex 117 3 4.8
    endloop
  endfacet
  facet normal 0 -1 0
    outer loop
      vertex 120 3 4.8
      vertex 121 3 5.3
      vertex 120 3 5.3
    endloop
  endfacet
  facet normal 0 -1 -0
    outer loop
      vertex 121 3 5.3
      vertex 120 3 4.8
      vertex 121 3 4.8
    endloop
  endfacet
  facet normal 0 -1 0
    outer loop
      vertex 124 3 4.8
      vertex 125 3 5.3
      vertex 124 3 5.3
    endloop
  endfacet
  facet normal 0 -1 -0
    outer loop
      vertex 125 3 5.3
      vertex 124 3 4.8
      vertex 125 3 4.8
    endloop
  endfacet
  facet normal 0 -1 0
    outer loop
      vertex 128 3 4.8
      vertex 129 3 5.3
      vertex 128 3 5.3
    endloop
  endfacet
  facet normal 0 -1 -0
    outer loop
      vertex 129 3 5.3
      vertex 128 3 4.8
      vertex 129 3 4.8
    endloop
  endfacet
  facet normal 0 1 -0
    outer loop
      vertex 130 8 3
      vertex 129 8 4.8
      vertex 130 8 4.8
    endloop
  endfacet
  facet normal 0 1 0
    outer loop
      vertex 129 8 4.8
      vertex 130 8 3
      vertex 128 8 4.8
    endloop
  endfacet
  facet normal 0 1 0
    outer loop
      vertex 128 8 4.8
      vertex 130 8 3
      vertex 125 8 4.8
    endloop
  endfacet
  facet normal 0 1 0
    outer loop
      vertex 125 8 4.8
      vertex 130 8 3
      vertex 124 8 4.8
    endloop
  endfacet
  facet normal 0 1 0
    outer loop
      vertex 124 8 4.8
      vertex 130 8 3
      vertex 121 8 4.8
    endloop
  endfacet
  facet normal 0 1 0
    outer loop
      vertex 121 8 4.8
      vertex 130 8 3
      vertex 120 8 4.8
    endloop
  endfacet
  facet normal 0 1 0
    outer loop
      vertex 120 8 4.8
      vertex 130 8 3
      vertex 117 8 4.8
    endloop
  endfacet
  facet normal 0 1 0
    outer loop
      vertex 106 8 3
      vertex 117 8 4.8
      vertex 130 8 3
    endloop
  endfacet
  facet normal 0 1 0
    outer loop
      vertex 117 8 4.8
      vertex 106 8 3
      vertex 116 8 4.8
    endloop
  endfacet
  facet normal 0 1 0
    outer loop
      vertex 116 8 4.8
      vertex 106 8 3
      vertex 113 8 4.8
    endloop
  endfacet
  facet normal 0 1 0
    outer loop
      vertex 113 8 4.8
      vertex 106 8 3
      vertex 112 8 4.8
    endloop
  endfacet
  facet normal 0 1 0
    outer loop
      vertex 112 8 4.8
      vertex 106 8 3
      vertex 109 8 4.8
    endloop
  endfacet
  facet normal 0 1 0
    outer loop
      vertex 109 8 4.8
      vertex 106 8 3
      vertex 108 8 4.8
    endloop
  endfacet
  facet normal 0 1 0
    outer loop
      vertex 108 8 4.8
      vertex 106 8 3
      vertex 106 8 4.8
    endloop
  endfacet
  facet normal 0 1 -0
    outer loop
      vertex 129 8 4.8
      vertex 128 8 5.3
      vertex 129 8 5.3
    endloop
  endfacet
  facet normal 0 1 0
    outer loop
      vertex 128 8 5.3
      vertex 129 8 4.8
      vertex 128 8 4.8
    endloop
  endfacet
  facet normal 0 1 -0
    outer loop
      vertex 125 8 4.8
      vertex 124 8 5.3
      vertex 125 8 5.3
    endloop
  endfacet
  facet normal 0 1 0
    outer loop
      vertex 124 8 5.3
      vertex 125 8 4.8
      vertex 124 8 4.8
    endloop
  endfacet
  facet normal 0 1 -0
    outer loop
      vertex 121 8 4.8
      vertex 120 8 5.3
      vertex 121 8 5.3
    endloop
  endfacet
  facet normal 0 1 0
    outer loop
      vertex 120 8 5.3
      vertex 121 8 4.8
      vertex 120 8 4.8
    endloop
  endfacet
  facet normal 0 1 -0
    outer loop
      vertex 117 8 4.8
      vertex 116 8 5.3
      vertex 117 8 5.3
    endloop
  endfacet
  facet normal 0 1 0
    outer loop
      vertex 116 8 5.3
      vertex 117 8 4.8
      vertex 116 8 4.8
    endloop
  endfacet
  facet normal 0 1 -0
    outer loop
      vertex 113 8 4.8
      vertex 112 8 5.3
      vertex 113 8 5.3
    endloop
  endfacet
  facet normal 0 1 0
    outer loop
      vertex 112 8 5.3
      vertex 113 8 4.8
      vertex 112 8 4.8
    endloop
  endfacet
  facet normal 0 1 -0
    outer loop
      vertex 109 8 4.8
      vertex 108 8 5.3
      vertex 109 8 5.3
    endloop
  endfacet
  facet normal 0 1 0
    outer loop
      vertex 108 8 5.3
      vertex 109 8 4.8
      vertex 108 8 4.8
    endloop
  endfacet
  facet normal -1 0 0
    outer loop
      vertex 112 3 4.8
      vertex 112 8 5.3
      vertex 112 8 4.8
    endloop
  endfacet
  facet normal -1 -0 0
    outer loop
      vertex 112 8 5.3
      vertex 112 3 4.8
      vertex 112 3 5.3
    endloop
  endfacet
  facet normal -0 0 1
    outer loop
      vertex 112 8 5.3
      vertex 113 3 5.3
      vertex 113 8 5.3
    endloop
  endfacet
  facet normal 0 0 1
    outer loop
      vertex 113 3 5.3
      vertex 112 8 5.3
      vertex 112 3 5.3
    endloop
  endfacet
  facet normal 1 -0 0
    outer loop
      vertex 113 3 5.3
      vertex 113 8 4.8
      vertex 113 8 5.3
    endloop
  endfacet
  facet normal 1 0 0
    outer loop
      vertex 113 8 4.8
      vertex 113 3 5.3
      vertex 113 3 4.8
    endloop
  endfacet
  facet normal -1 0 0
    outer loop
      vertex 116 3 4.8
      vertex 116 8 5.3
      vertex 116 8 4.8
    endloop
  endfacet
  facet normal -1 -0 0
    outer loop
      vertex 116 8 5.3
      vertex 116 3 4.8
      vertex 116 3 5.3
    endloop
  endfacet
  facet normal -0 0 1
    outer loop
      vertex 116 8 5.3
      vertex 117 3 5.3
      vertex 117 8 5.3
    endloop
  endfacet
  facet normal 0 0 1
    outer loop
      vertex 117 3 5.3
      vertex 116 8 5.3
      vertex 116 3 5.3
    endloop
  endfacet
  facet normal 1 -0 0
    outer loop
      vertex 117 3 5.3
      vertex 117 8 4.8
      vertex 117 8 5.3
    endloop
  endfacet
  facet normal 1 0 0
    outer loop
      vertex 117 8 4.8
      vertex 117 3 5.3
      vertex 117 3 4.8
    endloop
  endfacet
  facet normal -1 0 0
    outer loop
      vertex 120 3 4.8
      vertex 120 8 5.3
      vertex 120 8 4.8
    endloop
  endfacet
  facet normal -1 -0 0
    outer loop
      vertex 120 8 5.3
      vertex 120 3 4.8
      vertex 120 3 5.3
    endloop
  endfacet
  facet normal -0 0 1
    outer loop
      vertex 120 8 5.3
      vertex 121 3 5.3
      vertex 121 8 5.3
    endloop
  endfacet
  facet normal 0 0 1
    outer loop
      vertex 121 3 5.3
      vertex 120 8 5.3
      vertex 120 3 5.3
    endloop
  endfacet
  facet normal 1 -0 0
    outer loop
      vertex 121 3 5.3
      vertex 121 8 4.8
      vertex 121 8 5.3
    endloop
  endfacet
  facet normal 1 0 0
    outer loop
      vertex 121 8 4.8
      vertex 121 3 5.3
      vertex 121 3 4.8
    endloop
  endfacet
  facet normal -1 0 0
    outer loop
      vertex 124 3 4.8
      vertex 124 8 5.3
      vertex 124 8 4.8
    endloop
  endfacet
  facet normal -1 -0 0
    outer loop
      vertex 124 8 5.3
      vertex 124 3 4.8
      vertex 124 3 5.3
    endloop
  endfacet
  facet normal -0 0 1
    outer loop
      vertex 124 8 5.3
      vertex 125 3 5.3
      vertex 125 8 5.3
    endloop
  endfacet
  facet normal 0 0 1
    outer loop
      vertex 125 3 5.3
      vertex 124 8 5.3
      vertex 124 3 5.3
    endloop
  endfacet
  facet normal 1 -0 0
    outer loop
      vertex 125 3 5.3
      vertex 125 8 4.8
      vertex 125 8 5.3
    endloop
  endfacet
  facet normal 1 0 0
    outer loop
      vertex 125 8 4.8
      vertex 125 3 5.3
      vertex 125 3 4.8
    endloop
  endfacet
  facet normal -1 0 0
    outer loop
      vertex 128 3 4.8
      vertex 128 8 5.3
      vertex 128 8 4.8
    endloop
  endfacet
  facet normal -1 -0 0
    outer loop
      vertex 128 8 5.3
      vertex 128 3 4.8
      vertex 128 3 5.3
    endloop
  endfacet
  facet normal -0 0 1
    outer loop
      vertex 128 8 5.3
      vertex 129 3 5.3
      vertex 129 8 5.3
    endloop
  endfacet
  facet normal 0 0 1
    outer loop
      vertex 129 3 5.3
      vertex 128 8 5.3
      vertex 128 3 5.3
    endloop
  endfacet
  facet normal 1 -0 0
    outer loop
      vertex 129 3 5.3
      vertex 129 8 4.8
      vertex 129 8 5.3
    endloop
  endfacet
  facet normal 1 0 0
    outer loop
      vertex 129 8 4.8
      vertex 129 3 5.3
      vertex 129 3 4.8
    endloop
  endfacet
  facet normal -1 0 0
    outer loop
      vertex 106 3 3
      vertex 106 8 4.8
      vertex 106 8 3
    endloop
  endfacet
  facet normal -1 -0 0
    outer loop
      vertex 106 8 4.8
      vertex 106 3 3
      vertex 106 3 4.8
    endloop
  endfacet
  facet normal -0 0 1
    outer loop
      vertex 129 8 4.8
      vertex 130 3 4.8
      vertex 130 8 4.8
    endloop
  endfacet
  facet normal 0 0 1
    outer loop
      vertex 130 3 4.8
      vertex 129 8 4.8
      vertex 129 3 4.8
    endloop
  endfacet
  facet normal -0 0 1
    outer loop
      vertex 106 8 4.8
      vertex 108 3 4.8
      vertex 108 8 4.8
    endloop
  endfacet
  facet normal 0 0 1
    outer loop
      vertex 108 3 4.8
      vertex 106 8 4.8
      vertex 106 3 4.8
    endloop
  endfacet
  facet normal -0 0 1
    outer loop
      vertex 109 8 4.8
      vertex 112 3 4.8
      vertex 112 8 4.8
    endloop
  endfacet
  facet normal 0 0 1
    outer loop
      vertex 112 3 4.8
      vertex 109 8 4.8
      vertex 109 3 4.8
    endloop
  endfacet
  facet normal -0 0 1
    outer loop
      vertex 113 8 4.8
      vertex 116 3 4.8
      vertex 116 8 4.8
    endloop
  endfacet
  facet normal 0 0 1
    outer loop
      vertex 116 3 4.8
      vertex 113 8 4.8
      vertex 113 3 4.8
    endloop
  endfacet
  facet normal -0 0 1
    outer loop
      vertex 117 8 4.8
      vertex 120 3 4.8
      vertex 120 8 4.8
    endloop
  endfacet
  facet normal 0 0 1
    outer loop
      vertex 120 3 4.8
      vertex 117 8 4.8
      vertex 117 3 4.8
    endloop
  endfacet
  facet normal -0 0 1
    outer loop
      vertex 121 8 4.8
      vertex 124 3 4.8
      vertex 124 8 4.8
    endloop
  endfacet
  facet normal 0 0 1
    outer loop
      vertex 124 3 4.8
      vertex 121 8 4.8
      vertex 121 3 4.8
    endloop
  endfacet
  facet normal -0 0 1
    outer loop
      vertex 125 8 4.8
      vertex 128 3 4.8
      vertex 128 8 4.8
    endloop
  endfacet
  facet normal 0 0 1
    outer loop
      vertex 128 3 4.8
      vertex 125 8 4.8
      vertex 125 3 4.8
    endloop
  endfacet
  facet normal 1 -0 0
    outer loop
      vertex 130 3 4.8
      vertex 130 8 3
      vertex 130 8 4.8
    endloop
  endfacet
  facet normal 1 0 0
    outer loop
      vertex 130 8 3
      vertex 130 3 4.8
      vertex 130 3 3
    endloop
  endfacet
  facet normal -1 0 0
    outer loop
      vertex 105 18 3
      vertex 105 93 7
      vertex 105 93 3
    endloop
  endfacet
  facet normal -1 -0 0
    outer loop
      vertex 105 93 7
      vertex 105 18 3
      vertex 105 18 7
    endloop
  endfacet
  facet normal 0 0 1
    outer loop
      vertex 222 90 4
      vertex 177.7 55.5 4
      vertex 222 21 4
    endloop
  endfacet
  facet normal 0 0 1
    outer loop
      vertex 222 90 4
      vertex 177.591 57.1577 4
      vertex 177.7 55.5 4
    endloop
  endfacet
  facet normal 0 0 1
    outer loop
      vertex 222 90 4
      vertex 177.267 58.787 4
      vertex 177.591 57.1577 4
    endloop
  endfacet
  facet normal 0 0 1
    outer loop
      vertex 222 90 4
      vertex 176.733 60.3601 4
      vertex 177.267 58.787 4
    endloop
  endfacet
  facet normal 0 0 1
    outer loop
      vertex 222 90 4
      vertex 175.999 61.85 4
      vertex 176.733 60.3601 4
    endloop
  endfacet
  facet normal 0 0 1
    outer loop
      vertex 222 90 4
      vertex 175.076 63.2313 4
      vertex 175.999 61.85 4
    endloop
  endfacet
  facet normal 0 0 1
    outer loop
      vertex 222 90 4
      vertex 173.98 64.4803 4
      vertex 175.076 63.2313 4
    endloop
  endfacet
  facet normal 0 0 1
    outer loop
      vertex 222 90 4
      vertex 172.731 65.5756 4
      vertex 173.98 64.4803 4
    endloop
  endfacet
  facet normal 0 0 1
    outer loop
      vertex 222 90 4
      vertex 171.35 66.4985 4
      vertex 172.731 65.5756 4
    endloop
  endfacet
  facet normal 0 0 1
    outer loop
      vertex 222 90 4
      vertex 169.86 67.2333 4
      vertex 171.35 66.4985 4
    endloop
  endfacet
  facet normal 0 0 1
    outer loop
      vertex 222 90 4
      vertex 168.287 67.7673 4
      vertex 169.86 67.2333 4
    endloop
  endfacet
  facet normal 0 0 1
    outer loop
      vertex 222 90 4
      vertex 166.658 68.0913 4
      vertex 168.287 67.7673 4
    endloop
  endfacet
  facet normal 0 0 1
    outer loop
      vertex 222 90 4
      vertex 165 68.2 4
      vertex 166.658 68.0913 4
    endloop
  endfacet
  facet normal -0 0 1
    outer loop
      vertex 108 90 4
      vertex 165 68.2 4
      vertex 222 90 4
    endloop
  endfacet
  facet normal 0 0 1
    outer loop
      vertex 165 68.2 4
      vertex 108 90 4
      vertex 163.342 68.0913 4
    endloop
  endfacet
  facet normal 0 0 1
    outer loop
      vertex 163.342 68.0913 4
      vertex 108 90 4
      vertex 161.713 67.7673 4
    endloop
  endfacet
  facet normal 0 0 1
    outer loop
      vertex 152.409 57.1577 4
      vertex 108 90 4
      vertex 152.3 55.5 4
    endloop
  endfacet
  facet normal 0 0 1
    outer loop
      vertex 152.733 58.787 4
      vertex 108 90 4
      vertex 152.409 57.1577 4
    endloop
  endfacet
  facet normal 0 0 1
    outer loop
      vertex 153.267 60.3601 4
      vertex 108 90 4
      vertex 152.733 58.787 4
    endloop
  endfacet
  facet normal 0 0 1
    outer loop
      vertex 154.001 61.85 4
      vertex 108 90 4
      vertex 153.267 60.3601 4
    endloop
  endfacet
  facet normal 0 0 1
    outer loop
      vertex 154.924 63.2313 4
      vertex 108 90 4
      vertex 154.001 61.85 4
    endloop
  endfacet
  facet normal 0 0 1
    outer loop
      vertex 156.02 64.4803 4
      vertex 108 90 4
      vertex 154.924 63.2313 4
    endloop
  endfacet
  facet normal 0 0 1
    outer loop
      vertex 157.269 65.5756 4
      vertex 108 90 4
      vertex 156.02 64.4803 4
    endloop
  endfacet
  facet normal 0 0 1
    outer loop
      vertex 158.65 66.4985 4
      vertex 108 90 4
      vertex 157.269 65.5756 4
    endloop
  endfacet
  facet normal 0 0 1
    outer loop
      vertex 160.14 67.2333 4
      vertex 108 90 4
      vertex 158.65 66.4985 4
    endloop
  endfacet
  facet normal 0 0 1
    outer loop
      vertex 161.713 67.7673 4
      vertex 108 90 4
      vertex 160.14 67.2333 4
    endloop
  endfacet
  facet normal -0 0 1
    outer loop
      vertex 177.591 53.8423 4
      vertex 222 21 4
      vertex 177.7 55.5 4
    endloop
  endfacet
  facet normal -0 0 1
    outer loop
      vertex 177.267 52.213 4
      vertex 222 21 4
      vertex 177.591 53.8423 4
    endloop
  endfacet
  facet normal -0 0 1
    outer loop
      vertex 176.733 50.6399 4
      vertex 222 21 4
      vertex 177.267 52.213 4
    endloop
  endfacet
  facet normal -0 0 1
    outer loop
      vertex 175.999 49.15 4
      vertex 222 21 4
      vertex 176.733 50.6399 4
    endloop
  endfacet
  facet normal -0 0 1
    outer loop
      vertex 175.076 47.7687 4
      vertex 222 21 4
      vertex 175.999 49.15 4
    endloop
  endfacet
  facet normal -0 0 1
    outer loop
      vertex 173.98 46.5197 4
      vertex 222 21 4
      vertex 175.076 47.7687 4
    endloop
  endfacet
  facet normal -0 0 1
    outer loop
      vertex 172.731 45.4244 4
      vertex 222 21 4
      vertex 173.98 46.5197 4
    endloop
  endfacet
  facet normal -0 0 1
    outer loop
      vertex 171.35 44.5015 4
      vertex 222 21 4
      vertex 172.731 45.4244 4
    endloop
  endfacet
  facet normal -0 0 1
    outer loop
      vertex 169.86 43.7667 4
      vertex 222 21 4
      vertex 171.35 44.5015 4
    endloop
  endfacet
  facet normal -0 0 1
    outer loop
      vertex 168.287 43.2327 4
      vertex 222 21 4
      vertex 169.86 43.7667 4
    endloop
  endfacet
  facet normal -0 0 1
    outer loop
      vertex 166.658 42.9086 4
      vertex 222 21 4
      vertex 168.287 43.2327 4
    endloop
  endfacet
  facet normal -0 0 1
    outer loop
      vertex 165 42.8 4
      vertex 222 21 4
      vertex 166.658 42.9086 4
    endloop
  endfacet
  facet normal 0 0 1
    outer loop
      vertex 108 21 4
      vertex 165 42.8 4
      vertex 163.342 42.9086 4
    endloop
  endfacet
  facet normal 0 0 1
    outer loop
      vertex 108 21 4
      vertex 163.342 42.9086 4
      vertex 161.713 43.2327 4
    endloop
  endfacet
  facet normal 0 0 1
    outer loop
      vertex 108 21 4
      vertex 161.713 43.2327 4
      vertex 160.14 43.7667 4
    endloop
  endfacet
  facet normal 0 0 1
    outer loop
      vertex 108 21 4
      vertex 152.3 55.5 4
      vertex 108 90 4
    endloop
  endfacet
  facet normal 0 0 1
    outer loop
      vertex 152.3 55.5 4
      vertex 108 21 4
      vertex 152.409 53.8423 4
    endloop
  endfacet
  facet normal 0 0 1
    outer loop
      vertex 152.409 53.8423 4
      vertex 108 21 4
      vertex 152.733 52.213 4
    endloop
  endfacet
  facet normal 0 0 1
    outer loop
      vertex 152.733 52.213 4
      vertex 108 21 4
      vertex 153.267 50.6399 4
    endloop
  endfacet
  facet normal 0 0 1
    outer loop
      vertex 153.267 50.6399 4
      vertex 108 21 4
      vertex 154.001 49.15 4
    endloop
  endfacet
  facet normal 0 0 1
    outer loop
      vertex 154.001 49.15 4
      vertex 108 21 4
      vertex 154.924 47.7687 4
    endloop
  endfacet
  facet normal 0 0 1
    outer loop
      vertex 165 42.8 4
      vertex 108 21 4
      vertex 222 21 4
    endloop
  endfacet
  facet normal 0 0 1
    outer loop
      vertex 158.65 44.5015 4
      vertex 108 21 4
      vertex 160.14 43.7667 4
    endloop
  endfacet
  facet normal 0 0 1
    outer loop
      vertex 157.269 45.4244 4
      vertex 108 21 4
      vertex 158.65 44.5015 4
    endloop
  endfacet
  facet normal 0 0 1
    outer loop
      vertex 156.02 46.5197 4
      vertex 108 21 4
      vertex 157.269 45.4244 4
    endloop
  endfacet
  facet normal 0 0 1
    outer loop
      vertex 154.924 47.7687 4
      vertex 108 21 4
      vertex 156.02 46.5197 4
    endloop
  endfacet
  facet normal 1 -0 0
    outer loop
      vertex 225 18 7
      vertex 225 93 3
      vertex 225 93 7
    endloop
  endfacet
  facet normal 1 0 0
    outer loop
      vertex 225 93 3
      vertex 225 18 7
      vertex 225 18 3
    endloop
  endfacet
  facet normal 0 1 -0
    outer loop
      vertex 225 93 3
      vertex 105 93 7
      vertex 225 93 7
    endloop
  endfacet
  facet normal 0 1 0
    outer loop
      vertex 105 93 7
      vertex 225 93 3
      vertex 105 93 3
    endloop
  endfacet
  facet normal 0 -1 0
    outer loop
      vertex 105 18 3
      vertex 225 18 7
      vertex 105 18 7
    endloop
  endfacet
  facet normal 0 -1 -0
    outer loop
      vertex 225 18 7
      vertex 105 18 3
      vertex 225 18 3
    endloop
  endfacet
  facet normal 0 0 1
    outer loop
      vertex 225 93 7
      vertex 222 90 7
      vertex 225 18 7
    endloop
  endfacet
  facet normal 0 0 1
    outer loop
      vertex 225 93 7
      vertex 108 90 7
      vertex 222 90 7
    endloop
  endfacet
  facet normal 0 0 1
    outer loop
      vertex 108 90 7
      vertex 105 93 7
      vertex 108 21 7
    endloop
  endfacet
  facet normal -0 0 1
    outer loop
      vertex 105 93 7
      vertex 108 90 7
      vertex 225 93 7
    endloop
  endfacet
  facet normal -0 0 1
    outer loop
      vertex 222 21 7
      vertex 225 18 7
      vertex 222 90 7
    endloop
  endfacet
  facet normal -0 0 1
    outer loop
      vertex 108 21 7
      vertex 225 18 7
      vertex 222 21 7
    endloop
  endfacet
  facet normal 0 0 1
    outer loop
      vertex 108 21 7
      vertex 105 18 7
      vertex 225 18 7
    endloop
  endfacet
  facet normal 0 0 1
    outer loop
      vertex 105 18 7
      vertex 108 21 7
      vertex 105 93 7
    endloop
  endfacet
  facet normal 0 1 -0
    outer loop
      vertex 222 21 4
      vertex 108 21 7
      vertex 222 21 7
    endloop
  endfacet
  facet normal 0 1 0
    outer loop
      vertex 108 21 7
      vertex 222 21 4
      vertex 108 21 4
    endloop
  endfacet
  facet normal 0 -1 0
    outer loop
      vertex 108 90 4
      vertex 222 90 7
      vertex 108 90 7
    endloop
  endfacet
  facet normal 0 -1 -0
    outer loop
      vertex 222 90 7
      vertex 108 90 4
      vertex 222 90 4
    endloop
  endfacet
  facet normal 1 -0 0
    outer loop
      vertex 108 21 7
      vertex 108 90 4
      vertex 108 90 7
    endloop
  endfacet
  facet normal 1 0 0
    outer loop
      vertex 108 90 4
      vertex 108 21 7
      vertex 108 21 4
    endloop
  endfacet
  facet normal -1 0 0
    outer loop
      vertex 222 21 4
      vertex 222 90 7
      vertex 222 90 4
    endloop
  endfacet
  facet normal -1 -0 0
    outer loop
      vertex 222 90 7
      vertex 222 21 4
      vertex 222 21 7
    endloop
  endfacet
  facet normal -0.997858 -0.0654194 0
    outer loop
      vertex 10.8 18 0
      vertex 10.7846 18.2349 2
      vertex 10.7846 18.2349 0
    endloop
  endfacet
  facet normal -0.997858 -0.0654194 0
    outer loop
      vertex 10.7846 18.2349 2
      vertex 10.8 18 0
      vertex 10.8 18 2
    endloop
  endfacet
  facet normal 0.0654055 -0.997859 0
    outer loop
      vertex 8.76505 19.7846 0
      vertex 9 19.8 2
      vertex 8.76505 19.7846 2
    endloop
  endfacet
  facet normal 0.0654055 -0.997859 0
    outer loop
      vertex 9 19.8 2
      vertex 8.76505 19.7846 0
      vertex 9 19.8 0
    endloop
  endfacet
  facet normal -0.659286 -0.751892 0
    outer loop
      vertex 10.0958 19.428 0
      vertex 10.2728 19.2728 2
      vertex 10.0958 19.428 2
    endloop
  endfacet
  facet normal -0.659286 -0.751892 -0
    outer loop
      vertex 10.2728 19.2728 2
      vertex 10.0958 19.428 0
      vertex 10.2728 19.2728 0
    endloop
  endfacet
  facet normal 0.751787 -0.659406 0
    outer loop
      vertex 7.57196 19.0958 2
      vertex 7.72721 19.2728 0
      vertex 7.72721 19.2728 2
    endloop
  endfacet
  facet normal 0.751787 -0.659406 0
    outer loop
      vertex 7.72721 19.2728 0
      vertex 7.57196 19.0958 2
      vertex 7.57196 19.0958 0
    endloop
  endfacet
  facet normal 0.442502 -0.896767 0
    outer loop
      vertex 8.1 19.5588 0
      vertex 8.31117 19.663 2
      vertex 8.1 19.5588 2
    endloop
  endfacet
  facet normal 0.442502 -0.896767 0
    outer loop
      vertex 8.31117 19.663 2
      vertex 8.1 19.5588 0
      vertex 8.31117 19.663 0
    endloop
  endfacet
  facet normal -0.896792 -0.442452 0
    outer loop
      vertex 10.663 18.6888 0
      vertex 10.5588 18.9 2
      vertex 10.5588 18.9 0
    endloop
  endfacet
  facet normal -0.896792 -0.442452 0
    outer loop
      vertex 10.5588 18.9 2
      vertex 10.663 18.6888 0
      vertex 10.663 18.6888 2
    endloop
  endfacet
  facet normal -0.321498 -0.94691 0
    outer loop
      vertex 9.46587 19.7387 0
      vertex 9.68883 19.663 2
      vertex 9.46587 19.7387 2
    endloop
  endfacet
  facet normal -0.321498 -0.94691 -0
    outer loop
      vertex 9.68883 19.663 2
      vertex 9.46587 19.7387 0
      vertex 9.68883 19.663 0
    endloop
  endfacet
  facet normal -0.194956 -0.980812 0
    outer loop
      vertex 9.23495 19.7846 0
      vertex 9.46587 19.7387 2
      vertex 9.23495 19.7846 2
    endloop
  endfacet
  facet normal -0.194956 -0.980812 -0
    outer loop
      vertex 9.46587 19.7387 2
      vertex 9.23495 19.7846 0
      vertex 9.46587 19.7387 0
    endloop
  endfacet
  facet normal -0.555484 -0.831527 0
    outer loop
      vertex 9.9 19.5588 0
      vertex 10.0958 19.428 2
      vertex 9.9 19.5588 2
    endloop
  endfacet
  facet normal -0.555484 -0.831527 -0
    outer loop
      vertex 10.0958 19.428 2
      vertex 9.9 19.5588 0
      vertex 10.0958 19.428 0
    endloop
  endfacet
  facet normal 0.89691 -0.442212 0
    outer loop
      vertex 7.33702 18.6888 2
      vertex 7.44115 18.9 0
      vertex 7.44115 18.9 2
    endloop
  endfacet
  facet normal 0.89691 -0.442212 0
    outer loop
      vertex 7.44115 18.9 0
      vertex 7.33702 18.6888 2
      vertex 7.33702 18.6888 0
    endloop
  endfacet
  facet normal 0.831508 -0.555513 0
    outer loop
      vertex 7.44115 18.9 2
      vertex 7.57196 19.0958 0
      vertex 7.57196 19.0958 2
    endloop
  endfacet
  facet normal 0.831508 -0.555513 0
    outer loop
      vertex 7.57196 19.0958 0
      vertex 7.44115 18.9 2
      vertex 7.44115 18.9 0
    endloop
  endfacet
  facet normal 0.980801 -0.195014 0
    outer loop
      vertex 7.2154 18.2349 2
      vertex 7.26133 18.4659 0
      vertex 7.26133 18.4659 2
    endloop
  endfacet
  facet normal 0.980801 -0.195014 0
    outer loop
      vertex 7.26133 18.4659 0
      vertex 7.2154 18.2349 2
      vertex 7.2154 18.2349 0
    endloop
  endfacet
  facet normal 0.659244 -0.751929 0
    outer loop
      vertex 7.72721 19.2728 0
      vertex 7.90423 19.428 2
      vertex 7.72721 19.2728 2
    endloop
  endfacet
  facet normal 0.659244 -0.751929 0
    outer loop
      vertex 7.90423 19.428 2
      vertex 7.72721 19.2728 0
      vertex 7.90423 19.428 0
    endloop
  endfacet
  facet normal 0.321498 -0.94691 0
    outer loop
      vertex 8.31117 19.663 0
      vertex 8.53413 19.7387 2
      vertex 8.31117 19.663 2
    endloop
  endfacet
  facet normal 0.321498 -0.94691 0
    outer loop
      vertex 8.53413 19.7387 2
      vertex 8.31117 19.663 0
      vertex 8.53413 19.7387 0
    endloop
  endfacet
  facet normal -0.896792 0.442452 0
    outer loop
      vertex 10.5588 17.1 0
      vertex 10.663 17.3112 2
      vertex 10.663 17.3112 0
    endloop
  endfacet
  facet normal -0.896792 0.442452 0
    outer loop
      vertex 10.663 17.3112 2
      vertex 10.5588 17.1 0
      vertex 10.5588 17.1 2
    endloop
  endfacet
  facet normal -0.831527 0.555484 0
    outer loop
      vertex 10.428 16.9042 0
      vertex 10.5588 17.1 2
      vertex 10.5588 17.1 0
    endloop
  endfacet
  facet normal -0.831527 0.555484 0
    outer loop
      vertex 10.5588 17.1 2
      vertex 10.428 16.9042 0
      vertex 10.428 16.9042 2
    endloop
  endfacet
  facet normal -0.980825 0.194891 0
    outer loop
      vertex 10.7387 17.5341 0
      vertex 10.7846 17.7651 2
      vertex 10.7846 17.7651 0
    endloop
  endfacet
  facet normal -0.980825 0.194891 0
    outer loop
      vertex 10.7846 17.7651 2
      vertex 10.7387 17.5341 0
      vertex 10.7387 17.5341 2
    endloop
  endfacet
  facet normal 0.555543 0.831488 -0
    outer loop
      vertex 8.1 16.4412 0
      vertex 7.90423 16.572 2
      vertex 8.1 16.4412 2
    endloop
  endfacet
  facet normal 0.555543 0.831488 0
    outer loop
      vertex 7.90423 16.572 2
      vertex 8.1 16.4412 0
      vertex 7.90423 16.572 0
    endloop
  endfacet
  facet normal 0.194956 0.980812 -0
    outer loop
      vertex 8.76505 16.2154 0
      vertex 8.53413 16.2613 2
      vertex 8.76505 16.2154 2
    endloop
  endfacet
  facet normal 0.194956 0.980812 0
    outer loop
      vertex 8.53413 16.2613 2
      vertex 8.76505 16.2154 0
      vertex 8.53413 16.2613 0
    endloop
  endfacet
  facet normal 0.659244 0.751929 -0
    outer loop
      vertex 7.90423 16.572 0
      vertex 7.72721 16.7272 2
      vertex 7.90423 16.572 2
    endloop
  endfacet
  facet normal 0.659244 0.751929 0
    outer loop
      vertex 7.72721 16.7272 2
      vertex 7.90423 16.572 0
      vertex 7.72721 16.7272 0
    endloop
  endfacet
  facet normal -0.946884 -0.321575 0
    outer loop
      vertex 10.7387 18.4659 0
      vertex 10.663 18.6888 2
      vertex 10.663 18.6888 0
    endloop
  endfacet
  facet normal -0.946884 -0.321575 0
    outer loop
      vertex 10.663 18.6888 2
      vertex 10.7387 18.4659 0
      vertex 10.7387 18.4659 2
    endloop
  endfacet
  facet normal -0.980825 -0.194891 0
    outer loop
      vertex 10.7846 18.2349 0
      vertex 10.7387 18.4659 2
      vertex 10.7387 18.4659 0
    endloop
  endfacet
  facet normal -0.980825 -0.194891 0
    outer loop
      vertex 10.7387 18.4659 2
      vertex 10.7846 18.2349 0
      vertex 10.7846 18.2349 2
    endloop
  endfacet
  facet normal -0.751892 -0.659286 0
    outer loop
      vertex 10.428 19.0958 0
      vertex 10.2728 19.2728 2
      vertex 10.2728 19.2728 0
    endloop
  endfacet
  facet normal -0.751892 -0.659286 0
    outer loop
      vertex 10.2728 19.2728 2
      vertex 10.428 19.0958 0
      vertex 10.428 19.0958 2
    endloop
  endfacet
  facet normal -0.831527 -0.555484 0
    outer loop
      vertex 10.5588 18.9 0
      vertex 10.428 19.0958 2
      vertex 10.428 19.0958 0
    endloop
  endfacet
  facet normal -0.831527 -0.555484 0
    outer loop
      vertex 10.428 19.0958 2
      vertex 10.5588 18.9 0
      vertex 10.5588 18.9 2
    endloop
  endfacet
  facet normal -0.0654055 -0.997859 0
    outer loop
      vertex 9 19.8 0
      vertex 9.23495 19.7846 2
      vertex 9 19.8 2
    endloop
  endfacet
  facet normal -0.0654055 -0.997859 -0
    outer loop
      vertex 9.23495 19.7846 2
      vertex 9 19.8 0
      vertex 9.23495 19.7846 0
    endloop
  endfacet
  facet normal 0.946897 -0.321537 0
    outer loop
      vertex 7.26133 18.4659 2
      vertex 7.33702 18.6888 0
      vertex 7.33702 18.6888 2
    endloop
  endfacet
  facet normal 0.946897 -0.321537 0
    outer loop
      vertex 7.33702 18.6888 0
      vertex 7.26133 18.4659 2
      vertex 7.26133 18.4659 0
    endloop
  endfacet
  facet normal 0.997858 -0.0654194 0
    outer loop
      vertex 7.2 18 2
      vertex 7.2154 18.2349 0
      vertex 7.2154 18.2349 2
    endloop
  endfacet
  facet normal 0.997858 -0.0654194 0
    outer loop
      vertex 7.2154 18.2349 0
      vertex 7.2 18 2
      vertex 7.2 18 0
    endloop
  endfacet
  facet normal 0.194956 -0.980812 0
    outer loop
      vertex 8.53413 19.7387 0
      vertex 8.76505 19.7846 2
      vertex 8.53413 19.7387 2
    endloop
  endfacet
  facet normal 0.194956 -0.980812 0
    outer loop
      vertex 8.76505 19.7846 2
      vertex 8.53413 19.7387 0
      vertex 8.76505 19.7846 0
    endloop
  endfacet
  facet normal -0.997858 0.0654194 0
    outer loop
      vertex 10.7846 17.7651 0
      vertex 10.8 18 2
      vertex 10.8 18 0
    endloop
  endfacet
  facet normal -0.997858 0.0654194 0
    outer loop
      vertex 10.8 18 2
      vertex 10.7846 17.7651 0
      vertex 10.7846 17.7651 2
    endloop
  endfacet
  facet normal -0.194956 0.980812 0
    outer loop
      vertex 9.46587 16.2613 0
      vertex 9.23495 16.2154 2
      vertex 9.46587 16.2613 2
    endloop
  endfacet
  facet normal -0.194956 0.980812 0
    outer loop
      vertex 9.23495 16.2154 2
      vertex 9.46587 16.2613 0
      vertex 9.23495 16.2154 0
    endloop
  endfacet
  facet normal -0.442502 0.896767 0
    outer loop
      vertex 9.9 16.4412 0
      vertex 9.68883 16.337 2
      vertex 9.9 16.4412 2
    endloop
  endfacet
  facet normal -0.442502 0.896767 0
    outer loop
      vertex 9.68883 16.337 2
      vertex 9.9 16.4412 0
      vertex 9.68883 16.337 0
    endloop
  endfacet
  facet normal -0.555484 0.831527 0
    outer loop
      vertex 10.0958 16.572 0
      vertex 9.9 16.4412 2
      vertex 10.0958 16.572 2
    endloop
  endfacet
  facet normal -0.555484 0.831527 0
    outer loop
      vertex 9.9 16.4412 2
      vertex 10.0958 16.572 0
      vertex 9.9 16.4412 0
    endloop
  endfacet
  facet normal -0.751892 0.659286 0
    outer loop
      vertex 10.2728 16.7272 0
      vertex 10.428 16.9042 2
      vertex 10.428 16.9042 0
    endloop
  endfacet
  facet normal -0.751892 0.659286 0
    outer loop
      vertex 10.428 16.9042 2
      vertex 10.2728 16.7272 0
      vertex 10.2728 16.7272 2
    endloop
  endfacet
  facet normal -0.659286 0.751892 0
    outer loop
      vertex 10.2728 16.7272 0
      vertex 10.0958 16.572 2
      vertex 10.2728 16.7272 2
    endloop
  endfacet
  facet normal -0.659286 0.751892 0
    outer loop
      vertex 10.0958 16.572 2
      vertex 10.2728 16.7272 0
      vertex 10.0958 16.572 0
    endloop
  endfacet
  facet normal 0.442502 0.896767 -0
    outer loop
      vertex 8.31117 16.337 0
      vertex 8.1 16.4412 2
      vertex 8.31117 16.337 2
    endloop
  endfacet
  facet normal 0.442502 0.896767 0
    outer loop
      vertex 8.1 16.4412 2
      vertex 8.31117 16.337 0
      vertex 8.1 16.4412 0
    endloop
  endfacet
  facet normal 0.0654055 0.997859 -0
    outer loop
      vertex 9 16.2 0
      vertex 8.76505 16.2154 2
      vertex 9 16.2 2
    endloop
  endfacet
  facet normal 0.0654055 0.997859 0
    outer loop
      vertex 8.76505 16.2154 2
      vertex 9 16.2 0
      vertex 8.76505 16.2154 0
    endloop
  endfacet
  facet normal 0.831508 0.555513 0
    outer loop
      vertex 7.57196 16.9042 2
      vertex 7.44115 17.1 0
      vertex 7.44115 17.1 2
    endloop
  endfacet
  facet normal 0.831508 0.555513 0
    outer loop
      vertex 7.44115 17.1 0
      vertex 7.57196 16.9042 2
      vertex 7.57196 16.9042 0
    endloop
  endfacet
  facet normal 0.89691 0.442212 0
    outer loop
      vertex 7.44115 17.1 2
      vertex 7.33702 17.3112 0
      vertex 7.33702 17.3112 2
    endloop
  endfacet
  facet normal 0.89691 0.442212 0
    outer loop
      vertex 7.33702 17.3112 0
      vertex 7.44115 17.1 2
      vertex 7.44115 17.1 0
    endloop
  endfacet
  facet normal 0.980801 0.195014 0
    outer loop
      vertex 7.26133 17.5341 2
      vertex 7.2154 17.7651 0
      vertex 7.2154 17.7651 2
    endloop
  endfacet
  facet normal 0.980801 0.195014 0
    outer loop
      vertex 7.2154 17.7651 0
      vertex 7.26133 17.5341 2
      vertex 7.26133 17.5341 0
    endloop
  endfacet
  facet normal -0.442502 -0.896767 0
    outer loop
      vertex 9.68883 19.663 0
      vertex 9.9 19.5588 2
      vertex 9.68883 19.663 2
    endloop
  endfacet
  facet normal -0.442502 -0.896767 -0
    outer loop
      vertex 9.9 19.5588 2
      vertex 9.68883 19.663 0
      vertex 9.9 19.5588 0
    endloop
  endfacet
  facet normal 0.997858 0.0654194 0
    outer loop
      vertex 7.2154 17.7651 2
      vertex 7.2 18 0
      vertex 7.2 18 2
    endloop
  endfacet
  facet normal 0.997858 0.0654194 0
    outer loop
      vertex 7.2 18 0
      vertex 7.2154 17.7651 2
      vertex 7.2154 17.7651 0
    endloop
  endfacet
  facet normal 0.555543 -0.831488 0
    outer loop
      vertex 7.90423 19.428 0
      vertex 8.1 19.5588 2
      vertex 7.90423 19.428 2
    endloop
  endfacet
  facet normal 0.555543 -0.831488 0
    outer loop
      vertex 8.1 19.5588 2
      vertex 7.90423 19.428 0
      vertex 8.1 19.5588 0
    endloop
  endfacet
  facet normal -0.321498 0.94691 0
    outer loop
      vertex 9.68883 16.337 0
      vertex 9.46587 16.2613 2
      vertex 9.68883 16.337 2
    endloop
  endfacet
  facet normal -0.321498 0.94691 0
    outer loop
      vertex 9.46587 16.2613 2
      vertex 9.68883 16.337 0
      vertex 9.46587 16.2613 0
    endloop
  endfacet
  facet normal -0.946884 0.321575 0
    outer loop
      vertex 10.663 17.3112 0
      vertex 10.7387 17.5341 2
      vertex 10.7387 17.5341 0
    endloop
  endfacet
  facet normal -0.946884 0.321575 0
    outer loop
      vertex 10.7387 17.5341 2
      vertex 10.663 17.3112 0
      vertex 10.663 17.3112 2
    endloop
  endfacet
  facet normal 0.321498 0.94691 -0
    outer loop
      vertex 8.53413 16.2613 0
      vertex 8.31117 16.337 2
      vertex 8.53413 16.2613 2
    endloop
  endfacet
  facet normal 0.321498 0.94691 0
    outer loop
      vertex 8.31117 16.337 2
      vertex 8.53413 16.2613 0
      vertex 8.31117 16.337 0
    endloop
  endfacet
  facet normal -0.0654055 0.997859 0
    outer loop
      vertex 9.23495 16.2154 0
      vertex 9 16.2 2
      vertex 9.23495 16.2154 2
    endloop
  endfacet
  facet normal -0.0654055 0.997859 0
    outer loop
      vertex 9 16.2 2
      vertex 9.23495 16.2154 0
      vertex 9 16.2 0
    endloop
  endfacet
  facet normal 0.751787 0.659406 0
    outer loop
      vertex 7.72721 16.7272 2
      vertex 7.57196 16.9042 0
      vertex 7.57196 16.9042 2
    endloop
  endfacet
  facet normal 0.751787 0.659406 0
    outer loop
      vertex 7.57196 16.9042 0
      vertex 7.72721 16.7272 2
      vertex 7.72721 16.7272 0
    endloop
  endfacet
  facet normal 0.946897 0.321537 0
    outer loop
      vertex 7.33702 17.3112 2
      vertex 7.26133 17.5341 0
      vertex 7.26133 17.5341 2
    endloop
  endfacet
  facet normal 0.946897 0.321537 0
    outer loop
      vertex 7.26133 17.5341 0
      vertex 7.33702 17.3112 2
      vertex 7.33702 17.3112 0
    endloop
  endfacet
  facet normal -0.997855 -0.0654566 0
    outer loop
      vertex 12.2 18 2
      vertex 12.1726 18.4177 3
      vertex 12.1726 18.4177 2
    endloop
  endfacet
  facet normal -0.997855 -0.0654566 0
    outer loop
      vertex 12.1726 18.4177 3
      vertex 12.2 18 2
      vertex 12.2 18 3
    endloop
  endfacet
  facet normal 0.0654598 -0.997855 0
    outer loop
      vertex 8.58232 21.1726 2
      vertex 9 21.2 3
      vertex 8.58232 21.1726 3
    endloop
  endfacet
  facet normal 0.0654598 -0.997855 0
    outer loop
      vertex 9 21.2 3
      vertex 8.58232 21.1726 2
      vertex 9 21.2 2
    endloop
  endfacet
  facet normal -0.0654598 0.997855 0
    outer loop
      vertex 9.41768 14.8274 2
      vertex 9 14.8 3
      vertex 9.41768 14.8274 3
    endloop
  endfacet
  facet normal -0.0654598 0.997855 0
    outer loop
      vertex 9 14.8 3
      vertex 9.41768 14.8274 2
      vertex 9 14.8 2
    endloop
  endfacet
  facet normal -0.751821 0.659367 0
    outer loop
      vertex 11.2627 15.7373 2
      vertex 11.5387 16.052 3
      vertex 11.5387 16.052 2
    endloop
  endfacet
  facet normal -0.751821 0.659367 0
    outer loop
      vertex 11.5387 16.052 3
      vertex 11.2627 15.7373 2
      vertex 11.2627 15.7373 3
    endloop
  endfacet
  facet normal -0.659367 -0.751821 0
    outer loop
      vertex 10.948 20.5387 2
      vertex 11.2627 20.2627 3
      vertex 10.948 20.5387 3
    endloop
  endfacet
  facet normal -0.659367 -0.751821 -0
    outer loop
      vertex 11.2627 20.2627 3
      vertex 10.948 20.5387 2
      vertex 11.2627 20.2627 2
    endloop
  endfacet
  facet normal 0.751833 -0.659353 0
    outer loop
      vertex 6.46127 19.948 3
      vertex 6.73726 20.2627 2
      vertex 6.73726 20.2627 3
    endloop
  endfacet
  facet normal 0.751833 -0.659353 0
    outer loop
      vertex 6.73726 20.2627 2
      vertex 6.46127 19.948 3
      vertex 6.46127 19.948 2
    endloop
  endfacet
  facet normal 0.442228 -0.896903 0
    outer loop
      vertex 7.4 20.7713 2
      vertex 7.77541 20.9564 3
      vertex 7.4 20.7713 3
    endloop
  endfacet
  facet normal 0.442228 -0.896903 0
    outer loop
      vertex 7.77541 20.9564 3
      vertex 7.4 20.7713 2
      vertex 7.77541 20.9564 2
    endloop
  endfacet
  facet normal -0.896898 -0.442237 0
    outer loop
      vertex 11.9564 19.2246 2
      vertex 11.7713 19.6 3
      vertex 11.7713 19.6 2
    endloop
  endfacet
  facet normal -0.896898 -0.442237 0
    outer loop
      vertex 11.7713 19.6 3
      vertex 11.9564 19.2246 2
      vertex 11.9564 19.2246 3
    endloop
  endfacet
  facet normal -0.98081 -0.194967 0
    outer loop
      vertex 12.1726 18.4177 2
      vertex 12.091 18.8282 3
      vertex 12.091 18.8282 2
    endloop
  endfacet
  facet normal -0.98081 -0.194967 0
    outer loop
      vertex 12.091 18.8282 3
      vertex 12.1726 18.4177 2
      vertex 12.1726 18.4177 3
    endloop
  endfacet
  facet normal -0.831388 -0.555692 0
    outer loop
      vertex 11.7713 19.6 2
      vertex 11.5387 19.948 3
      vertex 11.5387 19.948 2
    endloop
  endfacet
  facet normal -0.831388 -0.555692 0
    outer loop
      vertex 11.5387 19.948 3
      vertex 11.7713 19.6 2
      vertex 11.7713 19.6 3
    endloop
  endfacet
  facet normal -0.32154 -0.946896 0
    outer loop
      vertex 9.82822 21.091 2
      vertex 10.2246 20.9564 3
      vertex 9.82822 21.091 3
    endloop
  endfacet
  facet normal -0.32154 -0.946896 -0
    outer loop
      vertex 10.2246 20.9564 3
      vertex 9.82822 21.091 2
      vertex 10.2246 20.9564 2
    endloop
  endfacet
  facet normal -0.555692 -0.831388 0
    outer loop
      vertex 10.6 20.7713 2
      vertex 10.948 20.5387 3
      vertex 10.6 20.7713 3
    endloop
  endfacet
  facet normal -0.555692 -0.831388 -0
    outer loop
      vertex 10.948 20.5387 3
      vertex 10.6 20.7713 2
      vertex 10.948 20.5387 2
    endloop
  endfacet
  facet normal 0.89686 -0.442314 0
    outer loop
      vertex 6.04358 19.2246 3
      vertex 6.22872 19.6 2
      vertex 6.22872 19.6 3
    endloop
  endfacet
  facet normal 0.89686 -0.442314 0
    outer loop
      vertex 6.22872 19.6 2
      vertex 6.04358 19.2246 3
      vertex 6.04358 19.2246 2
    endloop
  endfacet
  facet normal 0 0 1
    outer loop
      vertex 10.8 18 2
      vertex 12.2 18 2
      vertex 12.1726 18.4177 2
    endloop
  endfacet
  facet normal 0 0 1
    outer loop
      vertex 10.7846 18.2349 2
      vertex 12.1726 18.4177 2
      vertex 12.091 18.8282 2
    endloop
  endfacet
  facet normal 0 0 1
    outer loop
      vertex 12.2 18 2
      vertex 10.8 18 2
      vertex 12.1726 17.5823 2
    endloop
  endfacet
  facet normal 0 0 1
    outer loop
      vertex 10.7387 18.4659 2
      vertex 12.091 18.8282 2
      vertex 11.9564 19.2246 2
    endloop
  endfacet
  facet normal -0 0 1
    outer loop
      vertex 10.7846 17.7651 2
      vertex 12.1726 17.5823 2
      vertex 10.8 18 2
    endloop
  endfacet
  facet normal 0 0 1
    outer loop
      vertex 10.663 18.6888 2
      vertex 11.9564 19.2246 2
      vertex 11.7713 19.6 2
    endloop
  endfacet
  facet normal 0 0 1
    outer loop
      vertex 12.1726 17.5823 2
      vertex 10.7846 17.7651 2
      vertex 12.091 17.1718 2
    endloop
  endfacet
  facet normal 0 0 1
    outer loop
      vertex 10.5588 18.9 2
      vertex 11.7713 19.6 2
      vertex 11.5387 19.948 2
    endloop
  endfacet
  facet normal -0 0 1
    outer loop
      vertex 10.7387 17.5341 2
      vertex 12.091 17.1718 2
      vertex 10.7846 17.7651 2
    endloop
  endfacet
  facet normal 0 0 1
    outer loop
      vertex 10.428 19.0958 2
      vertex 11.5387 19.948 2
      vertex 11.2627 20.2627 2
    endloop
  endfacet
  facet normal 0 0 1
    outer loop
      vertex 12.091 17.1718 2
      vertex 10.7387 17.5341 2
      vertex 11.9564 16.7754 2
    endloop
  endfacet
  facet normal 0 0 1
    outer loop
      vertex 10.2728 19.2728 2
      vertex 11.2627 20.2627 2
      vertex 10.948 20.5387 2
    endloop
  endfacet
  facet normal -0 0 1
    outer loop
      vertex 10.663 17.3112 2
      vertex 11.9564 16.7754 2
      vertex 10.7387 17.5341 2
    endloop
  endfacet
  facet normal 0 0 1
    outer loop
      vertex 11.9564 16.7754 2
      vertex 10.663 17.3112 2
      vertex 11.7713 16.4 2
    endloop
  endfacet
  facet normal 0 0 1
    outer loop
      vertex 12.1726 18.4177 2
      vertex 10.7846 18.2349 2
      vertex 10.8 18 2
    endloop
  endfacet
  facet normal 0 0 1
    outer loop
      vertex 12.091 18.8282 2
      vertex 10.7387 18.4659 2
      vertex 10.7846 18.2349 2
    endloop
  endfacet
  facet normal 0 0 1
    outer loop
      vertex 11.9564 19.2246 2
      vertex 10.663 18.6888 2
      vertex 10.7387 18.4659 2
    endloop
  endfacet
  facet normal 0 0 1
    outer loop
      vertex 10.0958 19.428 2
      vertex 10.948 20.5387 2
      vertex 10.6 20.7713 2
    endloop
  endfacet
  facet normal 0 0 1
    outer loop
      vertex 11.7713 19.6 2
      vertex 10.5588 18.9 2
      vertex 10.663 18.6888 2
    endloop
  endfacet
  facet normal 0 0 1
    outer loop
      vertex 11.5387 19.948 2
      vertex 10.428 19.0958 2
      vertex 10.5588 18.9 2
    endloop
  endfacet
  facet normal 0 0 1
    outer loop
      vertex 11.2627 20.2627 2
      vertex 10.2728 19.2728 2
      vertex 10.428 19.0958 2
    endloop
  endfacet
  facet normal 0 0 1
    outer loop
      vertex 9.9 19.5588 2
      vertex 10.6 20.7713 2
      vertex 10.2246 20.9564 2
    endloop
  endfacet
  facet normal 0 0 1
    outer loop
      vertex 10.948 20.5387 2
      vertex 10.0958 19.428 2
      vertex 10.2728 19.2728 2
    endloop
  endfacet
  facet normal 0 0 1
    outer loop
      vertex 10.6 20.7713 2
      vertex 9.9 19.5588 2
      vertex 10.0958 19.428 2
    endloop
  endfacet
  facet normal 0 0 1
    outer loop
      vertex 9.68883 19.663 2
      vertex 10.2246 20.9564 2
      vertex 9.82822 21.091 2
    endloop
  endfacet
  facet normal 0 0 1
    outer loop
      vertex 10.2246 20.9564 2
      vertex 9.68883 19.663 2
      vertex 9.9 19.5588 2
    endloop
  endfacet
  facet normal 0 0 1
    outer loop
      vertex 9.82822 21.091 2
      vertex 9.46587 19.7387 2
      vertex 9.68883 19.663 2
    endloop
  endfacet
  facet normal 0 0 1
    outer loop
      vertex 9.41768 21.1726 2
      vertex 9.46587 19.7387 2
      vertex 9.82822 21.091 2
    endloop
  endfacet
  facet normal 0 0 1
    outer loop
      vertex 9.41768 21.1726 2
      vertex 9.23495 19.7846 2
      vertex 9.46587 19.7387 2
    endloop
  endfacet
  facet normal 0 0 1
    outer loop
      vertex 9 21.2 2
      vertex 9.23495 19.7846 2
      vertex 9.41768 21.1726 2
    endloop
  endfacet
  facet normal 0 0 1
    outer loop
      vertex 9 21.2 2
      vertex 9 19.8 2
      vertex 9.23495 19.7846 2
    endloop
  endfacet
  facet normal 0 0 1
    outer loop
      vertex 9 21.2 2
      vertex 8.76505 19.7846 2
      vertex 9 19.8 2
    endloop
  endfacet
  facet normal -0 0 1
    outer loop
      vertex 8.58232 21.1726 2
      vertex 8.76505 19.7846 2
      vertex 9 21.2 2
    endloop
  endfacet
  facet normal 0 0 1
    outer loop
      vertex 8.58232 21.1726 2
      vertex 8.53413 19.7387 2
      vertex 8.76505 19.7846 2
    endloop
  endfacet
  facet normal -0 0 1
    outer loop
      vertex 8.17178 21.091 2
      vertex 8.53413 19.7387 2
      vertex 8.58232 21.1726 2
    endloop
  endfacet
  facet normal 0 0 1
    outer loop
      vertex 8.53413 19.7387 2
      vertex 8.17178 21.091 2
      vertex 8.31117 19.663 2
    endloop
  endfacet
  facet normal -0 0 1
    outer loop
      vertex 7.77541 20.9564 2
      vertex 8.31117 19.663 2
      vertex 8.17178 21.091 2
    endloop
  endfacet
  facet normal 0 0 1
    outer loop
      vertex 8.31117 19.663 2
      vertex 7.77541 20.9564 2
      vertex 8.1 19.5588 2
    endloop
  endfacet
  facet normal -0 0 1
    outer loop
      vertex 7.4 20.7713 2
      vertex 8.1 19.5588 2
      vertex 7.77541 20.9564 2
    endloop
  endfacet
  facet normal 0 0 1
    outer loop
      vertex 8.1 19.5588 2
      vertex 7.4 20.7713 2
      vertex 7.90423 19.428 2
    endloop
  endfacet
  facet normal -0 0 1
    outer loop
      vertex 7.05196 20.5387 2
      vertex 7.90423 19.428 2
      vertex 7.4 20.7713 2
    endloop
  endfacet
  facet normal 0 0 1
    outer loop
      vertex 7.90423 19.428 2
      vertex 7.05196 20.5387 2
      vertex 7.72721 19.2728 2
    endloop
  endfacet
  facet normal -0 0 1
    outer loop
      vertex 6.73726 20.2627 2
      vertex 7.72721 19.2728 2
      vertex 7.05196 20.5387 2
    endloop
  endfacet
  facet normal 0 0 1
    outer loop
      vertex 7.72721 19.2728 2
      vertex 6.73726 20.2627 2
      vertex 7.57196 19.0958 2
    endloop
  endfacet
  facet normal -0 0 1
    outer loop
      vertex 6.46127 19.948 2
      vertex 7.57196 19.0958 2
      vertex 6.73726 20.2627 2
    endloop
  endfacet
  facet normal 0 0 1
    outer loop
      vertex 7.57196 19.0958 2
      vertex 6.46127 19.948 2
      vertex 7.44115 18.9 2
    endloop
  endfacet
  facet normal 0 0 1
    outer loop
      vertex 7.44115 18.9 2
      vertex 6.22872 19.6 2
      vertex 7.33702 18.6888 2
    endloop
  endfacet
  facet normal -0 0 1
    outer loop
      vertex 6.22872 19.6 2
      vertex 7.44115 18.9 2
      vertex 6.46127 19.948 2
    endloop
  endfacet
  facet normal -0 0 1
    outer loop
      vertex 10.5588 17.1 2
      vertex 11.7713 16.4 2
      vertex 10.663 17.3112 2
    endloop
  endfacet
  facet normal 0 0 1
    outer loop
      vertex 11.7713 16.4 2
      vertex 10.5588 17.1 2
      vertex 11.5387 16.052 2
    endloop
  endfacet
  facet normal -0 0 1
    outer loop
      vertex 10.428 16.9042 2
      vertex 11.5387 16.052 2
      vertex 10.5588 17.1 2
    endloop
  endfacet
  facet normal 0 0 1
    outer loop
      vertex 11.5387 16.052 2
      vertex 10.428 16.9042 2
      vertex 11.2627 15.7373 2
    endloop
  endfacet
  facet normal -0 0 1
    outer loop
      vertex 10.2728 16.7272 2
      vertex 11.2627 15.7373 2
      vertex 10.428 16.9042 2
    endloop
  endfacet
  facet normal 0 0 1
    outer loop
      vertex 11.2627 15.7373 2
      vertex 10.2728 16.7272 2
      vertex 10.948 15.4613 2
    endloop
  endfacet
  facet normal -0 0 1
    outer loop
      vertex 10.0958 16.572 2
      vertex 10.948 15.4613 2
      vertex 10.2728 16.7272 2
    endloop
  endfacet
  facet normal 0 0 1
    outer loop
      vertex 10.948 15.4613 2
      vertex 10.0958 16.572 2
      vertex 10.6 15.2287 2
    endloop
  endfacet
  facet normal -0 0 1
    outer loop
      vertex 9.9 16.4412 2
      vertex 10.6 15.2287 2
      vertex 10.0958 16.572 2
    endloop
  endfacet
  facet normal 0 0 1
    outer loop
      vertex 10.6 15.2287 2
      vertex 9.9 16.4412 2
      vertex 10.2246 15.0436 2
    endloop
  endfacet
  facet normal -0 0 1
    outer loop
      vertex 9.68883 16.337 2
      vertex 10.2246 15.0436 2
      vertex 9.9 16.4412 2
    endloop
  endfacet
  facet normal 0 0 1
    outer loop
      vertex 10.2246 15.0436 2
      vertex 9.68883 16.337 2
      vertex 9.82822 14.909 2
    endloop
  endfacet
  facet normal -0 0 1
    outer loop
      vertex 9.46587 16.2613 2
      vertex 9.82822 14.909 2
      vertex 9.68883 16.337 2
    endloop
  endfacet
  facet normal 0 0 1
    outer loop
      vertex 9.46587 16.2613 2
      vertex 9.41768 14.8274 2
      vertex 9.82822 14.909 2
    endloop
  endfacet
  facet normal -0 0 1
    outer loop
      vertex 9.23495 16.2154 2
      vertex 9.41768 14.8274 2
      vertex 9.46587 16.2613 2
    endloop
  endfacet
  facet normal -0 0 1
    outer loop
      vertex 9 16.2 2
      vertex 9.41768 14.8274 2
      vertex 9.23495 16.2154 2
    endloop
  endfacet
  facet normal 0 0 1
    outer loop
      vertex 9 16.2 2
      vertex 9 14.8 2
      vertex 9.41768 14.8274 2
    endloop
  endfacet
  facet normal 0 0 1
    outer loop
      vertex 8.76505 16.2154 2
      vertex 9 14.8 2
      vertex 9 16.2 2
    endloop
  endfacet
  facet normal 0 0 1
    outer loop
      vertex 8.76505 16.2154 2
      vertex 8.58232 14.8274 2
      vertex 9 14.8 2
    endloop
  endfacet
  facet normal 0 0 1
    outer loop
      vertex 8.53413 16.2613 2
      vertex 8.58232 14.8274 2
      vertex 8.76505 16.2154 2
    endloop
  endfacet
  facet normal 0 0 1
    outer loop
      vertex 8.17178 14.909 2
      vertex 8.53413 16.2613 2
      vertex 8.31117 16.337 2
    endloop
  endfacet
  facet normal 0 0 1
    outer loop
      vertex 8.53413 16.2613 2
      vertex 8.17178 14.909 2
      vertex 8.58232 14.8274 2
    endloop
  endfacet
  facet normal 0 0 1
    outer loop
      vertex 7.77541 15.0436 2
      vertex 8.31117 16.337 2
      vertex 8.1 16.4412 2
    endloop
  endfacet
  facet normal 0 0 1
    outer loop
      vertex 7.4 15.2287 2
      vertex 8.1 16.4412 2
      vertex 7.90423 16.572 2
    endloop
  endfacet
  facet normal 0 0 1
    outer loop
      vertex 8.31117 16.337 2
      vertex 7.77541 15.0436 2
      vertex 8.17178 14.909 2
    endloop
  endfacet
  facet normal 0 0 1
    outer loop
      vertex 7.05196 15.4613 2
      vertex 7.90423 16.572 2
      vertex 7.72721 16.7272 2
    endloop
  endfacet
  facet normal 0 0 1
    outer loop
      vertex 6.73726 15.7373 2
      vertex 7.72721 16.7272 2
      vertex 7.57196 16.9042 2
    endloop
  endfacet
  facet normal 0 0 1
    outer loop
      vertex 6.46127 16.052 2
      vertex 7.57196 16.9042 2
      vertex 7.44115 17.1 2
    endloop
  endfacet
  facet normal 0 0 1
    outer loop
      vertex 8.1 16.4412 2
      vertex 7.4 15.2287 2
      vertex 7.77541 15.0436 2
    endloop
  endfacet
  facet normal 0 0 1
    outer loop
      vertex 6.22872 16.4 2
      vertex 7.44115 17.1 2
      vertex 7.33702 17.3112 2
    endloop
  endfacet
  facet normal 0 0 1
    outer loop
      vertex 6.04358 16.7754 2
      vertex 7.33702 17.3112 2
      vertex 7.26133 17.5341 2
    endloop
  endfacet
  facet normal 0 0 1
    outer loop
      vertex 5.90904 17.1718 2
      vertex 7.26133 17.5341 2
      vertex 7.2154 17.7651 2
    endloop
  endfacet
  facet normal 0 0 1
    outer loop
      vertex 7.90423 16.572 2
      vertex 7.05196 15.4613 2
      vertex 7.4 15.2287 2
    endloop
  endfacet
  facet normal 0 0 1
    outer loop
      vertex 5.82738 17.5823 2
      vertex 7.2154 17.7651 2
      vertex 7.2 18 2
    endloop
  endfacet
  facet normal -0 0 1
    outer loop
      vertex 6.04358 19.2246 2
      vertex 7.33702 18.6888 2
      vertex 6.22872 19.6 2
    endloop
  endfacet
  facet normal 0 0 1
    outer loop
      vertex 7.33702 18.6888 2
      vertex 6.04358 19.2246 2
      vertex 7.26133 18.4659 2
    endloop
  endfacet
  facet normal 0 0 1
    outer loop
      vertex 7.72721 16.7272 2
      vertex 6.73726 15.7373 2
      vertex 7.05196 15.4613 2
    endloop
  endfacet
  facet normal -0 0 1
    outer loop
      vertex 5.90904 18.8282 2
      vertex 7.26133 18.4659 2
      vertex 6.04358 19.2246 2
    endloop
  endfacet
  facet normal 0 0 1
    outer loop
      vertex 7.57196 16.9042 2
      vertex 6.46127 16.052 2
      vertex 6.73726 15.7373 2
    endloop
  endfacet
  facet normal 0 0 1
    outer loop
      vertex 7.26133 18.4659 2
      vertex 5.90904 18.8282 2
      vertex 7.2154 18.2349 2
    endloop
  endfacet
  facet normal 0 0 1
    outer loop
      vertex 7.44115 17.1 2
      vertex 6.22872 16.4 2
      vertex 6.46127 16.052 2
    endloop
  endfacet
  facet normal -0 0 1
    outer loop
      vertex 5.82738 18.4177 2
      vertex 7.2154 18.2349 2
      vertex 5.90904 18.8282 2
    endloop
  endfacet
  facet normal 0 0 1
    outer loop
      vertex 7.33702 17.3112 2
      vertex 6.04358 16.7754 2
      vertex 6.22872 16.4 2
    endloop
  endfacet
  facet normal 0 0 1
    outer loop
      vertex 7.2154 18.2349 2
      vertex 5.82738 18.4177 2
      vertex 7.2 18 2
    endloop
  endfacet
  facet normal 0 0 1
    outer loop
      vertex 7.26133 17.5341 2
      vertex 5.90904 17.1718 2
      vertex 6.04358 16.7754 2
    endloop
  endfacet
  facet normal 0 0 1
    outer loop
      vertex 5.8 18 2
      vertex 7.2 18 2
      vertex 5.82738 18.4177 2
    endloop
  endfacet
  facet normal 0 0 1
    outer loop
      vertex 7.2154 17.7651 2
      vertex 5.82738 17.5823 2
      vertex 5.90904 17.1718 2
    endloop
  endfacet
  facet normal 0 0 1
    outer loop
      vertex 7.2 18 2
      vertex 5.8 18 2
      vertex 5.82738 17.5823 2
    endloop
  endfacet
  facet normal 0.831443 -0.55561 0
    outer loop
      vertex 6.22872 19.6 3
      vertex 6.46127 19.948 2
      vertex 6.46127 19.948 3
    endloop
  endfacet
  facet normal 0.831443 -0.55561 0
    outer loop
      vertex 6.46127 19.948 2
      vertex 6.22872 19.6 3
      vertex 6.22872 19.6 2
    endloop
  endfacet
  facet normal 0.555648 -0.831418 0
    outer loop
      vertex 7.05196 20.5387 2
      vertex 7.4 20.7713 3
      vertex 7.05196 20.5387 3
    endloop
  endfacet
  facet normal 0.555648 -0.831418 0
    outer loop
      vertex 7.4 20.7713 3
      vertex 7.05196 20.5387 2
      vertex 7.4 20.7713 2
    endloop
  endfacet
  facet normal 0.194949 -0.980813 0
    outer loop
      vertex 8.17178 21.091 2
      vertex 8.58232 21.1726 3
      vertex 8.17178 21.091 3
    endloop
  endfacet
  facet normal 0.194949 -0.980813 0
    outer loop
      vertex 8.58232 21.1726 3
      vertex 8.17178 21.091 2
      vertex 8.58232 21.1726 2
    endloop
  endfacet
  facet normal -0.194949 0.980813 0
    outer loop
      vertex 9.82822 14.909 2
      vertex 9.41768 14.8274 3
      vertex 9.82822 14.909 3
    endloop
  endfacet
  facet normal -0.194949 0.980813 0
    outer loop
      vertex 9.41768 14.8274 3
      vertex 9.82822 14.909 2
      vertex 9.41768 14.8274 2
    endloop
  endfacet
  facet normal -0.946901 -0.321526 0
    outer loop
      vertex 12.091 18.8282 2
      vertex 11.9564 19.2246 3
      vertex 11.9564 19.2246 2
    endloop
  endfacet
  facet normal -0.946901 -0.321526 0
    outer loop
      vertex 11.9564 19.2246 3
      vertex 12.091 18.8282 2
      vertex 12.091 18.8282 3
    endloop
  endfacet
  facet normal -0.751821 -0.659367 0
    outer loop
      vertex 11.5387 19.948 2
      vertex 11.2627 20.2627 3
      vertex 11.2627 20.2627 2
    endloop
  endfacet
  facet normal -0.751821 -0.659367 0
    outer loop
      vertex 11.2627 20.2627 3
      vertex 11.5387 19.948 2
      vertex 11.5387 19.948 3
    endloop
  endfacet
  facet normal -0.194949 -0.980813 0
    outer loop
      vertex 9.41768 21.1726 2
      vertex 9.82822 21.091 3
      vertex 9.41768 21.1726 3
    endloop
  endfacet
  facet normal -0.194949 -0.980813 -0
    outer loop
      vertex 9.82822 21.091 3
      vertex 9.41768 21.1726 2
      vertex 9.82822 21.091 2
    endloop
  endfacet
  facet normal -0.0654598 -0.997855 0
    outer loop
      vertex 9 21.2 2
      vertex 9.41768 21.1726 3
      vertex 9 21.2 3
    endloop
  endfacet
  facet normal -0.0654598 -0.997855 -0
    outer loop
      vertex 9.41768 21.1726 3
      vertex 9 21.2 2
      vertex 9.41768 21.1726 2
    endloop
  endfacet
  facet normal 0.946944 -0.321397 0
    outer loop
      vertex 5.90904 18.8282 3
      vertex 6.04358 19.2246 2
      vertex 6.04358 19.2246 3
    endloop
  endfacet
  facet normal 0.946944 -0.321397 0
    outer loop
      vertex 6.04358 19.2246 2
      vertex 5.90904 18.8282 3
      vertex 5.90904 18.8282 2
    endloop
  endfacet
  facet normal 0.980782 -0.195105 0
    outer loop
      vertex 5.82738 18.4177 3
      vertex 5.90904 18.8282 2
      vertex 5.90904 18.8282 3
    endloop
  endfacet
  facet normal 0.980782 -0.195105 0
    outer loop
      vertex 5.90904 18.8282 2
      vertex 5.82738 18.4177 3
      vertex 5.82738 18.4177 2
    endloop
  endfacet
  facet normal 0.997859 -0.0654091 0
    outer loop
      vertex 5.8 18 3
      vertex 5.82738 18.4177 2
      vertex 5.82738 18.4177 3
    endloop
  endfacet
  facet normal 0.997859 -0.0654091 0
    outer loop
      vertex 5.82738 18.4177 2
      vertex 5.8 18 3
      vertex 5.8 18 2
    endloop
  endfacet
  facet normal 0.997859 0.0654091 0
    outer loop
      vertex 5.82738 17.5823 3
      vertex 5.8 18 2
      vertex 5.8 18 3
    endloop
  endfacet
  facet normal 0.997859 0.0654091 0
    outer loop
      vertex 5.8 18 2
      vertex 5.82738 17.5823 3
      vertex 5.82738 17.5823 2
    endloop
  endfacet
  facet normal 0.659367 -0.751821 0
    outer loop
      vertex 6.73726 20.2627 2
      vertex 7.05196 20.5387 3
      vertex 6.73726 20.2627 3
    endloop
  endfacet
  facet normal 0.659367 -0.751821 0
    outer loop
      vertex 7.05196 20.5387 3
      vertex 6.73726 20.2627 2
      vertex 7.05196 20.5387 2
    endloop
  endfacet
  facet normal -0.997855 0.0654566 0
    outer loop
      vertex 12.1726 17.5823 2
      vertex 12.2 18 3
      vertex 12.2 18 2
    endloop
  endfacet
  facet normal -0.997855 0.0654566 0
    outer loop
      vertex 12.2 18 3
      vertex 12.1726 17.5823 2
      vertex 12.1726 17.5823 3
    endloop
  endfacet
  facet normal -0.831388 0.555692 0
    outer loop
      vertex 11.5387 16.052 2
      vertex 11.7713 16.4 3
      vertex 11.7713 16.4 2
    endloop
  endfacet
  facet normal -0.831388 0.555692 0
    outer loop
      vertex 11.7713 16.4 3
      vertex 11.5387 16.052 2
      vertex 11.5387 16.052 3
    endloop
  endfacet
  facet normal -0.98081 0.194967 0
    outer loop
      vertex 12.091 17.1718 2
      vertex 12.1726 17.5823 3
      vertex 12.1726 17.5823 2
    endloop
  endfacet
  facet normal -0.98081 0.194967 0
    outer loop
      vertex 12.1726 17.5823 3
      vertex 12.091 17.1718 2
      vertex 12.091 17.1718 3
    endloop
  endfacet
  facet normal 0.751833 0.659353 0
    outer loop
      vertex 6.73726 15.7373 3
      vertex 6.46127 16.052 2
      vertex 6.46127 16.052 3
    endloop
  endfacet
  facet normal 0.751833 0.659353 0
    outer loop
      vertex 6.46127 16.052 2
      vertex 6.73726 15.7373 3
      vertex 6.73726 15.7373 2
    endloop
  endfacet
  facet normal 0.831443 0.55561 0
    outer loop
      vertex 6.46127 16.052 3
      vertex 6.22872 16.4 2
      vertex 6.22872 16.4 3
    endloop
  endfacet
  facet normal 0.831443 0.55561 0
    outer loop
      vertex 6.22872 16.4 2
      vertex 6.46127 16.052 3
      vertex 6.46127 16.052 2
    endloop
  endfacet
  facet normal -0.555692 0.831388 0
    outer loop
      vertex 10.948 15.4613 2
      vertex 10.6 15.2287 3
      vertex 10.948 15.4613 3
    endloop
  endfacet
  facet normal -0.555692 0.831388 0
    outer loop
      vertex 10.6 15.2287 3
      vertex 10.948 15.4613 2
      vertex 10.6 15.2287 2
    endloop
  endfacet
  facet normal -0.442237 0.896898 0
    outer loop
      vertex 10.6 15.2287 2
      vertex 10.2246 15.0436 3
      vertex 10.6 15.2287 3
    endloop
  endfacet
  facet normal -0.442237 0.896898 0
    outer loop
      vertex 10.2246 15.0436 3
      vertex 10.6 15.2287 2
      vertex 10.2246 15.0436 2
    endloop
  endfacet
  facet normal -0.442237 -0.896898 0
    outer loop
      vertex 10.2246 20.9564 2
      vertex 10.6 20.7713 3
      vertex 10.2246 20.9564 3
    endloop
  endfacet
  facet normal -0.442237 -0.896898 -0
    outer loop
      vertex 10.6 20.7713 3
      vertex 10.2246 20.9564 2
      vertex 10.6 20.7713 2
    endloop
  endfacet
  facet normal 0.321548 -0.946893 0
    outer loop
      vertex 7.77541 20.9564 2
      vertex 8.17178 21.091 3
      vertex 7.77541 20.9564 3
    endloop
  endfacet
  facet normal 0.321548 -0.946893 0
    outer loop
      vertex 8.17178 21.091 3
      vertex 7.77541 20.9564 2
      vertex 8.17178 21.091 2
    endloop
  endfacet
  facet normal -0.946901 0.321526 0
    outer loop
      vertex 11.9564 16.7754 2
      vertex 12.091 17.1718 3
      vertex 12.091 17.1718 2
    endloop
  endfacet
  facet normal -0.946901 0.321526 0
    outer loop
      vertex 12.091 17.1718 3
      vertex 11.9564 16.7754 2
      vertex 11.9564 16.7754 3
    endloop
  endfacet
  facet normal -0.896898 0.442237 0
    outer loop
      vertex 11.7713 16.4 2
      vertex 11.9564 16.7754 3
      vertex 11.9564 16.7754 2
    endloop
  endfacet
  facet normal -0.896898 0.442237 0
    outer loop
      vertex 11.9564 16.7754 3
      vertex 11.7713 16.4 2
      vertex 11.7713 16.4 3
    endloop
  endfacet
  facet normal 0.194949 0.980813 -0
    outer loop
      vertex 8.58232 14.8274 2
      vertex 8.17178 14.909 3
      vertex 8.58232 14.8274 3
    endloop
  endfacet
  facet normal 0.194949 0.980813 0
    outer loop
      vertex 8.17178 14.909 3
      vertex 8.58232 14.8274 2
      vertex 8.17178 14.909 2
    endloop
  endfacet
  facet normal 0.555648 0.831418 -0
    outer loop
      vertex 7.4 15.2287 2
      vertex 7.05196 15.4613 3
      vertex 7.4 15.2287 3
    endloop
  endfacet
  facet normal 0.555648 0.831418 0
    outer loop
      vertex 7.05196 15.4613 3
      vertex 7.4 15.2287 2
      vertex 7.05196 15.4613 2
    endloop
  endfacet
  facet normal 0.980782 0.195105 0
    outer loop
      vertex 5.90904 17.1718 3
      vertex 5.82738 17.5823 2
      vertex 5.82738 17.5823 3
    endloop
  endfacet
  facet normal 0.980782 0.195105 0
    outer loop
      vertex 5.82738 17.5823 2
      vertex 5.90904 17.1718 3
      vertex 5.90904 17.1718 2
    endloop
  endfacet
  facet normal 0.946944 0.321397 0
    outer loop
      vertex 6.04358 16.7754 3
      vertex 5.90904 17.1718 2
      vertex 5.90904 17.1718 3
    endloop
  endfacet
  facet normal 0.946944 0.321397 0
    outer loop
      vertex 5.90904 17.1718 2
      vertex 6.04358 16.7754 3
      vertex 6.04358 16.7754 2
    endloop
  endfacet
  facet normal 0.89686 0.442314 0
    outer loop
      vertex 6.22872 16.4 3
      vertex 6.04358 16.7754 2
      vertex 6.04358 16.7754 3
    endloop
  endfacet
  facet normal 0.89686 0.442314 0
    outer loop
      vertex 6.04358 16.7754 2
      vertex 6.22872 16.4 3
      vertex 6.22872 16.4 2
    endloop
  endfacet
  facet normal -0.659367 0.751821 0
    outer loop
      vertex 11.2627 15.7373 2
      vertex 10.948 15.4613 3
      vertex 11.2627 15.7373 3
    endloop
  endfacet
  facet normal -0.659367 0.751821 0
    outer loop
      vertex 10.948 15.4613 3
      vertex 11.2627 15.7373 2
      vertex 10.948 15.4613 2
    endloop
  endfacet
  facet normal -0.32154 0.946896 0
    outer loop
      vertex 10.2246 15.0436 2
      vertex 9.82822 14.909 3
      vertex 10.2246 15.0436 3
    endloop
  endfacet
  facet normal -0.32154 0.946896 0
    outer loop
      vertex 9.82822 14.909 3
      vertex 10.2246 15.0436 2
      vertex 9.82822 14.909 2
    endloop
  endfacet
  facet normal 0.442228 0.896903 -0
    outer loop
      vertex 7.77541 15.0436 2
      vertex 7.4 15.2287 3
      vertex 7.77541 15.0436 3
    endloop
  endfacet
  facet normal 0.442228 0.896903 0
    outer loop
      vertex 7.4 15.2287 3
      vertex 7.77541 15.0436 2
      vertex 7.4 15.2287 2
    endloop
  endfacet
  facet normal 0.659367 0.751821 -0
    outer loop
      vertex 7.05196 15.4613 2
      vertex 6.73726 15.7373 3
      vertex 7.05196 15.4613 3
    endloop
  endfacet
  facet normal 0.659367 0.751821 0
    outer loop
      vertex 6.73726 15.7373 3
      vertex 7.05196 15.4613 2
      vertex 6.73726 15.7373 2
    endloop
  endfacet
  facet normal 0.0654598 0.997855 -0
    outer loop
      vertex 9 14.8 2
      vertex 8.58232 14.8274 3
      vertex 9 14.8 3
    endloop
  endfacet
  facet normal 0.0654598 0.997855 0
    outer loop
      vertex 8.58232 14.8274 3
      vertex 9 14.8 2
      vertex 8.58232 14.8274 2
    endloop
  endfacet
  facet normal 0.321548 0.946893 -0
    outer loop
      vertex 8.17178 14.909 2
      vertex 7.77541 15.0436 3
      vertex 8.17178 14.909 3
    endloop
  endfacet
  facet normal 0.321548 0.946893 0
    outer loop
      vertex 7.77541 15.0436 3
      vertex 8.17178 14.909 2
      vertex 7.77541 15.0436 2
    endloop
  endfacet
  facet normal -0.997858 -0.0654194 0
    outer loop
      vertex 82.8 18 0
      vertex 82.7846 18.2349 2
      vertex 82.7846 18.2349 0
    endloop
  endfacet
  facet normal -0.997858 -0.0654194 0
    outer loop
      vertex 82.7846 18.2349 2
      vertex 82.8 18 0
      vertex 82.8 18 2
    endloop
  endfacet
  facet normal 0.0654194 -0.997858 0
    outer loop
      vertex 80.7651 19.7846 0
      vertex 81 19.8 2
      vertex 80.7651 19.7846 2
    endloop
  endfacet
  facet normal 0.0654194 -0.997858 0
    outer loop
      vertex 81 19.8 2
      vertex 80.7651 19.7846 0
      vertex 81 19.8 0
    endloop
  endfacet
  facet normal -0.659286 -0.751892 0
    outer loop
      vertex 82.0958 19.428 0
      vertex 82.2728 19.2728 2
      vertex 82.0958 19.428 2
    endloop
  endfacet
  facet normal -0.659286 -0.751892 -0
    outer loop
      vertex 82.2728 19.2728 2
      vertex 82.0958 19.428 0
      vertex 82.2728 19.2728 0
    endloop
  endfacet
  facet normal 0.751892 -0.659286 0
    outer loop
      vertex 79.572 19.0958 2
      vertex 79.7272 19.2728 0
      vertex 79.7272 19.2728 2
    endloop
  endfacet
  facet normal 0.751892 -0.659286 0
    outer loop
      vertex 79.7272 19.2728 0
      vertex 79.572 19.0958 2
      vertex 79.572 19.0958 0
    endloop
  endfacet
  facet normal 0.442452 -0.896792 0
    outer loop
      vertex 80.1 19.5588 0
      vertex 80.3112 19.663 2
      vertex 80.1 19.5588 2
    endloop
  endfacet
  facet normal 0.442452 -0.896792 0
    outer loop
      vertex 80.3112 19.663 2
      vertex 80.1 19.5588 0
      vertex 80.3112 19.663 0
    endloop
  endfacet
  facet normal -0.896792 -0.442452 0
    outer loop
      vertex 82.663 18.6888 0
      vertex 82.5588 18.9 2
      vertex 82.5588 18.9 0
    endloop
  endfacet
  facet normal -0.896792 -0.442452 0
    outer loop
      vertex 82.5588 18.9 2
      vertex 82.663 18.6888 0
      vertex 82.663 18.6888 2
    endloop
  endfacet
  facet normal -0.321575 -0.946884 0
    outer loop
      vertex 81.4659 19.7387 0
      vertex 81.6888 19.663 2
      vertex 81.4659 19.7387 2
    endloop
  endfacet
  facet normal -0.321575 -0.946884 -0
    outer loop
      vertex 81.6888 19.663 2
      vertex 81.4659 19.7387 0
      vertex 81.6888 19.663 0
    endloop
  endfacet
  facet normal -0.194891 -0.980825 0
    outer loop
      vertex 81.2349 19.7846 0
      vertex 81.4659 19.7387 2
      vertex 81.2349 19.7846 2
    endloop
  endfacet
  facet normal -0.194891 -0.980825 -0
    outer loop
      vertex 81.4659 19.7387 2
      vertex 81.2349 19.7846 0
      vertex 81.4659 19.7387 0
    endloop
  endfacet
  facet normal -0.555484 -0.831527 0
    outer loop
      vertex 81.9 19.5588 0
      vertex 82.0958 19.428 2
      vertex 81.9 19.5588 2
    endloop
  endfacet
  facet normal -0.555484 -0.831527 -0
    outer loop
      vertex 82.0958 19.428 2
      vertex 81.9 19.5588 0
      vertex 82.0958 19.428 0
    endloop
  endfacet
  facet normal 0.946884 -0.321575 0
    outer loop
      vertex 79.2613 18.4659 2
      vertex 79.337 18.6888 0
      vertex 79.337 18.6888 2
    endloop
  endfacet
  facet normal 0.946884 -0.321575 0
    outer loop
      vertex 79.337 18.6888 0
      vertex 79.2613 18.4659 2
      vertex 79.2613 18.4659 0
    endloop
  endfacet
  facet normal 0.831527 -0.555484 0
    outer loop
      vertex 79.4412 18.9 2
      vertex 79.572 19.0958 0
      vertex 79.572 19.0958 2
    endloop
  endfacet
  facet normal 0.831527 -0.555484 0
    outer loop
      vertex 79.572 19.0958 0
      vertex 79.4412 18.9 2
      vertex 79.4412 18.9 0
    endloop
  endfacet
  facet normal 0.980825 -0.194891 0
    outer loop
      vertex 79.2154 18.2349 2
      vertex 79.2613 18.4659 0
      vertex 79.2613 18.4659 2
    endloop
  endfacet
  facet normal 0.980825 -0.194891 0
    outer loop
      vertex 79.2613 18.4659 0
      vertex 79.2154 18.2349 2
      vertex 79.2154 18.2349 0
    endloop
  endfacet
  facet normal 0.321575 -0.946884 0
    outer loop
      vertex 80.3112 19.663 0
      vertex 80.5341 19.7387 2
      vertex 80.3112 19.663 2
    endloop
  endfacet
  facet normal 0.321575 -0.946884 0
    outer loop
      vertex 80.5341 19.7387 2
      vertex 80.3112 19.663 0
      vertex 80.5341 19.7387 0
    endloop
  endfacet
  facet normal -0.831527 0.555484 0
    outer loop
      vertex 82.428 16.9042 0
      vertex 82.5588 17.1 2
      vertex 82.5588 17.1 0
    endloop
  endfacet
  facet normal -0.831527 0.555484 0
    outer loop
      vertex 82.5588 17.1 2
      vertex 82.428 16.9042 0
      vertex 82.428 16.9042 2
    endloop
  endfacet
  facet normal -0.980825 0.194891 0
    outer loop
      vertex 82.7387 17.5341 0
      vertex 82.7846 17.7651 2
      vertex 82.7846 17.7651 0
    endloop
  endfacet
  facet normal -0.980825 0.194891 0
    outer loop
      vertex 82.7846 17.7651 2
      vertex 82.7387 17.5341 0
      vertex 82.7387 17.5341 2
    endloop
  endfacet
  facet normal 0.555484 0.831527 -0
    outer loop
      vertex 80.1 16.4412 0
      vertex 79.9042 16.572 2
      vertex 80.1 16.4412 2
    endloop
  endfacet
  facet normal 0.555484 0.831527 0
    outer loop
      vertex 79.9042 16.572 2
      vertex 80.1 16.4412 0
      vertex 79.9042 16.572 0
    endloop
  endfacet
  facet normal 0.194891 0.980825 -0
    outer loop
      vertex 80.7651 16.2154 0
      vertex 80.5341 16.2613 2
      vertex 80.7651 16.2154 2
    endloop
  endfacet
  facet normal 0.194891 0.980825 0
    outer loop
      vertex 80.5341 16.2613 2
      vertex 80.7651 16.2154 0
      vertex 80.5341 16.2613 0
    endloop
  endfacet
  facet normal -0.946884 -0.321575 0
    outer loop
      vertex 82.7387 18.4659 0
      vertex 82.663 18.6888 2
      vertex 82.663 18.6888 0
    endloop
  endfacet
  facet normal -0.946884 -0.321575 0
    outer loop
      vertex 82.663 18.6888 2
      vertex 82.7387 18.4659 0
      vertex 82.7387 18.4659 2
    endloop
  endfacet
  facet normal -0.980825 -0.194891 0
    outer loop
      vertex 82.7846 18.2349 0
      vertex 82.7387 18.4659 2
      vertex 82.7387 18.4659 0
    endloop
  endfacet
  facet normal -0.980825 -0.194891 0
    outer loop
      vertex 82.7387 18.4659 2
      vertex 82.7846 18.2349 0
      vertex 82.7846 18.2349 2
    endloop
  endfacet
  facet normal -0.751892 -0.659286 0
    outer loop
      vertex 82.428 19.0958 0
      vertex 82.2728 19.2728 2
      vertex 82.2728 19.2728 0
    endloop
  endfacet
  facet normal -0.751892 -0.659286 0
    outer loop
      vertex 82.2728 19.2728 2
      vertex 82.428 19.0958 0
      vertex 82.428 19.0958 2
    endloop
  endfacet
  facet normal -0.831527 -0.555484 0
    outer loop
      vertex 82.5588 18.9 0
      vertex 82.428 19.0958 2
      vertex 82.428 19.0958 0
    endloop
  endfacet
  facet normal -0.831527 -0.555484 0
    outer loop
      vertex 82.428 19.0958 2
      vertex 82.5588 18.9 0
      vertex 82.5588 18.9 2
    endloop
  endfacet
  facet normal -0.0654194 -0.997858 0
    outer loop
      vertex 81 19.8 0
      vertex 81.2349 19.7846 2
      vertex 81 19.8 2
    endloop
  endfacet
  facet normal -0.0654194 -0.997858 -0
    outer loop
      vertex 81.2349 19.7846 2
      vertex 81 19.8 0
      vertex 81.2349 19.7846 0
    endloop
  endfacet
  facet normal -0.442452 -0.896792 0
    outer loop
      vertex 81.6888 19.663 0
      vertex 81.9 19.5588 2
      vertex 81.6888 19.663 2
    endloop
  endfacet
  facet normal -0.442452 -0.896792 -0
    outer loop
      vertex 81.9 19.5588 2
      vertex 81.6888 19.663 0
      vertex 81.9 19.5588 0
    endloop
  endfacet
  facet normal 0.896792 -0.442452 0
    outer loop
      vertex 79.337 18.6888 2
      vertex 79.4412 18.9 0
      vertex 79.4412 18.9 2
    endloop
  endfacet
  facet normal 0.896792 -0.442452 0
    outer loop
      vertex 79.4412 18.9 0
      vertex 79.337 18.6888 2
      vertex 79.337 18.6888 0
    endloop
  endfacet
  facet normal 0.997858 -0.0654194 0
    outer loop
      vertex 79.2 18 2
      vertex 79.2154 18.2349 0
      vertex 79.2154 18.2349 2
    endloop
  endfacet
  facet normal 0.997858 -0.0654194 0
    outer loop
      vertex 79.2154 18.2349 0
      vertex 79.2 18 2
      vertex 79.2 18 0
    endloop
  endfacet
  facet normal 0.555484 -0.831527 0
    outer loop
      vertex 79.9042 19.428 0
      vertex 80.1 19.5588 2
      vertex 79.9042 19.428 2
    endloop
  endfacet
  facet normal 0.555484 -0.831527 0
    outer loop
      vertex 80.1 19.5588 2
      vertex 79.9042 19.428 0
      vertex 80.1 19.5588 0
    endloop
  endfacet
  facet normal 0.659286 -0.751892 0
    outer loop
      vertex 79.7272 19.2728 0
      vertex 79.9042 19.428 2
      vertex 79.7272 19.2728 2
    endloop
  endfacet
  facet normal 0.659286 -0.751892 0
    outer loop
      vertex 79.9042 19.428 2
      vertex 79.7272 19.2728 0
      vertex 79.9042 19.428 0
    endloop
  endfacet
  facet normal 0.194891 -0.980825 0
    outer loop
      vertex 80.5341 19.7387 0
      vertex 80.7651 19.7846 2
      vertex 80.5341 19.7387 2
    endloop
  endfacet
  facet normal 0.194891 -0.980825 0
    outer loop
      vertex 80.7651 19.7846 2
      vertex 80.5341 19.7387 0
      vertex 80.7651 19.7846 0
    endloop
  endfacet
  facet normal -0.194891 0.980825 0
    outer loop
      vertex 81.4659 16.2613 0
      vertex 81.2349 16.2154 2
      vertex 81.4659 16.2613 2
    endloop
  endfacet
  facet normal -0.194891 0.980825 0
    outer loop
      vertex 81.2349 16.2154 2
      vertex 81.4659 16.2613 0
      vertex 81.2349 16.2154 0
    endloop
  endfacet
  facet normal -0.442452 0.896792 0
    outer loop
      vertex 81.9 16.4412 0
      vertex 81.6888 16.337 2
      vertex 81.9 16.4412 2
    endloop
  endfacet
  facet normal -0.442452 0.896792 0
    outer loop
      vertex 81.6888 16.337 2
      vertex 81.9 16.4412 0
      vertex 81.6888 16.337 0
    endloop
  endfacet
  facet normal -0.751892 0.659286 0
    outer loop
      vertex 82.2728 16.7272 0
      vertex 82.428 16.9042 2
      vertex 82.428 16.9042 0
    endloop
  endfacet
  facet normal -0.751892 0.659286 0
    outer loop
      vertex 82.428 16.9042 2
      vertex 82.2728 16.7272 0
      vertex 82.2728 16.7272 2
    endloop
  endfacet
  facet normal -0.555484 0.831527 0
    outer loop
      vertex 82.0958 16.572 0
      vertex 81.9 16.4412 2
      vertex 82.0958 16.572 2
    endloop
  endfacet
  facet normal -0.555484 0.831527 0
    outer loop
      vertex 81.9 16.4412 2
      vertex 82.0958 16.572 0
      vertex 81.9 16.4412 0
    endloop
  endfacet
  facet normal -0.896792 0.442452 0
    outer loop
      vertex 82.5588 17.1 0
      vertex 82.663 17.3112 2
      vertex 82.663 17.3112 0
    endloop
  endfacet
  facet normal -0.896792 0.442452 0
    outer loop
      vertex 82.663 17.3112 2
      vertex 82.5588 17.1 0
      vertex 82.5588 17.1 2
    endloop
  endfacet
  facet normal -0.997858 0.0654194 0
    outer loop
      vertex 82.7846 17.7651 0
      vertex 82.8 18 2
      vertex 82.8 18 0
    endloop
  endfacet
  facet normal -0.997858 0.0654194 0
    outer loop
      vertex 82.8 18 2
      vertex 82.7846 17.7651 0
      vertex 82.7846 17.7651 2
    endloop
  endfacet
  facet normal 0.442452 0.896792 -0
    outer loop
      vertex 80.3112 16.337 0
      vertex 80.1 16.4412 2
      vertex 80.3112 16.337 2
    endloop
  endfacet
  facet normal 0.442452 0.896792 0
    outer loop
      vertex 80.1 16.4412 2
      vertex 80.3112 16.337 0
      vertex 80.1 16.4412 0
    endloop
  endfacet
  facet normal 0.0654194 0.997858 -0
    outer loop
      vertex 81 16.2 0
      vertex 80.7651 16.2154 2
      vertex 81 16.2 2
    endloop
  endfacet
  facet normal 0.0654194 0.997858 0
    outer loop
      vertex 80.7651 16.2154 2
      vertex 81 16.2 0
      vertex 80.7651 16.2154 0
    endloop
  endfacet
  facet normal 0.831527 0.555484 0
    outer loop
      vertex 79.572 16.9042 2
      vertex 79.4412 17.1 0
      vertex 79.4412 17.1 2
    endloop
  endfacet
  facet normal 0.831527 0.555484 0
    outer loop
      vertex 79.4412 17.1 0
      vertex 79.572 16.9042 2
      vertex 79.572 16.9042 0
    endloop
  endfacet
  facet normal 0.659286 0.751892 -0
    outer loop
      vertex 79.9042 16.572 0
      vertex 79.7272 16.7272 2
      vertex 79.9042 16.572 2
    endloop
  endfacet
  facet normal 0.659286 0.751892 0
    outer loop
      vertex 79.7272 16.7272 2
      vertex 79.9042 16.572 0
      vertex 79.7272 16.7272 0
    endloop
  endfacet
  facet normal 0.896792 0.442452 0
    outer loop
      vertex 79.4412 17.1 2
      vertex 79.337 17.3112 0
      vertex 79.337 17.3112 2
    endloop
  endfacet
  facet normal 0.896792 0.442452 0
    outer loop
      vertex 79.337 17.3112 0
      vertex 79.4412 17.1 2
      vertex 79.4412 17.1 0
    endloop
  endfacet
  facet normal 0.980825 0.194891 0
    outer loop
      vertex 79.2613 17.5341 2
      vertex 79.2154 17.7651 0
      vertex 79.2154 17.7651 2
    endloop
  endfacet
  facet normal 0.980825 0.194891 0
    outer loop
      vertex 79.2154 17.7651 0
      vertex 79.2613 17.5341 2
      vertex 79.2613 17.5341 0
    endloop
  endfacet
  facet normal 0.997858 0.0654194 0
    outer loop
      vertex 79.2154 17.7651 2
      vertex 79.2 18 0
      vertex 79.2 18 2
    endloop
  endfacet
  facet normal 0.997858 0.0654194 0
    outer loop
      vertex 79.2 18 0
      vertex 79.2154 17.7651 2
      vertex 79.2154 17.7651 0
    endloop
  endfacet
  facet normal -0.321575 0.946884 0
    outer loop
      vertex 81.6888 16.337 0
      vertex 81.4659 16.2613 2
      vertex 81.6888 16.337 2
    endloop
  endfacet
  facet normal -0.321575 0.946884 0
    outer loop
      vertex 81.4659 16.2613 2
      vertex 81.6888 16.337 0
      vertex 81.4659 16.2613 0
    endloop
  endfacet
  facet normal -0.659286 0.751892 0
    outer loop
      vertex 82.2728 16.7272 0
      vertex 82.0958 16.572 2
      vertex 82.2728 16.7272 2
    endloop
  endfacet
  facet normal -0.659286 0.751892 0
    outer loop
      vertex 82.0958 16.572 2
      vertex 82.2728 16.7272 0
      vertex 82.0958 16.572 0
    endloop
  endfacet
  facet normal -0.946884 0.321575 0
    outer loop
      vertex 82.663 17.3112 0
      vertex 82.7387 17.5341 2
      vertex 82.7387 17.5341 0
    endloop
  endfacet
  facet normal -0.946884 0.321575 0
    outer loop
      vertex 82.7387 17.5341 2
      vertex 82.663 17.3112 0
      vertex 82.663 17.3112 2
    endloop
  endfacet
  facet normal 0.321575 0.946884 -0
    outer loop
      vertex 80.5341 16.2613 0
      vertex 80.3112 16.337 2
      vertex 80.5341 16.2613 2
    endloop
  endfacet
  facet normal 0.321575 0.946884 0
    outer loop
      vertex 80.3112 16.337 2
      vertex 80.5341 16.2613 0
      vertex 80.3112 16.337 0
    endloop
  endfacet
  facet normal -0.0654194 0.997858 0
    outer loop
      vertex 81.2349 16.2154 0
      vertex 81 16.2 2
      vertex 81.2349 16.2154 2
    endloop
  endfacet
  facet normal -0.0654194 0.997858 0
    outer loop
      vertex 81 16.2 2
      vertex 81.2349 16.2154 0
      vertex 81 16.2 0
    endloop
  endfacet
  facet normal 0.751892 0.659286 0
    outer loop
      vertex 79.7272 16.7272 2
      vertex 79.572 16.9042 0
      vertex 79.572 16.9042 2
    endloop
  endfacet
  facet normal 0.751892 0.659286 0
    outer loop
      vertex 79.572 16.9042 0
      vertex 79.7272 16.7272 2
      vertex 79.7272 16.7272 0
    endloop
  endfacet
  facet normal 0.946884 0.321575 0
    outer loop
      vertex 79.337 17.3112 2
      vertex 79.2613 17.5341 0
      vertex 79.2613 17.5341 2
    endloop
  endfacet
  facet normal 0.946884 0.321575 0
    outer loop
      vertex 79.2613 17.5341 0
      vertex 79.337 17.3112 2
      vertex 79.337 17.3112 0
    endloop
  endfacet
  facet normal -0.997855 -0.0654566 0
    outer loop
      vertex 84.2 18 2
      vertex 84.1726 18.4177 3
      vertex 84.1726 18.4177 2
    endloop
  endfacet
  facet normal -0.997855 -0.0654566 0
    outer loop
      vertex 84.1726 18.4177 3
      vertex 84.2 18 2
      vertex 84.2 18 3
    endloop
  endfacet
  facet normal 0.0654566 -0.997855 0
    outer loop
      vertex 80.5823 21.1726 2
      vertex 81 21.2 3
      vertex 80.5823 21.1726 3
    endloop
  endfacet
  facet normal 0.0654566 -0.997855 0
    outer loop
      vertex 81 21.2 3
      vertex 80.5823 21.1726 2
      vertex 81 21.2 2
    endloop
  endfacet
  facet normal -0.0654566 0.997855 0
    outer loop
      vertex 81.4177 14.8274 2
      vertex 81 14.8 3
      vertex 81.4177 14.8274 3
    endloop
  endfacet
  facet normal -0.0654566 0.997855 0
    outer loop
      vertex 81 14.8 3
      vertex 81.4177 14.8274 2
      vertex 81 14.8 2
    endloop
  endfacet
  facet normal -0.751821 0.659367 0
    outer loop
      vertex 83.2627 15.7373 2
      vertex 83.5387 16.052 3
      vertex 83.5387 16.052 2
    endloop
  endfacet
  facet normal -0.751821 0.659367 0
    outer loop
      vertex 83.5387 16.052 3
      vertex 83.2627 15.7373 2
      vertex 83.2627 15.7373 3
    endloop
  endfacet
  facet normal -0.659367 -0.751821 0
    outer loop
      vertex 82.948 20.5387 2
      vertex 83.2627 20.2627 3
      vertex 82.948 20.5387 3
    endloop
  endfacet
  facet normal -0.659367 -0.751821 -0
    outer loop
      vertex 83.2627 20.2627 3
      vertex 82.948 20.5387 2
      vertex 83.2627 20.2627 2
    endloop
  endfacet
  facet normal 0.751821 -0.659367 0
    outer loop
      vertex 78.4613 19.948 3
      vertex 78.7373 20.2627 2
      vertex 78.7373 20.2627 3
    endloop
  endfacet
  facet normal 0.751821 -0.659367 0
    outer loop
      vertex 78.7373 20.2627 2
      vertex 78.4613 19.948 3
      vertex 78.4613 19.948 2
    endloop
  endfacet
  facet normal 0.442237 -0.896898 0
    outer loop
      vertex 79.4 20.7713 2
      vertex 79.7754 20.9564 3
      vertex 79.4 20.7713 3
    endloop
  endfacet
  facet normal 0.442237 -0.896898 0
    outer loop
      vertex 79.7754 20.9564 3
      vertex 79.4 20.7713 2
      vertex 79.7754 20.9564 2
    endloop
  endfacet
  facet normal -0.946901 0.321526 0
    outer loop
      vertex 83.9564 16.7754 2
      vertex 84.091 17.1718 3
      vertex 84.091 17.1718 2
    endloop
  endfacet
  facet normal -0.946901 0.321526 0
    outer loop
      vertex 84.091 17.1718 3
      vertex 83.9564 16.7754 2
      vertex 83.9564 16.7754 3
    endloop
  endfacet
  facet normal -0.896898 -0.442237 0
    outer loop
      vertex 83.9564 19.2246 2
      vertex 83.7713 19.6 3
      vertex 83.7713 19.6 2
    endloop
  endfacet
  facet normal -0.896898 -0.442237 0
    outer loop
      vertex 83.7713 19.6 3
      vertex 83.9564 19.2246 2
      vertex 83.9564 19.2246 3
    endloop
  endfacet
  facet normal -0.98081 -0.194967 0
    outer loop
      vertex 84.1726 18.4177 2
      vertex 84.091 18.8282 3
      vertex 84.091 18.8282 2
    endloop
  endfacet
  facet normal -0.98081 -0.194967 0
    outer loop
      vertex 84.091 18.8282 3
      vertex 84.1726 18.4177 2
      vertex 84.1726 18.4177 3
    endloop
  endfacet
  facet normal -0.831388 -0.555692 0
    outer loop
      vertex 83.7713 19.6 2
      vertex 83.5387 19.948 3
      vertex 83.5387 19.948 2
    endloop
  endfacet
  facet normal -0.831388 -0.555692 0
    outer loop
      vertex 83.5387 19.948 3
      vertex 83.7713 19.6 2
      vertex 83.7713 19.6 3
    endloop
  endfacet
  facet normal -0.321526 -0.946901 0
    outer loop
      vertex 81.8282 21.091 2
      vertex 82.2246 20.9564 3
      vertex 81.8282 21.091 3
    endloop
  endfacet
  facet normal -0.321526 -0.946901 -0
    outer loop
      vertex 82.2246 20.9564 3
      vertex 81.8282 21.091 2
      vertex 82.2246 20.9564 2
    endloop
  endfacet
  facet normal -0.555692 -0.831388 0
    outer loop
      vertex 82.6 20.7713 2
      vertex 82.948 20.5387 3
      vertex 82.6 20.7713 3
    endloop
  endfacet
  facet normal -0.555692 -0.831388 -0
    outer loop
      vertex 82.948 20.5387 3
      vertex 82.6 20.7713 2
      vertex 82.948 20.5387 2
    endloop
  endfacet
  facet normal 0.946901 -0.321526 0
    outer loop
      vertex 77.909 18.8282 3
      vertex 78.0436 19.2246 2
      vertex 78.0436 19.2246 3
    endloop
  endfacet
  facet normal 0.946901 -0.321526 0
    outer loop
      vertex 78.0436 19.2246 2
      vertex 77.909 18.8282 3
      vertex 77.909 18.8282 2
    endloop
  endfacet
  facet normal 0 0 1
    outer loop
      vertex 82.8 18 2
      vertex 84.2 18 2
      vertex 84.1726 18.4177 2
    endloop
  endfacet
  facet normal 0 0 1
    outer loop
      vertex 82.7846 18.2349 2
      vertex 84.1726 18.4177 2
      vertex 84.091 18.8282 2
    endloop
  endfacet
  facet normal 0 0 1
    outer loop
      vertex 84.2 18 2
      vertex 82.8 18 2
      vertex 84.1726 17.5823 2
    endloop
  endfacet
  facet normal 0 0 1
    outer loop
      vertex 82.7387 18.4659 2
      vertex 84.091 18.8282 2
      vertex 83.9564 19.2246 2
    endloop
  endfacet
  facet normal -0 0 1
    outer loop
      vertex 82.7846 17.7651 2
      vertex 84.1726 17.5823 2
      vertex 82.8 18 2
    endloop
  endfacet
  facet normal 0 0 1
    outer loop
      vertex 82.663 18.6888 2
      vertex 83.9564 19.2246 2
      vertex 83.7713 19.6 2
    endloop
  endfacet
  facet normal 0 0 1
    outer loop
      vertex 84.1726 17.5823 2
      vertex 82.7846 17.7651 2
      vertex 84.091 17.1718 2
    endloop
  endfacet
  facet normal 0 0 1
    outer loop
      vertex 82.5588 18.9 2
      vertex 83.7713 19.6 2
      vertex 83.5387 19.948 2
    endloop
  endfacet
  facet normal -0 0 1
    outer loop
      vertex 82.7387 17.5341 2
      vertex 84.091 17.1718 2
      vertex 82.7846 17.7651 2
    endloop
  endfacet
  facet normal 0 0 1
    outer loop
      vertex 82.428 19.0958 2
      vertex 83.5387 19.948 2
      vertex 83.2627 20.2627 2
    endloop
  endfacet
  facet normal 0 0 1
    outer loop
      vertex 84.091 17.1718 2
      vertex 82.7387 17.5341 2
      vertex 83.9564 16.7754 2
    endloop
  endfacet
  facet normal 0 0 1
    outer loop
      vertex 82.2728 19.2728 2
      vertex 83.2627 20.2627 2
      vertex 82.948 20.5387 2
    endloop
  endfacet
  facet normal -0 0 1
    outer loop
      vertex 82.663 17.3112 2
      vertex 83.9564 16.7754 2
      vertex 82.7387 17.5341 2
    endloop
  endfacet
  facet normal 0 0 1
    outer loop
      vertex 83.9564 16.7754 2
      vertex 82.663 17.3112 2
      vertex 83.7713 16.4 2
    endloop
  endfacet
  facet normal 0 0 1
    outer loop
      vertex 84.1726 18.4177 2
      vertex 82.7846 18.2349 2
      vertex 82.8 18 2
    endloop
  endfacet
  facet normal 0 0 1
    outer loop
      vertex 84.091 18.8282 2
      vertex 82.7387 18.4659 2
      vertex 82.7846 18.2349 2
    endloop
  endfacet
  facet normal 0 0 1
    outer loop
      vertex 83.9564 19.2246 2
      vertex 82.663 18.6888 2
      vertex 82.7387 18.4659 2
    endloop
  endfacet
  facet normal 0 0 1
    outer loop
      vertex 82.0958 19.428 2
      vertex 82.948 20.5387 2
      vertex 82.6 20.7713 2
    endloop
  endfacet
  facet normal 0 0 1
    outer loop
      vertex 83.7713 19.6 2
      vertex 82.5588 18.9 2
      vertex 82.663 18.6888 2
    endloop
  endfacet
  facet normal 0 0 1
    outer loop
      vertex 83.5387 19.948 2
      vertex 82.428 19.0958 2
      vertex 82.5588 18.9 2
    endloop
  endfacet
  facet normal 0 0 1
    outer loop
      vertex 83.2627 20.2627 2
      vertex 82.2728 19.2728 2
      vertex 82.428 19.0958 2
    endloop
  endfacet
  facet normal 0 0 1
    outer loop
      vertex 81.9 19.5588 2
      vertex 82.6 20.7713 2
      vertex 82.2246 20.9564 2
    endloop
  endfacet
  facet normal 0 0 1
    outer loop
      vertex 82.948 20.5387 2
      vertex 82.0958 19.428 2
      vertex 82.2728 19.2728 2
    endloop
  endfacet
  facet normal 0 0 1
    outer loop
      vertex 82.6 20.7713 2
      vertex 81.9 19.5588 2
      vertex 82.0958 19.428 2
    endloop
  endfacet
  facet normal 0 0 1
    outer loop
      vertex 81.6888 19.663 2
      vertex 82.2246 20.9564 2
      vertex 81.8282 21.091 2
    endloop
  endfacet
  facet normal 0 0 1
    outer loop
      vertex 82.2246 20.9564 2
      vertex 81.6888 19.663 2
      vertex 81.9 19.5588 2
    endloop
  endfacet
  facet normal 0 0 1
    outer loop
      vertex 81.8282 21.091 2
      vertex 81.4659 19.7387 2
      vertex 81.6888 19.663 2
    endloop
  endfacet
  facet normal 0 0 1
    outer loop
      vertex 81.4177 21.1726 2
      vertex 81.4659 19.7387 2
      vertex 81.8282 21.091 2
    endloop
  endfacet
  facet normal 0 0 1
    outer loop
      vertex 81.4177 21.1726 2
      vertex 81.2349 19.7846 2
      vertex 81.4659 19.7387 2
    endloop
  endfacet
  facet normal 0 0 1
    outer loop
      vertex 81 21.2 2
      vertex 81.2349 19.7846 2
      vertex 81.4177 21.1726 2
    endloop
  endfacet
  facet normal 0 0 1
    outer loop
      vertex 81 21.2 2
      vertex 81 19.8 2
      vertex 81.2349 19.7846 2
    endloop
  endfacet
  facet normal 0 0 1
    outer loop
      vertex 81 21.2 2
      vertex 80.7651 19.7846 2
      vertex 81 19.8 2
    endloop
  endfacet
  facet normal -0 0 1
    outer loop
      vertex 80.5823 21.1726 2
      vertex 80.7651 19.7846 2
      vertex 81 21.2 2
    endloop
  endfacet
  facet normal 0 0 1
    outer loop
      vertex 80.5823 21.1726 2
      vertex 80.5341 19.7387 2
      vertex 80.7651 19.7846 2
    endloop
  endfacet
  facet normal -0 0 1
    outer loop
      vertex 80.1718 21.091 2
      vertex 80.5341 19.7387 2
      vertex 80.5823 21.1726 2
    endloop
  endfacet
  facet normal 0 0 1
    outer loop
      vertex 80.5341 19.7387 2
      vertex 80.1718 21.091 2
      vertex 80.3112 19.663 2
    endloop
  endfacet
  facet normal -0 0 1
    outer loop
      vertex 79.7754 20.9564 2
      vertex 80.3112 19.663 2
      vertex 80.1718 21.091 2
    endloop
  endfacet
  facet normal 0 0 1
    outer loop
      vertex 80.3112 19.663 2
      vertex 79.7754 20.9564 2
      vertex 80.1 19.5588 2
    endloop
  endfacet
  facet normal -0 0 1
    outer loop
      vertex 79.4 20.7713 2
      vertex 80.1 19.5588 2
      vertex 79.7754 20.9564 2
    endloop
  endfacet
  facet normal 0 0 1
    outer loop
      vertex 80.1 19.5588 2
      vertex 79.4 20.7713 2
      vertex 79.9042 19.428 2
    endloop
  endfacet
  facet normal -0 0 1
    outer loop
      vertex 79.052 20.5387 2
      vertex 79.9042 19.428 2
      vertex 79.4 20.7713 2
    endloop
  endfacet
  facet normal 0 0 1
    outer loop
      vertex 79.9042 19.428 2
      vertex 79.052 20.5387 2
      vertex 79.7272 19.2728 2
    endloop
  endfacet
  facet normal -0 0 1
    outer loop
      vertex 78.7373 20.2627 2
      vertex 79.7272 19.2728 2
      vertex 79.052 20.5387 2
    endloop
  endfacet
  facet normal 0 0 1
    outer loop
      vertex 79.7272 19.2728 2
      vertex 78.7373 20.2627 2
      vertex 79.572 19.0958 2
    endloop
  endfacet
  facet normal -0 0 1
    outer loop
      vertex 78.4613 19.948 2
      vertex 79.572 19.0958 2
      vertex 78.7373 20.2627 2
    endloop
  endfacet
  facet normal 0 0 1
    outer loop
      vertex 79.572 19.0958 2
      vertex 78.4613 19.948 2
      vertex 79.4412 18.9 2
    endloop
  endfacet
  facet normal 0 0 1
    outer loop
      vertex 79.4412 18.9 2
      vertex 78.2287 19.6 2
      vertex 79.337 18.6888 2
    endloop
  endfacet
  facet normal -0 0 1
    outer loop
      vertex 78.2287 19.6 2
      vertex 79.4412 18.9 2
      vertex 78.4613 19.948 2
    endloop
  endfacet
  facet normal -0 0 1
    outer loop
      vertex 82.5588 17.1 2
      vertex 83.7713 16.4 2
      vertex 82.663 17.3112 2
    endloop
  endfacet
  facet normal 0 0 1
    outer loop
      vertex 83.7713 16.4 2
      vertex 82.5588 17.1 2
      vertex 83.5387 16.052 2
    endloop
  endfacet
  facet normal -0 0 1
    outer loop
      vertex 82.428 16.9042 2
      vertex 83.5387 16.052 2
      vertex 82.5588 17.1 2
    endloop
  endfacet
  facet normal 0 0 1
    outer loop
      vertex 83.5387 16.052 2
      vertex 82.428 16.9042 2
      vertex 83.2627 15.7373 2
    endloop
  endfacet
  facet normal -0 0 1
    outer loop
      vertex 82.2728 16.7272 2
      vertex 83.2627 15.7373 2
      vertex 82.428 16.9042 2
    endloop
  endfacet
  facet normal 0 0 1
    outer loop
      vertex 83.2627 15.7373 2
      vertex 82.2728 16.7272 2
      vertex 82.948 15.4613 2
    endloop
  endfacet
  facet normal -0 0 1
    outer loop
      vertex 82.0958 16.572 2
      vertex 82.948 15.4613 2
      vertex 82.2728 16.7272 2
    endloop
  endfacet
  facet normal 0 0 1
    outer loop
      vertex 82.948 15.4613 2
      vertex 82.0958 16.572 2
      vertex 82.6 15.2287 2
    endloop
  endfacet
  facet normal -0 0 1
    outer loop
      vertex 81.9 16.4412 2
      vertex 82.6 15.2287 2
      vertex 82.0958 16.572 2
    endloop
  endfacet
  facet normal 0 0 1
    outer loop
      vertex 82.6 15.2287 2
      vertex 81.9 16.4412 2
      vertex 82.2246 15.0436 2
    endloop
  endfacet
  facet normal -0 0 1
    outer loop
      vertex 81.6888 16.337 2
      vertex 82.2246 15.0436 2
      vertex 81.9 16.4412 2
    endloop
  endfacet
  facet normal 0 0 1
    outer loop
      vertex 82.2246 15.0436 2
      vertex 81.6888 16.337 2
      vertex 81.8282 14.909 2
    endloop
  endfacet
  facet normal -0 0 1
    outer loop
      vertex 81.4659 16.2613 2
      vertex 81.8282 14.909 2
      vertex 81.6888 16.337 2
    endloop
  endfacet
  facet normal 0 0 1
    outer loop
      vertex 81.4659 16.2613 2
      vertex 81.4177 14.8274 2
      vertex 81.8282 14.909 2
    endloop
  endfacet
  facet normal -0 0 1
    outer loop
      vertex 81.2349 16.2154 2
      vertex 81.4177 14.8274 2
      vertex 81.4659 16.2613 2
    endloop
  endfacet
  facet normal -0 0 1
    outer loop
      vertex 81 16.2 2
      vertex 81.4177 14.8274 2
      vertex 81.2349 16.2154 2
    endloop
  endfacet
  facet normal 0 0 1
    outer loop
      vertex 81 16.2 2
      vertex 81 14.8 2
      vertex 81.4177 14.8274 2
    endloop
  endfacet
  facet normal 0 0 1
    outer loop
      vertex 80.7651 16.2154 2
      vertex 81 14.8 2
      vertex 81 16.2 2
    endloop
  endfacet
  facet normal 0 0 1
    outer loop
      vertex 80.7651 16.2154 2
      vertex 80.5823 14.8274 2
      vertex 81 14.8 2
    endloop
  endfacet
  facet normal 0 0 1
    outer loop
      vertex 80.5341 16.2613 2
      vertex 80.5823 14.8274 2
      vertex 80.7651 16.2154 2
    endloop
  endfacet
  facet normal 0 0 1
    outer loop
      vertex 80.1718 14.909 2
      vertex 80.5341 16.2613 2
      vertex 80.3112 16.337 2
    endloop
  endfacet
  facet normal 0 0 1
    outer loop
      vertex 80.5341 16.2613 2
      vertex 80.1718 14.909 2
      vertex 80.5823 14.8274 2
    endloop
  endfacet
  facet normal 0 0 1
    outer loop
      vertex 79.7754 15.0436 2
      vertex 80.3112 16.337 2
      vertex 80.1 16.4412 2
    endloop
  endfacet
  facet normal 0 0 1
    outer loop
      vertex 79.4 15.2287 2
      vertex 80.1 16.4412 2
      vertex 79.9042 16.572 2
    endloop
  endfacet
  facet normal 0 0 1
    outer loop
      vertex 80.3112 16.337 2
      vertex 79.7754 15.0436 2
      vertex 80.1718 14.909 2
    endloop
  endfacet
  facet normal 0 0 1
    outer loop
      vertex 79.052 15.4613 2
      vertex 79.9042 16.572 2
      vertex 79.7272 16.7272 2
    endloop
  endfacet
  facet normal 0 0 1
    outer loop
      vertex 78.7373 15.7373 2
      vertex 79.7272 16.7272 2
      vertex 79.572 16.9042 2
    endloop
  endfacet
  facet normal 0 0 1
    outer loop
      vertex 78.4613 16.052 2
      vertex 79.572 16.9042 2
      vertex 79.4412 17.1 2
    endloop
  endfacet
  facet normal 0 0 1
    outer loop
      vertex 80.1 16.4412 2
      vertex 79.4 15.2287 2
      vertex 79.7754 15.0436 2
    endloop
  endfacet
  facet normal 0 0 1
    outer loop
      vertex 78.2287 16.4 2
      vertex 79.4412 17.1 2
      vertex 79.337 17.3112 2
    endloop
  endfacet
  facet normal 0 0 1
    outer loop
      vertex 78.0436 16.7754 2
      vertex 79.337 17.3112 2
      vertex 79.2613 17.5341 2
    endloop
  endfacet
  facet normal 0 0 1
    outer loop
      vertex 77.909 17.1718 2
      vertex 79.2613 17.5341 2
      vertex 79.2154 17.7651 2
    endloop
  endfacet
  facet normal 0 0 1
    outer loop
      vertex 79.9042 16.572 2
      vertex 79.052 15.4613 2
      vertex 79.4 15.2287 2
    endloop
  endfacet
  facet normal 0 0 1
    outer loop
      vertex 77.8274 17.5823 2
      vertex 79.2154 17.7651 2
      vertex 79.2 18 2
    endloop
  endfacet
  facet normal -0 0 1
    outer loop
      vertex 78.0436 19.2246 2
      vertex 79.337 18.6888 2
      vertex 78.2287 19.6 2
    endloop
  endfacet
  facet normal 0 0 1
    outer loop
      vertex 79.337 18.6888 2
      vertex 78.0436 19.2246 2
      vertex 79.2613 18.4659 2
    endloop
  endfacet
  facet normal 0 0 1
    outer loop
      vertex 79.7272 16.7272 2
      vertex 78.7373 15.7373 2
      vertex 79.052 15.4613 2
    endloop
  endfacet
  facet normal -0 0 1
    outer loop
      vertex 77.909 18.8282 2
      vertex 79.2613 18.4659 2
      vertex 78.0436 19.2246 2
    endloop
  endfacet
  facet normal 0 0 1
    outer loop
      vertex 79.572 16.9042 2
      vertex 78.4613 16.052 2
      vertex 78.7373 15.7373 2
    endloop
  endfacet
  facet normal 0 0 1
    outer loop
      vertex 79.2613 18.4659 2
      vertex 77.909 18.8282 2
      vertex 79.2154 18.2349 2
    endloop
  endfacet
  facet normal 0 0 1
    outer loop
      vertex 79.4412 17.1 2
      vertex 78.2287 16.4 2
      vertex 78.4613 16.052 2
    endloop
  endfacet
  facet normal -0 0 1
    outer loop
      vertex 77.8274 18.4177 2
      vertex 79.2154 18.2349 2
      vertex 77.909 18.8282 2
    endloop
  endfacet
  facet normal 0 0 1
    outer loop
      vertex 79.337 17.3112 2
      vertex 78.0436 16.7754 2
      vertex 78.2287 16.4 2
    endloop
  endfacet
  facet normal 0 0 1
    outer loop
      vertex 79.2154 18.2349 2
      vertex 77.8274 18.4177 2
      vertex 79.2 18 2
    endloop
  endfacet
  facet normal 0 0 1
    outer loop
      vertex 79.2613 17.5341 2
      vertex 77.909 17.1718 2
      vertex 78.0436 16.7754 2
    endloop
  endfacet
  facet normal 0 0 1
    outer loop
      vertex 77.8 18 2
      vertex 79.2 18 2
      vertex 77.8274 18.4177 2
    endloop
  endfacet
  facet normal 0 0 1
    outer loop
      vertex 79.2154 17.7651 2
      vertex 77.8274 17.5823 2
      vertex 77.909 17.1718 2
    endloop
  endfacet
  facet normal 0 0 1
    outer loop
      vertex 79.2 18 2
      vertex 77.8 18 2
      vertex 77.8274 17.5823 2
    endloop
  endfacet
  facet normal 0.831388 -0.555692 0
    outer loop
      vertex 78.2287 19.6 3
      vertex 78.4613 19.948 2
      vertex 78.4613 19.948 3
    endloop
  endfacet
  facet normal 0.831388 -0.555692 0
    outer loop
      vertex 78.4613 19.948 2
      vertex 78.2287 19.6 3
      vertex 78.2287 19.6 2
    endloop
  endfacet
  facet normal 0.555692 -0.831388 0
    outer loop
      vertex 79.052 20.5387 2
      vertex 79.4 20.7713 3
      vertex 79.052 20.5387 3
    endloop
  endfacet
  facet normal 0.555692 -0.831388 0
    outer loop
      vertex 79.4 20.7713 3
      vertex 79.052 20.5387 2
      vertex 79.4 20.7713 2
    endloop
  endfacet
  facet normal 0.194967 -0.98081 0
    outer loop
      vertex 80.1718 21.091 2
      vertex 80.5823 21.1726 3
      vertex 80.1718 21.091 3
    endloop
  endfacet
  facet normal 0.194967 -0.98081 0
    outer loop
      vertex 80.5823 21.1726 3
      vertex 80.1718 21.091 2
      vertex 80.5823 21.1726 2
    endloop
  endfacet
  facet normal -0.442237 0.896898 0
    outer loop
      vertex 82.6 15.2287 2
      vertex 82.2246 15.0436 3
      vertex 82.6 15.2287 3
    endloop
  endfacet
  facet normal -0.442237 0.896898 0
    outer loop
      vertex 82.2246 15.0436 3
      vertex 82.6 15.2287 2
      vertex 82.2246 15.0436 2
    endloop
  endfacet
  facet normal -0.946901 -0.321526 0
    outer loop
      vertex 84.091 18.8282 2
      vertex 83.9564 19.2246 3
      vertex 83.9564 19.2246 2
    endloop
  endfacet
  facet normal -0.946901 -0.321526 0
    outer loop
      vertex 83.9564 19.2246 3
      vertex 84.091 18.8282 2
      vertex 84.091 18.8282 3
    endloop
  endfacet
  facet normal -0.751821 -0.659367 0
    outer loop
      vertex 83.5387 19.948 2
      vertex 83.2627 20.2627 3
      vertex 83.2627 20.2627 2
    endloop
  endfacet
  facet normal -0.751821 -0.659367 0
    outer loop
      vertex 83.2627 20.2627 3
      vertex 83.5387 19.948 2
      vertex 83.5387 19.948 3
    endloop
  endfacet
  facet normal -0.194967 -0.98081 0
    outer loop
      vertex 81.4177 21.1726 2
      vertex 81.8282 21.091 3
      vertex 81.4177 21.1726 3
    endloop
  endfacet
  facet normal -0.194967 -0.98081 -0
    outer loop
      vertex 81.8282 21.091 3
      vertex 81.4177 21.1726 2
      vertex 81.8282 21.091 2
    endloop
  endfacet
  facet normal -0.0654566 -0.997855 0
    outer loop
      vertex 81 21.2 2
      vertex 81.4177 21.1726 3
      vertex 81 21.2 3
    endloop
  endfacet
  facet normal -0.0654566 -0.997855 -0
    outer loop
      vertex 81.4177 21.1726 3
      vertex 81 21.2 2
      vertex 81.4177 21.1726 2
    endloop
  endfacet
  facet normal -0.442237 -0.896898 0
    outer loop
      vertex 82.2246 20.9564 2
      vertex 82.6 20.7713 3
      vertex 82.2246 20.9564 3
    endloop
  endfacet
  facet normal -0.442237 -0.896898 -0
    outer loop
      vertex 82.6 20.7713 3
      vertex 82.2246 20.9564 2
      vertex 82.6 20.7713 2
    endloop
  endfacet
  facet normal 0.896898 -0.442237 0
    outer loop
      vertex 78.0436 19.2246 3
      vertex 78.2287 19.6 2
      vertex 78.2287 19.6 3
    endloop
  endfacet
  facet normal 0.896898 -0.442237 0
    outer loop
      vertex 78.2287 19.6 2
      vertex 78.0436 19.2246 3
      vertex 78.0436 19.2246 2
    endloop
  endfacet
  facet normal 0.98081 -0.194967 0
    outer loop
      vertex 77.8274 18.4177 3
      vertex 77.909 18.8282 2
      vertex 77.909 18.8282 3
    endloop
  endfacet
  facet normal 0.98081 -0.194967 0
    outer loop
      vertex 77.909 18.8282 2
      vertex 77.8274 18.4177 3
      vertex 77.8274 18.4177 2
    endloop
  endfacet
  facet normal 0.997855 -0.0654566 0
    outer loop
      vertex 77.8 18 3
      vertex 77.8274 18.4177 2
      vertex 77.8274 18.4177 3
    endloop
  endfacet
  facet normal 0.997855 -0.0654566 0
    outer loop
      vertex 77.8274 18.4177 2
      vertex 77.8 18 3
      vertex 77.8 18 2
    endloop
  endfacet
  facet normal 0.997855 0.0654566 0
    outer loop
      vertex 77.8274 17.5823 3
      vertex 77.8 18 2
      vertex 77.8 18 3
    endloop
  endfacet
  facet normal 0.997855 0.0654566 0
    outer loop
      vertex 77.8 18 2
      vertex 77.8274 17.5823 3
      vertex 77.8274 17.5823 2
    endloop
  endfacet
  facet normal 0.659367 -0.751821 0
    outer loop
      vertex 78.7373 20.2627 2
      vertex 79.052 20.5387 3
      vertex 78.7373 20.2627 3
    endloop
  endfacet
  facet normal 0.659367 -0.751821 0
    outer loop
      vertex 79.052 20.5387 3
      vertex 78.7373 20.2627 2
      vertex 79.052 20.5387 2
    endloop
  endfacet
  facet normal 0.321526 -0.946901 0
    outer loop
      vertex 79.7754 20.9564 2
      vertex 80.1718 21.091 3
      vertex 79.7754 20.9564 3
    endloop
  endfacet
  facet normal 0.321526 -0.946901 0
    outer loop
      vertex 80.1718 21.091 3
      vertex 79.7754 20.9564 2
      vertex 80.1718 21.091 2
    endloop
  endfacet
  facet normal -0.997855 0.0654566 0
    outer loop
      vertex 84.1726 17.5823 2
      vertex 84.2 18 3
      vertex 84.2 18 2
    endloop
  endfacet
  facet normal -0.997855 0.0654566 0
    outer loop
      vertex 84.2 18 3
      vertex 84.1726 17.5823 2
      vertex 84.1726 17.5823 3
    endloop
  endfacet
  facet normal -0.831388 0.555692 0
    outer loop
      vertex 83.5387 16.052 2
      vertex 83.7713 16.4 3
      vertex 83.7713 16.4 2
    endloop
  endfacet
  facet normal -0.831388 0.555692 0
    outer loop
      vertex 83.7713 16.4 3
      vertex 83.5387 16.052 2
      vertex 83.5387 16.052 3
    endloop
  endfacet
  facet normal -0.98081 0.194967 0
    outer loop
      vertex 84.091 17.1718 2
      vertex 84.1726 17.5823 3
      vertex 84.1726 17.5823 2
    endloop
  endfacet
  facet normal -0.98081 0.194967 0
    outer loop
      vertex 84.1726 17.5823 3
      vertex 84.091 17.1718 2
      vertex 84.091 17.1718 3
    endloop
  endfacet
  facet normal 0.555692 0.831388 -0
    outer loop
      vertex 79.4 15.2287 2
      vertex 79.052 15.4613 3
      vertex 79.4 15.2287 3
    endloop
  endfacet
  facet normal 0.555692 0.831388 0
    outer loop
      vertex 79.052 15.4613 3
      vertex 79.4 15.2287 2
      vertex 79.052 15.4613 2
    endloop
  endfacet
  facet normal 0.831388 0.555692 0
    outer loop
      vertex 78.4613 16.052 3
      vertex 78.2287 16.4 2
      vertex 78.2287 16.4 3
    endloop
  endfacet
  facet normal 0.831388 0.555692 0
    outer loop
      vertex 78.2287 16.4 2
      vertex 78.4613 16.052 3
      vertex 78.4613 16.052 2
    endloop
  endfacet
  facet normal 0.751821 0.659367 0
    outer loop
      vertex 78.7373 15.7373 3
      vertex 78.4613 16.052 2
      vertex 78.4613 16.052 3
    endloop
  endfacet
  facet normal 0.751821 0.659367 0
    outer loop
      vertex 78.4613 16.052 2
      vertex 78.7373 15.7373 3
      vertex 78.7373 15.7373 2
    endloop
  endfacet
  facet normal -0.555692 0.831388 0
    outer loop
      vertex 82.948 15.4613 2
      vertex 82.6 15.2287 3
      vertex 82.948 15.4613 3
    endloop
  endfacet
  facet normal -0.555692 0.831388 0
    outer loop
      vertex 82.6 15.2287 3
      vertex 82.948 15.4613 2
      vertex 82.6 15.2287 2
    endloop
  endfacet
  facet normal -0.896898 0.442237 0
    outer loop
      vertex 83.7713 16.4 2
      vertex 83.9564 16.7754 3
      vertex 83.9564 16.7754 2
    endloop
  endfacet
  facet normal -0.896898 0.442237 0
    outer loop
      vertex 83.9564 16.7754 3
      vertex 83.7713 16.4 2
      vertex 83.7713 16.4 3
    endloop
  endfacet
  facet normal 0.194967 0.98081 -0
    outer loop
      vertex 80.5823 14.8274 2
      vertex 80.1718 14.909 3
      vertex 80.5823 14.8274 3
    endloop
  endfacet
  facet normal 0.194967 0.98081 0
    outer loop
      vertex 80.1718 14.909 3
      vertex 80.5823 14.8274 2
      vertex 80.1718 14.909 2
    endloop
  endfacet
  facet normal 0.321526 0.946901 -0
    outer loop
      vertex 80.1718 14.909 2
      vertex 79.7754 15.0436 3
      vertex 80.1718 14.909 3
    endloop
  endfacet
  facet normal 0.321526 0.946901 0
    outer loop
      vertex 79.7754 15.0436 3
      vertex 80.1718 14.909 2
      vertex 79.7754 15.0436 2
    endloop
  endfacet
  facet normal 0.659367 0.751821 -0
    outer loop
      vertex 79.052 15.4613 2
      vertex 78.7373 15.7373 3
      vertex 79.052 15.4613 3
    endloop
  endfacet
  facet normal 0.659367 0.751821 0
    outer loop
      vertex 78.7373 15.7373 3
      vertex 79.052 15.4613 2
      vertex 78.7373 15.7373 2
    endloop
  endfacet
  facet normal 0.946901 0.321526 0
    outer loop
      vertex 78.0436 16.7754 3
      vertex 77.909 17.1718 2
      vertex 77.909 17.1718 3
    endloop
  endfacet
  facet normal 0.946901 0.321526 0
    outer loop
      vertex 77.909 17.1718 2
      vertex 78.0436 16.7754 3
      vertex 78.0436 16.7754 2
    endloop
  endfacet
  facet normal 0.98081 0.194967 0
    outer loop
      vertex 77.909 17.1718 3
      vertex 77.8274 17.5823 2
      vertex 77.8274 17.5823 3
    endloop
  endfacet
  facet normal 0.98081 0.194967 0
    outer loop
      vertex 77.8274 17.5823 2
      vertex 77.909 17.1718 3
      vertex 77.909 17.1718 2
    endloop
  endfacet
  facet normal 0.896898 0.442237 0
    outer loop
      vertex 78.2287 16.4 3
      vertex 78.0436 16.7754 2
      vertex 78.0436 16.7754 3
    endloop
  endfacet
  facet normal 0.896898 0.442237 0
    outer loop
      vertex 78.0436 16.7754 2
      vertex 78.2287 16.4 3
      vertex 78.2287 16.4 2
    endloop
  endfacet
  facet normal -0.659367 0.751821 0
    outer loop
      vertex 83.2627 15.7373 2
      vertex 82.948 15.4613 3
      vertex 83.2627 15.7373 3
    endloop
  endfacet
  facet normal -0.659367 0.751821 0
    outer loop
      vertex 82.948 15.4613 3
      vertex 83.2627 15.7373 2
      vertex 82.948 15.4613 2
    endloop
  endfacet
  facet normal -0.321526 0.946901 0
    outer loop
      vertex 82.2246 15.0436 2
      vertex 81.8282 14.909 3
      vertex 82.2246 15.0436 3
    endloop
  endfacet
  facet normal -0.321526 0.946901 0
    outer loop
      vertex 81.8282 14.909 3
      vertex 82.2246 15.0436 2
      vertex 81.8282 14.909 2
    endloop
  endfacet
  facet normal -0.194967 0.98081 0
    outer loop
      vertex 81.8282 14.909 2
      vertex 81.4177 14.8274 3
      vertex 81.8282 14.909 3
    endloop
  endfacet
  facet normal -0.194967 0.98081 0
    outer loop
      vertex 81.4177 14.8274 3
      vertex 81.8282 14.909 2
      vertex 81.4177 14.8274 2
    endloop
  endfacet
  facet normal 0.0654566 0.997855 -0
    outer loop
      vertex 81 14.8 2
      vertex 80.5823 14.8274 3
      vertex 81 14.8 3
    endloop
  endfacet
  facet normal 0.0654566 0.997855 0
    outer loop
      vertex 80.5823 14.8274 3
      vertex 81 14.8 2
      vertex 80.5823 14.8274 2
    endloop
  endfacet
  facet normal 0.442237 0.896898 -0
    outer loop
      vertex 79.7754 15.0436 2
      vertex 79.4 15.2287 3
      vertex 79.7754 15.0436 3
    endloop
  endfacet
  facet normal 0.442237 0.896898 0
    outer loop
      vertex 79.4 15.2287 3
      vertex 79.7754 15.0436 2
      vertex 79.4 15.2287 2
    endloop
  endfacet
  facet normal -0.997858 -0.0654194 0
    outer loop
      vertex 10.8 92 0
      vertex 10.7846 92.2349 2
      vertex 10.7846 92.2349 0
    endloop
  endfacet
  facet normal -0.997858 -0.0654194 0
    outer loop
      vertex 10.7846 92.2349 2
      vertex 10.8 92 0
      vertex 10.8 92 2
    endloop
  endfacet
  facet normal 0.0654055 -0.997859 0
    outer loop
      vertex 8.76505 93.7846 0
      vertex 9 93.8 2
      vertex 8.76505 93.7846 2
    endloop
  endfacet
  facet normal 0.0654055 -0.997859 0
    outer loop
      vertex 9 93.8 2
      vertex 8.76505 93.7846 0
      vertex 9 93.8 0
    endloop
  endfacet
  facet normal -0.659286 -0.751892 0
    outer loop
      vertex 10.0958 93.428 0
      vertex 10.2728 93.2728 2
      vertex 10.0958 93.428 2
    endloop
  endfacet
  facet normal -0.659286 -0.751892 -0
    outer loop
      vertex 10.2728 93.2728 2
      vertex 10.0958 93.428 0
      vertex 10.2728 93.2728 0
    endloop
  endfacet
  facet normal 0.751787 -0.659406 0
    outer loop
      vertex 7.57196 93.0958 2
      vertex 7.72721 93.2728 0
      vertex 7.72721 93.2728 2
    endloop
  endfacet
  facet normal 0.751787 -0.659406 0
    outer loop
      vertex 7.72721 93.2728 0
      vertex 7.57196 93.0958 2
      vertex 7.57196 93.0958 0
    endloop
  endfacet
  facet normal 0.442502 -0.896767 0
    outer loop
      vertex 8.1 93.5588 0
      vertex 8.31117 93.663 2
      vertex 8.1 93.5588 2
    endloop
  endfacet
  facet normal 0.442502 -0.896767 0
    outer loop
      vertex 8.31117 93.663 2
      vertex 8.1 93.5588 0
      vertex 8.31117 93.663 0
    endloop
  endfacet
  facet normal -0.896792 -0.442452 0
    outer loop
      vertex 10.663 92.6888 0
      vertex 10.5588 92.9 2
      vertex 10.5588 92.9 0
    endloop
  endfacet
  facet normal -0.896792 -0.442452 0
    outer loop
      vertex 10.5588 92.9 2
      vertex 10.663 92.6888 0
      vertex 10.663 92.6888 2
    endloop
  endfacet
  facet normal -0.321498 -0.94691 0
    outer loop
      vertex 9.46587 93.7387 0
      vertex 9.68883 93.663 2
      vertex 9.46587 93.7387 2
    endloop
  endfacet
  facet normal -0.321498 -0.94691 -0
    outer loop
      vertex 9.68883 93.663 2
      vertex 9.46587 93.7387 0
      vertex 9.68883 93.663 0
    endloop
  endfacet
  facet normal -0.194956 -0.980812 0
    outer loop
      vertex 9.23495 93.7846 0
      vertex 9.46587 93.7387 2
      vertex 9.23495 93.7846 2
    endloop
  endfacet
  facet normal -0.194956 -0.980812 -0
    outer loop
      vertex 9.46587 93.7387 2
      vertex 9.23495 93.7846 0
      vertex 9.46587 93.7387 0
    endloop
  endfacet
  facet normal -0.555484 -0.831527 0
    outer loop
      vertex 9.9 93.5588 0
      vertex 10.0958 93.428 2
      vertex 9.9 93.5588 2
    endloop
  endfacet
  facet normal -0.555484 -0.831527 -0
    outer loop
      vertex 10.0958 93.428 2
      vertex 9.9 93.5588 0
      vertex 10.0958 93.428 0
    endloop
  endfacet
  facet normal 0.946897 -0.321537 0
    outer loop
      vertex 7.26133 92.4659 2
      vertex 7.33702 92.6888 0
      vertex 7.33702 92.6888 2
    endloop
  endfacet
  facet normal 0.946897 -0.321537 0
    outer loop
      vertex 7.33702 92.6888 0
      vertex 7.26133 92.4659 2
      vertex 7.26133 92.4659 0
    endloop
  endfacet
  facet normal 0.831508 -0.555513 0
    outer loop
      vertex 7.44115 92.9 2
      vertex 7.57196 93.0958 0
      vertex 7.57196 93.0958 2
    endloop
  endfacet
  facet normal 0.831508 -0.555513 0
    outer loop
      vertex 7.57196 93.0958 0
      vertex 7.44115 92.9 2
      vertex 7.44115 92.9 0
    endloop
  endfacet
  facet normal 0.980801 -0.195014 0
    outer loop
      vertex 7.2154 92.2349 2
      vertex 7.26133 92.4659 0
      vertex 7.26133 92.4659 2
    endloop
  endfacet
  facet normal 0.980801 -0.195014 0
    outer loop
      vertex 7.26133 92.4659 0
      vertex 7.2154 92.2349 2
      vertex 7.2154 92.2349 0
    endloop
  endfacet
  facet normal 0.321498 -0.94691 0
    outer loop
      vertex 8.31117 93.663 0
      vertex 8.53413 93.7387 2
      vertex 8.31117 93.663 2
    endloop
  endfacet
  facet normal 0.321498 -0.94691 0
    outer loop
      vertex 8.53413 93.7387 2
      vertex 8.31117 93.663 0
      vertex 8.53413 93.7387 0
    endloop
  endfacet
  facet normal -0.946884 0.321575 0
    outer loop
      vertex 10.663 91.3112 0
      vertex 10.7387 91.5341 2
      vertex 10.7387 91.5341 0
    endloop
  endfacet
  facet normal -0.946884 0.321575 0
    outer loop
      vertex 10.7387 91.5341 2
      vertex 10.663 91.3112 0
      vertex 10.663 91.3112 2
    endloop
  endfacet
  facet normal -0.831527 0.555484 0
    outer loop
      vertex 10.428 90.9042 0
      vertex 10.5588 91.1 2
      vertex 10.5588 91.1 0
    endloop
  endfacet
  facet normal -0.831527 0.555484 0
    outer loop
      vertex 10.5588 91.1 2
      vertex 10.428 90.9042 0
      vertex 10.428 90.9042 2
    endloop
  endfacet
  facet normal -0.980825 0.194891 0
    outer loop
      vertex 10.7387 91.5341 0
      vertex 10.7846 91.7651 2
      vertex 10.7846 91.7651 0
    endloop
  endfacet
  facet normal -0.980825 0.194891 0
    outer loop
      vertex 10.7846 91.7651 2
      vertex 10.7387 91.5341 0
      vertex 10.7387 91.5341 2
    endloop
  endfacet
  facet normal 0.321498 0.94691 -0
    outer loop
      vertex 8.53413 90.2613 0
      vertex 8.31117 90.337 2
      vertex 8.53413 90.2613 2
    endloop
  endfacet
  facet normal 0.321498 0.94691 0
    outer loop
      vertex 8.31117 90.337 2
      vertex 8.53413 90.2613 0
      vertex 8.31117 90.337 0
    endloop
  endfacet
  facet normal 0.555543 0.831488 -0
    outer loop
      vertex 8.1 90.4412 0
      vertex 7.90423 90.572 2
      vertex 8.1 90.4412 2
    endloop
  endfacet
  facet normal 0.555543 0.831488 0
    outer loop
      vertex 7.90423 90.572 2
      vertex 8.1 90.4412 0
      vertex 7.90423 90.572 0
    endloop
  endfacet
  facet normal 0.194956 0.980812 -0
    outer loop
      vertex 8.76505 90.2154 0
      vertex 8.53413 90.2613 2
      vertex 8.76505 90.2154 2
    endloop
  endfacet
  facet normal 0.194956 0.980812 0
    outer loop
      vertex 8.53413 90.2613 2
      vertex 8.76505 90.2154 0
      vertex 8.53413 90.2613 0
    endloop
  endfacet
  facet normal -0.946884 -0.321575 0
    outer loop
      vertex 10.7387 92.4659 0
      vertex 10.663 92.6888 2
      vertex 10.663 92.6888 0
    endloop
  endfacet
  facet normal -0.946884 -0.321575 0
    outer loop
      vertex 10.663 92.6888 2
      vertex 10.7387 92.4659 0
      vertex 10.7387 92.4659 2
    endloop
  endfacet
  facet normal -0.980825 -0.194891 0
    outer loop
      vertex 10.7846 92.2349 0
      vertex 10.7387 92.4659 2
      vertex 10.7387 92.4659 0
    endloop
  endfacet
  facet normal -0.980825 -0.194891 0
    outer loop
      vertex 10.7387 92.4659 2
      vertex 10.7846 92.2349 0
      vertex 10.7846 92.2349 2
    endloop
  endfacet
  facet normal -0.751892 -0.659286 0
    outer loop
      vertex 10.428 93.0958 0
      vertex 10.2728 93.2728 2
      vertex 10.2728 93.2728 0
    endloop
  endfacet
  facet normal -0.751892 -0.659286 0
    outer loop
      vertex 10.2728 93.2728 2
      vertex 10.428 93.0958 0
      vertex 10.428 93.0958 2
    endloop
  endfacet
  facet normal -0.831527 -0.555484 0
    outer loop
      vertex 10.5588 92.9 0
      vertex 10.428 93.0958 2
      vertex 10.428 93.0958 0
    endloop
  endfacet
  facet normal -0.831527 -0.555484 0
    outer loop
      vertex 10.428 93.0958 2
      vertex 10.5588 92.9 0
      vertex 10.5588 92.9 2
    endloop
  endfacet
  facet normal -0.0654055 -0.997859 0
    outer loop
      vertex 9 93.8 0
      vertex 9.23495 93.7846 2
      vertex 9 93.8 2
    endloop
  endfacet
  facet normal -0.0654055 -0.997859 -0
    outer loop
      vertex 9.23495 93.7846 2
      vertex 9 93.8 0
      vertex 9.23495 93.7846 0
    endloop
  endfacet
  facet normal -0.442502 -0.896767 0
    outer loop
      vertex 9.68883 93.663 0
      vertex 9.9 93.5588 2
      vertex 9.68883 93.663 2
    endloop
  endfacet
  facet normal -0.442502 -0.896767 -0
    outer loop
      vertex 9.9 93.5588 2
      vertex 9.68883 93.663 0
      vertex 9.9 93.5588 0
    endloop
  endfacet
  facet normal 0.89691 -0.442212 0
    outer loop
      vertex 7.33702 92.6888 2
      vertex 7.44115 92.9 0
      vertex 7.44115 92.9 2
    endloop
  endfacet
  facet normal 0.89691 -0.442212 0
    outer loop
      vertex 7.44115 92.9 0
      vertex 7.33702 92.6888 2
      vertex 7.33702 92.6888 0
    endloop
  endfacet
  facet normal 0.997858 -0.0654194 0
    outer loop
      vertex 7.2 92 2
      vertex 7.2154 92.2349 0
      vertex 7.2154 92.2349 2
    endloop
  endfacet
  facet normal 0.997858 -0.0654194 0
    outer loop
      vertex 7.2154 92.2349 0
      vertex 7.2 92 2
      vertex 7.2 92 0
    endloop
  endfacet
  facet normal 0.555543 -0.831488 0
    outer loop
      vertex 7.90423 93.428 0
      vertex 8.1 93.5588 2
      vertex 7.90423 93.428 2
    endloop
  endfacet
  facet normal 0.555543 -0.831488 0
    outer loop
      vertex 8.1 93.5588 2
      vertex 7.90423 93.428 0
      vertex 8.1 93.5588 0
    endloop
  endfacet
  facet normal 0.659244 -0.751929 0
    outer loop
      vertex 7.72721 93.2728 0
      vertex 7.90423 93.428 2
      vertex 7.72721 93.2728 2
    endloop
  endfacet
  facet normal 0.659244 -0.751929 0
    outer loop
      vertex 7.90423 93.428 2
      vertex 7.72721 93.2728 0
      vertex 7.90423 93.428 0
    endloop
  endfacet
  facet normal 0.194956 -0.980812 0
    outer loop
      vertex 8.53413 93.7387 0
      vertex 8.76505 93.7846 2
      vertex 8.53413 93.7387 2
    endloop
  endfacet
  facet normal 0.194956 -0.980812 0
    outer loop
      vertex 8.76505 93.7846 2
      vertex 8.53413 93.7387 0
      vertex 8.76505 93.7846 0
    endloop
  endfacet
  facet normal -0.194956 0.980812 0
    outer loop
      vertex 9.46587 90.2613 0
      vertex 9.23495 90.2154 2
      vertex 9.46587 90.2613 2
    endloop
  endfacet
  facet normal -0.194956 0.980812 0
    outer loop
      vertex 9.23495 90.2154 2
      vertex 9.46587 90.2613 0
      vertex 9.23495 90.2154 0
    endloop
  endfacet
  facet normal -0.442502 0.896767 0
    outer loop
      vertex 9.9 90.4412 0
      vertex 9.68883 90.337 2
      vertex 9.9 90.4412 2
    endloop
  endfacet
  facet normal -0.442502 0.896767 0
    outer loop
      vertex 9.68883 90.337 2
      vertex 9.9 90.4412 0
      vertex 9.68883 90.337 0
    endloop
  endfacet
  facet normal -0.751892 0.659286 0
    outer loop
      vertex 10.2728 90.7272 0
      vertex 10.428 90.9042 2
      vertex 10.428 90.9042 0
    endloop
  endfacet
  facet normal -0.751892 0.659286 0
    outer loop
      vertex 10.428 90.9042 2
      vertex 10.2728 90.7272 0
      vertex 10.2728 90.7272 2
    endloop
  endfacet
  facet normal -0.555484 0.831527 0
    outer loop
      vertex 10.0958 90.572 0
      vertex 9.9 90.4412 2
      vertex 10.0958 90.572 2
    endloop
  endfacet
  facet normal -0.555484 0.831527 0
    outer loop
      vertex 9.9 90.4412 2
      vertex 10.0958 90.572 0
      vertex 9.9 90.4412 0
    endloop
  endfacet
  facet normal -0.896792 0.442452 0
    outer loop
      vertex 10.5588 91.1 0
      vertex 10.663 91.3112 2
      vertex 10.663 91.3112 0
    endloop
  endfacet
  facet normal -0.896792 0.442452 0
    outer loop
      vertex 10.663 91.3112 2
      vertex 10.5588 91.1 0
      vertex 10.5588 91.1 2
    endloop
  endfacet
  facet normal -0.997858 0.0654194 0
    outer loop
      vertex 10.7846 91.7651 0
      vertex 10.8 92 2
      vertex 10.8 92 0
    endloop
  endfacet
  facet normal -0.997858 0.0654194 0
    outer loop
      vertex 10.8 92 2
      vertex 10.7846 91.7651 0
      vertex 10.7846 91.7651 2
    endloop
  endfacet
  facet normal 0.442502 0.896767 -0
    outer loop
      vertex 8.31117 90.337 0
      vertex 8.1 90.4412 2
      vertex 8.31117 90.337 2
    endloop
  endfacet
  facet normal 0.442502 0.896767 0
    outer loop
      vertex 8.1 90.4412 2
      vertex 8.31117 90.337 0
      vertex 8.1 90.4412 0
    endloop
  endfacet
  facet normal 0.0654055 0.997859 -0
    outer loop
      vertex 9 90.2 0
      vertex 8.76505 90.2154 2
      vertex 9 90.2 2
    endloop
  endfacet
  facet normal 0.0654055 0.997859 0
    outer loop
      vertex 8.76505 90.2154 2
      vertex 9 90.2 0
      vertex 8.76505 90.2154 0
    endloop
  endfacet
  facet normal 0.831508 0.555513 0
    outer loop
      vertex 7.57196 90.9042 2
      vertex 7.44115 91.1 0
      vertex 7.44115 91.1 2
    endloop
  endfacet
  facet normal 0.831508 0.555513 0
    outer loop
      vertex 7.44115 91.1 0
      vertex 7.57196 90.9042 2
      vertex 7.57196 90.9042 0
    endloop
  endfacet
  facet normal 0.659244 0.751929 -0
    outer loop
      vertex 7.90423 90.572 0
      vertex 7.72721 90.7272 2
      vertex 7.90423 90.572 2
    endloop
  endfacet
  facet normal 0.659244 0.751929 0
    outer loop
      vertex 7.72721 90.7272 2
      vertex 7.90423 90.572 0
      vertex 7.72721 90.7272 0
    endloop
  endfacet
  facet normal 0.89691 0.442212 0
    outer loop
      vertex 7.44115 91.1 2
      vertex 7.33702 91.3112 0
      vertex 7.33702 91.3112 2
    endloop
  endfacet
  facet normal 0.89691 0.442212 0
    outer loop
      vertex 7.33702 91.3112 0
      vertex 7.44115 91.1 2
      vertex 7.44115 91.1 0
    endloop
  endfacet
  facet normal 0.980801 0.195014 0
    outer loop
      vertex 7.26133 91.5341 2
      vertex 7.2154 91.7651 0
      vertex 7.2154 91.7651 2
    endloop
  endfacet
  facet normal 0.980801 0.195014 0
    outer loop
      vertex 7.2154 91.7651 0
      vertex 7.26133 91.5341 2
      vertex 7.26133 91.5341 0
    endloop
  endfacet
  facet normal 0.997858 0.0654194 0
    outer loop
      vertex 7.2154 91.7651 2
      vertex 7.2 92 0
      vertex 7.2 92 2
    endloop
  endfacet
  facet normal 0.997858 0.0654194 0
    outer loop
      vertex 7.2 92 0
      vertex 7.2154 91.7651 2
      vertex 7.2154 91.7651 0
    endloop
  endfacet
  facet normal -0.321498 0.94691 0
    outer loop
      vertex 9.68883 90.337 0
      vertex 9.46587 90.2613 2
      vertex 9.68883 90.337 2
    endloop
  endfacet
  facet normal -0.321498 0.94691 0
    outer loop
      vertex 9.46587 90.2613 2
      vertex 9.68883 90.337 0
      vertex 9.46587 90.2613 0
    endloop
  endfacet
  facet normal -0.659286 0.751892 0
    outer loop
      vertex 10.2728 90.7272 0
      vertex 10.0958 90.572 2
      vertex 10.2728 90.7272 2
    endloop
  endfacet
  facet normal -0.659286 0.751892 0
    outer loop
      vertex 10.0958 90.572 2
      vertex 10.2728 90.7272 0
      vertex 10.0958 90.572 0
    endloop
  endfacet
  facet normal -0.0654055 0.997859 0
    outer loop
      vertex 9.23495 90.2154 0
      vertex 9 90.2 2
      vertex 9.23495 90.2154 2
    endloop
  endfacet
  facet normal -0.0654055 0.997859 0
    outer loop
      vertex 9 90.2 2
      vertex 9.23495 90.2154 0
      vertex 9 90.2 0
    endloop
  endfacet
  facet normal 0.751787 0.659406 0
    outer loop
      vertex 7.72721 90.7272 2
      vertex 7.57196 90.9042 0
      vertex 7.57196 90.9042 2
    endloop
  endfacet
  facet normal 0.751787 0.659406 0
    outer loop
      vertex 7.57196 90.9042 0
      vertex 7.72721 90.7272 2
      vertex 7.72721 90.7272 0
    endloop
  endfacet
  facet normal 0.946897 0.321537 0
    outer loop
      vertex 7.33702 91.3112 2
      vertex 7.26133 91.5341 0
      vertex 7.26133 91.5341 2
    endloop
  endfacet
  facet normal 0.946897 0.321537 0
    outer loop
      vertex 7.26133 91.5341 0
      vertex 7.33702 91.3112 2
      vertex 7.33702 91.3112 0
    endloop
  endfacet
  facet normal -0.997855 -0.0654566 0
    outer loop
      vertex 12.2 92 2
      vertex 12.1726 92.4177 3
      vertex 12.1726 92.4177 2
    endloop
  endfacet
  facet normal -0.997855 -0.0654566 0
    outer loop
      vertex 12.1726 92.4177 3
      vertex 12.2 92 2
      vertex 12.2 92 3
    endloop
  endfacet
  facet normal 0.0654598 -0.997855 0
    outer loop
      vertex 8.58232 95.1726 2
      vertex 9 95.2 3
      vertex 8.58232 95.1726 3
    endloop
  endfacet
  facet normal 0.0654598 -0.997855 0
    outer loop
      vertex 9 95.2 3
      vertex 8.58232 95.1726 2
      vertex 9 95.2 2
    endloop
  endfacet
  facet normal -0.0654598 0.997855 0
    outer loop
      vertex 9.41768 88.8274 2
      vertex 9 88.8 3
      vertex 9.41768 88.8274 3
    endloop
  endfacet
  facet normal -0.0654598 0.997855 0
    outer loop
      vertex 9 88.8 3
      vertex 9.41768 88.8274 2
      vertex 9 88.8 2
    endloop
  endfacet
  facet normal -0.659367 -0.751821 0
    outer loop
      vertex 10.948 94.5387 2
      vertex 11.2627 94.2627 3
      vertex 10.948 94.5387 3
    endloop
  endfacet
  facet normal -0.659367 -0.751821 -0
    outer loop
      vertex 11.2627 94.2627 3
      vertex 10.948 94.5387 2
      vertex 11.2627 94.2627 2
    endloop
  endfacet
  facet normal 0.751833 -0.659353 0
    outer loop
      vertex 6.46127 93.948 3
      vertex 6.73726 94.2627 2
      vertex 6.73726 94.2627 3
    endloop
  endfacet
  facet normal 0.751833 -0.659353 0
    outer loop
      vertex 6.73726 94.2627 2
      vertex 6.46127 93.948 3
      vertex 6.46127 93.948 2
    endloop
  endfacet
  facet normal 0.442228 -0.896903 0
    outer loop
      vertex 7.4 94.7713 2
      vertex 7.77541 94.9564 3
      vertex 7.4 94.7713 3
    endloop
  endfacet
  facet normal 0.442228 -0.896903 0
    outer loop
      vertex 7.77541 94.9564 3
      vertex 7.4 94.7713 2
      vertex 7.77541 94.9564 2
    endloop
  endfacet
  facet normal -0.946901 0.321526 0
    outer loop
      vertex 11.9564 90.7754 2
      vertex 12.091 91.1718 3
      vertex 12.091 91.1718 2
    endloop
  endfacet
  facet normal -0.946901 0.321526 0
    outer loop
      vertex 12.091 91.1718 3
      vertex 11.9564 90.7754 2
      vertex 11.9564 90.7754 3
    endloop
  endfacet
  facet normal -0.896898 -0.442237 0
    outer loop
      vertex 11.9564 93.2246 2
      vertex 11.7713 93.6 3
      vertex 11.7713 93.6 2
    endloop
  endfacet
  facet normal -0.896898 -0.442237 0
    outer loop
      vertex 11.7713 93.6 3
      vertex 11.9564 93.2246 2
      vertex 11.9564 93.2246 3
    endloop
  endfacet
  facet normal -0.98081 -0.194967 0
    outer loop
      vertex 12.1726 92.4177 2
      vertex 12.091 92.8282 3
      vertex 12.091 92.8282 2
    endloop
  endfacet
  facet normal -0.98081 -0.194967 0
    outer loop
      vertex 12.091 92.8282 3
      vertex 12.1726 92.4177 2
      vertex 12.1726 92.4177 3
    endloop
  endfacet
  facet normal -0.831388 -0.555692 0
    outer loop
      vertex 11.7713 93.6 2
      vertex 11.5387 93.948 3
      vertex 11.5387 93.948 2
    endloop
  endfacet
  facet normal -0.831388 -0.555692 0
    outer loop
      vertex 11.5387 93.948 3
      vertex 11.7713 93.6 2
      vertex 11.7713 93.6 3
    endloop
  endfacet
  facet normal -0.32154 -0.946896 0
    outer loop
      vertex 9.82822 95.091 2
      vertex 10.2246 94.9564 3
      vertex 9.82822 95.091 3
    endloop
  endfacet
  facet normal -0.32154 -0.946896 -0
    outer loop
      vertex 10.2246 94.9564 3
      vertex 9.82822 95.091 2
      vertex 10.2246 94.9564 2
    endloop
  endfacet
  facet normal -0.555692 -0.831388 0
    outer loop
      vertex 10.6 94.7713 2
      vertex 10.948 94.5387 3
      vertex 10.6 94.7713 3
    endloop
  endfacet
  facet normal -0.555692 -0.831388 -0
    outer loop
      vertex 10.948 94.5387 3
      vertex 10.6 94.7713 2
      vertex 10.948 94.5387 2
    endloop
  endfacet
  facet normal 0.946944 -0.321397 0
    outer loop
      vertex 5.90904 92.8282 3
      vertex 6.04358 93.2246 2
      vertex 6.04358 93.2246 3
    endloop
  endfacet
  facet normal 0.946944 -0.321397 0
    outer loop
      vertex 6.04358 93.2246 2
      vertex 5.90904 92.8282 3
      vertex 5.90904 92.8282 2
    endloop
  endfacet
  facet normal 0 0 1
    outer loop
      vertex 10.8 92 2
      vertex 12.2 92 2
      vertex 12.1726 92.4177 2
    endloop
  endfacet
  facet normal 0 0 1
    outer loop
      vertex 10.7846 92.2349 2
      vertex 12.1726 92.4177 2
      vertex 12.091 92.8282 2
    endloop
  endfacet
  facet normal 0 0 1
    outer loop
      vertex 12.2 92 2
      vertex 10.8 92 2
      vertex 12.1726 91.5823 2
    endloop
  endfacet
  facet normal 0 0 1
    outer loop
      vertex 10.7387 92.4659 2
      vertex 12.091 92.8282 2
      vertex 11.9564 93.2246 2
    endloop
  endfacet
  facet normal -0 0 1
    outer loop
      vertex 10.7846 91.7651 2
      vertex 12.1726 91.5823 2
      vertex 10.8 92 2
    endloop
  endfacet
  facet normal 0 0 1
    outer loop
      vertex 10.663 92.6888 2
      vertex 11.9564 93.2246 2
      vertex 11.7713 93.6 2
    endloop
  endfacet
  facet normal 0 0 1
    outer loop
      vertex 12.1726 91.5823 2
      vertex 10.7846 91.7651 2
      vertex 12.091 91.1718 2
    endloop
  endfacet
  facet normal 0 0 1
    outer loop
      vertex 10.5588 92.9 2
      vertex 11.7713 93.6 2
      vertex 11.5387 93.948 2
    endloop
  endfacet
  facet normal -0 0 1
    outer loop
      vertex 10.7387 91.5341 2
      vertex 12.091 91.1718 2
      vertex 10.7846 91.7651 2
    endloop
  endfacet
  facet normal 0 0 1
    outer loop
      vertex 10.428 93.0958 2
      vertex 11.5387 93.948 2
      vertex 11.2627 94.2627 2
    endloop
  endfacet
  facet normal 0 0 1
    outer loop
      vertex 12.091 91.1718 2
      vertex 10.7387 91.5341 2
      vertex 11.9564 90.7754 2
    endloop
  endfacet
  facet normal 0 0 1
    outer loop
      vertex 10.2728 93.2728 2
      vertex 11.2627 94.2627 2
      vertex 10.948 94.5387 2
    endloop
  endfacet
  facet normal -0 0 1
    outer loop
      vertex 10.663 91.3112 2
      vertex 11.9564 90.7754 2
      vertex 10.7387 91.5341 2
    endloop
  endfacet
  facet normal 0 0 1
    outer loop
      vertex 11.9564 90.7754 2
      vertex 10.663 91.3112 2
      vertex 11.7713 90.4 2
    endloop
  endfacet
  facet normal 0 0 1
    outer loop
      vertex 12.1726 92.4177 2
      vertex 10.7846 92.2349 2
      vertex 10.8 92 2
    endloop
  endfacet
  facet normal 0 0 1
    outer loop
      vertex 12.091 92.8282 2
      vertex 10.7387 92.4659 2
      vertex 10.7846 92.2349 2
    endloop
  endfacet
  facet normal 0 0 1
    outer loop
      vertex 11.9564 93.2246 2
      vertex 10.663 92.6888 2
      vertex 10.7387 92.4659 2
    endloop
  endfacet
  facet normal 0 0 1
    outer loop
      vertex 10.0958 93.428 2
      vertex 10.948 94.5387 2
      vertex 10.6 94.7713 2
    endloop
  endfacet
  facet normal 0 0 1
    outer loop
      vertex 11.7713 93.6 2
      vertex 10.5588 92.9 2
      vertex 10.663 92.6888 2
    endloop
  endfacet
  facet normal 0 0 1
    outer loop
      vertex 11.5387 93.948 2
      vertex 10.428 93.0958 2
      vertex 10.5588 92.9 2
    endloop
  endfacet
  facet normal 0 0 1
    outer loop
      vertex 11.2627 94.2627 2
      vertex 10.2728 93.2728 2
      vertex 10.428 93.0958 2
    endloop
  endfacet
  facet normal 0 0 1
    outer loop
      vertex 9.9 93.5588 2
      vertex 10.6 94.7713 2
      vertex 10.2246 94.9564 2
    endloop
  endfacet
  facet normal 0 0 1
    outer loop
      vertex 10.948 94.5387 2
      vertex 10.0958 93.428 2
      vertex 10.2728 93.2728 2
    endloop
  endfacet
  facet normal 0 0 1
    outer loop
      vertex 10.6 94.7713 2
      vertex 9.9 93.5588 2
      vertex 10.0958 93.428 2
    endloop
  endfacet
  facet normal 0 0 1
    outer loop
      vertex 9.68883 93.663 2
      vertex 10.2246 94.9564 2
      vertex 9.82822 95.091 2
    endloop
  endfacet
  facet normal 0 0 1
    outer loop
      vertex 10.2246 94.9564 2
      vertex 9.68883 93.663 2
      vertex 9.9 93.5588 2
    endloop
  endfacet
  facet normal 0 0 1
    outer loop
      vertex 9.82822 95.091 2
      vertex 9.46587 93.7387 2
      vertex 9.68883 93.663 2
    endloop
  endfacet
  facet normal 0 0 1
    outer loop
      vertex 9.41768 95.1726 2
      vertex 9.46587 93.7387 2
      vertex 9.82822 95.091 2
    endloop
  endfacet
  facet normal 0 0 1
    outer loop
      vertex 9.41768 95.1726 2
      vertex 9.23495 93.7846 2
      vertex 9.46587 93.7387 2
    endloop
  endfacet
  facet normal 0 0 1
    outer loop
      vertex 9 95.2 2
      vertex 9.23495 93.7846 2
      vertex 9.41768 95.1726 2
    endloop
  endfacet
  facet normal 0 0 1
    outer loop
      vertex 9 95.2 2
      vertex 9 93.8 2
      vertex 9.23495 93.7846 2
    endloop
  endfacet
  facet normal 0 0 1
    outer loop
      vertex 9 95.2 2
      vertex 8.76505 93.7846 2
      vertex 9 93.8 2
    endloop
  endfacet
  facet normal -0 0 1
    outer loop
      vertex 8.58232 95.1726 2
      vertex 8.76505 93.7846 2
      vertex 9 95.2 2
    endloop
  endfacet
  facet normal 0 0 1
    outer loop
      vertex 8.58232 95.1726 2
      vertex 8.53413 93.7387 2
      vertex 8.76505 93.7846 2
    endloop
  endfacet
  facet normal -0 0 1
    outer loop
      vertex 8.17178 95.091 2
      vertex 8.53413 93.7387 2
      vertex 8.58232 95.1726 2
    endloop
  endfacet
  facet normal 0 0 1
    outer loop
      vertex 8.53413 93.7387 2
      vertex 8.17178 95.091 2
      vertex 8.31117 93.663 2
    endloop
  endfacet
  facet normal -0 0 1
    outer loop
      vertex 7.77541 94.9564 2
      vertex 8.31117 93.663 2
      vertex 8.17178 95.091 2
    endloop
  endfacet
  facet normal 0 0 1
    outer loop
      vertex 8.31117 93.663 2
      vertex 7.77541 94.9564 2
      vertex 8.1 93.5588 2
    endloop
  endfacet
  facet normal -0 0 1
    outer loop
      vertex 7.4 94.7713 2
      vertex 8.1 93.5588 2
      vertex 7.77541 94.9564 2
    endloop
  endfacet
  facet normal 0 0 1
    outer loop
      vertex 8.1 93.5588 2
      vertex 7.4 94.7713 2
      vertex 7.90423 93.428 2
    endloop
  endfacet
  facet normal -0 0 1
    outer loop
      vertex 7.05196 94.5387 2
      vertex 7.90423 93.428 2
      vertex 7.4 94.7713 2
    endloop
  endfacet
  facet normal 0 0 1
    outer loop
      vertex 7.90423 93.428 2
      vertex 7.05196 94.5387 2
      vertex 7.72721 93.2728 2
    endloop
  endfacet
  facet normal -0 0 1
    outer loop
      vertex 6.73726 94.2627 2
      vertex 7.72721 93.2728 2
      vertex 7.05196 94.5387 2
    endloop
  endfacet
  facet normal 0 0 1
    outer loop
      vertex 7.72721 93.2728 2
      vertex 6.73726 94.2627 2
      vertex 7.57196 93.0958 2
    endloop
  endfacet
  facet normal -0 0 1
    outer loop
      vertex 6.46127 93.948 2
      vertex 7.57196 93.0958 2
      vertex 6.73726 94.2627 2
    endloop
  endfacet
  facet normal 0 0 1
    outer loop
      vertex 7.57196 93.0958 2
      vertex 6.46127 93.948 2
      vertex 7.44115 92.9 2
    endloop
  endfacet
  facet normal 0 0 1
    outer loop
      vertex 7.44115 92.9 2
      vertex 6.22872 93.6 2
      vertex 7.33702 92.6888 2
    endloop
  endfacet
  facet normal -0 0 1
    outer loop
      vertex 6.22872 93.6 2
      vertex 7.44115 92.9 2
      vertex 6.46127 93.948 2
    endloop
  endfacet
  facet normal -0 0 1
    outer loop
      vertex 10.5588 91.1 2
      vertex 11.7713 90.4 2
      vertex 10.663 91.3112 2
    endloop
  endfacet
  facet normal 0 0 1
    outer loop
      vertex 11.7713 90.4 2
      vertex 10.5588 91.1 2
      vertex 11.5387 90.052 2
    endloop
  endfacet
  facet normal -0 0 1
    outer loop
      vertex 10.428 90.9042 2
      vertex 11.5387 90.052 2
      vertex 10.5588 91.1 2
    endloop
  endfacet
  facet normal 0 0 1
    outer loop
      vertex 11.5387 90.052 2
      vertex 10.428 90.9042 2
      vertex 11.2627 89.7373 2
    endloop
  endfacet
  facet normal -0 0 1
    outer loop
      vertex 10.2728 90.7272 2
      vertex 11.2627 89.7373 2
      vertex 10.428 90.9042 2
    endloop
  endfacet
  facet normal 0 0 1
    outer loop
      vertex 11.2627 89.7373 2
      vertex 10.2728 90.7272 2
      vertex 10.948 89.4613 2
    endloop
  endfacet
  facet normal -0 0 1
    outer loop
      vertex 10.0958 90.572 2
      vertex 10.948 89.4613 2
      vertex 10.2728 90.7272 2
    endloop
  endfacet
  facet normal 0 0 1
    outer loop
      vertex 10.948 89.4613 2
      vertex 10.0958 90.572 2
      vertex 10.6 89.2287 2
    endloop
  endfacet
  facet normal -0 0 1
    outer loop
      vertex 9.9 90.4412 2
      vertex 10.6 89.2287 2
      vertex 10.0958 90.572 2
    endloop
  endfacet
  facet normal 0 0 1
    outer loop
      vertex 10.6 89.2287 2
      vertex 9.9 90.4412 2
      vertex 10.2246 89.0436 2
    endloop
  endfacet
  facet normal -0 0 1
    outer loop
      vertex 9.68883 90.337 2
      vertex 10.2246 89.0436 2
      vertex 9.9 90.4412 2
    endloop
  endfacet
  facet normal 0 0 1
    outer loop
      vertex 10.2246 89.0436 2
      vertex 9.68883 90.337 2
      vertex 9.82822 88.909 2
    endloop
  endfacet
  facet normal -0 0 1
    outer loop
      vertex 9.46587 90.2613 2
      vertex 9.82822 88.909 2
      vertex 9.68883 90.337 2
    endloop
  endfacet
  facet normal 0 0 1
    outer loop
      vertex 9.46587 90.2613 2
      vertex 9.41768 88.8274 2
      vertex 9.82822 88.909 2
    endloop
  endfacet
  facet normal -0 0 1
    outer loop
      vertex 9.23495 90.2154 2
      vertex 9.41768 88.8274 2
      vertex 9.46587 90.2613 2
    endloop
  endfacet
  facet normal -0 0 1
    outer loop
      vertex 9 90.2 2
      vertex 9.41768 88.8274 2
      vertex 9.23495 90.2154 2
    endloop
  endfacet
  facet normal 0 0 1
    outer loop
      vertex 9 90.2 2
      vertex 9 88.8 2
      vertex 9.41768 88.8274 2
    endloop
  endfacet
  facet normal 0 0 1
    outer loop
      vertex 8.76505 90.2154 2
      vertex 9 88.8 2
      vertex 9 90.2 2
    endloop
  endfacet
  facet normal 0 0 1
    outer loop
      vertex 8.76505 90.2154 2
      vertex 8.58232 88.8274 2
      vertex 9 88.8 2
    endloop
  endfacet
  facet normal 0 0 1
    outer loop
      vertex 8.53413 90.2613 2
      vertex 8.58232 88.8274 2
      vertex 8.76505 90.2154 2
    endloop
  endfacet
  facet normal 0 0 1
    outer loop
      vertex 8.17178 88.909 2
      vertex 8.53413 90.2613 2
      vertex 8.31117 90.337 2
    endloop
  endfacet
  facet normal 0 0 1
    outer loop
      vertex 8.53413 90.2613 2
      vertex 8.17178 88.909 2
      vertex 8.58232 88.8274 2
    endloop
  endfacet
  facet normal 0 0 1
    outer loop
      vertex 7.77541 89.0436 2
      vertex 8.31117 90.337 2
      vertex 8.1 90.4412 2
    endloop
  endfacet
  facet normal 0 0 1
    outer loop
      vertex 7.4 89.2287 2
      vertex 8.1 90.4412 2
      vertex 7.90423 90.572 2
    endloop
  endfacet
  facet normal 0 0 1
    outer loop
      vertex 8.31117 90.337 2
      vertex 7.77541 89.0436 2
      vertex 8.17178 88.909 2
    endloop
  endfacet
  facet normal 0 0 1
    outer loop
      vertex 7.05196 89.4613 2
      vertex 7.90423 90.572 2
      vertex 7.72721 90.7272 2
    endloop
  endfacet
  facet normal 0 0 1
    outer loop
      vertex 6.73726 89.7373 2
      vertex 7.72721 90.7272 2
      vertex 7.57196 90.9042 2
    endloop
  endfacet
  facet normal 0 0 1
    outer loop
      vertex 6.46127 90.052 2
      vertex 7.57196 90.9042 2
      vertex 7.44115 91.1 2
    endloop
  endfacet
  facet normal 0 0 1
    outer loop
      vertex 8.1 90.4412 2
      vertex 7.4 89.2287 2
      vertex 7.77541 89.0436 2
    endloop
  endfacet
  facet normal 0 0 1
    outer loop
      vertex 6.22872 90.4 2
      vertex 7.44115 91.1 2
      vertex 7.33702 91.3112 2
    endloop
  endfacet
  facet normal 0 0 1
    outer loop
      vertex 6.04358 90.7754 2
      vertex 7.33702 91.3112 2
      vertex 7.26133 91.5341 2
    endloop
  endfacet
  facet normal 0 0 1
    outer loop
      vertex 5.90904 91.1718 2
      vertex 7.26133 91.5341 2
      vertex 7.2154 91.7651 2
    endloop
  endfacet
  facet normal 0 0 1
    outer loop
      vertex 7.90423 90.572 2
      vertex 7.05196 89.4613 2
      vertex 7.4 89.2287 2
    endloop
  endfacet
  facet normal 0 0 1
    outer loop
      vertex 5.82738 91.5823 2
      vertex 7.2154 91.7651 2
      vertex 7.2 92 2
    endloop
  endfacet
  facet normal -0 0 1
    outer loop
      vertex 6.04358 93.2246 2
      vertex 7.33702 92.6888 2
      vertex 6.22872 93.6 2
    endloop
  endfacet
  facet normal 0 0 1
    outer loop
      vertex 7.33702 92.6888 2
      vertex 6.04358 93.2246 2
      vertex 7.26133 92.4659 2
    endloop
  endfacet
  facet normal 0 0 1
    outer loop
      vertex 7.72721 90.7272 2
      vertex 6.73726 89.7373 2
      vertex 7.05196 89.4613 2
    endloop
  endfacet
  facet normal -0 0 1
    outer loop
      vertex 5.90904 92.8282 2
      vertex 7.26133 92.4659 2
      vertex 6.04358 93.2246 2
    endloop
  endfacet
  facet normal 0 0 1
    outer loop
      vertex 7.57196 90.9042 2
      vertex 6.46127 90.052 2
      vertex 6.73726 89.7373 2
    endloop
  endfacet
  facet normal 0 0 1
    outer loop
      vertex 7.26133 92.4659 2
      vertex 5.90904 92.8282 2
      vertex 7.2154 92.2349 2
    endloop
  endfacet
  facet normal 0 0 1
    outer loop
      vertex 7.44115 91.1 2
      vertex 6.22872 90.4 2
      vertex 6.46127 90.052 2
    endloop
  endfacet
  facet normal -0 0 1
    outer loop
      vertex 5.82738 92.4177 2
      vertex 7.2154 92.2349 2
      vertex 5.90904 92.8282 2
    endloop
  endfacet
  facet normal 0 0 1
    outer loop
      vertex 7.33702 91.3112 2
      vertex 6.04358 90.7754 2
      vertex 6.22872 90.4 2
    endloop
  endfacet
  facet normal 0 0 1
    outer loop
      vertex 7.2154 92.2349 2
      vertex 5.82738 92.4177 2
      vertex 7.2 92 2
    endloop
  endfacet
  facet normal 0 0 1
    outer loop
      vertex 7.26133 91.5341 2
      vertex 5.90904 91.1718 2
      vertex 6.04358 90.7754 2
    endloop
  endfacet
  facet normal 0 0 1
    outer loop
      vertex 5.8 92 2
      vertex 7.2 92 2
      vertex 5.82738 92.4177 2
    endloop
  endfacet
  facet normal 0 0 1
    outer loop
      vertex 7.2154 91.7651 2
      vertex 5.82738 91.5823 2
      vertex 5.90904 91.1718 2
    endloop
  endfacet
  facet normal 0 0 1
    outer loop
      vertex 7.2 92 2
      vertex 5.8 92 2
      vertex 5.82738 91.5823 2
    endloop
  endfacet
  facet normal 0.831443 -0.55561 0
    outer loop
      vertex 6.22872 93.6 3
      vertex 6.46127 93.948 2
      vertex 6.46127 93.948 3
    endloop
  endfacet
  facet normal 0.831443 -0.55561 0
    outer loop
      vertex 6.46127 93.948 2
      vertex 6.22872 93.6 3
      vertex 6.22872 93.6 2
    endloop
  endfacet
  facet normal 0.555648 -0.831418 0
    outer loop
      vertex 7.05196 94.5387 2
      vertex 7.4 94.7713 3
      vertex 7.05196 94.5387 3
    endloop
  endfacet
  facet normal 0.555648 -0.831418 0
    outer loop
      vertex 7.4 94.7713 3
      vertex 7.05196 94.5387 2
      vertex 7.4 94.7713 2
    endloop
  endfacet
  facet normal 0.194949 -0.980813 0
    outer loop
      vertex 8.17178 95.091 2
      vertex 8.58232 95.1726 3
      vertex 8.17178 95.091 3
    endloop
  endfacet
  facet normal 0.194949 -0.980813 0
    outer loop
      vertex 8.58232 95.1726 3
      vertex 8.17178 95.091 2
      vertex 8.58232 95.1726 2
    endloop
  endfacet
  facet normal -0.194949 0.980813 0
    outer loop
      vertex 9.82822 88.909 2
      vertex 9.41768 88.8274 3
      vertex 9.82822 88.909 3
    endloop
  endfacet
  facet normal -0.194949 0.980813 0
    outer loop
      vertex 9.41768 88.8274 3
      vertex 9.82822 88.909 2
      vertex 9.41768 88.8274 2
    endloop
  endfacet
  facet normal -0.442237 0.896898 0
    outer loop
      vertex 10.6 89.2287 2
      vertex 10.2246 89.0436 3
      vertex 10.6 89.2287 3
    endloop
  endfacet
  facet normal -0.442237 0.896898 0
    outer loop
      vertex 10.2246 89.0436 3
      vertex 10.6 89.2287 2
      vertex 10.2246 89.0436 2
    endloop
  endfacet
  facet normal -0.946901 -0.321526 0
    outer loop
      vertex 12.091 92.8282 2
      vertex 11.9564 93.2246 3
      vertex 11.9564 93.2246 2
    endloop
  endfacet
  facet normal -0.946901 -0.321526 0
    outer loop
      vertex 11.9564 93.2246 3
      vertex 12.091 92.8282 2
      vertex 12.091 92.8282 3
    endloop
  endfacet
  facet normal -0.751821 -0.659367 0
    outer loop
      vertex 11.5387 93.948 2
      vertex 11.2627 94.2627 3
      vertex 11.2627 94.2627 2
    endloop
  endfacet
  facet normal -0.751821 -0.659367 0
    outer loop
      vertex 11.2627 94.2627 3
      vertex 11.5387 93.948 2
      vertex 11.5387 93.948 3
    endloop
  endfacet
  facet normal -0.194949 -0.980813 0
    outer loop
      vertex 9.41768 95.1726 2
      vertex 9.82822 95.091 3
      vertex 9.41768 95.1726 3
    endloop
  endfacet
  facet normal -0.194949 -0.980813 -0
    outer loop
      vertex 9.82822 95.091 3
      vertex 9.41768 95.1726 2
      vertex 9.82822 95.091 2
    endloop
  endfacet
  facet normal -0.0654598 -0.997855 0
    outer loop
      vertex 9 95.2 2
      vertex 9.41768 95.1726 3
      vertex 9 95.2 3
    endloop
  endfacet
  facet normal -0.0654598 -0.997855 -0
    outer loop
      vertex 9.41768 95.1726 3
      vertex 9 95.2 2
      vertex 9.41768 95.1726 2
    endloop
  endfacet
  facet normal -0.442237 -0.896898 0
    outer loop
      vertex 10.2246 94.9564 2
      vertex 10.6 94.7713 3
      vertex 10.2246 94.9564 3
    endloop
  endfacet
  facet normal -0.442237 -0.896898 -0
    outer loop
      vertex 10.6 94.7713 3
      vertex 10.2246 94.9564 2
      vertex 10.6 94.7713 2
    endloop
  endfacet
  facet normal 0.89686 -0.442314 0
    outer loop
      vertex 6.04358 93.2246 3
      vertex 6.22872 93.6 2
      vertex 6.22872 93.6 3
    endloop
  endfacet
  facet normal 0.89686 -0.442314 0
    outer loop
      vertex 6.22872 93.6 2
      vertex 6.04358 93.2246 3
      vertex 6.04358 93.2246 2
    endloop
  endfacet
  facet normal 0.980782 -0.195105 0
    outer loop
      vertex 5.82738 92.4177 3
      vertex 5.90904 92.8282 2
      vertex 5.90904 92.8282 3
    endloop
  endfacet
  facet normal 0.980782 -0.195105 0
    outer loop
      vertex 5.90904 92.8282 2
      vertex 5.82738 92.4177 3
      vertex 5.82738 92.4177 2
    endloop
  endfacet
  facet normal 0.997859 -0.0654091 0
    outer loop
      vertex 5.8 92 3
      vertex 5.82738 92.4177 2
      vertex 5.82738 92.4177 3
    endloop
  endfacet
  facet normal 0.997859 -0.0654091 0
    outer loop
      vertex 5.82738 92.4177 2
      vertex 5.8 92 3
      vertex 5.8 92 2
    endloop
  endfacet
  facet normal 0.997859 0.0654091 0
    outer loop
      vertex 5.82738 91.5823 3
      vertex 5.8 92 2
      vertex 5.8 92 3
    endloop
  endfacet
  facet normal 0.997859 0.0654091 0
    outer loop
      vertex 5.8 92 2
      vertex 5.82738 91.5823 3
      vertex 5.82738 91.5823 2
    endloop
  endfacet
  facet normal 0.659367 -0.751821 0
    outer loop
      vertex 6.73726 94.2627 2
      vertex 7.05196 94.5387 3
      vertex 6.73726 94.2627 3
    endloop
  endfacet
  facet normal 0.659367 -0.751821 0
    outer loop
      vertex 7.05196 94.5387 3
      vertex 6.73726 94.2627 2
      vertex 7.05196 94.5387 2
    endloop
  endfacet
  facet normal 0.321548 -0.946893 0
    outer loop
      vertex 7.77541 94.9564 2
      vertex 8.17178 95.091 3
      vertex 7.77541 94.9564 3
    endloop
  endfacet
  facet normal 0.321548 -0.946893 0
    outer loop
      vertex 8.17178 95.091 3
      vertex 7.77541 94.9564 2
      vertex 8.17178 95.091 2
    endloop
  endfacet
  facet normal -0.997855 0.0654566 0
    outer loop
      vertex 12.1726 91.5823 2
      vertex 12.2 92 3
      vertex 12.2 92 2
    endloop
  endfacet
  facet normal -0.997855 0.0654566 0
    outer loop
      vertex 12.2 92 3
      vertex 12.1726 91.5823 2
      vertex 12.1726 91.5823 3
    endloop
  endfacet
  facet normal -0.831388 0.555692 0
    outer loop
      vertex 11.5387 90.052 2
      vertex 11.7713 90.4 3
      vertex 11.7713 90.4 2
    endloop
  endfacet
  facet normal -0.831388 0.555692 0
    outer loop
      vertex 11.7713 90.4 3
      vertex 11.5387 90.052 2
      vertex 11.5387 90.052 3
    endloop
  endfacet
  facet normal -0.98081 0.194967 0
    outer loop
      vertex 12.091 91.1718 2
      vertex 12.1726 91.5823 3
      vertex 12.1726 91.5823 2
    endloop
  endfacet
  facet normal -0.98081 0.194967 0
    outer loop
      vertex 12.1726 91.5823 3
      vertex 12.091 91.1718 2
      vertex 12.091 91.1718 3
    endloop
  endfacet
  facet normal 0.555648 0.831418 -0
    outer loop
      vertex 7.4 89.2287 2
      vertex 7.05196 89.4613 3
      vertex 7.4 89.2287 3
    endloop
  endfacet
  facet normal 0.555648 0.831418 0
    outer loop
      vertex 7.05196 89.4613 3
      vertex 7.4 89.2287 2
      vertex 7.05196 89.4613 2
    endloop
  endfacet
  facet normal 0.831443 0.55561 0
    outer loop
      vertex 6.46127 90.052 3
      vertex 6.22872 90.4 2
      vertex 6.22872 90.4 3
    endloop
  endfacet
  facet normal 0.831443 0.55561 0
    outer loop
      vertex 6.22872 90.4 2
      vertex 6.46127 90.052 3
      vertex 6.46127 90.052 2
    endloop
  endfacet
  facet normal 0.751833 0.659353 0
    outer loop
      vertex 6.73726 89.7373 3
      vertex 6.46127 90.052 2
      vertex 6.46127 90.052 3
    endloop
  endfacet
  facet normal 0.751833 0.659353 0
    outer loop
      vertex 6.46127 90.052 2
      vertex 6.73726 89.7373 3
      vertex 6.73726 89.7373 2
    endloop
  endfacet
  facet normal -0.555692 0.831388 0
    outer loop
      vertex 10.948 89.4613 2
      vertex 10.6 89.2287 3
      vertex 10.948 89.4613 3
    endloop
  endfacet
  facet normal -0.555692 0.831388 0
    outer loop
      vertex 10.6 89.2287 3
      vertex 10.948 89.4613 2
      vertex 10.6 89.2287 2
    endloop
  endfacet
  facet normal -0.896898 0.442237 0
    outer loop
      vertex 11.7713 90.4 2
      vertex 11.9564 90.7754 3
      vertex 11.9564 90.7754 2
    endloop
  endfacet
  facet normal -0.896898 0.442237 0
    outer loop
      vertex 11.9564 90.7754 3
      vertex 11.7713 90.4 2
      vertex 11.7713 90.4 3
    endloop
  endfacet
  facet normal 0.194949 0.980813 -0
    outer loop
      vertex 8.58232 88.8274 2
      vertex 8.17178 88.909 3
      vertex 8.58232 88.8274 3
    endloop
  endfacet
  facet normal 0.194949 0.980813 0
    outer loop
      vertex 8.17178 88.909 3
      vertex 8.58232 88.8274 2
      vertex 8.17178 88.909 2
    endloop
  endfacet
  facet normal 0.659367 0.751821 -0
    outer loop
      vertex 7.05196 89.4613 2
      vertex 6.73726 89.7373 3
      vertex 7.05196 89.4613 3
    endloop
  endfacet
  facet normal 0.659367 0.751821 0
    outer loop
      vertex 6.73726 89.7373 3
      vertex 7.05196 89.4613 2
      vertex 6.73726 89.7373 2
    endloop
  endfacet
  facet normal 0.946944 0.321397 0
    outer loop
      vertex 6.04358 90.7754 3
      vertex 5.90904 91.1718 2
      vertex 5.90904 91.1718 3
    endloop
  endfacet
  facet normal 0.946944 0.321397 0
    outer loop
      vertex 5.90904 91.1718 2
      vertex 6.04358 90.7754 3
      vertex 6.04358 90.7754 2
    endloop
  endfacet
  facet normal 0.980782 0.195105 0
    outer loop
      vertex 5.90904 91.1718 3
      vertex 5.82738 91.5823 2
      vertex 5.82738 91.5823 3
    endloop
  endfacet
  facet normal 0.980782 0.195105 0
    outer loop
      vertex 5.82738 91.5823 2
      vertex 5.90904 91.1718 3
      vertex 5.90904 91.1718 2
    endloop
  endfacet
  facet normal 0.89686 0.442314 0
    outer loop
      vertex 6.22872 90.4 3
      vertex 6.04358 90.7754 2
      vertex 6.04358 90.7754 3
    endloop
  endfacet
  facet normal 0.89686 0.442314 0
    outer loop
      vertex 6.04358 90.7754 2
      vertex 6.22872 90.4 3
      vertex 6.22872 90.4 2
    endloop
  endfacet
  facet normal -0.659367 0.751821 0
    outer loop
      vertex 11.2627 89.7373 2
      vertex 10.948 89.4613 3
      vertex 11.2627 89.7373 3
    endloop
  endfacet
  facet normal -0.659367 0.751821 0
    outer loop
      vertex 10.948 89.4613 3
      vertex 11.2627 89.7373 2
      vertex 10.948 89.4613 2
    endloop
  endfacet
  facet normal -0.32154 0.946896 0
    outer loop
      vertex 10.2246 89.0436 2
      vertex 9.82822 88.909 3
      vertex 10.2246 89.0436 3
    endloop
  endfacet
  facet normal -0.32154 0.946896 0
    outer loop
      vertex 9.82822 88.909 3
      vertex 10.2246 89.0436 2
      vertex 9.82822 88.909 2
    endloop
  endfacet
  facet normal 0.0654598 0.997855 -0
    outer loop
      vertex 9 88.8 2
      vertex 8.58232 88.8274 3
      vertex 9 88.8 3
    endloop
  endfacet
  facet normal 0.0654598 0.997855 0
    outer loop
      vertex 8.58232 88.8274 3
      vertex 9 88.8 2
      vertex 8.58232 88.8274 2
    endloop
  endfacet
  facet normal 0.442228 0.896903 -0
    outer loop
      vertex 7.77541 89.0436 2
      vertex 7.4 89.2287 3
      vertex 7.77541 89.0436 3
    endloop
  endfacet
  facet normal 0.442228 0.896903 0
    outer loop
      vertex 7.4 89.2287 3
      vertex 7.77541 89.0436 2
      vertex 7.4 89.2287 2
    endloop
  endfacet
  facet normal -0.751821 0.659367 0
    outer loop
      vertex 11.2627 89.7373 2
      vertex 11.5387 90.052 3
      vertex 11.5387 90.052 2
    endloop
  endfacet
  facet normal -0.751821 0.659367 0
    outer loop
      vertex 11.5387 90.052 3
      vertex 11.2627 89.7373 2
      vertex 11.2627 89.7373 3
    endloop
  endfacet
  facet normal 0.321548 0.946893 -0
    outer loop
      vertex 8.17178 88.909 2
      vertex 7.77541 89.0436 3
      vertex 8.17178 88.909 3
    endloop
  endfacet
  facet normal 0.321548 0.946893 0
    outer loop
      vertex 7.77541 89.0436 3
      vertex 8.17178 88.909 2
      vertex 7.77541 89.0436 2
    endloop
  endfacet
  facet normal -0.997858 -0.0654194 0
    outer loop
      vertex 82.8 92 0
      vertex 82.7846 92.2349 2
      vertex 82.7846 92.2349 0
    endloop
  endfacet
  facet normal -0.997858 -0.0654194 0
    outer loop
      vertex 82.7846 92.2349 2
      vertex 82.8 92 0
      vertex 82.8 92 2
    endloop
  endfacet
  facet normal 0.0654194 -0.997858 0
    outer loop
      vertex 80.7651 93.7846 0
      vertex 81 93.8 2
      vertex 80.7651 93.7846 2
    endloop
  endfacet
  facet normal 0.0654194 -0.997858 0
    outer loop
      vertex 81 93.8 2
      vertex 80.7651 93.7846 0
      vertex 81 93.8 0
    endloop
  endfacet
  facet normal -0.0654194 0.997858 0
    outer loop
      vertex 81.2349 90.2154 0
      vertex 81 90.2 2
      vertex 81.2349 90.2154 2
    endloop
  endfacet
  facet normal -0.0654194 0.997858 0
    outer loop
      vertex 81 90.2 2
      vertex 81.2349 90.2154 0
      vertex 81 90.2 0
    endloop
  endfacet
  facet normal -0.659286 -0.751892 0
    outer loop
      vertex 82.0958 93.428 0
      vertex 82.2728 93.2728 2
      vertex 82.0958 93.428 2
    endloop
  endfacet
  facet normal -0.659286 -0.751892 -0
    outer loop
      vertex 82.2728 93.2728 2
      vertex 82.0958 93.428 0
      vertex 82.2728 93.2728 0
    endloop
  endfacet
  facet normal 0.751892 -0.659286 0
    outer loop
      vertex 79.572 93.0958 2
      vertex 79.7272 93.2728 0
      vertex 79.7272 93.2728 2
    endloop
  endfacet
  facet normal 0.751892 -0.659286 0
    outer loop
      vertex 79.7272 93.2728 0
      vertex 79.572 93.0958 2
      vertex 79.572 93.0958 0
    endloop
  endfacet
  facet normal 0.442452 -0.896792 0
    outer loop
      vertex 80.1 93.5588 0
      vertex 80.3112 93.663 2
      vertex 80.1 93.5588 2
    endloop
  endfacet
  facet normal 0.442452 -0.896792 0
    outer loop
      vertex 80.3112 93.663 2
      vertex 80.1 93.5588 0
      vertex 80.3112 93.663 0
    endloop
  endfacet
  facet normal -0.896792 -0.442452 0
    outer loop
      vertex 82.663 92.6888 0
      vertex 82.5588 92.9 2
      vertex 82.5588 92.9 0
    endloop
  endfacet
  facet normal -0.896792 -0.442452 0
    outer loop
      vertex 82.5588 92.9 2
      vertex 82.663 92.6888 0
      vertex 82.663 92.6888 2
    endloop
  endfacet
  facet normal -0.321575 -0.946884 0
    outer loop
      vertex 81.4659 93.7387 0
      vertex 81.6888 93.663 2
      vertex 81.4659 93.7387 2
    endloop
  endfacet
  facet normal -0.321575 -0.946884 -0
    outer loop
      vertex 81.6888 93.663 2
      vertex 81.4659 93.7387 0
      vertex 81.6888 93.663 0
    endloop
  endfacet
  facet normal -0.194891 -0.980825 0
    outer loop
      vertex 81.2349 93.7846 0
      vertex 81.4659 93.7387 2
      vertex 81.2349 93.7846 2
    endloop
  endfacet
  facet normal -0.194891 -0.980825 -0
    outer loop
      vertex 81.4659 93.7387 2
      vertex 81.2349 93.7846 0
      vertex 81.4659 93.7387 0
    endloop
  endfacet
  facet normal -0.555484 -0.831527 0
    outer loop
      vertex 81.9 93.5588 0
      vertex 82.0958 93.428 2
      vertex 81.9 93.5588 2
    endloop
  endfacet
  facet normal -0.555484 -0.831527 -0
    outer loop
      vertex 82.0958 93.428 2
      vertex 81.9 93.5588 0
      vertex 82.0958 93.428 0
    endloop
  endfacet
  facet normal 0.896792 -0.442452 0
    outer loop
      vertex 79.337 92.6888 2
      vertex 79.4412 92.9 0
      vertex 79.4412 92.9 2
    endloop
  endfacet
  facet normal 0.896792 -0.442452 0
    outer loop
      vertex 79.4412 92.9 0
      vertex 79.337 92.6888 2
      vertex 79.337 92.6888 0
    endloop
  endfacet
  facet normal 0.831527 -0.555484 0
    outer loop
      vertex 79.4412 92.9 2
      vertex 79.572 93.0958 0
      vertex 79.572 93.0958 2
    endloop
  endfacet
  facet normal 0.831527 -0.555484 0
    outer loop
      vertex 79.572 93.0958 0
      vertex 79.4412 92.9 2
      vertex 79.4412 92.9 0
    endloop
  endfacet
  facet normal 0.980825 -0.194891 0
    outer loop
      vertex 79.2154 92.2349 2
      vertex 79.2613 92.4659 0
      vertex 79.2613 92.4659 2
    endloop
  endfacet
  facet normal 0.980825 -0.194891 0
    outer loop
      vertex 79.2613 92.4659 0
      vertex 79.2154 92.2349 2
      vertex 79.2154 92.2349 0
    endloop
  endfacet
  facet normal 0.659286 -0.751892 0
    outer loop
      vertex 79.7272 93.2728 0
      vertex 79.9042 93.428 2
      vertex 79.7272 93.2728 2
    endloop
  endfacet
  facet normal 0.659286 -0.751892 0
    outer loop
      vertex 79.9042 93.428 2
      vertex 79.7272 93.2728 0
      vertex 79.9042 93.428 0
    endloop
  endfacet
  facet normal 0.321575 -0.946884 0
    outer loop
      vertex 80.3112 93.663 0
      vertex 80.5341 93.7387 2
      vertex 80.3112 93.663 2
    endloop
  endfacet
  facet normal 0.321575 -0.946884 0
    outer loop
      vertex 80.5341 93.7387 2
      vertex 80.3112 93.663 0
      vertex 80.5341 93.7387 0
    endloop
  endfacet
  facet normal -0.896792 0.442452 0
    outer loop
      vertex 82.5588 91.1 0
      vertex 82.663 91.3112 2
      vertex 82.663 91.3112 0
    endloop
  endfacet
  facet normal -0.896792 0.442452 0
    outer loop
      vertex 82.663 91.3112 2
      vertex 82.5588 91.1 0
      vertex 82.5588 91.1 2
    endloop
  endfacet
  facet normal -0.831527 0.555484 0
    outer loop
      vertex 82.428 90.9042 0
      vertex 82.5588 91.1 2
      vertex 82.5588 91.1 0
    endloop
  endfacet
  facet normal -0.831527 0.555484 0
    outer loop
      vertex 82.5588 91.1 2
      vertex 82.428 90.9042 0
      vertex 82.428 90.9042 2
    endloop
  endfacet
  facet normal -0.980825 0.194891 0
    outer loop
      vertex 82.7387 91.5341 0
      vertex 82.7846 91.7651 2
      vertex 82.7846 91.7651 0
    endloop
  endfacet
  facet normal -0.980825 0.194891 0
    outer loop
      vertex 82.7846 91.7651 2
      vertex 82.7387 91.5341 0
      vertex 82.7387 91.5341 2
    endloop
  endfacet
  facet normal 0.321575 0.946884 -0
    outer loop
      vertex 80.5341 90.2613 0
      vertex 80.3112 90.337 2
      vertex 80.5341 90.2613 2
    endloop
  endfacet
  facet normal 0.321575 0.946884 0
    outer loop
      vertex 80.3112 90.337 2
      vertex 80.5341 90.2613 0
      vertex 80.3112 90.337 0
    endloop
  endfacet
  facet normal 0.555484 0.831527 -0
    outer loop
      vertex 80.1 90.4412 0
      vertex 79.9042 90.572 2
      vertex 80.1 90.4412 2
    endloop
  endfacet
  facet normal 0.555484 0.831527 0
    outer loop
      vertex 79.9042 90.572 2
      vertex 80.1 90.4412 0
      vertex 79.9042 90.572 0
    endloop
  endfacet
  facet normal 0.194891 0.980825 -0
    outer loop
      vertex 80.7651 90.2154 0
      vertex 80.5341 90.2613 2
      vertex 80.7651 90.2154 2
    endloop
  endfacet
  facet normal 0.194891 0.980825 0
    outer loop
      vertex 80.5341 90.2613 2
      vertex 80.7651 90.2154 0
      vertex 80.5341 90.2613 0
    endloop
  endfacet
  facet normal 0.659286 0.751892 -0
    outer loop
      vertex 79.9042 90.572 0
      vertex 79.7272 90.7272 2
      vertex 79.9042 90.572 2
    endloop
  endfacet
  facet normal 0.659286 0.751892 0
    outer loop
      vertex 79.7272 90.7272 2
      vertex 79.9042 90.572 0
      vertex 79.7272 90.7272 0
    endloop
  endfacet
  facet normal -0.946884 -0.321575 0
    outer loop
      vertex 82.7387 92.4659 0
      vertex 82.663 92.6888 2
      vertex 82.663 92.6888 0
    endloop
  endfacet
  facet normal -0.946884 -0.321575 0
    outer loop
      vertex 82.663 92.6888 2
      vertex 82.7387 92.4659 0
      vertex 82.7387 92.4659 2
    endloop
  endfacet
  facet normal -0.980825 -0.194891 0
    outer loop
      vertex 82.7846 92.2349 0
      vertex 82.7387 92.4659 2
      vertex 82.7387 92.4659 0
    endloop
  endfacet
  facet normal -0.980825 -0.194891 0
    outer loop
      vertex 82.7387 92.4659 2
      vertex 82.7846 92.2349 0
      vertex 82.7846 92.2349 2
    endloop
  endfacet
  facet normal -0.751892 -0.659286 0
    outer loop
      vertex 82.428 93.0958 0
      vertex 82.2728 93.2728 2
      vertex 82.2728 93.2728 0
    endloop
  endfacet
  facet normal -0.751892 -0.659286 0
    outer loop
      vertex 82.2728 93.2728 2
      vertex 82.428 93.0958 0
      vertex 82.428 93.0958 2
    endloop
  endfacet
  facet normal -0.831527 -0.555484 0
    outer loop
      vertex 82.5588 92.9 0
      vertex 82.428 93.0958 2
      vertex 82.428 93.0958 0
    endloop
  endfacet
  facet normal -0.831527 -0.555484 0
    outer loop
      vertex 82.428 93.0958 2
      vertex 82.5588 92.9 0
      vertex 82.5588 92.9 2
    endloop
  endfacet
  facet normal -0.0654194 -0.997858 0
    outer loop
      vertex 81 93.8 0
      vertex 81.2349 93.7846 2
      vertex 81 93.8 2
    endloop
  endfacet
  facet normal -0.0654194 -0.997858 -0
    outer loop
      vertex 81.2349 93.7846 2
      vertex 81 93.8 0
      vertex 81.2349 93.7846 0
    endloop
  endfacet
  facet normal 0.946884 -0.321575 0
    outer loop
      vertex 79.2613 92.4659 2
      vertex 79.337 92.6888 0
      vertex 79.337 92.6888 2
    endloop
  endfacet
  facet normal 0.946884 -0.321575 0
    outer loop
      vertex 79.337 92.6888 0
      vertex 79.2613 92.4659 2
      vertex 79.2613 92.4659 0
    endloop
  endfacet
  facet normal 0.997858 -0.0654194 0
    outer loop
      vertex 79.2 92 2
      vertex 79.2154 92.2349 0
      vertex 79.2154 92.2349 2
    endloop
  endfacet
  facet normal 0.997858 -0.0654194 0
    outer loop
      vertex 79.2154 92.2349 0
      vertex 79.2 92 2
      vertex 79.2 92 0
    endloop
  endfacet
  facet normal 0.194891 -0.980825 0
    outer loop
      vertex 80.5341 93.7387 0
      vertex 80.7651 93.7846 2
      vertex 80.5341 93.7387 2
    endloop
  endfacet
  facet normal 0.194891 -0.980825 0
    outer loop
      vertex 80.7651 93.7846 2
      vertex 80.5341 93.7387 0
      vertex 80.7651 93.7846 0
    endloop
  endfacet
  facet normal -0.997858 0.0654194 0
    outer loop
      vertex 82.7846 91.7651 0
      vertex 82.8 92 2
      vertex 82.8 92 0
    endloop
  endfacet
  facet normal -0.997858 0.0654194 0
    outer loop
      vertex 82.8 92 2
      vertex 82.7846 91.7651 0
      vertex 82.7846 91.7651 2
    endloop
  endfacet
  facet normal -0.194891 0.980825 0
    outer loop
      vertex 81.4659 90.2613 0
      vertex 81.2349 90.2154 2
      vertex 81.4659 90.2613 2
    endloop
  endfacet
  facet normal -0.194891 0.980825 0
    outer loop
      vertex 81.2349 90.2154 2
      vertex 81.4659 90.2613 0
      vertex 81.2349 90.2154 0
    endloop
  endfacet
  facet normal -0.442452 0.896792 0
    outer loop
      vertex 81.9 90.4412 0
      vertex 81.6888 90.337 2
      vertex 81.9 90.4412 2
    endloop
  endfacet
  facet normal -0.442452 0.896792 0
    outer loop
      vertex 81.6888 90.337 2
      vertex 81.9 90.4412 0
      vertex 81.6888 90.337 0
    endloop
  endfacet
  facet normal -0.555484 0.831527 0
    outer loop
      vertex 82.0958 90.572 0
      vertex 81.9 90.4412 2
      vertex 82.0958 90.572 2
    endloop
  endfacet
  facet normal -0.555484 0.831527 0
    outer loop
      vertex 81.9 90.4412 2
      vertex 82.0958 90.572 0
      vertex 81.9 90.4412 0
    endloop
  endfacet
  facet normal -0.751892 0.659286 0
    outer loop
      vertex 82.2728 90.7272 0
      vertex 82.428 90.9042 2
      vertex 82.428 90.9042 0
    endloop
  endfacet
  facet normal -0.751892 0.659286 0
    outer loop
      vertex 82.428 90.9042 2
      vertex 82.2728 90.7272 0
      vertex 82.2728 90.7272 2
    endloop
  endfacet
  facet normal -0.659286 0.751892 0
    outer loop
      vertex 82.2728 90.7272 0
      vertex 82.0958 90.572 2
      vertex 82.2728 90.7272 2
    endloop
  endfacet
  facet normal -0.659286 0.751892 0
    outer loop
      vertex 82.0958 90.572 2
      vertex 82.2728 90.7272 0
      vertex 82.0958 90.572 0
    endloop
  endfacet
  facet normal 0.442452 0.896792 -0
    outer loop
      vertex 80.3112 90.337 0
      vertex 80.1 90.4412 2
      vertex 80.3112 90.337 2
    endloop
  endfacet
  facet normal 0.442452 0.896792 0
    outer loop
      vertex 80.1 90.4412 2
      vertex 80.3112 90.337 0
      vertex 80.1 90.4412 0
    endloop
  endfacet
  facet normal 0.0654194 0.997858 -0
    outer loop
      vertex 81 90.2 0
      vertex 80.7651 90.2154 2
      vertex 81 90.2 2
    endloop
  endfacet
  facet normal 0.0654194 0.997858 0
    outer loop
      vertex 80.7651 90.2154 2
      vertex 81 90.2 0
      vertex 80.7651 90.2154 0
    endloop
  endfacet
  facet normal 0.831527 0.555484 0
    outer loop
      vertex 79.572 90.9042 2
      vertex 79.4412 91.1 0
      vertex 79.4412 91.1 2
    endloop
  endfacet
  facet normal 0.831527 0.555484 0
    outer loop
      vertex 79.4412 91.1 0
      vertex 79.572 90.9042 2
      vertex 79.572 90.9042 0
    endloop
  endfacet
  facet normal 0.896792 0.442452 0
    outer loop
      vertex 79.4412 91.1 2
      vertex 79.337 91.3112 0
      vertex 79.337 91.3112 2
    endloop
  endfacet
  facet normal 0.896792 0.442452 0
    outer loop
      vertex 79.337 91.3112 0
      vertex 79.4412 91.1 2
      vertex 79.4412 91.1 0
    endloop
  endfacet
  facet normal 0.980825 0.194891 0
    outer loop
      vertex 79.2613 91.5341 2
      vertex 79.2154 91.7651 0
      vertex 79.2154 91.7651 2
    endloop
  endfacet
  facet normal 0.980825 0.194891 0
    outer loop
      vertex 79.2154 91.7651 0
      vertex 79.2613 91.5341 2
      vertex 79.2613 91.5341 0
    endloop
  endfacet
  facet normal -0.442452 -0.896792 0
    outer loop
      vertex 81.6888 93.663 0
      vertex 81.9 93.5588 2
      vertex 81.6888 93.663 2
    endloop
  endfacet
  facet normal -0.442452 -0.896792 -0
    outer loop
      vertex 81.9 93.5588 2
      vertex 81.6888 93.663 0
      vertex 81.9 93.5588 0
    endloop
  endfacet
  facet normal 0.997858 0.0654194 0
    outer loop
      vertex 79.2154 91.7651 2
      vertex 79.2 92 0
      vertex 79.2 92 2
    endloop
  endfacet
  facet normal 0.997858 0.0654194 0
    outer loop
      vertex 79.2 92 0
      vertex 79.2154 91.7651 2
      vertex 79.2154 91.7651 0
    endloop
  endfacet
  facet normal 0.555484 -0.831527 0
    outer loop
      vertex 79.9042 93.428 0
      vertex 80.1 93.5588 2
      vertex 79.9042 93.428 2
    endloop
  endfacet
  facet normal 0.555484 -0.831527 0
    outer loop
      vertex 80.1 93.5588 2
      vertex 79.9042 93.428 0
      vertex 80.1 93.5588 0
    endloop
  endfacet
  facet normal -0.321575 0.946884 0
    outer loop
      vertex 81.6888 90.337 0
      vertex 81.4659 90.2613 2
      vertex 81.6888 90.337 2
    endloop
  endfacet
  facet normal -0.321575 0.946884 0
    outer loop
      vertex 81.4659 90.2613 2
      vertex 81.6888 90.337 0
      vertex 81.4659 90.2613 0
    endloop
  endfacet
  facet normal -0.946884 0.321575 0
    outer loop
      vertex 82.663 91.3112 0
      vertex 82.7387 91.5341 2
      vertex 82.7387 91.5341 0
    endloop
  endfacet
  facet normal -0.946884 0.321575 0
    outer loop
      vertex 82.7387 91.5341 2
      vertex 82.663 91.3112 0
      vertex 82.663 91.3112 2
    endloop
  endfacet
  facet normal 0.751892 0.659286 0
    outer loop
      vertex 79.7272 90.7272 2
      vertex 79.572 90.9042 0
      vertex 79.572 90.9042 2
    endloop
  endfacet
  facet normal 0.751892 0.659286 0
    outer loop
      vertex 79.572 90.9042 0
      vertex 79.7272 90.7272 2
      vertex 79.7272 90.7272 0
    endloop
  endfacet
  facet normal 0.946884 0.321575 0
    outer loop
      vertex 79.337 91.3112 2
      vertex 79.2613 91.5341 0
      vertex 79.2613 91.5341 2
    endloop
  endfacet
  facet normal 0.946884 0.321575 0
    outer loop
      vertex 79.2613 91.5341 0
      vertex 79.337 91.3112 2
      vertex 79.337 91.3112 0
    endloop
  endfacet
  facet normal -0.997855 -0.0654566 0
    outer loop
      vertex 84.2 92 2
      vertex 84.1726 92.4177 3
      vertex 84.1726 92.4177 2
    endloop
  endfacet
  facet normal -0.997855 -0.0654566 0
    outer loop
      vertex 84.1726 92.4177 3
      vertex 84.2 92 2
      vertex 84.2 92 3
    endloop
  endfacet
  facet normal 0.0654566 -0.997855 0
    outer loop
      vertex 80.5823 95.1726 2
      vertex 81 95.2 3
      vertex 80.5823 95.1726 3
    endloop
  endfacet
  facet normal 0.0654566 -0.997855 0
    outer loop
      vertex 81 95.2 3
      vertex 80.5823 95.1726 2
      vertex 81 95.2 2
    endloop
  endfacet
  facet normal -0.0654566 0.997855 0
    outer loop
      vertex 81.4177 88.8274 2
      vertex 81 88.8 3
      vertex 81.4177 88.8274 3
    endloop
  endfacet
  facet normal -0.0654566 0.997855 0
    outer loop
      vertex 81 88.8 3
      vertex 81.4177 88.8274 2
      vertex 81 88.8 2
    endloop
  endfacet
  facet normal -0.751821 0.659367 0
    outer loop
      vertex 83.2627 89.7373 2
      vertex 83.5387 90.052 3
      vertex 83.5387 90.052 2
    endloop
  endfacet
  facet normal -0.751821 0.659367 0
    outer loop
      vertex 83.5387 90.052 3
      vertex 83.2627 89.7373 2
      vertex 83.2627 89.7373 3
    endloop
  endfacet
  facet normal -0.659367 -0.751821 0
    outer loop
      vertex 82.948 94.5387 2
      vertex 83.2627 94.2627 3
      vertex 82.948 94.5387 3
    endloop
  endfacet
  facet normal -0.659367 -0.751821 -0
    outer loop
      vertex 83.2627 94.2627 3
      vertex 82.948 94.5387 2
      vertex 83.2627 94.2627 2
    endloop
  endfacet
  facet normal 0.751821 -0.659367 0
    outer loop
      vertex 78.4613 93.948 3
      vertex 78.7373 94.2627 2
      vertex 78.7373 94.2627 3
    endloop
  endfacet
  facet normal 0.751821 -0.659367 0
    outer loop
      vertex 78.7373 94.2627 2
      vertex 78.4613 93.948 3
      vertex 78.4613 93.948 2
    endloop
  endfacet
  facet normal 0.442237 -0.896898 0
    outer loop
      vertex 79.4 94.7713 2
      vertex 79.7754 94.9564 3
      vertex 79.4 94.7713 3
    endloop
  endfacet
  facet normal 0.442237 -0.896898 0
    outer loop
      vertex 79.7754 94.9564 3
      vertex 79.4 94.7713 2
      vertex 79.7754 94.9564 2
    endloop
  endfacet
  facet normal -0.946901 0.321526 0
    outer loop
      vertex 83.9564 90.7754 2
      vertex 84.091 91.1718 3
      vertex 84.091 91.1718 2
    endloop
  endfacet
  facet normal -0.946901 0.321526 0
    outer loop
      vertex 84.091 91.1718 3
      vertex 83.9564 90.7754 2
      vertex 83.9564 90.7754 3
    endloop
  endfacet
  facet normal -0.896898 -0.442237 0
    outer loop
      vertex 83.9564 93.2246 2
      vertex 83.7713 93.6 3
      vertex 83.7713 93.6 2
    endloop
  endfacet
  facet normal -0.896898 -0.442237 0
    outer loop
      vertex 83.7713 93.6 3
      vertex 83.9564 93.2246 2
      vertex 83.9564 93.2246 3
    endloop
  endfacet
  facet normal -0.98081 -0.194967 0
    outer loop
      vertex 84.1726 92.4177 2
      vertex 84.091 92.8282 3
      vertex 84.091 92.8282 2
    endloop
  endfacet
  facet normal -0.98081 -0.194967 0
    outer loop
      vertex 84.091 92.8282 3
      vertex 84.1726 92.4177 2
      vertex 84.1726 92.4177 3
    endloop
  endfacet
  facet normal -0.831388 -0.555692 0
    outer loop
      vertex 83.7713 93.6 2
      vertex 83.5387 93.948 3
      vertex 83.5387 93.948 2
    endloop
  endfacet
  facet normal -0.831388 -0.555692 0
    outer loop
      vertex 83.5387 93.948 3
      vertex 83.7713 93.6 2
      vertex 83.7713 93.6 3
    endloop
  endfacet
  facet normal -0.321526 -0.946901 0
    outer loop
      vertex 81.8282 95.091 2
      vertex 82.2246 94.9564 3
      vertex 81.8282 95.091 3
    endloop
  endfacet
  facet normal -0.321526 -0.946901 -0
    outer loop
      vertex 82.2246 94.9564 3
      vertex 81.8282 95.091 2
      vertex 82.2246 94.9564 2
    endloop
  endfacet
  facet normal -0.555692 -0.831388 0
    outer loop
      vertex 82.6 94.7713 2
      vertex 82.948 94.5387 3
      vertex 82.6 94.7713 3
    endloop
  endfacet
  facet normal -0.555692 -0.831388 -0
    outer loop
      vertex 82.948 94.5387 3
      vertex 82.6 94.7713 2
      vertex 82.948 94.5387 2
    endloop
  endfacet
  facet normal 0.946901 -0.321526 0
    outer loop
      vertex 77.909 92.8282 3
      vertex 78.0436 93.2246 2
      vertex 78.0436 93.2246 3
    endloop
  endfacet
  facet normal 0.946901 -0.321526 0
    outer loop
      vertex 78.0436 93.2246 2
      vertex 77.909 92.8282 3
      vertex 77.909 92.8282 2
    endloop
  endfacet
  facet normal 0 0 1
    outer loop
      vertex 82.8 92 2
      vertex 84.2 92 2
      vertex 84.1726 92.4177 2
    endloop
  endfacet
  facet normal 0 0 1
    outer loop
      vertex 82.7846 92.2349 2
      vertex 84.1726 92.4177 2
      vertex 84.091 92.8282 2
    endloop
  endfacet
  facet normal 0 0 1
    outer loop
      vertex 84.2 92 2
      vertex 82.8 92 2
      vertex 84.1726 91.5823 2
    endloop
  endfacet
  facet normal 0 0 1
    outer loop
      vertex 82.7387 92.4659 2
      vertex 84.091 92.8282 2
      vertex 83.9564 93.2246 2
    endloop
  endfacet
  facet normal -0 0 1
    outer loop
      vertex 82.7846 91.7651 2
      vertex 84.1726 91.5823 2
      vertex 82.8 92 2
    endloop
  endfacet
  facet normal 0 0 1
    outer loop
      vertex 82.663 92.6888 2
      vertex 83.9564 93.2246 2
      vertex 83.7713 93.6 2
    endloop
  endfacet
  facet normal 0 0 1
    outer loop
      vertex 84.1726 91.5823 2
      vertex 82.7846 91.7651 2
      vertex 84.091 91.1718 2
    endloop
  endfacet
  facet normal 0 0 1
    outer loop
      vertex 82.5588 92.9 2
      vertex 83.7713 93.6 2
      vertex 83.5387 93.948 2
    endloop
  endfacet
  facet normal -0 0 1
    outer loop
      vertex 82.7387 91.5341 2
      vertex 84.091 91.1718 2
      vertex 82.7846 91.7651 2
    endloop
  endfacet
  facet normal 0 0 1
    outer loop
      vertex 82.428 93.0958 2
      vertex 83.5387 93.948 2
      vertex 83.2627 94.2627 2
    endloop
  endfacet
  facet normal 0 0 1
    outer loop
      vertex 84.091 91.1718 2
      vertex 82.7387 91.5341 2
      vertex 83.9564 90.7754 2
    endloop
  endfacet
  facet normal 0 0 1
    outer loop
      vertex 82.2728 93.2728 2
      vertex 83.2627 94.2627 2
      vertex 82.948 94.5387 2
    endloop
  endfacet
  facet normal -0 0 1
    outer loop
      vertex 82.663 91.3112 2
      vertex 83.9564 90.7754 2
      vertex 82.7387 91.5341 2
    endloop
  endfacet
  facet normal 0 0 1
    outer loop
      vertex 83.9564 90.7754 2
      vertex 82.663 91.3112 2
      vertex 83.7713 90.4 2
    endloop
  endfacet
  facet normal 0 0 1
    outer loop
      vertex 84.1726 92.4177 2
      vertex 82.7846 92.2349 2
      vertex 82.8 92 2
    endloop
  endfacet
  facet normal 0 0 1
    outer loop
      vertex 84.091 92.8282 2
      vertex 82.7387 92.4659 2
      vertex 82.7846 92.2349 2
    endloop
  endfacet
  facet normal 0 0 1
    outer loop
      vertex 83.9564 93.2246 2
      vertex 82.663 92.6888 2
      vertex 82.7387 92.4659 2
    endloop
  endfacet
  facet normal 0 0 1
    outer loop
      vertex 82.0958 93.428 2
      vertex 82.948 94.5387 2
      vertex 82.6 94.7713 2
    endloop
  endfacet
  facet normal 0 0 1
    outer loop
      vertex 83.7713 93.6 2
      vertex 82.5588 92.9 2
      vertex 82.663 92.6888 2
    endloop
  endfacet
  facet normal 0 0 1
    outer loop
      vertex 83.5387 93.948 2
      vertex 82.428 93.0958 2
      vertex 82.5588 92.9 2
    endloop
  endfacet
  facet normal 0 0 1
    outer loop
      vertex 83.2627 94.2627 2
      vertex 82.2728 93.2728 2
      vertex 82.428 93.0958 2
    endloop
  endfacet
  facet normal 0 0 1
    outer loop
      vertex 81.9 93.5588 2
      vertex 82.6 94.7713 2
      vertex 82.2246 94.9564 2
    endloop
  endfacet
  facet normal 0 0 1
    outer loop
      vertex 82.948 94.5387 2
      vertex 82.0958 93.428 2
      vertex 82.2728 93.2728 2
    endloop
  endfacet
  facet normal 0 0 1
    outer loop
      vertex 82.6 94.7713 2
      vertex 81.9 93.5588 2
      vertex 82.0958 93.428 2
    endloop
  endfacet
  facet normal 0 0 1
    outer loop
      vertex 81.6888 93.663 2
      vertex 82.2246 94.9564 2
      vertex 81.8282 95.091 2
    endloop
  endfacet
  facet normal 0 0 1
    outer loop
      vertex 82.2246 94.9564 2
      vertex 81.6888 93.663 2
      vertex 81.9 93.5588 2
    endloop
  endfacet
  facet normal 0 0 1
    outer loop
      vertex 81.8282 95.091 2
      vertex 81.4659 93.7387 2
      vertex 81.6888 93.663 2
    endloop
  endfacet
  facet normal 0 0 1
    outer loop
      vertex 81.4177 95.1726 2
      vertex 81.4659 93.7387 2
      vertex 81.8282 95.091 2
    endloop
  endfacet
  facet normal 0 0 1
    outer loop
      vertex 81.4177 95.1726 2
      vertex 81.2349 93.7846 2
      vertex 81.4659 93.7387 2
    endloop
  endfacet
  facet normal 0 0 1
    outer loop
      vertex 81 95.2 2
      vertex 81.2349 93.7846 2
      vertex 81.4177 95.1726 2
    endloop
  endfacet
  facet normal 0 0 1
    outer loop
      vertex 81 95.2 2
      vertex 81 93.8 2
      vertex 81.2349 93.7846 2
    endloop
  endfacet
  facet normal 0 0 1
    outer loop
      vertex 81 95.2 2
      vertex 80.7651 93.7846 2
      vertex 81 93.8 2
    endloop
  endfacet
  facet normal -0 0 1
    outer loop
      vertex 80.5823 95.1726 2
      vertex 80.7651 93.7846 2
      vertex 81 95.2 2
    endloop
  endfacet
  facet normal 0 0 1
    outer loop
      vertex 80.5823 95.1726 2
      vertex 80.5341 93.7387 2
      vertex 80.7651 93.7846 2
    endloop
  endfacet
  facet normal -0 0 1
    outer loop
      vertex 80.1718 95.091 2
      vertex 80.5341 93.7387 2
      vertex 80.5823 95.1726 2
    endloop
  endfacet
  facet normal 0 0 1
    outer loop
      vertex 80.5341 93.7387 2
      vertex 80.1718 95.091 2
      vertex 80.3112 93.663 2
    endloop
  endfacet
  facet normal -0 0 1
    outer loop
      vertex 79.7754 94.9564 2
      vertex 80.3112 93.663 2
      vertex 80.1718 95.091 2
    endloop
  endfacet
  facet normal 0 0 1
    outer loop
      vertex 80.3112 93.663 2
      vertex 79.7754 94.9564 2
      vertex 80.1 93.5588 2
    endloop
  endfacet
  facet normal -0 0 1
    outer loop
      vertex 79.4 94.7713 2
      vertex 80.1 93.5588 2
      vertex 79.7754 94.9564 2
    endloop
  endfacet
  facet normal 0 0 1
    outer loop
      vertex 80.1 93.5588 2
      vertex 79.4 94.7713 2
      vertex 79.9042 93.428 2
    endloop
  endfacet
  facet normal -0 0 1
    outer loop
      vertex 79.052 94.5387 2
      vertex 79.9042 93.428 2
      vertex 79.4 94.7713 2
    endloop
  endfacet
  facet normal 0 0 1
    outer loop
      vertex 79.9042 93.428 2
      vertex 79.052 94.5387 2
      vertex 79.7272 93.2728 2
    endloop
  endfacet
  facet normal -0 0 1
    outer loop
      vertex 78.7373 94.2627 2
      vertex 79.7272 93.2728 2
      vertex 79.052 94.5387 2
    endloop
  endfacet
  facet normal 0 0 1
    outer loop
      vertex 79.7272 93.2728 2
      vertex 78.7373 94.2627 2
      vertex 79.572 93.0958 2
    endloop
  endfacet
  facet normal -0 0 1
    outer loop
      vertex 78.4613 93.948 2
      vertex 79.572 93.0958 2
      vertex 78.7373 94.2627 2
    endloop
  endfacet
  facet normal 0 0 1
    outer loop
      vertex 79.572 93.0958 2
      vertex 78.4613 93.948 2
      vertex 79.4412 92.9 2
    endloop
  endfacet
  facet normal 0 0 1
    outer loop
      vertex 79.4412 92.9 2
      vertex 78.2287 93.6 2
      vertex 79.337 92.6888 2
    endloop
  endfacet
  facet normal -0 0 1
    outer loop
      vertex 78.2287 93.6 2
      vertex 79.4412 92.9 2
      vertex 78.4613 93.948 2
    endloop
  endfacet
  facet normal -0 0 1
    outer loop
      vertex 82.5588 91.1 2
      vertex 83.7713 90.4 2
      vertex 82.663 91.3112 2
    endloop
  endfacet
  facet normal 0 0 1
    outer loop
      vertex 83.7713 90.4 2
      vertex 82.5588 91.1 2
      vertex 83.5387 90.052 2
    endloop
  endfacet
  facet normal -0 0 1
    outer loop
      vertex 82.428 90.9042 2
      vertex 83.5387 90.052 2
      vertex 82.5588 91.1 2
    endloop
  endfacet
  facet normal 0 0 1
    outer loop
      vertex 83.5387 90.052 2
      vertex 82.428 90.9042 2
      vertex 83.2627 89.7373 2
    endloop
  endfacet
  facet normal -0 0 1
    outer loop
      vertex 82.2728 90.7272 2
      vertex 83.2627 89.7373 2
      vertex 82.428 90.9042 2
    endloop
  endfacet
  facet normal 0 0 1
    outer loop
      vertex 83.2627 89.7373 2
      vertex 82.2728 90.7272 2
      vertex 82.948 89.4613 2
    endloop
  endfacet
  facet normal -0 0 1
    outer loop
      vertex 82.0958 90.572 2
      vertex 82.948 89.4613 2
      vertex 82.2728 90.7272 2
    endloop
  endfacet
  facet normal 0 0 1
    outer loop
      vertex 82.948 89.4613 2
      vertex 82.0958 90.572 2
      vertex 82.6 89.2287 2
    endloop
  endfacet
  facet normal -0 0 1
    outer loop
      vertex 81.9 90.4412 2
      vertex 82.6 89.2287 2
      vertex 82.0958 90.572 2
    endloop
  endfacet
  facet normal 0 0 1
    outer loop
      vertex 82.6 89.2287 2
      vertex 81.9 90.4412 2
      vertex 82.2246 89.0436 2
    endloop
  endfacet
  facet normal -0 0 1
    outer loop
      vertex 81.6888 90.337 2
      vertex 82.2246 89.0436 2
      vertex 81.9 90.4412 2
    endloop
  endfacet
  facet normal 0 0 1
    outer loop
      vertex 82.2246 89.0436 2
      vertex 81.6888 90.337 2
      vertex 81.8282 88.909 2
    endloop
  endfacet
  facet normal -0 0 1
    outer loop
      vertex 81.4659 90.2613 2
      vertex 81.8282 88.909 2
      vertex 81.6888 90.337 2
    endloop
  endfacet
  facet normal 0 0 1
    outer loop
      vertex 81.4659 90.2613 2
      vertex 81.4177 88.8274 2
      vertex 81.8282 88.909 2
    endloop
  endfacet
  facet normal -0 0 1
    outer loop
      vertex 81.2349 90.2154 2
      vertex 81.4177 88.8274 2
      vertex 81.4659 90.2613 2
    endloop
  endfacet
  facet normal -0 0 1
    outer loop
      vertex 81 90.2 2
      vertex 81.4177 88.8274 2
      vertex 81.2349 90.2154 2
    endloop
  endfacet
  facet normal 0 0 1
    outer loop
      vertex 81 90.2 2
      vertex 81 88.8 2
      vertex 81.4177 88.8274 2
    endloop
  endfacet
  facet normal 0 0 1
    outer loop
      vertex 80.7651 90.2154 2
      vertex 81 88.8 2
      vertex 81 90.2 2
    endloop
  endfacet
  facet normal 0 0 1
    outer loop
      vertex 80.7651 90.2154 2
      vertex 80.5823 88.8274 2
      vertex 81 88.8 2
    endloop
  endfacet
  facet normal 0 0 1
    outer loop
      vertex 80.5341 90.2613 2
      vertex 80.5823 88.8274 2
      vertex 80.7651 90.2154 2
    endloop
  endfacet
  facet normal 0 0 1
    outer loop
      vertex 80.1718 88.909 2
      vertex 80.5341 90.2613 2
      vertex 80.3112 90.337 2
    endloop
  endfacet
  facet normal 0 0 1
    outer loop
      vertex 80.5341 90.2613 2
      vertex 80.1718 88.909 2
      vertex 80.5823 88.8274 2
    endloop
  endfacet
  facet normal 0 0 1
    outer loop
      vertex 79.7754 89.0436 2
      vertex 80.3112 90.337 2
      vertex 80.1 90.4412 2
    endloop
  endfacet
  facet normal 0 0 1
    outer loop
      vertex 79.4 89.2287 2
      vertex 80.1 90.4412 2
      vertex 79.9042 90.572 2
    endloop
  endfacet
  facet normal 0 0 1
    outer loop
      vertex 80.3112 90.337 2
      vertex 79.7754 89.0436 2
      vertex 80.1718 88.909 2
    endloop
  endfacet
  facet normal 0 0 1
    outer loop
      vertex 79.052 89.4613 2
      vertex 79.9042 90.572 2
      vertex 79.7272 90.7272 2
    endloop
  endfacet
  facet normal 0 0 1
    outer loop
      vertex 78.7373 89.7373 2
      vertex 79.7272 90.7272 2
      vertex 79.572 90.9042 2
    endloop
  endfacet
  facet normal 0 0 1
    outer loop
      vertex 78.4613 90.052 2
      vertex 79.572 90.9042 2
      vertex 79.4412 91.1 2
    endloop
  endfacet
  facet normal 0 0 1
    outer loop
      vertex 80.1 90.4412 2
      vertex 79.4 89.2287 2
      vertex 79.7754 89.0436 2
    endloop
  endfacet
  facet normal 0 0 1
    outer loop
      vertex 78.2287 90.4 2
      vertex 79.4412 91.1 2
      vertex 79.337 91.3112 2
    endloop
  endfacet
  facet normal 0 0 1
    outer loop
      vertex 78.0436 90.7754 2
      vertex 79.337 91.3112 2
      vertex 79.2613 91.5341 2
    endloop
  endfacet
  facet normal 0 0 1
    outer loop
      vertex 77.909 91.1718 2
      vertex 79.2613 91.5341 2
      vertex 79.2154 91.7651 2
    endloop
  endfacet
  facet normal 0 0 1
    outer loop
      vertex 79.9042 90.572 2
      vertex 79.052 89.4613 2
      vertex 79.4 89.2287 2
    endloop
  endfacet
  facet normal 0 0 1
    outer loop
      vertex 77.8274 91.5823 2
      vertex 79.2154 91.7651 2
      vertex 79.2 92 2
    endloop
  endfacet
  facet normal -0 0 1
    outer loop
      vertex 78.0436 93.2246 2
      vertex 79.337 92.6888 2
      vertex 78.2287 93.6 2
    endloop
  endfacet
  facet normal 0 0 1
    outer loop
      vertex 79.337 92.6888 2
      vertex 78.0436 93.2246 2
      vertex 79.2613 92.4659 2
    endloop
  endfacet
  facet normal 0 0 1
    outer loop
      vertex 79.7272 90.7272 2
      vertex 78.7373 89.7373 2
      vertex 79.052 89.4613 2
    endloop
  endfacet
  facet normal -0 0 1
    outer loop
      vertex 77.909 92.8282 2
      vertex 79.2613 92.4659 2
      vertex 78.0436 93.2246 2
    endloop
  endfacet
  facet normal 0 0 1
    outer loop
      vertex 79.572 90.9042 2
      vertex 78.4613 90.052 2
      vertex 78.7373 89.7373 2
    endloop
  endfacet
  facet normal 0 0 1
    outer loop
      vertex 79.2613 92.4659 2
      vertex 77.909 92.8282 2
      vertex 79.2154 92.2349 2
    endloop
  endfacet
  facet normal 0 0 1
    outer loop
      vertex 79.4412 91.1 2
      vertex 78.2287 90.4 2
      vertex 78.4613 90.052 2
    endloop
  endfacet
  facet normal -0 0 1
    outer loop
      vertex 77.8274 92.4177 2
      vertex 79.2154 92.2349 2
      vertex 77.909 92.8282 2
    endloop
  endfacet
  facet normal 0 0 1
    outer loop
      vertex 79.337 91.3112 2
      vertex 78.0436 90.7754 2
      vertex 78.2287 90.4 2
    endloop
  endfacet
  facet normal 0 0 1
    outer loop
      vertex 79.2154 92.2349 2
      vertex 77.8274 92.4177 2
      vertex 79.2 92 2
    endloop
  endfacet
  facet normal 0 0 1
    outer loop
      vertex 79.2613 91.5341 2
      vertex 77.909 91.1718 2
      vertex 78.0436 90.7754 2
    endloop
  endfacet
  facet normal 0 0 1
    outer loop
      vertex 77.8 92 2
      vertex 79.2 92 2
      vertex 77.8274 92.4177 2
    endloop
  endfacet
  facet normal 0 0 1
    outer loop
      vertex 79.2154 91.7651 2
      vertex 77.8274 91.5823 2
      vertex 77.909 91.1718 2
    endloop
  endfacet
  facet normal 0 0 1
    outer loop
      vertex 79.2 92 2
      vertex 77.8 92 2
      vertex 77.8274 91.5823 2
    endloop
  endfacet
  facet normal 0.831388 -0.555692 0
    outer loop
      vertex 78.2287 93.6 3
      vertex 78.4613 93.948 2
      vertex 78.4613 93.948 3
    endloop
  endfacet
  facet normal 0.831388 -0.555692 0
    outer loop
      vertex 78.4613 93.948 2
      vertex 78.2287 93.6 3
      vertex 78.2287 93.6 2
    endloop
  endfacet
  facet normal 0.555692 -0.831388 0
    outer loop
      vertex 79.052 94.5387 2
      vertex 79.4 94.7713 3
      vertex 79.052 94.5387 3
    endloop
  endfacet
  facet normal 0.555692 -0.831388 0
    outer loop
      vertex 79.4 94.7713 3
      vertex 79.052 94.5387 2
      vertex 79.4 94.7713 2
    endloop
  endfacet
  facet normal 0.194967 -0.98081 0
    outer loop
      vertex 80.1718 95.091 2
      vertex 80.5823 95.1726 3
      vertex 80.1718 95.091 3
    endloop
  endfacet
  facet normal 0.194967 -0.98081 0
    outer loop
      vertex 80.5823 95.1726 3
      vertex 80.1718 95.091 2
      vertex 80.5823 95.1726 2
    endloop
  endfacet
  facet normal -0.442237 0.896898 0
    outer loop
      vertex 82.6 89.2287 2
      vertex 82.2246 89.0436 3
      vertex 82.6 89.2287 3
    endloop
  endfacet
  facet normal -0.442237 0.896898 0
    outer loop
      vertex 82.2246 89.0436 3
      vertex 82.6 89.2287 2
      vertex 82.2246 89.0436 2
    endloop
  endfacet
  facet normal -0.946901 -0.321526 0
    outer loop
      vertex 84.091 92.8282 2
      vertex 83.9564 93.2246 3
      vertex 83.9564 93.2246 2
    endloop
  endfacet
  facet normal -0.946901 -0.321526 0
    outer loop
      vertex 83.9564 93.2246 3
      vertex 84.091 92.8282 2
      vertex 84.091 92.8282 3
    endloop
  endfacet
  facet normal -0.751821 -0.659367 0
    outer loop
      vertex 83.5387 93.948 2
      vertex 83.2627 94.2627 3
      vertex 83.2627 94.2627 2
    endloop
  endfacet
  facet normal -0.751821 -0.659367 0
    outer loop
      vertex 83.2627 94.2627 3
      vertex 83.5387 93.948 2
      vertex 83.5387 93.948 3
    endloop
  endfacet
  facet normal -0.194967 -0.98081 0
    outer loop
      vertex 81.4177 95.1726 2
      vertex 81.8282 95.091 3
      vertex 81.4177 95.1726 3
    endloop
  endfacet
  facet normal -0.194967 -0.98081 -0
    outer loop
      vertex 81.8282 95.091 3
      vertex 81.4177 95.1726 2
      vertex 81.8282 95.091 2
    endloop
  endfacet
  facet normal -0.0654566 -0.997855 0
    outer loop
      vertex 81 95.2 2
      vertex 81.4177 95.1726 3
      vertex 81 95.2 3
    endloop
  endfacet
  facet normal -0.0654566 -0.997855 -0
    outer loop
      vertex 81.4177 95.1726 3
      vertex 81 95.2 2
      vertex 81.4177 95.1726 2
    endloop
  endfacet
  facet normal -0.442237 -0.896898 0
    outer loop
      vertex 82.2246 94.9564 2
      vertex 82.6 94.7713 3
      vertex 82.2246 94.9564 3
    endloop
  endfacet
  facet normal -0.442237 -0.896898 -0
    outer loop
      vertex 82.6 94.7713 3
      vertex 82.2246 94.9564 2
      vertex 82.6 94.7713 2
    endloop
  endfacet
  facet normal 0.896898 -0.442237 0
    outer loop
      vertex 78.0436 93.2246 3
      vertex 78.2287 93.6 2
      vertex 78.2287 93.6 3
    endloop
  endfacet
  facet normal 0.896898 -0.442237 0
    outer loop
      vertex 78.2287 93.6 2
      vertex 78.0436 93.2246 3
      vertex 78.0436 93.2246 2
    endloop
  endfacet
  facet normal 0.98081 -0.194967 0
    outer loop
      vertex 77.8274 92.4177 3
      vertex 77.909 92.8282 2
      vertex 77.909 92.8282 3
    endloop
  endfacet
  facet normal 0.98081 -0.194967 0
    outer loop
      vertex 77.909 92.8282 2
      vertex 77.8274 92.4177 3
      vertex 77.8274 92.4177 2
    endloop
  endfacet
  facet normal 0.997855 -0.0654566 0
    outer loop
      vertex 77.8 92 3
      vertex 77.8274 92.4177 2
      vertex 77.8274 92.4177 3
    endloop
  endfacet
  facet normal 0.997855 -0.0654566 0
    outer loop
      vertex 77.8274 92.4177 2
      vertex 77.8 92 3
      vertex 77.8 92 2
    endloop
  endfacet
  facet normal 0.997855 0.0654566 0
    outer loop
      vertex 77.8274 91.5823 3
      vertex 77.8 92 2
      vertex 77.8 92 3
    endloop
  endfacet
  facet normal 0.997855 0.0654566 0
    outer loop
      vertex 77.8 92 2
      vertex 77.8274 91.5823 3
      vertex 77.8274 91.5823 2
    endloop
  endfacet
  facet normal 0.659367 -0.751821 0
    outer loop
      vertex 78.7373 94.2627 2
      vertex 79.052 94.5387 3
      vertex 78.7373 94.2627 3
    endloop
  endfacet
  facet normal 0.659367 -0.751821 0
    outer loop
      vertex 79.052 94.5387 3
      vertex 78.7373 94.2627 2
      vertex 79.052 94.5387 2
    endloop
  endfacet
  facet normal 0.321526 -0.946901 0
    outer loop
      vertex 79.7754 94.9564 2
      vertex 80.1718 95.091 3
      vertex 79.7754 94.9564 3
    endloop
  endfacet
  facet normal 0.321526 -0.946901 0
    outer loop
      vertex 80.1718 95.091 3
      vertex 79.7754 94.9564 2
      vertex 80.1718 95.091 2
    endloop
  endfacet
  facet normal -0.997855 0.0654566 0
    outer loop
      vertex 84.1726 91.5823 2
      vertex 84.2 92 3
      vertex 84.2 92 2
    endloop
  endfacet
  facet normal -0.997855 0.0654566 0
    outer loop
      vertex 84.2 92 3
      vertex 84.1726 91.5823 2
      vertex 84.1726 91.5823 3
    endloop
  endfacet
  facet normal -0.831388 0.555692 0
    outer loop
      vertex 83.5387 90.052 2
      vertex 83.7713 90.4 3
      vertex 83.7713 90.4 2
    endloop
  endfacet
  facet normal -0.831388 0.555692 0
    outer loop
      vertex 83.7713 90.4 3
      vertex 83.5387 90.052 2
      vertex 83.5387 90.052 3
    endloop
  endfacet
  facet normal -0.98081 0.194967 0
    outer loop
      vertex 84.091 91.1718 2
      vertex 84.1726 91.5823 3
      vertex 84.1726 91.5823 2
    endloop
  endfacet
  facet normal -0.98081 0.194967 0
    outer loop
      vertex 84.1726 91.5823 3
      vertex 84.091 91.1718 2
      vertex 84.091 91.1718 3
    endloop
  endfacet
  facet normal 0.555692 0.831388 -0
    outer loop
      vertex 79.4 89.2287 2
      vertex 79.052 89.4613 3
      vertex 79.4 89.2287 3
    endloop
  endfacet
  facet normal 0.555692 0.831388 0
    outer loop
      vertex 79.052 89.4613 3
      vertex 79.4 89.2287 2
      vertex 79.052 89.4613 2
    endloop
  endfacet
  facet normal 0.831388 0.555692 0
    outer loop
      vertex 78.4613 90.052 3
      vertex 78.2287 90.4 2
      vertex 78.2287 90.4 3
    endloop
  endfacet
  facet normal 0.831388 0.555692 0
    outer loop
      vertex 78.2287 90.4 2
      vertex 78.4613 90.052 3
      vertex 78.4613 90.052 2
    endloop
  endfacet
  facet normal 0.751821 0.659367 0
    outer loop
      vertex 78.7373 89.7373 3
      vertex 78.4613 90.052 2
      vertex 78.4613 90.052 3
    endloop
  endfacet
  facet normal 0.751821 0.659367 0
    outer loop
      vertex 78.4613 90.052 2
      vertex 78.7373 89.7373 3
      vertex 78.7373 89.7373 2
    endloop
  endfacet
  facet normal -0.555692 0.831388 0
    outer loop
      vertex 82.948 89.4613 2
      vertex 82.6 89.2287 3
      vertex 82.948 89.4613 3
    endloop
  endfacet
  facet normal -0.555692 0.831388 0
    outer loop
      vertex 82.6 89.2287 3
      vertex 82.948 89.4613 2
      vertex 82.6 89.2287 2
    endloop
  endfacet
  facet normal -0.896898 0.442237 0
    outer loop
      vertex 83.7713 90.4 2
      vertex 83.9564 90.7754 3
      vertex 83.9564 90.7754 2
    endloop
  endfacet
  facet normal -0.896898 0.442237 0
    outer loop
      vertex 83.9564 90.7754 3
      vertex 83.7713 90.4 2
      vertex 83.7713 90.4 3
    endloop
  endfacet
  facet normal 0.194967 0.98081 -0
    outer loop
      vertex 80.5823 88.8274 2
      vertex 80.1718 88.909 3
      vertex 80.5823 88.8274 3
    endloop
  endfacet
  facet normal 0.194967 0.98081 0
    outer loop
      vertex 80.1718 88.909 3
      vertex 80.5823 88.8274 2
      vertex 80.1718 88.909 2
    endloop
  endfacet
  facet normal 0.659367 0.751821 -0
    outer loop
      vertex 79.052 89.4613 2
      vertex 78.7373 89.7373 3
      vertex 79.052 89.4613 3
    endloop
  endfacet
  facet normal 0.659367 0.751821 0
    outer loop
      vertex 78.7373 89.7373 3
      vertex 79.052 89.4613 2
      vertex 78.7373 89.7373 2
    endloop
  endfacet
  facet normal 0.946901 0.321526 0
    outer loop
      vertex 78.0436 90.7754 3
      vertex 77.909 91.1718 2
      vertex 77.909 91.1718 3
    endloop
  endfacet
  facet normal 0.946901 0.321526 0
    outer loop
      vertex 77.909 91.1718 2
      vertex 78.0436 90.7754 3
      vertex 78.0436 90.7754 2
    endloop
  endfacet
  facet normal 0.98081 0.194967 0
    outer loop
      vertex 77.909 91.1718 3
      vertex 77.8274 91.5823 2
      vertex 77.8274 91.5823 3
    endloop
  endfacet
  facet normal 0.98081 0.194967 0
    outer loop
      vertex 77.8274 91.5823 2
      vertex 77.909 91.1718 3
      vertex 77.909 91.1718 2
    endloop
  endfacet
  facet normal 0.896898 0.442237 0
    outer loop
      vertex 78.2287 90.4 3
      vertex 78.0436 90.7754 2
      vertex 78.0436 90.7754 3
    endloop
  endfacet
  facet normal 0.896898 0.442237 0
    outer loop
      vertex 78.0436 90.7754 2
      vertex 78.2287 90.4 3
      vertex 78.2287 90.4 2
    endloop
  endfacet
  facet normal -0.659367 0.751821 0
    outer loop
      vertex 83.2627 89.7373 2
      vertex 82.948 89.4613 3
      vertex 83.2627 89.7373 3
    endloop
  endfacet
  facet normal -0.659367 0.751821 0
    outer loop
      vertex 82.948 89.4613 3
      vertex 83.2627 89.7373 2
      vertex 82.948 89.4613 2
    endloop
  endfacet
  facet normal -0.321526 0.946901 0
    outer loop
      vertex 82.2246 89.0436 2
      vertex 81.8282 88.909 3
      vertex 82.2246 89.0436 3
    endloop
  endfacet
  facet normal -0.321526 0.946901 0
    outer loop
      vertex 81.8282 88.909 3
      vertex 82.2246 89.0436 2
      vertex 81.8282 88.909 2
    endloop
  endfacet
  facet normal -0.194967 0.98081 0
    outer loop
      vertex 81.8282 88.909 2
      vertex 81.4177 88.8274 3
      vertex 81.8282 88.909 3
    endloop
  endfacet
  facet normal -0.194967 0.98081 0
    outer loop
      vertex 81.4177 88.8274 3
      vertex 81.8282 88.909 2
      vertex 81.4177 88.8274 2
    endloop
  endfacet
  facet normal 0.0654566 0.997855 -0
    outer loop
      vertex 81 88.8 2
      vertex 80.5823 88.8274 3
      vertex 81 88.8 3
    endloop
  endfacet
  facet normal 0.0654566 0.997855 0
    outer loop
      vertex 80.5823 88.8274 3
      vertex 81 88.8 2
      vertex 80.5823 88.8274 2
    endloop
  endfacet
  facet normal 0.442237 0.896898 -0
    outer loop
      vertex 79.7754 89.0436 2
      vertex 79.4 89.2287 3
      vertex 79.7754 89.0436 3
    endloop
  endfacet
  facet normal 0.442237 0.896898 0
    outer loop
      vertex 79.4 89.2287 3
      vertex 79.7754 89.0436 2
      vertex 79.4 89.2287 2
    endloop
  endfacet
  facet normal 0.321526 0.946901 -0
    outer loop
      vertex 80.1718 88.909 2
      vertex 79.7754 89.0436 3
      vertex 80.1718 88.909 3
    endloop
  endfacet
  facet normal 0.321526 0.946901 0
    outer loop
      vertex 79.7754 89.0436 3
      vertex 80.1718 88.909 2
      vertex 79.7754 89.0436 2
    endloop
  endfacet
  facet normal -0.997969 -0.0637002 0
    outer loop
      vertex 180.8 105 0
      vertex 180.785 105.235 2
      vertex 180.785 105.235 0
    endloop
  endfacet
  facet normal -0.997969 -0.0637002 0
    outer loop
      vertex 180.785 105.235 2
      vertex 180.8 105 0
      vertex 180.8 105 2
    endloop
  endfacet
  facet normal 0.0637002 -0.997969 0
    outer loop
      vertex 178.765 106.785 0
      vertex 179 106.8 2
      vertex 178.765 106.785 2
    endloop
  endfacet
  facet normal 0.0637002 -0.997969 0
    outer loop
      vertex 179 106.8 2
      vertex 178.765 106.785 0
      vertex 179 106.8 0
    endloop
  endfacet
  facet normal -0.658805 -0.752313 0
    outer loop
      vertex 180.096 106.428 0
      vertex 180.273 106.273 2
      vertex 180.096 106.428 2
    endloop
  endfacet
  facet normal -0.658805 -0.752313 -0
    outer loop
      vertex 180.273 106.273 2
      vertex 180.096 106.428 0
      vertex 180.273 106.273 0
    endloop
  endfacet
  facet normal 0.752313 -0.658805 0
    outer loop
      vertex 177.572 106.096 2
      vertex 177.727 106.273 0
      vertex 177.727 106.273 2
    endloop
  endfacet
  facet normal 0.752313 -0.658805 0
    outer loop
      vertex 177.727 106.273 0
      vertex 177.572 106.096 2
      vertex 177.572 106.096 0
    endloop
  endfacet
  facet normal 0.442105 -0.896963 0
    outer loop
      vertex 178.1 106.559 0
      vertex 178.311 106.663 2
      vertex 178.1 106.559 2
    endloop
  endfacet
  facet normal 0.442105 -0.896963 0
    outer loop
      vertex 178.311 106.663 2
      vertex 178.1 106.559 0
      vertex 178.311 106.663 0
    endloop
  endfacet
  facet normal -0.896963 -0.442105 0
    outer loop
      vertex 180.663 105.689 0
      vertex 180.559 105.9 2
      vertex 180.559 105.9 0
    endloop
  endfacet
  facet normal -0.896963 -0.442105 0
    outer loop
      vertex 180.559 105.9 2
      vertex 180.663 105.689 0
      vertex 180.663 105.689 2
    endloop
  endfacet
  facet normal -0.322588 -0.94654 0
    outer loop
      vertex 179.466 106.739 0
      vertex 179.689 106.663 2
      vertex 179.466 106.739 2
    endloop
  endfacet
  facet normal -0.322588 -0.94654 -0
    outer loop
      vertex 179.689 106.663 2
      vertex 179.466 106.739 0
      vertex 179.689 106.663 0
    endloop
  endfacet
  facet normal -0.1953 -0.980744 0
    outer loop
      vertex 179.235 106.785 0
      vertex 179.466 106.739 2
      vertex 179.235 106.785 2
    endloop
  endfacet
  facet normal -0.1953 -0.980744 -0
    outer loop
      vertex 179.466 106.739 2
      vertex 179.235 106.785 0
      vertex 179.466 106.739 0
    endloop
  endfacet
  facet normal -0.555679 -0.831397 0
    outer loop
      vertex 179.9 106.559 0
      vertex 180.096 106.428 2
      vertex 179.9 106.559 2
    endloop
  endfacet
  facet normal -0.555679 -0.831397 -0
    outer loop
      vertex 180.096 106.428 2
      vertex 179.9 106.559 0
      vertex 180.096 106.428 0
    endloop
  endfacet
  facet normal 0.896963 -0.442105 0
    outer loop
      vertex 177.337 105.689 2
      vertex 177.441 105.9 0
      vertex 177.441 105.9 2
    endloop
  endfacet
  facet normal 0.896963 -0.442105 0
    outer loop
      vertex 177.441 105.9 0
      vertex 177.337 105.689 2
      vertex 177.337 105.689 0
    endloop
  endfacet
  facet normal 0.831397 -0.555679 0
    outer loop
      vertex 177.441 105.9 2
      vertex 177.572 106.096 0
      vertex 177.572 106.096 2
    endloop
  endfacet
  facet normal 0.831397 -0.555679 0
    outer loop
      vertex 177.572 106.096 0
      vertex 177.441 105.9 2
      vertex 177.441 105.9 0
    endloop
  endfacet
  facet normal 0.980744 -0.1953 0
    outer loop
      vertex 177.215 105.235 2
      vertex 177.261 105.466 0
      vertex 177.261 105.466 2
    endloop
  endfacet
  facet normal 0.980744 -0.1953 0
    outer loop
      vertex 177.261 105.466 0
      vertex 177.215 105.235 2
      vertex 177.215 105.235 0
    endloop
  endfacet
  facet normal 0.658805 -0.752313 0
    outer loop
      vertex 177.727 106.273 0
      vertex 177.904 106.428 2
      vertex 177.727 106.273 2
    endloop
  endfacet
  facet normal 0.658805 -0.752313 0
    outer loop
      vertex 177.904 106.428 2
      vertex 177.727 106.273 0
      vertex 177.904 106.428 0
    endloop
  endfacet
  facet normal 0.322588 -0.94654 0
    outer loop
      vertex 178.311 106.663 0
      vertex 178.534 106.739 2
      vertex 178.311 106.663 2
    endloop
  endfacet
  facet normal 0.322588 -0.94654 0
    outer loop
      vertex 178.534 106.739 2
      vertex 178.311 106.663 0
      vertex 178.534 106.739 0
    endloop
  endfacet
  facet normal -0.896963 0.442105 0
    outer loop
      vertex 180.559 104.1 0
      vertex 180.663 104.311 2
      vertex 180.663 104.311 0
    endloop
  endfacet
  facet normal -0.896963 0.442105 0
    outer loop
      vertex 180.663 104.311 2
      vertex 180.559 104.1 0
      vertex 180.559 104.1 2
    endloop
  endfacet
  facet normal -0.831397 0.555679 0
    outer loop
      vertex 180.428 103.904 0
      vertex 180.559 104.1 2
      vertex 180.559 104.1 0
    endloop
  endfacet
  facet normal -0.831397 0.555679 0
    outer loop
      vertex 180.559 104.1 2
      vertex 180.428 103.904 0
      vertex 180.428 103.904 2
    endloop
  endfacet
  facet normal -0.980744 0.1953 0
    outer loop
      vertex 180.739 104.534 0
      vertex 180.785 104.765 2
      vertex 180.785 104.765 0
    endloop
  endfacet
  facet normal -0.980744 0.1953 0
    outer loop
      vertex 180.785 104.765 2
      vertex 180.739 104.534 0
      vertex 180.739 104.534 2
    endloop
  endfacet
  facet normal 0.555679 0.831397 -0
    outer loop
      vertex 178.1 103.441 0
      vertex 177.904 103.572 2
      vertex 178.1 103.441 2
    endloop
  endfacet
  facet normal 0.555679 0.831397 0
    outer loop
      vertex 177.904 103.572 2
      vertex 178.1 103.441 0
      vertex 177.904 103.572 0
    endloop
  endfacet
  facet normal 0.1953 0.980744 -0
    outer loop
      vertex 178.765 103.215 0
      vertex 178.534 103.261 2
      vertex 178.765 103.215 2
    endloop
  endfacet
  facet normal 0.1953 0.980744 0
    outer loop
      vertex 178.534 103.261 2
      vertex 178.765 103.215 0
      vertex 178.534 103.261 0
    endloop
  endfacet
  facet normal 0.658805 0.752313 -0
    outer loop
      vertex 177.904 103.572 0
      vertex 177.727 103.727 2
      vertex 177.904 103.572 2
    endloop
  endfacet
  facet normal 0.658805 0.752313 0
    outer loop
      vertex 177.727 103.727 2
      vertex 177.904 103.572 0
      vertex 177.727 103.727 0
    endloop
  endfacet
  facet normal -0.94654 -0.322588 0
    outer loop
      vertex 180.739 105.466 0
      vertex 180.663 105.689 2
      vertex 180.663 105.689 0
    endloop
  endfacet
  facet normal -0.94654 -0.322588 0
    outer loop
      vertex 180.663 105.689 2
      vertex 180.739 105.466 0
      vertex 180.739 105.466 2
    endloop
  endfacet
  facet normal -0.980744 -0.1953 0
    outer loop
      vertex 180.785 105.235 0
      vertex 180.739 105.466 2
      vertex 180.739 105.466 0
    endloop
  endfacet
  facet normal -0.980744 -0.1953 0
    outer loop
      vertex 180.739 105.466 2
      vertex 180.785 105.235 0
      vertex 180.785 105.235 2
    endloop
  endfacet
  facet normal -0.752313 -0.658805 0
    outer loop
      vertex 180.428 106.096 0
      vertex 180.273 106.273 2
      vertex 180.273 106.273 0
    endloop
  endfacet
  facet normal -0.752313 -0.658805 0
    outer loop
      vertex 180.273 106.273 2
      vertex 180.428 106.096 0
      vertex 180.428 106.096 2
    endloop
  endfacet
  facet normal -0.831397 -0.555679 0
    outer loop
      vertex 180.559 105.9 0
      vertex 180.428 106.096 2
      vertex 180.428 106.096 0
    endloop
  endfacet
  facet normal -0.831397 -0.555679 0
    outer loop
      vertex 180.428 106.096 2
      vertex 180.559 105.9 0
      vertex 180.559 105.9 2
    endloop
  endfacet
  facet normal -0.0637002 -0.997969 0
    outer loop
      vertex 179 106.8 0
      vertex 179.235 106.785 2
      vertex 179 106.8 2
    endloop
  endfacet
  facet normal -0.0637002 -0.997969 -0
    outer loop
      vertex 179.235 106.785 2
      vertex 179 106.8 0
      vertex 179.235 106.785 0
    endloop
  endfacet
  facet normal 0.94654 -0.322588 0
    outer loop
      vertex 177.261 105.466 2
      vertex 177.337 105.689 0
      vertex 177.337 105.689 2
    endloop
  endfacet
  facet normal 0.94654 -0.322588 0
    outer loop
      vertex 177.337 105.689 0
      vertex 177.261 105.466 2
      vertex 177.261 105.466 0
    endloop
  endfacet
  facet normal 0.997969 -0.0637002 0
    outer loop
      vertex 177.2 105 2
      vertex 177.215 105.235 0
      vertex 177.215 105.235 2
    endloop
  endfacet
  facet normal 0.997969 -0.0637002 0
    outer loop
      vertex 177.215 105.235 0
      vertex 177.2 105 2
      vertex 177.2 105 0
    endloop
  endfacet
  facet normal 0.1953 -0.980744 0
    outer loop
      vertex 178.534 106.739 0
      vertex 178.765 106.785 2
      vertex 178.534 106.739 2
    endloop
  endfacet
  facet normal 0.1953 -0.980744 0
    outer loop
      vertex 178.765 106.785 2
      vertex 178.534 106.739 0
      vertex 178.765 106.785 0
    endloop
  endfacet
  facet normal -0.997969 0.0637002 0
    outer loop
      vertex 180.785 104.765 0
      vertex 180.8 105 2
      vertex 180.8 105 0
    endloop
  endfacet
  facet normal -0.997969 0.0637002 0
    outer loop
      vertex 180.8 105 2
      vertex 180.785 104.765 0
      vertex 180.785 104.765 2
    endloop
  endfacet
  facet normal -0.1953 0.980744 0
    outer loop
      vertex 179.466 103.261 0
      vertex 179.235 103.215 2
      vertex 179.466 103.261 2
    endloop
  endfacet
  facet normal -0.1953 0.980744 0
    outer loop
      vertex 179.235 103.215 2
      vertex 179.466 103.261 0
      vertex 179.235 103.215 0
    endloop
  endfacet
  facet normal -0.442105 0.896963 0
    outer loop
      vertex 179.9 103.441 0
      vertex 179.689 103.337 2
      vertex 179.9 103.441 2
    endloop
  endfacet
  facet normal -0.442105 0.896963 0
    outer loop
      vertex 179.689 103.337 2
      vertex 179.9 103.441 0
      vertex 179.689 103.337 0
    endloop
  endfacet
  facet normal -0.555679 0.831397 0
    outer loop
      vertex 180.096 103.572 0
      vertex 179.9 103.441 2
      vertex 180.096 103.572 2
    endloop
  endfacet
  facet normal -0.555679 0.831397 0
    outer loop
      vertex 179.9 103.441 2
      vertex 180.096 103.572 0
      vertex 179.9 103.441 0
    endloop
  endfacet
  facet normal -0.752313 0.658805 0
    outer loop
      vertex 180.273 103.727 0
      vertex 180.428 103.904 2
      vertex 180.428 103.904 0
    endloop
  endfacet
  facet normal -0.752313 0.658805 0
    outer loop
      vertex 180.428 103.904 2
      vertex 180.273 103.727 0
      vertex 180.273 103.727 2
    endloop
  endfacet
  facet normal -0.658805 0.752313 0
    outer loop
      vertex 180.273 103.727 0
      vertex 180.096 103.572 2
      vertex 180.273 103.727 2
    endloop
  endfacet
  facet normal -0.658805 0.752313 0
    outer loop
      vertex 180.096 103.572 2
      vertex 180.273 103.727 0
      vertex 180.096 103.572 0
    endloop
  endfacet
  facet normal 0.442105 0.896963 -0
    outer loop
      vertex 178.311 103.337 0
      vertex 178.1 103.441 2
      vertex 178.311 103.337 2
    endloop
  endfacet
  facet normal 0.442105 0.896963 0
    outer loop
      vertex 178.1 103.441 2
      vertex 178.311 103.337 0
      vertex 178.1 103.441 0
    endloop
  endfacet
  facet normal 0.0637002 0.997969 -0
    outer loop
      vertex 179 103.2 0
      vertex 178.765 103.215 2
      vertex 179 103.2 2
    endloop
  endfacet
  facet normal 0.0637002 0.997969 0
    outer loop
      vertex 178.765 103.215 2
      vertex 179 103.2 0
      vertex 178.765 103.215 0
    endloop
  endfacet
  facet normal 0.831397 0.555679 0
    outer loop
      vertex 177.572 103.904 2
      vertex 177.441 104.1 0
      vertex 177.441 104.1 2
    endloop
  endfacet
  facet normal 0.831397 0.555679 0
    outer loop
      vertex 177.441 104.1 0
      vertex 177.572 103.904 2
      vertex 177.572 103.904 0
    endloop
  endfacet
  facet normal 0.896963 0.442105 0
    outer loop
      vertex 177.441 104.1 2
      vertex 177.337 104.311 0
      vertex 177.337 104.311 2
    endloop
  endfacet
  facet normal 0.896963 0.442105 0
    outer loop
      vertex 177.337 104.311 0
      vertex 177.441 104.1 2
      vertex 177.441 104.1 0
    endloop
  endfacet
  facet normal 0.980744 0.1953 0
    outer loop
      vertex 177.261 104.534 2
      vertex 177.215 104.765 0
      vertex 177.215 104.765 2
    endloop
  endfacet
  facet normal 0.980744 0.1953 0
    outer loop
      vertex 177.215 104.765 0
      vertex 177.261 104.534 2
      vertex 177.261 104.534 0
    endloop
  endfacet
  facet normal -0.442105 -0.896963 0
    outer loop
      vertex 179.689 106.663 0
      vertex 179.9 106.559 2
      vertex 179.689 106.663 2
    endloop
  endfacet
  facet normal -0.442105 -0.896963 -0
    outer loop
      vertex 179.9 106.559 2
      vertex 179.689 106.663 0
      vertex 179.9 106.559 0
    endloop
  endfacet
  facet normal 0.997969 0.0637002 0
    outer loop
      vertex 177.215 104.765 2
      vertex 177.2 105 0
      vertex 177.2 105 2
    endloop
  endfacet
  facet normal 0.997969 0.0637002 0
    outer loop
      vertex 177.2 105 0
      vertex 177.215 104.765 2
      vertex 177.215 104.765 0
    endloop
  endfacet
  facet normal 0.555679 -0.831397 0
    outer loop
      vertex 177.904 106.428 0
      vertex 178.1 106.559 2
      vertex 177.904 106.428 2
    endloop
  endfacet
  facet normal 0.555679 -0.831397 0
    outer loop
      vertex 178.1 106.559 2
      vertex 177.904 106.428 0
      vertex 178.1 106.559 0
    endloop
  endfacet
  facet normal -0.322588 0.94654 0
    outer loop
      vertex 179.689 103.337 0
      vertex 179.466 103.261 2
      vertex 179.689 103.337 2
    endloop
  endfacet
  facet normal -0.322588 0.94654 0
    outer loop
      vertex 179.466 103.261 2
      vertex 179.689 103.337 0
      vertex 179.466 103.261 0
    endloop
  endfacet
  facet normal -0.94654 0.322588 0
    outer loop
      vertex 180.663 104.311 0
      vertex 180.739 104.534 2
      vertex 180.739 104.534 0
    endloop
  endfacet
  facet normal -0.94654 0.322588 0
    outer loop
      vertex 180.739 104.534 2
      vertex 180.663 104.311 0
      vertex 180.663 104.311 2
    endloop
  endfacet
  facet normal 0.322588 0.94654 -0
    outer loop
      vertex 178.534 103.261 0
      vertex 178.311 103.337 2
      vertex 178.534 103.261 2
    endloop
  endfacet
  facet normal 0.322588 0.94654 0
    outer loop
      vertex 178.311 103.337 2
      vertex 178.534 103.261 0
      vertex 178.311 103.337 0
    endloop
  endfacet
  facet normal -0.0637002 0.997969 0
    outer loop
      vertex 179.235 103.215 0
      vertex 179 103.2 2
      vertex 179.235 103.215 2
    endloop
  endfacet
  facet normal -0.0637002 0.997969 0
    outer loop
      vertex 179 103.2 2
      vertex 179.235 103.215 0
      vertex 179 103.2 0
    endloop
  endfacet
  facet normal 0.752313 0.658805 0
    outer loop
      vertex 177.727 103.727 2
      vertex 177.572 103.904 0
      vertex 177.572 103.904 2
    endloop
  endfacet
  facet normal 0.752313 0.658805 0
    outer loop
      vertex 177.572 103.904 0
      vertex 177.727 103.727 2
      vertex 177.727 103.727 0
    endloop
  endfacet
  facet normal 0.94654 0.322588 0
    outer loop
      vertex 177.337 104.311 2
      vertex 177.261 104.534 0
      vertex 177.261 104.534 2
    endloop
  endfacet
  facet normal 0.94654 0.322588 0
    outer loop
      vertex 177.261 104.534 0
      vertex 177.337 104.311 2
      vertex 177.337 104.311 0
    endloop
  endfacet
  facet normal -0.99792 -0.064459 0
    outer loop
      vertex 182.2 105 2
      vertex 182.173 105.418 3
      vertex 182.173 105.418 2
    endloop
  endfacet
  facet normal -0.99792 -0.064459 0
    outer loop
      vertex 182.173 105.418 3
      vertex 182.2 105 2
      vertex 182.2 105 3
    endloop
  endfacet
  facet normal 0.064459 -0.99792 0
    outer loop
      vertex 178.582 108.173 2
      vertex 179 108.2 3
      vertex 178.582 108.173 3
    endloop
  endfacet
  facet normal 0.064459 -0.99792 0
    outer loop
      vertex 179 108.2 3
      vertex 178.582 108.173 2
      vertex 179 108.2 2
    endloop
  endfacet
  facet normal -0.064459 0.99792 0
    outer loop
      vertex 179.418 101.827 2
      vertex 179 101.8 3
      vertex 179.418 101.827 3
    endloop
  endfacet
  facet normal -0.064459 0.99792 0
    outer loop
      vertex 179 101.8 3
      vertex 179.418 101.827 2
      vertex 179 101.8 2
    endloop
  endfacet
  facet normal -0.659012 -0.752133 0
    outer loop
      vertex 180.948 107.539 2
      vertex 181.263 107.263 3
      vertex 180.948 107.539 3
    endloop
  endfacet
  facet normal -0.659012 -0.752133 -0
    outer loop
      vertex 181.263 107.263 3
      vertex 180.948 107.539 2
      vertex 181.263 107.263 2
    endloop
  endfacet
  facet normal 0.752133 -0.659012 0
    outer loop
      vertex 176.461 106.948 3
      vertex 176.737 107.263 2
      vertex 176.737 107.263 3
    endloop
  endfacet
  facet normal 0.752133 -0.659012 0
    outer loop
      vertex 176.737 107.263 2
      vertex 176.461 106.948 3
      vertex 176.461 106.948 2
    endloop
  endfacet
  facet normal 0.442424 -0.896806 0
    outer loop
      vertex 177.4 107.771 2
      vertex 177.775 107.956 3
      vertex 177.4 107.771 3
    endloop
  endfacet
  facet normal 0.442424 -0.896806 0
    outer loop
      vertex 177.775 107.956 3
      vertex 177.4 107.771 2
      vertex 177.775 107.956 2
    endloop
  endfacet
  facet normal -0.946758 0.321945 0
    outer loop
      vertex 181.956 103.775 2
      vertex 182.091 104.172 3
      vertex 182.091 104.172 2
    endloop
  endfacet
  facet normal -0.946758 0.321945 0
    outer loop
      vertex 182.091 104.172 3
      vertex 181.956 103.775 2
      vertex 181.956 103.775 3
    endloop
  endfacet
  facet normal -0.896806 -0.442424 0
    outer loop
      vertex 181.956 106.225 2
      vertex 181.771 106.6 3
      vertex 181.771 106.6 2
    endloop
  endfacet
  facet normal -0.896806 -0.442424 0
    outer loop
      vertex 181.771 106.6 3
      vertex 181.956 106.225 2
      vertex 181.956 106.225 3
    endloop
  endfacet
  facet normal -0.980581 -0.196116 0
    outer loop
      vertex 182.173 105.418 2
      vertex 182.091 105.828 3
      vertex 182.091 105.828 2
    endloop
  endfacet
  facet normal -0.980581 -0.196116 0
    outer loop
      vertex 182.091 105.828 3
      vertex 182.173 105.418 2
      vertex 182.173 105.418 3
    endloop
  endfacet
  facet normal -0.83205 -0.5547 0
    outer loop
      vertex 181.771 106.6 2
      vertex 181.539 106.948 3
      vertex 181.539 106.948 2
    endloop
  endfacet
  facet normal -0.83205 -0.5547 0
    outer loop
      vertex 181.539 106.948 3
      vertex 181.771 106.6 2
      vertex 181.771 106.6 3
    endloop
  endfacet
  facet normal -0.321945 -0.946758 0
    outer loop
      vertex 179.828 108.091 2
      vertex 180.225 107.956 3
      vertex 179.828 108.091 3
    endloop
  endfacet
  facet normal -0.321945 -0.946758 -0
    outer loop
      vertex 180.225 107.956 3
      vertex 179.828 108.091 2
      vertex 180.225 107.956 2
    endloop
  endfacet
  facet normal -0.5547 -0.83205 0
    outer loop
      vertex 180.6 107.771 2
      vertex 180.948 107.539 3
      vertex 180.6 107.771 3
    endloop
  endfacet
  facet normal -0.5547 -0.83205 -0
    outer loop
      vertex 180.948 107.539 3
      vertex 180.6 107.771 2
      vertex 180.948 107.539 2
    endloop
  endfacet
  facet normal 0.946758 -0.321945 0
    outer loop
      vertex 175.909 105.828 3
      vertex 176.044 106.225 2
      vertex 176.044 106.225 3
    endloop
  endfacet
  facet normal 0.946758 -0.321945 0
    outer loop
      vertex 176.044 106.225 2
      vertex 175.909 105.828 3
      vertex 175.909 105.828 2
    endloop
  endfacet
  facet normal 0 0 1
    outer loop
      vertex 180.8 105 2
      vertex 182.2 105 2
      vertex 182.173 105.418 2
    endloop
  endfacet
  facet normal 0 0 1
    outer loop
      vertex 180.785 105.235 2
      vertex 182.173 105.418 2
      vertex 182.091 105.828 2
    endloop
  endfacet
  facet normal 0 0 1
    outer loop
      vertex 182.2 105 2
      vertex 180.8 105 2
      vertex 182.173 104.582 2
    endloop
  endfacet
  facet normal 0 0 1
    outer loop
      vertex 180.739 105.466 2
      vertex 182.091 105.828 2
      vertex 181.956 106.225 2
    endloop
  endfacet
  facet normal -0 0 1
    outer loop
      vertex 180.785 104.765 2
      vertex 182.173 104.582 2
      vertex 180.8 105 2
    endloop
  endfacet
  facet normal 0 0 1
    outer loop
      vertex 180.663 105.689 2
      vertex 181.956 106.225 2
      vertex 181.771 106.6 2
    endloop
  endfacet
  facet normal 0 0 1
    outer loop
      vertex 182.173 104.582 2
      vertex 180.785 104.765 2
      vertex 182.091 104.172 2
    endloop
  endfacet
  facet normal 0 0 1
    outer loop
      vertex 180.559 105.9 2
      vertex 181.771 106.6 2
      vertex 181.539 106.948 2
    endloop
  endfacet
  facet normal -0 0 1
    outer loop
      vertex 180.739 104.534 2
      vertex 182.091 104.172 2
      vertex 180.785 104.765 2
    endloop
  endfacet
  facet normal 0 0 1
    outer loop
      vertex 180.428 106.096 2
      vertex 181.539 106.948 2
      vertex 181.263 107.263 2
    endloop
  endfacet
  facet normal 0 0 1
    outer loop
      vertex 182.091 104.172 2
      vertex 180.739 104.534 2
      vertex 181.956 103.775 2
    endloop
  endfacet
  facet normal 0 0 1
    outer loop
      vertex 180.273 106.273 2
      vertex 181.263 107.263 2
      vertex 180.948 107.539 2
    endloop
  endfacet
  facet normal -0 0 1
    outer loop
      vertex 180.663 104.311 2
      vertex 181.956 103.775 2
      vertex 180.739 104.534 2
    endloop
  endfacet
  facet normal 0 0 1
    outer loop
      vertex 181.956 103.775 2
      vertex 180.663 104.311 2
      vertex 181.771 103.4 2
    endloop
  endfacet
  facet normal 0 0 1
    outer loop
      vertex 182.173 105.418 2
      vertex 180.785 105.235 2
      vertex 180.8 105 2
    endloop
  endfacet
  facet normal 0 0 1
    outer loop
      vertex 182.091 105.828 2
      vertex 180.739 105.466 2
      vertex 180.785 105.235 2
    endloop
  endfacet
  facet normal 0 0 1
    outer loop
      vertex 181.956 106.225 2
      vertex 180.663 105.689 2
      vertex 180.739 105.466 2
    endloop
  endfacet
  facet normal 0 0 1
    outer loop
      vertex 180.096 106.428 2
      vertex 180.948 107.539 2
      vertex 180.6 107.771 2
    endloop
  endfacet
  facet normal 0 0 1
    outer loop
      vertex 181.771 106.6 2
      vertex 180.559 105.9 2
      vertex 180.663 105.689 2
    endloop
  endfacet
  facet normal 0 0 1
    outer loop
      vertex 181.539 106.948 2
      vertex 180.428 106.096 2
      vertex 180.559 105.9 2
    endloop
  endfacet
  facet normal 0 0 1
    outer loop
      vertex 181.263 107.263 2
      vertex 180.273 106.273 2
      vertex 180.428 106.096 2
    endloop
  endfacet
  facet normal 0 0 1
    outer loop
      vertex 179.9 106.559 2
      vertex 180.6 107.771 2
      vertex 180.225 107.956 2
    endloop
  endfacet
  facet normal 0 0 1
    outer loop
      vertex 180.948 107.539 2
      vertex 180.096 106.428 2
      vertex 180.273 106.273 2
    endloop
  endfacet
  facet normal 0 0 1
    outer loop
      vertex 180.6 107.771 2
      vertex 179.9 106.559 2
      vertex 180.096 106.428 2
    endloop
  endfacet
  facet normal 0 0 1
    outer loop
      vertex 179.689 106.663 2
      vertex 180.225 107.956 2
      vertex 179.828 108.091 2
    endloop
  endfacet
  facet normal 0 0 1
    outer loop
      vertex 180.225 107.956 2
      vertex 179.689 106.663 2
      vertex 179.9 106.559 2
    endloop
  endfacet
  facet normal 0 0 1
    outer loop
      vertex 179.828 108.091 2
      vertex 179.466 106.739 2
      vertex 179.689 106.663 2
    endloop
  endfacet
  facet normal 0 0 1
    outer loop
      vertex 179.418 108.173 2
      vertex 179.466 106.739 2
      vertex 179.828 108.091 2
    endloop
  endfacet
  facet normal 0 0 1
    outer loop
      vertex 179.418 108.173 2
      vertex 179.235 106.785 2
      vertex 179.466 106.739 2
    endloop
  endfacet
  facet normal 0 0 1
    outer loop
      vertex 179 108.2 2
      vertex 179.235 106.785 2
      vertex 179.418 108.173 2
    endloop
  endfacet
  facet normal 0 0 1
    outer loop
      vertex 179 108.2 2
      vertex 179 106.8 2
      vertex 179.235 106.785 2
    endloop
  endfacet
  facet normal 0 0 1
    outer loop
      vertex 179 108.2 2
      vertex 178.765 106.785 2
      vertex 179 106.8 2
    endloop
  endfacet
  facet normal -0 0 1
    outer loop
      vertex 178.582 108.173 2
      vertex 178.765 106.785 2
      vertex 179 108.2 2
    endloop
  endfacet
  facet normal 0 0 1
    outer loop
      vertex 178.582 108.173 2
      vertex 178.534 106.739 2
      vertex 178.765 106.785 2
    endloop
  endfacet
  facet normal -0 0 1
    outer loop
      vertex 178.172 108.091 2
      vertex 178.534 106.739 2
      vertex 178.582 108.173 2
    endloop
  endfacet
  facet normal 0 0 1
    outer loop
      vertex 178.534 106.739 2
      vertex 178.172 108.091 2
      vertex 178.311 106.663 2
    endloop
  endfacet
  facet normal -0 0 1
    outer loop
      vertex 177.775 107.956 2
      vertex 178.311 106.663 2
      vertex 178.172 108.091 2
    endloop
  endfacet
  facet normal 0 0 1
    outer loop
      vertex 178.311 106.663 2
      vertex 177.775 107.956 2
      vertex 178.1 106.559 2
    endloop
  endfacet
  facet normal -0 0 1
    outer loop
      vertex 177.4 107.771 2
      vertex 178.1 106.559 2
      vertex 177.775 107.956 2
    endloop
  endfacet
  facet normal 0 0 1
    outer loop
      vertex 178.1 106.559 2
      vertex 177.4 107.771 2
      vertex 177.904 106.428 2
    endloop
  endfacet
  facet normal -0 0 1
    outer loop
      vertex 177.052 107.539 2
      vertex 177.904 106.428 2
      vertex 177.4 107.771 2
    endloop
  endfacet
  facet normal 0 0 1
    outer loop
      vertex 177.904 106.428 2
      vertex 177.052 107.539 2
      vertex 177.727 106.273 2
    endloop
  endfacet
  facet normal -0 0 1
    outer loop
      vertex 176.737 107.263 2
      vertex 177.727 106.273 2
      vertex 177.052 107.539 2
    endloop
  endfacet
  facet normal 0 0 1
    outer loop
      vertex 177.727 106.273 2
      vertex 176.737 107.263 2
      vertex 177.572 106.096 2
    endloop
  endfacet
  facet normal -0 0 1
    outer loop
      vertex 176.461 106.948 2
      vertex 177.572 106.096 2
      vertex 176.737 107.263 2
    endloop
  endfacet
  facet normal 0 0 1
    outer loop
      vertex 177.572 106.096 2
      vertex 176.461 106.948 2
      vertex 177.441 105.9 2
    endloop
  endfacet
  facet normal 0 0 1
    outer loop
      vertex 177.441 105.9 2
      vertex 176.229 106.6 2
      vertex 177.337 105.689 2
    endloop
  endfacet
  facet normal -0 0 1
    outer loop
      vertex 176.229 106.6 2
      vertex 177.441 105.9 2
      vertex 176.461 106.948 2
    endloop
  endfacet
  facet normal -0 0 1
    outer loop
      vertex 180.559 104.1 2
      vertex 181.771 103.4 2
      vertex 180.663 104.311 2
    endloop
  endfacet
  facet normal 0 0 1
    outer loop
      vertex 181.771 103.4 2
      vertex 180.559 104.1 2
      vertex 181.539 103.052 2
    endloop
  endfacet
  facet normal -0 0 1
    outer loop
      vertex 180.428 103.904 2
      vertex 181.539 103.052 2
      vertex 180.559 104.1 2
    endloop
  endfacet
  facet normal 0 0 1
    outer loop
      vertex 181.539 103.052 2
      vertex 180.428 103.904 2
      vertex 181.263 102.737 2
    endloop
  endfacet
  facet normal -0 0 1
    outer loop
      vertex 180.273 103.727 2
      vertex 181.263 102.737 2
      vertex 180.428 103.904 2
    endloop
  endfacet
  facet normal 0 0 1
    outer loop
      vertex 181.263 102.737 2
      vertex 180.273 103.727 2
      vertex 180.948 102.461 2
    endloop
  endfacet
  facet normal -0 0 1
    outer loop
      vertex 180.096 103.572 2
      vertex 180.948 102.461 2
      vertex 180.273 103.727 2
    endloop
  endfacet
  facet normal 0 0 1
    outer loop
      vertex 180.948 102.461 2
      vertex 180.096 103.572 2
      vertex 180.6 102.229 2
    endloop
  endfacet
  facet normal -0 0 1
    outer loop
      vertex 179.9 103.441 2
      vertex 180.6 102.229 2
      vertex 180.096 103.572 2
    endloop
  endfacet
  facet normal 0 0 1
    outer loop
      vertex 180.6 102.229 2
      vertex 179.9 103.441 2
      vertex 180.225 102.044 2
    endloop
  endfacet
  facet normal -0 0 1
    outer loop
      vertex 179.689 103.337 2
      vertex 180.225 102.044 2
      vertex 179.9 103.441 2
    endloop
  endfacet
  facet normal 0 0 1
    outer loop
      vertex 180.225 102.044 2
      vertex 179.689 103.337 2
      vertex 179.828 101.909 2
    endloop
  endfacet
  facet normal -0 0 1
    outer loop
      vertex 179.466 103.261 2
      vertex 179.828 101.909 2
      vertex 179.689 103.337 2
    endloop
  endfacet
  facet normal 0 0 1
    outer loop
      vertex 179.466 103.261 2
      vertex 179.418 101.827 2
      vertex 179.828 101.909 2
    endloop
  endfacet
  facet normal -0 0 1
    outer loop
      vertex 179.235 103.215 2
      vertex 179.418 101.827 2
      vertex 179.466 103.261 2
    endloop
  endfacet
  facet normal -0 0 1
    outer loop
      vertex 179 103.2 2
      vertex 179.418 101.827 2
      vertex 179.235 103.215 2
    endloop
  endfacet
  facet normal 0 0 1
    outer loop
      vertex 179 103.2 2
      vertex 179 101.8 2
      vertex 179.418 101.827 2
    endloop
  endfacet
  facet normal 0 0 1
    outer loop
      vertex 178.765 103.215 2
      vertex 179 101.8 2
      vertex 179 103.2 2
    endloop
  endfacet
  facet normal 0 0 1
    outer loop
      vertex 178.765 103.215 2
      vertex 178.582 101.827 2
      vertex 179 101.8 2
    endloop
  endfacet
  facet normal 0 0 1
    outer loop
      vertex 178.534 103.261 2
      vertex 178.582 101.827 2
      vertex 178.765 103.215 2
    endloop
  endfacet
  facet normal 0 0 1
    outer loop
      vertex 178.172 101.909 2
      vertex 178.534 103.261 2
      vertex 178.311 103.337 2
    endloop
  endfacet
  facet normal 0 0 1
    outer loop
      vertex 178.534 103.261 2
      vertex 178.172 101.909 2
      vertex 178.582 101.827 2
    endloop
  endfacet
  facet normal 0 0 1
    outer loop
      vertex 177.775 102.044 2
      vertex 178.311 103.337 2
      vertex 178.1 103.441 2
    endloop
  endfacet
  facet normal 0 0 1
    outer loop
      vertex 177.4 102.229 2
      vertex 178.1 103.441 2
      vertex 177.904 103.572 2
    endloop
  endfacet
  facet normal 0 0 1
    outer loop
      vertex 178.311 103.337 2
      vertex 177.775 102.044 2
      vertex 178.172 101.909 2
    endloop
  endfacet
  facet normal 0 0 1
    outer loop
      vertex 177.052 102.461 2
      vertex 177.904 103.572 2
      vertex 177.727 103.727 2
    endloop
  endfacet
  facet normal 0 0 1
    outer loop
      vertex 176.737 102.737 2
      vertex 177.727 103.727 2
      vertex 177.572 103.904 2
    endloop
  endfacet
  facet normal 0 0 1
    outer loop
      vertex 176.461 103.052 2
      vertex 177.572 103.904 2
      vertex 177.441 104.1 2
    endloop
  endfacet
  facet normal 0 0 1
    outer loop
      vertex 178.1 103.441 2
      vertex 177.4 102.229 2
      vertex 177.775 102.044 2
    endloop
  endfacet
  facet normal 0 0 1
    outer loop
      vertex 176.229 103.4 2
      vertex 177.441 104.1 2
      vertex 177.337 104.311 2
    endloop
  endfacet
  facet normal 0 0 1
    outer loop
      vertex 176.044 103.775 2
      vertex 177.337 104.311 2
      vertex 177.261 104.534 2
    endloop
  endfacet
  facet normal 0 0 1
    outer loop
      vertex 175.909 104.172 2
      vertex 177.261 104.534 2
      vertex 177.215 104.765 2
    endloop
  endfacet
  facet normal 0 0 1
    outer loop
      vertex 177.904 103.572 2
      vertex 177.052 102.461 2
      vertex 177.4 102.229 2
    endloop
  endfacet
  facet normal 0 0 1
    outer loop
      vertex 175.827 104.582 2
      vertex 177.215 104.765 2
      vertex 177.2 105 2
    endloop
  endfacet
  facet normal -0 0 1
    outer loop
      vertex 176.044 106.225 2
      vertex 177.337 105.689 2
      vertex 176.229 106.6 2
    endloop
  endfacet
  facet normal 0 0 1
    outer loop
      vertex 177.337 105.689 2
      vertex 176.044 106.225 2
      vertex 177.261 105.466 2
    endloop
  endfacet
  facet normal 0 0 1
    outer loop
      vertex 177.727 103.727 2
      vertex 176.737 102.737 2
      vertex 177.052 102.461 2
    endloop
  endfacet
  facet normal -0 0 1
    outer loop
      vertex 175.909 105.828 2
      vertex 177.261 105.466 2
      vertex 176.044 106.225 2
    endloop
  endfacet
  facet normal 0 0 1
    outer loop
      vertex 177.572 103.904 2
      vertex 176.461 103.052 2
      vertex 176.737 102.737 2
    endloop
  endfacet
  facet normal 0 0 1
    outer loop
      vertex 177.261 105.466 2
      vertex 175.909 105.828 2
      vertex 177.215 105.235 2
    endloop
  endfacet
  facet normal 0 0 1
    outer loop
      vertex 177.441 104.1 2
      vertex 176.229 103.4 2
      vertex 176.461 103.052 2
    endloop
  endfacet
  facet normal -0 0 1
    outer loop
      vertex 175.827 105.418 2
      vertex 177.215 105.235 2
      vertex 175.909 105.828 2
    endloop
  endfacet
  facet normal 0 0 1
    outer loop
      vertex 177.337 104.311 2
      vertex 176.044 103.775 2
      vertex 176.229 103.4 2
    endloop
  endfacet
  facet normal 0 0 1
    outer loop
      vertex 177.215 105.235 2
      vertex 175.827 105.418 2
      vertex 177.2 105 2
    endloop
  endfacet
  facet normal 0 0 1
    outer loop
      vertex 177.261 104.534 2
      vertex 175.909 104.172 2
      vertex 176.044 103.775 2
    endloop
  endfacet
  facet normal 0 0 1
    outer loop
      vertex 175.8 105 2
      vertex 177.2 105 2
      vertex 175.827 105.418 2
    endloop
  endfacet
  facet normal 0 0 1
    outer loop
      vertex 177.215 104.765 2
      vertex 175.827 104.582 2
      vertex 175.909 104.172 2
    endloop
  endfacet
  facet normal 0 0 1
    outer loop
      vertex 177.2 105 2
      vertex 175.8 105 2
      vertex 175.827 104.582 2
    endloop
  endfacet
  facet normal 0.83205 -0.5547 0
    outer loop
      vertex 176.229 106.6 3
      vertex 176.461 106.948 2
      vertex 176.461 106.948 3
    endloop
  endfacet
  facet normal 0.83205 -0.5547 0
    outer loop
      vertex 176.461 106.948 2
      vertex 176.229 106.6 3
      vertex 176.229 106.6 2
    endloop
  endfacet
  facet normal 0.5547 -0.83205 0
    outer loop
      vertex 177.052 107.539 2
      vertex 177.4 107.771 3
      vertex 177.052 107.539 3
    endloop
  endfacet
  facet normal 0.5547 -0.83205 0
    outer loop
      vertex 177.4 107.771 3
      vertex 177.052 107.539 2
      vertex 177.4 107.771 2
    endloop
  endfacet
  facet normal 0.196116 -0.980581 0
    outer loop
      vertex 178.172 108.091 2
      vertex 178.582 108.173 3
      vertex 178.172 108.091 3
    endloop
  endfacet
  facet normal 0.196116 -0.980581 0
    outer loop
      vertex 178.582 108.173 3
      vertex 178.172 108.091 2
      vertex 178.582 108.173 2
    endloop
  endfacet
  facet normal -0.442424 0.896806 0
    outer loop
      vertex 180.6 102.229 2
      vertex 180.225 102.044 3
      vertex 180.6 102.229 3
    endloop
  endfacet
  facet normal -0.442424 0.896806 0
    outer loop
      vertex 180.225 102.044 3
      vertex 180.6 102.229 2
      vertex 180.225 102.044 2
    endloop
  endfacet
  facet normal -0.946758 -0.321945 0
    outer loop
      vertex 182.091 105.828 2
      vertex 181.956 106.225 3
      vertex 181.956 106.225 2
    endloop
  endfacet
  facet normal -0.946758 -0.321945 0
    outer loop
      vertex 181.956 106.225 3
      vertex 182.091 105.828 2
      vertex 182.091 105.828 3
    endloop
  endfacet
  facet normal -0.752133 -0.659012 0
    outer loop
      vertex 181.539 106.948 2
      vertex 181.263 107.263 3
      vertex 181.263 107.263 2
    endloop
  endfacet
  facet normal -0.752133 -0.659012 0
    outer loop
      vertex 181.263 107.263 3
      vertex 181.539 106.948 2
      vertex 181.539 106.948 3
    endloop
  endfacet
  facet normal -0.196116 -0.980581 0
    outer loop
      vertex 179.418 108.173 2
      vertex 179.828 108.091 3
      vertex 179.418 108.173 3
    endloop
  endfacet
  facet normal -0.196116 -0.980581 -0
    outer loop
      vertex 179.828 108.091 3
      vertex 179.418 108.173 2
      vertex 179.828 108.091 2
    endloop
  endfacet
  facet normal -0.064459 -0.99792 0
    outer loop
      vertex 179 108.2 2
      vertex 179.418 108.173 3
      vertex 179 108.2 3
    endloop
  endfacet
  facet normal -0.064459 -0.99792 -0
    outer loop
      vertex 179.418 108.173 3
      vertex 179 108.2 2
      vertex 179.418 108.173 2
    endloop
  endfacet
  facet normal -0.442424 -0.896806 0
    outer loop
      vertex 180.225 107.956 2
      vertex 180.6 107.771 3
      vertex 180.225 107.956 3
    endloop
  endfacet
  facet normal -0.442424 -0.896806 -0
    outer loop
      vertex 180.6 107.771 3
      vertex 180.225 107.956 2
      vertex 180.6 107.771 2
    endloop
  endfacet
  facet normal 0.896806 -0.442424 0
    outer loop
      vertex 176.044 106.225 3
      vertex 176.229 106.6 2
      vertex 176.229 106.6 3
    endloop
  endfacet
  facet normal 0.896806 -0.442424 0
    outer loop
      vertex 176.229 106.6 2
      vertex 176.044 106.225 3
      vertex 176.044 106.225 2
    endloop
  endfacet
  facet normal 0.980581 -0.196116 0
    outer loop
      vertex 175.827 105.418 3
      vertex 175.909 105.828 2
      vertex 175.909 105.828 3
    endloop
  endfacet
  facet normal 0.980581 -0.196116 0
    outer loop
      vertex 175.909 105.828 2
      vertex 175.827 105.418 3
      vertex 175.827 105.418 2
    endloop
  endfacet
  facet normal 0.99792 -0.064459 0
    outer loop
      vertex 175.8 105 3
      vertex 175.827 105.418 2
      vertex 175.827 105.418 3
    endloop
  endfacet
  facet normal 0.99792 -0.064459 0
    outer loop
      vertex 175.827 105.418 2
      vertex 175.8 105 3
      vertex 175.8 105 2
    endloop
  endfacet
  facet normal 0.99792 0.064459 0
    outer loop
      vertex 175.827 104.582 3
      vertex 175.8 105 2
      vertex 175.8 105 3
    endloop
  endfacet
  facet normal 0.99792 0.064459 0
    outer loop
      vertex 175.8 105 2
      vertex 175.827 104.582 3
      vertex 175.827 104.582 2
    endloop
  endfacet
  facet normal 0.659012 -0.752133 0
    outer loop
      vertex 176.737 107.263 2
      vertex 177.052 107.539 3
      vertex 176.737 107.263 3
    endloop
  endfacet
  facet normal 0.659012 -0.752133 0
    outer loop
      vertex 177.052 107.539 3
      vertex 176.737 107.263 2
      vertex 177.052 107.539 2
    endloop
  endfacet
  facet normal 0.321945 -0.946758 0
    outer loop
      vertex 177.775 107.956 2
      vertex 178.172 108.091 3
      vertex 177.775 107.956 3
    endloop
  endfacet
  facet normal 0.321945 -0.946758 0
    outer loop
      vertex 178.172 108.091 3
      vertex 177.775 107.956 2
      vertex 178.172 108.091 2
    endloop
  endfacet
  facet normal -0.99792 0.064459 0
    outer loop
      vertex 182.173 104.582 2
      vertex 182.2 105 3
      vertex 182.2 105 2
    endloop
  endfacet
  facet normal -0.99792 0.064459 0
    outer loop
      vertex 182.2 105 3
      vertex 182.173 104.582 2
      vertex 182.173 104.582 3
    endloop
  endfacet
  facet normal -0.83205 0.5547 0
    outer loop
      vertex 181.539 103.052 2
      vertex 181.771 103.4 3
      vertex 181.771 103.4 2
    endloop
  endfacet
  facet normal -0.83205 0.5547 0
    outer loop
      vertex 181.771 103.4 3
      vertex 181.539 103.052 2
      vertex 181.539 103.052 3
    endloop
  endfacet
  facet normal -0.980581 0.196116 0
    outer loop
      vertex 182.091 104.172 2
      vertex 182.173 104.582 3
      vertex 182.173 104.582 2
    endloop
  endfacet
  facet normal -0.980581 0.196116 0
    outer loop
      vertex 182.173 104.582 3
      vertex 182.091 104.172 2
      vertex 182.091 104.172 3
    endloop
  endfacet
  facet normal 0.5547 0.83205 -0
    outer loop
      vertex 177.4 102.229 2
      vertex 177.052 102.461 3
      vertex 177.4 102.229 3
    endloop
  endfacet
  facet normal 0.5547 0.83205 0
    outer loop
      vertex 177.052 102.461 3
      vertex 177.4 102.229 2
      vertex 177.052 102.461 2
    endloop
  endfacet
  facet normal 0.83205 0.5547 0
    outer loop
      vertex 176.461 103.052 3
      vertex 176.229 103.4 2
      vertex 176.229 103.4 3
    endloop
  endfacet
  facet normal 0.83205 0.5547 0
    outer loop
      vertex 176.229 103.4 2
      vertex 176.461 103.052 3
      vertex 176.461 103.052 2
    endloop
  endfacet
  facet normal 0.752133 0.659012 0
    outer loop
      vertex 176.737 102.737 3
      vertex 176.461 103.052 2
      vertex 176.461 103.052 3
    endloop
  endfacet
  facet normal 0.752133 0.659012 0
    outer loop
      vertex 176.461 103.052 2
      vertex 176.737 102.737 3
      vertex 176.737 102.737 2
    endloop
  endfacet
  facet normal -0.5547 0.83205 0
    outer loop
      vertex 180.948 102.461 2
      vertex 180.6 102.229 3
      vertex 180.948 102.461 3
    endloop
  endfacet
  facet normal -0.5547 0.83205 0
    outer loop
      vertex 180.6 102.229 3
      vertex 180.948 102.461 2
      vertex 180.6 102.229 2
    endloop
  endfacet
  facet normal -0.896806 0.442424 0
    outer loop
      vertex 181.771 103.4 2
      vertex 181.956 103.775 3
      vertex 181.956 103.775 2
    endloop
  endfacet
  facet normal -0.896806 0.442424 0
    outer loop
      vertex 181.956 103.775 3
      vertex 181.771 103.4 2
      vertex 181.771 103.4 3
    endloop
  endfacet
  facet normal 0.196116 0.980581 -0
    outer loop
      vertex 178.582 101.827 2
      vertex 178.172 101.909 3
      vertex 178.582 101.827 3
    endloop
  endfacet
  facet normal 0.196116 0.980581 0
    outer loop
      vertex 178.172 101.909 3
      vertex 178.582 101.827 2
      vertex 178.172 101.909 2
    endloop
  endfacet
  facet normal 0.659012 0.752133 -0
    outer loop
      vertex 177.052 102.461 2
      vertex 176.737 102.737 3
      vertex 177.052 102.461 3
    endloop
  endfacet
  facet normal 0.659012 0.752133 0
    outer loop
      vertex 176.737 102.737 3
      vertex 177.052 102.461 2
      vertex 176.737 102.737 2
    endloop
  endfacet
  facet normal 0.946758 0.321945 0
    outer loop
      vertex 176.044 103.775 3
      vertex 175.909 104.172 2
      vertex 175.909 104.172 3
    endloop
  endfacet
  facet normal 0.946758 0.321945 0
    outer loop
      vertex 175.909 104.172 2
      vertex 176.044 103.775 3
      vertex 176.044 103.775 2
    endloop
  endfacet
  facet normal 0.980581 0.196116 0
    outer loop
      vertex 175.909 104.172 3
      vertex 175.827 104.582 2
      vertex 175.827 104.582 3
    endloop
  endfacet
  facet normal 0.980581 0.196116 0
    outer loop
      vertex 175.827 104.582 2
      vertex 175.909 104.172 3
      vertex 175.909 104.172 2
    endloop
  endfacet
  facet normal 0.896806 0.442424 0
    outer loop
      vertex 176.229 103.4 3
      vertex 176.044 103.775 2
      vertex 176.044 103.775 3
    endloop
  endfacet
  facet normal 0.896806 0.442424 0
    outer loop
      vertex 176.044 103.775 2
      vertex 176.229 103.4 3
      vertex 176.229 103.4 2
    endloop
  endfacet
  facet normal -0.659012 0.752133 0
    outer loop
      vertex 181.263 102.737 2
      vertex 180.948 102.461 3
      vertex 181.263 102.737 3
    endloop
  endfacet
  facet normal -0.659012 0.752133 0
    outer loop
      vertex 180.948 102.461 3
      vertex 181.263 102.737 2
      vertex 180.948 102.461 2
    endloop
  endfacet
  facet normal -0.321945 0.946758 0
    outer loop
      vertex 180.225 102.044 2
      vertex 179.828 101.909 3
      vertex 180.225 102.044 3
    endloop
  endfacet
  facet normal -0.321945 0.946758 0
    outer loop
      vertex 179.828 101.909 3
      vertex 180.225 102.044 2
      vertex 179.828 101.909 2
    endloop
  endfacet
  facet normal -0.196116 0.980581 0
    outer loop
      vertex 179.828 101.909 2
      vertex 179.418 101.827 3
      vertex 179.828 101.909 3
    endloop
  endfacet
  facet normal -0.196116 0.980581 0
    outer loop
      vertex 179.418 101.827 3
      vertex 179.828 101.909 2
      vertex 179.418 101.827 2
    endloop
  endfacet
  facet normal 0.064459 0.99792 -0
    outer loop
      vertex 179 101.8 2
      vertex 178.582 101.827 3
      vertex 179 101.8 3
    endloop
  endfacet
  facet normal 0.064459 0.99792 0
    outer loop
      vertex 178.582 101.827 3
      vertex 179 101.8 2
      vertex 178.582 101.827 2
    endloop
  endfacet
  facet normal 0.442424 0.896806 -0
    outer loop
      vertex 177.775 102.044 2
      vertex 177.4 102.229 3
      vertex 177.775 102.044 3
    endloop
  endfacet
  facet normal 0.442424 0.896806 0
    outer loop
      vertex 177.4 102.229 3
      vertex 177.775 102.044 2
      vertex 177.4 102.229 2
    endloop
  endfacet
  facet normal -0.752133 0.659012 0
    outer loop
      vertex 181.263 102.737 2
      vertex 181.539 103.052 3
      vertex 181.539 103.052 2
    endloop
  endfacet
  facet normal -0.752133 0.659012 0
    outer loop
      vertex 181.539 103.052 3
      vertex 181.263 102.737 2
      vertex 181.263 102.737 3
    endloop
  endfacet
  facet normal 0.321945 0.946758 -0
    outer loop
      vertex 178.172 101.909 2
      vertex 177.775 102.044 3
      vertex 178.172 101.909 3
    endloop
  endfacet
  facet normal 0.321945 0.946758 0
    outer loop
      vertex 177.775 102.044 3
      vertex 178.172 101.909 2
      vertex 177.775 102.044 2
    endloop
  endfacet
  facet normal -0.997969 -0.0637002 0
    outer loop
      vertex 212.8 105 0
      vertex 212.785 105.235 2
      vertex 212.785 105.235 0
    endloop
  endfacet
  facet normal -0.997969 -0.0637002 0
    outer loop
      vertex 212.785 105.235 2
      vertex 212.8 105 0
      vertex 212.8 105 2
    endloop
  endfacet
  facet normal 0.0637002 -0.997969 0
    outer loop
      vertex 210.765 106.785 0
      vertex 211 106.8 2
      vertex 210.765 106.785 2
    endloop
  endfacet
  facet normal 0.0637002 -0.997969 0
    outer loop
      vertex 211 106.8 2
      vertex 210.765 106.785 0
      vertex 211 106.8 0
    endloop
  endfacet
  facet normal -0.658805 -0.752313 0
    outer loop
      vertex 212.096 106.428 0
      vertex 212.273 106.273 2
      vertex 212.096 106.428 2
    endloop
  endfacet
  facet normal -0.658805 -0.752313 -0
    outer loop
      vertex 212.273 106.273 2
      vertex 212.096 106.428 0
      vertex 212.273 106.273 0
    endloop
  endfacet
  facet normal 0.752313 -0.658805 0
    outer loop
      vertex 209.572 106.096 2
      vertex 209.727 106.273 0
      vertex 209.727 106.273 2
    endloop
  endfacet
  facet normal 0.752313 -0.658805 0
    outer loop
      vertex 209.727 106.273 0
      vertex 209.572 106.096 2
      vertex 209.572 106.096 0
    endloop
  endfacet
  facet normal 0.442105 -0.896963 0
    outer loop
      vertex 210.1 106.559 0
      vertex 210.311 106.663 2
      vertex 210.1 106.559 2
    endloop
  endfacet
  facet normal 0.442105 -0.896963 0
    outer loop
      vertex 210.311 106.663 2
      vertex 210.1 106.559 0
      vertex 210.311 106.663 0
    endloop
  endfacet
  facet normal -0.896963 -0.442105 0
    outer loop
      vertex 212.663 105.689 0
      vertex 212.559 105.9 2
      vertex 212.559 105.9 0
    endloop
  endfacet
  facet normal -0.896963 -0.442105 0
    outer loop
      vertex 212.559 105.9 2
      vertex 212.663 105.689 0
      vertex 212.663 105.689 2
    endloop
  endfacet
  facet normal -0.322588 -0.94654 0
    outer loop
      vertex 211.466 106.739 0
      vertex 211.689 106.663 2
      vertex 211.466 106.739 2
    endloop
  endfacet
  facet normal -0.322588 -0.94654 -0
    outer loop
      vertex 211.689 106.663 2
      vertex 211.466 106.739 0
      vertex 211.689 106.663 0
    endloop
  endfacet
  facet normal -0.1953 -0.980744 0
    outer loop
      vertex 211.235 106.785 0
      vertex 211.466 106.739 2
      vertex 211.235 106.785 2
    endloop
  endfacet
  facet normal -0.1953 -0.980744 -0
    outer loop
      vertex 211.466 106.739 2
      vertex 211.235 106.785 0
      vertex 211.466 106.739 0
    endloop
  endfacet
  facet normal -0.555679 -0.831397 0
    outer loop
      vertex 211.9 106.559 0
      vertex 212.096 106.428 2
      vertex 211.9 106.559 2
    endloop
  endfacet
  facet normal -0.555679 -0.831397 -0
    outer loop
      vertex 212.096 106.428 2
      vertex 211.9 106.559 0
      vertex 212.096 106.428 0
    endloop
  endfacet
  facet normal 0.94654 -0.322588 0
    outer loop
      vertex 209.261 105.466 2
      vertex 209.337 105.689 0
      vertex 209.337 105.689 2
    endloop
  endfacet
  facet normal 0.94654 -0.322588 0
    outer loop
      vertex 209.337 105.689 0
      vertex 209.261 105.466 2
      vertex 209.261 105.466 0
    endloop
  endfacet
  facet normal 0.831397 -0.555679 0
    outer loop
      vertex 209.441 105.9 2
      vertex 209.572 106.096 0
      vertex 209.572 106.096 2
    endloop
  endfacet
  facet normal 0.831397 -0.555679 0
    outer loop
      vertex 209.572 106.096 0
      vertex 209.441 105.9 2
      vertex 209.441 105.9 0
    endloop
  endfacet
  facet normal 0.980744 -0.1953 0
    outer loop
      vertex 209.215 105.235 2
      vertex 209.261 105.466 0
      vertex 209.261 105.466 2
    endloop
  endfacet
  facet normal 0.980744 -0.1953 0
    outer loop
      vertex 209.261 105.466 0
      vertex 209.215 105.235 2
      vertex 209.215 105.235 0
    endloop
  endfacet
  facet normal 0.322588 -0.94654 0
    outer loop
      vertex 210.311 106.663 0
      vertex 210.534 106.739 2
      vertex 210.311 106.663 2
    endloop
  endfacet
  facet normal 0.322588 -0.94654 0
    outer loop
      vertex 210.534 106.739 2
      vertex 210.311 106.663 0
      vertex 210.534 106.739 0
    endloop
  endfacet
  facet normal -0.831397 0.555679 0
    outer loop
      vertex 212.428 103.904 0
      vertex 212.559 104.1 2
      vertex 212.559 104.1 0
    endloop
  endfacet
  facet normal -0.831397 0.555679 0
    outer loop
      vertex 212.559 104.1 2
      vertex 212.428 103.904 0
      vertex 212.428 103.904 2
    endloop
  endfacet
  facet normal -0.980744 0.1953 0
    outer loop
      vertex 212.739 104.534 0
      vertex 212.785 104.765 2
      vertex 212.785 104.765 0
    endloop
  endfacet
  facet normal -0.980744 0.1953 0
    outer loop
      vertex 212.785 104.765 2
      vertex 212.739 104.534 0
      vertex 212.739 104.534 2
    endloop
  endfacet
  facet normal 0.555679 0.831397 -0
    outer loop
      vertex 210.1 103.441 0
      vertex 209.904 103.572 2
      vertex 210.1 103.441 2
    endloop
  endfacet
  facet normal 0.555679 0.831397 0
    outer loop
      vertex 209.904 103.572 2
      vertex 210.1 103.441 0
      vertex 209.904 103.572 0
    endloop
  endfacet
  facet normal 0.1953 0.980744 -0
    outer loop
      vertex 210.765 103.215 0
      vertex 210.534 103.261 2
      vertex 210.765 103.215 2
    endloop
  endfacet
  facet normal 0.1953 0.980744 0
    outer loop
      vertex 210.534 103.261 2
      vertex 210.765 103.215 0
      vertex 210.534 103.261 0
    endloop
  endfacet
  facet normal -0.94654 -0.322588 0
    outer loop
      vertex 212.739 105.466 0
      vertex 212.663 105.689 2
      vertex 212.663 105.689 0
    endloop
  endfacet
  facet normal -0.94654 -0.322588 0
    outer loop
      vertex 212.663 105.689 2
      vertex 212.739 105.466 0
      vertex 212.739 105.466 2
    endloop
  endfacet
  facet normal -0.980744 -0.1953 0
    outer loop
      vertex 212.785 105.235 0
      vertex 212.739 105.466 2
      vertex 212.739 105.466 0
    endloop
  endfacet
  facet normal -0.980744 -0.1953 0
    outer loop
      vertex 212.739 105.466 2
      vertex 212.785 105.235 0
      vertex 212.785 105.235 2
    endloop
  endfacet
  facet normal -0.752313 -0.658805 0
    outer loop
      vertex 212.428 106.096 0
      vertex 212.273 106.273 2
      vertex 212.273 106.273 0
    endloop
  endfacet
  facet normal -0.752313 -0.658805 0
    outer loop
      vertex 212.273 106.273 2
      vertex 212.428 106.096 0
      vertex 212.428 106.096 2
    endloop
  endfacet
  facet normal -0.831397 -0.555679 0
    outer loop
      vertex 212.559 105.9 0
      vertex 212.428 106.096 2
      vertex 212.428 106.096 0
    endloop
  endfacet
  facet normal -0.831397 -0.555679 0
    outer loop
      vertex 212.428 106.096 2
      vertex 212.559 105.9 0
      vertex 212.559 105.9 2
    endloop
  endfacet
  facet normal -0.0637002 -0.997969 0
    outer loop
      vertex 211 106.8 0
      vertex 211.235 106.785 2
      vertex 211 106.8 2
    endloop
  endfacet
  facet normal -0.0637002 -0.997969 -0
    outer loop
      vertex 211.235 106.785 2
      vertex 211 106.8 0
      vertex 211.235 106.785 0
    endloop
  endfacet
  facet normal -0.442105 -0.896963 0
    outer loop
      vertex 211.689 106.663 0
      vertex 211.9 106.559 2
      vertex 211.689 106.663 2
    endloop
  endfacet
  facet normal -0.442105 -0.896963 -0
    outer loop
      vertex 211.9 106.559 2
      vertex 211.689 106.663 0
      vertex 211.9 106.559 0
    endloop
  endfacet
  facet normal 0.896963 -0.442105 0
    outer loop
      vertex 209.337 105.689 2
      vertex 209.441 105.9 0
      vertex 209.441 105.9 2
    endloop
  endfacet
  facet normal 0.896963 -0.442105 0
    outer loop
      vertex 209.441 105.9 0
      vertex 209.337 105.689 2
      vertex 209.337 105.689 0
    endloop
  endfacet
  facet normal 0.997969 -0.0637002 0
    outer loop
      vertex 209.2 105 2
      vertex 209.215 105.235 0
      vertex 209.215 105.235 2
    endloop
  endfacet
  facet normal 0.997969 -0.0637002 0
    outer loop
      vertex 209.215 105.235 0
      vertex 209.2 105 2
      vertex 209.2 105 0
    endloop
  endfacet
  facet normal 0.555679 -0.831397 0
    outer loop
      vertex 209.904 106.428 0
      vertex 210.1 106.559 2
      vertex 209.904 106.428 2
    endloop
  endfacet
  facet normal 0.555679 -0.831397 0
    outer loop
      vertex 210.1 106.559 2
      vertex 209.904 106.428 0
      vertex 210.1 106.559 0
    endloop
  endfacet
  facet normal 0.658805 -0.752313 0
    outer loop
      vertex 209.727 106.273 0
      vertex 209.904 106.428 2
      vertex 209.727 106.273 2
    endloop
  endfacet
  facet normal 0.658805 -0.752313 0
    outer loop
      vertex 209.904 106.428 2
      vertex 209.727 106.273 0
      vertex 209.904 106.428 0
    endloop
  endfacet
  facet normal 0.1953 -0.980744 0
    outer loop
      vertex 210.534 106.739 0
      vertex 210.765 106.785 2
      vertex 210.534 106.739 2
    endloop
  endfacet
  facet normal 0.1953 -0.980744 0
    outer loop
      vertex 210.765 106.785 2
      vertex 210.534 106.739 0
      vertex 210.765 106.785 0
    endloop
  endfacet
  facet normal -0.997969 0.0637002 0
    outer loop
      vertex 212.785 104.765 0
      vertex 212.8 105 2
      vertex 212.8 105 0
    endloop
  endfacet
  facet normal -0.997969 0.0637002 0
    outer loop
      vertex 212.8 105 2
      vertex 212.785 104.765 0
      vertex 212.785 104.765 2
    endloop
  endfacet
  facet normal -0.1953 0.980744 0
    outer loop
      vertex 211.466 103.261 0
      vertex 211.235 103.215 2
      vertex 211.466 103.261 2
    endloop
  endfacet
  facet normal -0.1953 0.980744 0
    outer loop
      vertex 211.235 103.215 2
      vertex 211.466 103.261 0
      vertex 211.235 103.215 0
    endloop
  endfacet
  facet normal -0.442105 0.896963 0
    outer loop
      vertex 211.9 103.441 0
      vertex 211.689 103.337 2
      vertex 211.9 103.441 2
    endloop
  endfacet
  facet normal -0.442105 0.896963 0
    outer loop
      vertex 211.689 103.337 2
      vertex 211.9 103.441 0
      vertex 211.689 103.337 0
    endloop
  endfacet
  facet normal -0.752313 0.658805 0
    outer loop
      vertex 212.273 103.727 0
      vertex 212.428 103.904 2
      vertex 212.428 103.904 0
    endloop
  endfacet
  facet normal -0.752313 0.658805 0
    outer loop
      vertex 212.428 103.904 2
      vertex 212.273 103.727 0
      vertex 212.273 103.727 2
    endloop
  endfacet
  facet normal -0.555679 0.831397 0
    outer loop
      vertex 212.096 103.572 0
      vertex 211.9 103.441 2
      vertex 212.096 103.572 2
    endloop
  endfacet
  facet normal -0.555679 0.831397 0
    outer loop
      vertex 211.9 103.441 2
      vertex 212.096 103.572 0
      vertex 211.9 103.441 0
    endloop
  endfacet
  facet normal -0.896963 0.442105 0
    outer loop
      vertex 212.559 104.1 0
      vertex 212.663 104.311 2
      vertex 212.663 104.311 0
    endloop
  endfacet
  facet normal -0.896963 0.442105 0
    outer loop
      vertex 212.663 104.311 2
      vertex 212.559 104.1 0
      vertex 212.559 104.1 2
    endloop
  endfacet
  facet normal 0.442105 0.896963 -0
    outer loop
      vertex 210.311 103.337 0
      vertex 210.1 103.441 2
      vertex 210.311 103.337 2
    endloop
  endfacet
  facet normal 0.442105 0.896963 0
    outer loop
      vertex 210.1 103.441 2
      vertex 210.311 103.337 0
      vertex 210.1 103.441 0
    endloop
  endfacet
  facet normal 0.0637002 0.997969 -0
    outer loop
      vertex 211 103.2 0
      vertex 210.765 103.215 2
      vertex 211 103.2 2
    endloop
  endfacet
  facet normal 0.0637002 0.997969 0
    outer loop
      vertex 210.765 103.215 2
      vertex 211 103.2 0
      vertex 210.765 103.215 0
    endloop
  endfacet
  facet normal 0.831397 0.555679 0
    outer loop
      vertex 209.572 103.904 2
      vertex 209.441 104.1 0
      vertex 209.441 104.1 2
    endloop
  endfacet
  facet normal 0.831397 0.555679 0
    outer loop
      vertex 209.441 104.1 0
      vertex 209.572 103.904 2
      vertex 209.572 103.904 0
    endloop
  endfacet
  facet normal 0.658805 0.752313 -0
    outer loop
      vertex 209.904 103.572 0
      vertex 209.727 103.727 2
      vertex 209.904 103.572 2
    endloop
  endfacet
  facet normal 0.658805 0.752313 0
    outer loop
      vertex 209.727 103.727 2
      vertex 209.904 103.572 0
      vertex 209.727 103.727 0
    endloop
  endfacet
  facet normal 0.896963 0.442105 0
    outer loop
      vertex 209.441 104.1 2
      vertex 209.337 104.311 0
      vertex 209.337 104.311 2
    endloop
  endfacet
  facet normal 0.896963 0.442105 0
    outer loop
      vertex 209.337 104.311 0
      vertex 209.441 104.1 2
      vertex 209.441 104.1 0
    endloop
  endfacet
  facet normal 0.980744 0.1953 0
    outer loop
      vertex 209.261 104.534 2
      vertex 209.215 104.765 0
      vertex 209.215 104.765 2
    endloop
  endfacet
  facet normal 0.980744 0.1953 0
    outer loop
      vertex 209.215 104.765 0
      vertex 209.261 104.534 2
      vertex 209.261 104.534 0
    endloop
  endfacet
  facet normal 0.997969 0.0637002 0
    outer loop
      vertex 209.215 104.765 2
      vertex 209.2 105 0
      vertex 209.2 105 2
    endloop
  endfacet
  facet normal 0.997969 0.0637002 0
    outer loop
      vertex 209.2 105 0
      vertex 209.215 104.765 2
      vertex 209.215 104.765 0
    endloop
  endfacet
  facet normal -0.322588 0.94654 0
    outer loop
      vertex 211.689 103.337 0
      vertex 211.466 103.261 2
      vertex 211.689 103.337 2
    endloop
  endfacet
  facet normal -0.322588 0.94654 0
    outer loop
      vertex 211.466 103.261 2
      vertex 211.689 103.337 0
      vertex 211.466 103.261 0
    endloop
  endfacet
  facet normal -0.658805 0.752313 0
    outer loop
      vertex 212.273 103.727 0
      vertex 212.096 103.572 2
      vertex 212.273 103.727 2
    endloop
  endfacet
  facet normal -0.658805 0.752313 0
    outer loop
      vertex 212.096 103.572 2
      vertex 212.273 103.727 0
      vertex 212.096 103.572 0
    endloop
  endfacet
  facet normal -0.94654 0.322588 0
    outer loop
      vertex 212.663 104.311 0
      vertex 212.739 104.534 2
      vertex 212.739 104.534 0
    endloop
  endfacet
  facet normal -0.94654 0.322588 0
    outer loop
      vertex 212.739 104.534 2
      vertex 212.663 104.311 0
      vertex 212.663 104.311 2
    endloop
  endfacet
  facet normal 0.322588 0.94654 -0
    outer loop
      vertex 210.534 103.261 0
      vertex 210.311 103.337 2
      vertex 210.534 103.261 2
    endloop
  endfacet
  facet normal 0.322588 0.94654 0
    outer loop
      vertex 210.311 103.337 2
      vertex 210.534 103.261 0
      vertex 210.311 103.337 0
    endloop
  endfacet
  facet normal -0.0637002 0.997969 0
    outer loop
      vertex 211.235 103.215 0
      vertex 211 103.2 2
      vertex 211.235 103.215 2
    endloop
  endfacet
  facet normal -0.0637002 0.997969 0
    outer loop
      vertex 211 103.2 2
      vertex 211.235 103.215 0
      vertex 211 103.2 0
    endloop
  endfacet
  facet normal 0.752313 0.658805 0
    outer loop
      vertex 209.727 103.727 2
      vertex 209.572 103.904 0
      vertex 209.572 103.904 2
    endloop
  endfacet
  facet normal 0.752313 0.658805 0
    outer loop
      vertex 209.572 103.904 0
      vertex 209.727 103.727 2
      vertex 209.727 103.727 0
    endloop
  endfacet
  facet normal 0.94654 0.322588 0
    outer loop
      vertex 209.337 104.311 2
      vertex 209.261 104.534 0
      vertex 209.261 104.534 2
    endloop
  endfacet
  facet normal 0.94654 0.322588 0
    outer loop
      vertex 209.261 104.534 0
      vertex 209.337 104.311 2
      vertex 209.337 104.311 0
    endloop
  endfacet
  facet normal -0.99792 -0.064459 0
    outer loop
      vertex 214.2 105 2
      vertex 214.173 105.418 3
      vertex 214.173 105.418 2
    endloop
  endfacet
  facet normal -0.99792 -0.064459 0
    outer loop
      vertex 214.173 105.418 3
      vertex 214.2 105 2
      vertex 214.2 105 3
    endloop
  endfacet
  facet normal 0.064459 -0.99792 0
    outer loop
      vertex 210.582 108.173 2
      vertex 211 108.2 3
      vertex 210.582 108.173 3
    endloop
  endfacet
  facet normal 0.064459 -0.99792 0
    outer loop
      vertex 211 108.2 3
      vertex 210.582 108.173 2
      vertex 211 108.2 2
    endloop
  endfacet
  facet normal -0.064459 0.99792 0
    outer loop
      vertex 211.418 101.827 2
      vertex 211 101.8 3
      vertex 211.418 101.827 3
    endloop
  endfacet
  facet normal -0.064459 0.99792 0
    outer loop
      vertex 211 101.8 3
      vertex 211.418 101.827 2
      vertex 211 101.8 2
    endloop
  endfacet
  facet normal -0.752133 0.659012 0
    outer loop
      vertex 213.263 102.737 2
      vertex 213.539 103.052 3
      vertex 213.539 103.052 2
    endloop
  endfacet
  facet normal -0.752133 0.659012 0
    outer loop
      vertex 213.539 103.052 3
      vertex 213.263 102.737 2
      vertex 213.263 102.737 3
    endloop
  endfacet
  facet normal -0.659012 -0.752133 0
    outer loop
      vertex 212.948 107.539 2
      vertex 213.263 107.263 3
      vertex 212.948 107.539 3
    endloop
  endfacet
  facet normal -0.659012 -0.752133 -0
    outer loop
      vertex 213.263 107.263 3
      vertex 212.948 107.539 2
      vertex 213.263 107.263 2
    endloop
  endfacet
  facet normal 0.752133 -0.659012 0
    outer loop
      vertex 208.461 106.948 3
      vertex 208.737 107.263 2
      vertex 208.737 107.263 3
    endloop
  endfacet
  facet normal 0.752133 -0.659012 0
    outer loop
      vertex 208.737 107.263 2
      vertex 208.461 106.948 3
      vertex 208.461 106.948 2
    endloop
  endfacet
  facet normal 0.442424 -0.896806 0
    outer loop
      vertex 209.4 107.771 2
      vertex 209.775 107.956 3
      vertex 209.4 107.771 3
    endloop
  endfacet
  facet normal 0.442424 -0.896806 0
    outer loop
      vertex 209.775 107.956 3
      vertex 209.4 107.771 2
      vertex 209.775 107.956 2
    endloop
  endfacet
  facet normal -0.946758 0.321945 0
    outer loop
      vertex 213.956 103.775 2
      vertex 214.091 104.172 3
      vertex 214.091 104.172 2
    endloop
  endfacet
  facet normal -0.946758 0.321945 0
    outer loop
      vertex 214.091 104.172 3
      vertex 213.956 103.775 2
      vertex 213.956 103.775 3
    endloop
  endfacet
  facet normal -0.896806 -0.442424 0
    outer loop
      vertex 213.956 106.225 2
      vertex 213.771 106.6 3
      vertex 213.771 106.6 2
    endloop
  endfacet
  facet normal -0.896806 -0.442424 0
    outer loop
      vertex 213.771 106.6 3
      vertex 213.956 106.225 2
      vertex 213.956 106.225 3
    endloop
  endfacet
  facet normal -0.980581 -0.196116 0
    outer loop
      vertex 214.173 105.418 2
      vertex 214.091 105.828 3
      vertex 214.091 105.828 2
    endloop
  endfacet
  facet normal -0.980581 -0.196116 0
    outer loop
      vertex 214.091 105.828 3
      vertex 214.173 105.418 2
      vertex 214.173 105.418 3
    endloop
  endfacet
  facet normal -0.83205 -0.5547 0
    outer loop
      vertex 213.771 106.6 2
      vertex 213.539 106.948 3
      vertex 213.539 106.948 2
    endloop
  endfacet
  facet normal -0.83205 -0.5547 0
    outer loop
      vertex 213.539 106.948 3
      vertex 213.771 106.6 2
      vertex 213.771 106.6 3
    endloop
  endfacet
  facet normal -0.321945 -0.946758 0
    outer loop
      vertex 211.828 108.091 2
      vertex 212.225 107.956 3
      vertex 211.828 108.091 3
    endloop
  endfacet
  facet normal -0.321945 -0.946758 -0
    outer loop
      vertex 212.225 107.956 3
      vertex 211.828 108.091 2
      vertex 212.225 107.956 2
    endloop
  endfacet
  facet normal -0.5547 -0.83205 0
    outer loop
      vertex 212.6 107.771 2
      vertex 212.948 107.539 3
      vertex 212.6 107.771 3
    endloop
  endfacet
  facet normal -0.5547 -0.83205 -0
    outer loop
      vertex 212.948 107.539 3
      vertex 212.6 107.771 2
      vertex 212.948 107.539 2
    endloop
  endfacet
  facet normal 0.946758 -0.321945 0
    outer loop
      vertex 207.909 105.828 3
      vertex 208.044 106.225 2
      vertex 208.044 106.225 3
    endloop
  endfacet
  facet normal 0.946758 -0.321945 0
    outer loop
      vertex 208.044 106.225 2
      vertex 207.909 105.828 3
      vertex 207.909 105.828 2
    endloop
  endfacet
  facet normal 0 0 1
    outer loop
      vertex 212.8 105 2
      vertex 214.2 105 2
      vertex 214.173 105.418 2
    endloop
  endfacet
  facet normal 0 0 1
    outer loop
      vertex 212.785 105.235 2
      vertex 214.173 105.418 2
      vertex 214.091 105.828 2
    endloop
  endfacet
  facet normal 0 0 1
    outer loop
      vertex 214.2 105 2
      vertex 212.8 105 2
      vertex 214.173 104.582 2
    endloop
  endfacet
  facet normal 0 0 1
    outer loop
      vertex 212.739 105.466 2
      vertex 214.091 105.828 2
      vertex 213.956 106.225 2
    endloop
  endfacet
  facet normal -0 0 1
    outer loop
      vertex 212.785 104.765 2
      vertex 214.173 104.582 2
      vertex 212.8 105 2
    endloop
  endfacet
  facet normal 0 0 1
    outer loop
      vertex 212.663 105.689 2
      vertex 213.956 106.225 2
      vertex 213.771 106.6 2
    endloop
  endfacet
  facet normal 0 0 1
    outer loop
      vertex 214.173 104.582 2
      vertex 212.785 104.765 2
      vertex 214.091 104.172 2
    endloop
  endfacet
  facet normal 0 0 1
    outer loop
      vertex 212.559 105.9 2
      vertex 213.771 106.6 2
      vertex 213.539 106.948 2
    endloop
  endfacet
  facet normal -0 0 1
    outer loop
      vertex 212.739 104.534 2
      vertex 214.091 104.172 2
      vertex 212.785 104.765 2
    endloop
  endfacet
  facet normal 0 0 1
    outer loop
      vertex 212.428 106.096 2
      vertex 213.539 106.948 2
      vertex 213.263 107.263 2
    endloop
  endfacet
  facet normal 0 0 1
    outer loop
      vertex 214.091 104.172 2
      vertex 212.739 104.534 2
      vertex 213.956 103.775 2
    endloop
  endfacet
  facet normal 0 0 1
    outer loop
      vertex 212.273 106.273 2
      vertex 213.263 107.263 2
      vertex 212.948 107.539 2
    endloop
  endfacet
  facet normal -0 0 1
    outer loop
      vertex 212.663 104.311 2
      vertex 213.956 103.775 2
      vertex 212.739 104.534 2
    endloop
  endfacet
  facet normal 0 0 1
    outer loop
      vertex 213.956 103.775 2
      vertex 212.663 104.311 2
      vertex 213.771 103.4 2
    endloop
  endfacet
  facet normal 0 0 1
    outer loop
      vertex 214.173 105.418 2
      vertex 212.785 105.235 2
      vertex 212.8 105 2
    endloop
  endfacet
  facet normal 0 0 1
    outer loop
      vertex 214.091 105.828 2
      vertex 212.739 105.466 2
      vertex 212.785 105.235 2
    endloop
  endfacet
  facet normal 0 0 1
    outer loop
      vertex 213.956 106.225 2
      vertex 212.663 105.689 2
      vertex 212.739 105.466 2
    endloop
  endfacet
  facet normal 0 0 1
    outer loop
      vertex 212.096 106.428 2
      vertex 212.948 107.539 2
      vertex 212.6 107.771 2
    endloop
  endfacet
  facet normal 0 0 1
    outer loop
      vertex 213.771 106.6 2
      vertex 212.559 105.9 2
      vertex 212.663 105.689 2
    endloop
  endfacet
  facet normal 0 0 1
    outer loop
      vertex 213.539 106.948 2
      vertex 212.428 106.096 2
      vertex 212.559 105.9 2
    endloop
  endfacet
  facet normal 0 0 1
    outer loop
      vertex 213.263 107.263 2
      vertex 212.273 106.273 2
      vertex 212.428 106.096 2
    endloop
  endfacet
  facet normal 0 0 1
    outer loop
      vertex 211.9 106.559 2
      vertex 212.6 107.771 2
      vertex 212.225 107.956 2
    endloop
  endfacet
  facet normal 0 0 1
    outer loop
      vertex 212.948 107.539 2
      vertex 212.096 106.428 2
      vertex 212.273 106.273 2
    endloop
  endfacet
  facet normal 0 0 1
    outer loop
      vertex 212.6 107.771 2
      vertex 211.9 106.559 2
      vertex 212.096 106.428 2
    endloop
  endfacet
  facet normal 0 0 1
    outer loop
      vertex 211.689 106.663 2
      vertex 212.225 107.956 2
      vertex 211.828 108.091 2
    endloop
  endfacet
  facet normal 0 0 1
    outer loop
      vertex 212.225 107.956 2
      vertex 211.689 106.663 2
      vertex 211.9 106.559 2
    endloop
  endfacet
  facet normal 0 0 1
    outer loop
      vertex 211.828 108.091 2
      vertex 211.466 106.739 2
      vertex 211.689 106.663 2
    endloop
  endfacet
  facet normal 0 0 1
    outer loop
      vertex 211.418 108.173 2
      vertex 211.466 106.739 2
      vertex 211.828 108.091 2
    endloop
  endfacet
  facet normal 0 0 1
    outer loop
      vertex 211.418 108.173 2
      vertex 211.235 106.785 2
      vertex 211.466 106.739 2
    endloop
  endfacet
  facet normal 0 0 1
    outer loop
      vertex 211 108.2 2
      vertex 211.235 106.785 2
      vertex 211.418 108.173 2
    endloop
  endfacet
  facet normal 0 0 1
    outer loop
      vertex 211 108.2 2
      vertex 211 106.8 2
      vertex 211.235 106.785 2
    endloop
  endfacet
  facet normal 0 0 1
    outer loop
      vertex 211 108.2 2
      vertex 210.765 106.785 2
      vertex 211 106.8 2
    endloop
  endfacet
  facet normal -0 0 1
    outer loop
      vertex 210.582 108.173 2
      vertex 210.765 106.785 2
      vertex 211 108.2 2
    endloop
  endfacet
  facet normal 0 0 1
    outer loop
      vertex 210.582 108.173 2
      vertex 210.534 106.739 2
      vertex 210.765 106.785 2
    endloop
  endfacet
  facet normal -0 0 1
    outer loop
      vertex 210.172 108.091 2
      vertex 210.534 106.739 2
      vertex 210.582 108.173 2
    endloop
  endfacet
  facet normal 0 0 1
    outer loop
      vertex 210.534 106.739 2
      vertex 210.172 108.091 2
      vertex 210.311 106.663 2
    endloop
  endfacet
  facet normal -0 0 1
    outer loop
      vertex 209.775 107.956 2
      vertex 210.311 106.663 2
      vertex 210.172 108.091 2
    endloop
  endfacet
  facet normal 0 0 1
    outer loop
      vertex 210.311 106.663 2
      vertex 209.775 107.956 2
      vertex 210.1 106.559 2
    endloop
  endfacet
  facet normal -0 0 1
    outer loop
      vertex 209.4 107.771 2
      vertex 210.1 106.559 2
      vertex 209.775 107.956 2
    endloop
  endfacet
  facet normal 0 0 1
    outer loop
      vertex 210.1 106.559 2
      vertex 209.4 107.771 2
      vertex 209.904 106.428 2
    endloop
  endfacet
  facet normal -0 0 1
    outer loop
      vertex 209.052 107.539 2
      vertex 209.904 106.428 2
      vertex 209.4 107.771 2
    endloop
  endfacet
  facet normal 0 0 1
    outer loop
      vertex 209.904 106.428 2
      vertex 209.052 107.539 2
      vertex 209.727 106.273 2
    endloop
  endfacet
  facet normal -0 0 1
    outer loop
      vertex 208.737 107.263 2
      vertex 209.727 106.273 2
      vertex 209.052 107.539 2
    endloop
  endfacet
  facet normal 0 0 1
    outer loop
      vertex 209.727 106.273 2
      vertex 208.737 107.263 2
      vertex 209.572 106.096 2
    endloop
  endfacet
  facet normal -0 0 1
    outer loop
      vertex 208.461 106.948 2
      vertex 209.572 106.096 2
      vertex 208.737 107.263 2
    endloop
  endfacet
  facet normal 0 0 1
    outer loop
      vertex 209.572 106.096 2
      vertex 208.461 106.948 2
      vertex 209.441 105.9 2
    endloop
  endfacet
  facet normal 0 0 1
    outer loop
      vertex 209.441 105.9 2
      vertex 208.229 106.6 2
      vertex 209.337 105.689 2
    endloop
  endfacet
  facet normal -0 0 1
    outer loop
      vertex 208.229 106.6 2
      vertex 209.441 105.9 2
      vertex 208.461 106.948 2
    endloop
  endfacet
  facet normal -0 0 1
    outer loop
      vertex 212.559 104.1 2
      vertex 213.771 103.4 2
      vertex 212.663 104.311 2
    endloop
  endfacet
  facet normal 0 0 1
    outer loop
      vertex 213.771 103.4 2
      vertex 212.559 104.1 2
      vertex 213.539 103.052 2
    endloop
  endfacet
  facet normal -0 0 1
    outer loop
      vertex 212.428 103.904 2
      vertex 213.539 103.052 2
      vertex 212.559 104.1 2
    endloop
  endfacet
  facet normal 0 0 1
    outer loop
      vertex 213.539 103.052 2
      vertex 212.428 103.904 2
      vertex 213.263 102.737 2
    endloop
  endfacet
  facet normal -0 0 1
    outer loop
      vertex 212.273 103.727 2
      vertex 213.263 102.737 2
      vertex 212.428 103.904 2
    endloop
  endfacet
  facet normal 0 0 1
    outer loop
      vertex 213.263 102.737 2
      vertex 212.273 103.727 2
      vertex 212.948 102.461 2
    endloop
  endfacet
  facet normal -0 0 1
    outer loop
      vertex 212.096 103.572 2
      vertex 212.948 102.461 2
      vertex 212.273 103.727 2
    endloop
  endfacet
  facet normal 0 0 1
    outer loop
      vertex 212.948 102.461 2
      vertex 212.096 103.572 2
      vertex 212.6 102.229 2
    endloop
  endfacet
  facet normal -0 0 1
    outer loop
      vertex 211.9 103.441 2
      vertex 212.6 102.229 2
      vertex 212.096 103.572 2
    endloop
  endfacet
  facet normal 0 0 1
    outer loop
      vertex 212.6 102.229 2
      vertex 211.9 103.441 2
      vertex 212.225 102.044 2
    endloop
  endfacet
  facet normal -0 0 1
    outer loop
      vertex 211.689 103.337 2
      vertex 212.225 102.044 2
      vertex 211.9 103.441 2
    endloop
  endfacet
  facet normal 0 0 1
    outer loop
      vertex 212.225 102.044 2
      vertex 211.689 103.337 2
      vertex 211.828 101.909 2
    endloop
  endfacet
  facet normal -0 0 1
    outer loop
      vertex 211.466 103.261 2
      vertex 211.828 101.909 2
      vertex 211.689 103.337 2
    endloop
  endfacet
  facet normal 0 0 1
    outer loop
      vertex 211.466 103.261 2
      vertex 211.418 101.827 2
      vertex 211.828 101.909 2
    endloop
  endfacet
  facet normal -0 0 1
    outer loop
      vertex 211.235 103.215 2
      vertex 211.418 101.827 2
      vertex 211.466 103.261 2
    endloop
  endfacet
  facet normal -0 0 1
    outer loop
      vertex 211 103.2 2
      vertex 211.418 101.827 2
      vertex 211.235 103.215 2
    endloop
  endfacet
  facet normal 0 0 1
    outer loop
      vertex 211 103.2 2
      vertex 211 101.8 2
      vertex 211.418 101.827 2
    endloop
  endfacet
  facet normal 0 0 1
    outer loop
      vertex 210.765 103.215 2
      vertex 211 101.8 2
      vertex 211 103.2 2
    endloop
  endfacet
  facet normal 0 0 1
    outer loop
      vertex 210.765 103.215 2
      vertex 210.582 101.827 2
      vertex 211 101.8 2
    endloop
  endfacet
  facet normal 0 0 1
    outer loop
      vertex 210.534 103.261 2
      vertex 210.582 101.827 2
      vertex 210.765 103.215 2
    endloop
  endfacet
  facet normal 0 0 1
    outer loop
      vertex 210.172 101.909 2
      vertex 210.534 103.261 2
      vertex 210.311 103.337 2
    endloop
  endfacet
  facet normal 0 0 1
    outer loop
      vertex 210.534 103.261 2
      vertex 210.172 101.909 2
      vertex 210.582 101.827 2
    endloop
  endfacet
  facet normal 0 0 1
    outer loop
      vertex 209.775 102.044 2
      vertex 210.311 103.337 2
      vertex 210.1 103.441 2
    endloop
  endfacet
  facet normal 0 0 1
    outer loop
      vertex 209.4 102.229 2
      vertex 210.1 103.441 2
      vertex 209.904 103.572 2
    endloop
  endfacet
  facet normal 0 0 1
    outer loop
      vertex 210.311 103.337 2
      vertex 209.775 102.044 2
      vertex 210.172 101.909 2
    endloop
  endfacet
  facet normal 0 0 1
    outer loop
      vertex 209.052 102.461 2
      vertex 209.904 103.572 2
      vertex 209.727 103.727 2
    endloop
  endfacet
  facet normal 0 0 1
    outer loop
      vertex 208.737 102.737 2
      vertex 209.727 103.727 2
      vertex 209.572 103.904 2
    endloop
  endfacet
  facet normal 0 0 1
    outer loop
      vertex 208.461 103.052 2
      vertex 209.572 103.904 2
      vertex 209.441 104.1 2
    endloop
  endfacet
  facet normal 0 0 1
    outer loop
      vertex 210.1 103.441 2
      vertex 209.4 102.229 2
      vertex 209.775 102.044 2
    endloop
  endfacet
  facet normal 0 0 1
    outer loop
      vertex 208.229 103.4 2
      vertex 209.441 104.1 2
      vertex 209.337 104.311 2
    endloop
  endfacet
  facet normal 0 0 1
    outer loop
      vertex 208.044 103.775 2
      vertex 209.337 104.311 2
      vertex 209.261 104.534 2
    endloop
  endfacet
  facet normal 0 0 1
    outer loop
      vertex 207.909 104.172 2
      vertex 209.261 104.534 2
      vertex 209.215 104.765 2
    endloop
  endfacet
  facet normal 0 0 1
    outer loop
      vertex 209.904 103.572 2
      vertex 209.052 102.461 2
      vertex 209.4 102.229 2
    endloop
  endfacet
  facet normal 0 0 1
    outer loop
      vertex 207.827 104.582 2
      vertex 209.215 104.765 2
      vertex 209.2 105 2
    endloop
  endfacet
  facet normal -0 0 1
    outer loop
      vertex 208.044 106.225 2
      vertex 209.337 105.689 2
      vertex 208.229 106.6 2
    endloop
  endfacet
  facet normal 0 0 1
    outer loop
      vertex 209.337 105.689 2
      vertex 208.044 106.225 2
      vertex 209.261 105.466 2
    endloop
  endfacet
  facet normal 0 0 1
    outer loop
      vertex 209.727 103.727 2
      vertex 208.737 102.737 2
      vertex 209.052 102.461 2
    endloop
  endfacet
  facet normal -0 0 1
    outer loop
      vertex 207.909 105.828 2
      vertex 209.261 105.466 2
      vertex 208.044 106.225 2
    endloop
  endfacet
  facet normal 0 0 1
    outer loop
      vertex 209.572 103.904 2
      vertex 208.461 103.052 2
      vertex 208.737 102.737 2
    endloop
  endfacet
  facet normal 0 0 1
    outer loop
      vertex 209.261 105.466 2
      vertex 207.909 105.828 2
      vertex 209.215 105.235 2
    endloop
  endfacet
  facet normal 0 0 1
    outer loop
      vertex 209.441 104.1 2
      vertex 208.229 103.4 2
      vertex 208.461 103.052 2
    endloop
  endfacet
  facet normal -0 0 1
    outer loop
      vertex 207.827 105.418 2
      vertex 209.215 105.235 2
      vertex 207.909 105.828 2
    endloop
  endfacet
  facet normal 0 0 1
    outer loop
      vertex 209.337 104.311 2
      vertex 208.044 103.775 2
      vertex 208.229 103.4 2
    endloop
  endfacet
  facet normal 0 0 1
    outer loop
      vertex 209.215 105.235 2
      vertex 207.827 105.418 2
      vertex 209.2 105 2
    endloop
  endfacet
  facet normal 0 0 1
    outer loop
      vertex 209.261 104.534 2
      vertex 207.909 104.172 2
      vertex 208.044 103.775 2
    endloop
  endfacet
  facet normal 0 0 1
    outer loop
      vertex 207.8 105 2
      vertex 209.2 105 2
      vertex 207.827 105.418 2
    endloop
  endfacet
  facet normal 0 0 1
    outer loop
      vertex 209.215 104.765 2
      vertex 207.827 104.582 2
      vertex 207.909 104.172 2
    endloop
  endfacet
  facet normal 0 0 1
    outer loop
      vertex 209.2 105 2
      vertex 207.8 105 2
      vertex 207.827 104.582 2
    endloop
  endfacet
  facet normal 0.83205 -0.5547 0
    outer loop
      vertex 208.229 106.6 3
      vertex 208.461 106.948 2
      vertex 208.461 106.948 3
    endloop
  endfacet
  facet normal 0.83205 -0.5547 0
    outer loop
      vertex 208.461 106.948 2
      vertex 208.229 106.6 3
      vertex 208.229 106.6 2
    endloop
  endfacet
  facet normal 0.5547 -0.83205 0
    outer loop
      vertex 209.052 107.539 2
      vertex 209.4 107.771 3
      vertex 209.052 107.539 3
    endloop
  endfacet
  facet normal 0.5547 -0.83205 0
    outer loop
      vertex 209.4 107.771 3
      vertex 209.052 107.539 2
      vertex 209.4 107.771 2
    endloop
  endfacet
  facet normal 0.196116 -0.980581 0
    outer loop
      vertex 210.172 108.091 2
      vertex 210.582 108.173 3
      vertex 210.172 108.091 3
    endloop
  endfacet
  facet normal 0.196116 -0.980581 0
    outer loop
      vertex 210.582 108.173 3
      vertex 210.172 108.091 2
      vertex 210.582 108.173 2
    endloop
  endfacet
  facet normal -0.442424 0.896806 0
    outer loop
      vertex 212.6 102.229 2
      vertex 212.225 102.044 3
      vertex 212.6 102.229 3
    endloop
  endfacet
  facet normal -0.442424 0.896806 0
    outer loop
      vertex 212.225 102.044 3
      vertex 212.6 102.229 2
      vertex 212.225 102.044 2
    endloop
  endfacet
  facet normal -0.946758 -0.321945 0
    outer loop
      vertex 214.091 105.828 2
      vertex 213.956 106.225 3
      vertex 213.956 106.225 2
    endloop
  endfacet
  facet normal -0.946758 -0.321945 0
    outer loop
      vertex 213.956 106.225 3
      vertex 214.091 105.828 2
      vertex 214.091 105.828 3
    endloop
  endfacet
  facet normal -0.752133 -0.659012 0
    outer loop
      vertex 213.539 106.948 2
      vertex 213.263 107.263 3
      vertex 213.263 107.263 2
    endloop
  endfacet
  facet normal -0.752133 -0.659012 0
    outer loop
      vertex 213.263 107.263 3
      vertex 213.539 106.948 2
      vertex 213.539 106.948 3
    endloop
  endfacet
  facet normal -0.196116 -0.980581 0
    outer loop
      vertex 211.418 108.173 2
      vertex 211.828 108.091 3
      vertex 211.418 108.173 3
    endloop
  endfacet
  facet normal -0.196116 -0.980581 -0
    outer loop
      vertex 211.828 108.091 3
      vertex 211.418 108.173 2
      vertex 211.828 108.091 2
    endloop
  endfacet
  facet normal -0.064459 -0.99792 0
    outer loop
      vertex 211 108.2 2
      vertex 211.418 108.173 3
      vertex 211 108.2 3
    endloop
  endfacet
  facet normal -0.064459 -0.99792 -0
    outer loop
      vertex 211.418 108.173 3
      vertex 211 108.2 2
      vertex 211.418 108.173 2
    endloop
  endfacet
  facet normal -0.442424 -0.896806 0
    outer loop
      vertex 212.225 107.956 2
      vertex 212.6 107.771 3
      vertex 212.225 107.956 3
    endloop
  endfacet
  facet normal -0.442424 -0.896806 -0
    outer loop
      vertex 212.6 107.771 3
      vertex 212.225 107.956 2
      vertex 212.6 107.771 2
    endloop
  endfacet
  facet normal 0.896806 -0.442424 0
    outer loop
      vertex 208.044 106.225 3
      vertex 208.229 106.6 2
      vertex 208.229 106.6 3
    endloop
  endfacet
  facet normal 0.896806 -0.442424 0
    outer loop
      vertex 208.229 106.6 2
      vertex 208.044 106.225 3
      vertex 208.044 106.225 2
    endloop
  endfacet
  facet normal 0.980581 -0.196116 0
    outer loop
      vertex 207.827 105.418 3
      vertex 207.909 105.828 2
      vertex 207.909 105.828 3
    endloop
  endfacet
  facet normal 0.980581 -0.196116 0
    outer loop
      vertex 207.909 105.828 2
      vertex 207.827 105.418 3
      vertex 207.827 105.418 2
    endloop
  endfacet
  facet normal 0.99792 -0.064459 0
    outer loop
      vertex 207.8 105 3
      vertex 207.827 105.418 2
      vertex 207.827 105.418 3
    endloop
  endfacet
  facet normal 0.99792 -0.064459 0
    outer loop
      vertex 207.827 105.418 2
      vertex 207.8 105 3
      vertex 207.8 105 2
    endloop
  endfacet
  facet normal 0.99792 0.064459 0
    outer loop
      vertex 207.827 104.582 3
      vertex 207.8 105 2
      vertex 207.8 105 3
    endloop
  endfacet
  facet normal 0.99792 0.064459 0
    outer loop
      vertex 207.8 105 2
      vertex 207.827 104.582 3
      vertex 207.827 104.582 2
    endloop
  endfacet
  facet normal 0.659012 -0.752133 0
    outer loop
      vertex 208.737 107.263 2
      vertex 209.052 107.539 3
      vertex 208.737 107.263 3
    endloop
  endfacet
  facet normal 0.659012 -0.752133 0
    outer loop
      vertex 209.052 107.539 3
      vertex 208.737 107.263 2
      vertex 209.052 107.539 2
    endloop
  endfacet
  facet normal 0.321945 -0.946758 0
    outer loop
      vertex 209.775 107.956 2
      vertex 210.172 108.091 3
      vertex 209.775 107.956 3
    endloop
  endfacet
  facet normal 0.321945 -0.946758 0
    outer loop
      vertex 210.172 108.091 3
      vertex 209.775 107.956 2
      vertex 210.172 108.091 2
    endloop
  endfacet
  facet normal -0.99792 0.064459 0
    outer loop
      vertex 214.173 104.582 2
      vertex 214.2 105 3
      vertex 214.2 105 2
    endloop
  endfacet
  facet normal -0.99792 0.064459 0
    outer loop
      vertex 214.2 105 3
      vertex 214.173 104.582 2
      vertex 214.173 104.582 3
    endloop
  endfacet
  facet normal -0.83205 0.5547 0
    outer loop
      vertex 213.539 103.052 2
      vertex 213.771 103.4 3
      vertex 213.771 103.4 2
    endloop
  endfacet
  facet normal -0.83205 0.5547 0
    outer loop
      vertex 213.771 103.4 3
      vertex 213.539 103.052 2
      vertex 213.539 103.052 3
    endloop
  endfacet
  facet normal -0.980581 0.196116 0
    outer loop
      vertex 214.091 104.172 2
      vertex 214.173 104.582 3
      vertex 214.173 104.582 2
    endloop
  endfacet
  facet normal -0.980581 0.196116 0
    outer loop
      vertex 214.173 104.582 3
      vertex 214.091 104.172 2
      vertex 214.091 104.172 3
    endloop
  endfacet
  facet normal 0.5547 0.83205 -0
    outer loop
      vertex 209.4 102.229 2
      vertex 209.052 102.461 3
      vertex 209.4 102.229 3
    endloop
  endfacet
  facet normal 0.5547 0.83205 0
    outer loop
      vertex 209.052 102.461 3
      vertex 209.4 102.229 2
      vertex 209.052 102.461 2
    endloop
  endfacet
  facet normal 0.83205 0.5547 0
    outer loop
      vertex 208.461 103.052 3
      vertex 208.229 103.4 2
      vertex 208.229 103.4 3
    endloop
  endfacet
  facet normal 0.83205 0.5547 0
    outer loop
      vertex 208.229 103.4 2
      vertex 208.461 103.052 3
      vertex 208.461 103.052 2
    endloop
  endfacet
  facet normal 0.752133 0.659012 0
    outer loop
      vertex 208.737 102.737 3
      vertex 208.461 103.052 2
      vertex 208.461 103.052 3
    endloop
  endfacet
  facet normal 0.752133 0.659012 0
    outer loop
      vertex 208.461 103.052 2
      vertex 208.737 102.737 3
      vertex 208.737 102.737 2
    endloop
  endfacet
  facet normal 0.980581 0.196116 0
    outer loop
      vertex 207.909 104.172 3
      vertex 207.827 104.582 2
      vertex 207.827 104.582 3
    endloop
  endfacet
  facet normal 0.980581 0.196116 0
    outer loop
      vertex 207.827 104.582 2
      vertex 207.909 104.172 3
      vertex 207.909 104.172 2
    endloop
  endfacet
  facet normal -0.5547 0.83205 0
    outer loop
      vertex 212.948 102.461 2
      vertex 212.6 102.229 3
      vertex 212.948 102.461 3
    endloop
  endfacet
  facet normal -0.5547 0.83205 0
    outer loop
      vertex 212.6 102.229 3
      vertex 212.948 102.461 2
      vertex 212.6 102.229 2
    endloop
  endfacet
  facet normal -0.896806 0.442424 0
    outer loop
      vertex 213.771 103.4 2
      vertex 213.956 103.775 3
      vertex 213.956 103.775 2
    endloop
  endfacet
  facet normal -0.896806 0.442424 0
    outer loop
      vertex 213.956 103.775 3
      vertex 213.771 103.4 2
      vertex 213.771 103.4 3
    endloop
  endfacet
  facet normal 0.196116 0.980581 -0
    outer loop
      vertex 210.582 101.827 2
      vertex 210.172 101.909 3
      vertex 210.582 101.827 3
    endloop
  endfacet
  facet normal 0.196116 0.980581 0
    outer loop
      vertex 210.172 101.909 3
      vertex 210.582 101.827 2
      vertex 210.172 101.909 2
    endloop
  endfacet
  facet normal 0.659012 0.752133 -0
    outer loop
      vertex 209.052 102.461 2
      vertex 208.737 102.737 3
      vertex 209.052 102.461 3
    endloop
  endfacet
  facet normal 0.659012 0.752133 0
    outer loop
      vertex 208.737 102.737 3
      vertex 209.052 102.461 2
      vertex 208.737 102.737 2
    endloop
  endfacet
  facet normal 0.946758 0.321945 0
    outer loop
      vertex 208.044 103.775 3
      vertex 207.909 104.172 2
      vertex 207.909 104.172 3
    endloop
  endfacet
  facet normal 0.946758 0.321945 0
    outer loop
      vertex 207.909 104.172 2
      vertex 208.044 103.775 3
      vertex 208.044 103.775 2
    endloop
  endfacet
  facet normal 0.896806 0.442424 0
    outer loop
      vertex 208.229 103.4 3
      vertex 208.044 103.775 2
      vertex 208.044 103.775 3
    endloop
  endfacet
  facet normal 0.896806 0.442424 0
    outer loop
      vertex 208.044 103.775 2
      vertex 208.229 103.4 3
      vertex 208.229 103.4 2
    endloop
  endfacet
  facet normal -0.659012 0.752133 0
    outer loop
      vertex 213.263 102.737 2
      vertex 212.948 102.461 3
      vertex 213.263 102.737 3
    endloop
  endfacet
  facet normal -0.659012 0.752133 0
    outer loop
      vertex 212.948 102.461 3
      vertex 213.263 102.737 2
      vertex 212.948 102.461 2
    endloop
  endfacet
  facet normal -0.321945 0.946758 0
    outer loop
      vertex 212.225 102.044 2
      vertex 211.828 101.909 3
      vertex 212.225 102.044 3
    endloop
  endfacet
  facet normal -0.321945 0.946758 0
    outer loop
      vertex 211.828 101.909 3
      vertex 212.225 102.044 2
      vertex 211.828 101.909 2
    endloop
  endfacet
  facet normal -0.196116 0.980581 0
    outer loop
      vertex 211.828 101.909 2
      vertex 211.418 101.827 3
      vertex 211.828 101.909 3
    endloop
  endfacet
  facet normal -0.196116 0.980581 0
    outer loop
      vertex 211.418 101.827 3
      vertex 211.828 101.909 2
      vertex 211.418 101.827 2
    endloop
  endfacet
  facet normal 0.064459 0.99792 -0
    outer loop
      vertex 211 101.8 2
      vertex 210.582 101.827 3
      vertex 211 101.8 3
    endloop
  endfacet
  facet normal 0.064459 0.99792 0
    outer loop
      vertex 210.582 101.827 3
      vertex 211 101.8 2
      vertex 210.582 101.827 2
    endloop
  endfacet
  facet normal 0.442424 0.896806 -0
    outer loop
      vertex 209.775 102.044 2
      vertex 209.4 102.229 3
      vertex 209.775 102.044 3
    endloop
  endfacet
  facet normal 0.442424 0.896806 0
    outer loop
      vertex 209.4 102.229 3
      vertex 209.775 102.044 2
      vertex 209.4 102.229 2
    endloop
  endfacet
  facet normal 0.321945 0.946758 -0
    outer loop
      vertex 210.172 101.909 2
      vertex 209.775 102.044 3
      vertex 210.172 101.909 3
    endloop
  endfacet
  facet normal 0.321945 0.946758 0
    outer loop
      vertex 209.775 102.044 3
      vertex 210.172 101.909 2
      vertex 209.775 102.044 2
    endloop
  endfacet
  facet normal -0.997969 -0.0637002 0
    outer loop
      vertex 180.8 137 0
      vertex 180.785 137.235 2
      vertex 180.785 137.235 0
    endloop
  endfacet
  facet normal -0.997969 -0.0637002 0
    outer loop
      vertex 180.785 137.235 2
      vertex 180.8 137 0
      vertex 180.8 137 2
    endloop
  endfacet
  facet normal 0.0637002 -0.997969 0
    outer loop
      vertex 178.765 138.785 0
      vertex 179 138.8 2
      vertex 178.765 138.785 2
    endloop
  endfacet
  facet normal 0.0637002 -0.997969 0
    outer loop
      vertex 179 138.8 2
      vertex 178.765 138.785 0
      vertex 179 138.8 0
    endloop
  endfacet
  facet normal -0.0637002 0.997969 0
    outer loop
      vertex 179.235 135.215 0
      vertex 179 135.2 2
      vertex 179.235 135.215 2
    endloop
  endfacet
  facet normal -0.0637002 0.997969 0
    outer loop
      vertex 179 135.2 2
      vertex 179.235 135.215 0
      vertex 179 135.2 0
    endloop
  endfacet
  facet normal 0.658805 0.752313 -0
    outer loop
      vertex 177.904 135.572 0
      vertex 177.727 135.727 2
      vertex 177.904 135.572 2
    endloop
  endfacet
  facet normal 0.658805 0.752313 0
    outer loop
      vertex 177.727 135.727 2
      vertex 177.904 135.572 0
      vertex 177.727 135.727 0
    endloop
  endfacet
  facet normal -0.658805 -0.752313 0
    outer loop
      vertex 180.096 138.428 0
      vertex 180.273 138.273 2
      vertex 180.096 138.428 2
    endloop
  endfacet
  facet normal -0.658805 -0.752313 -0
    outer loop
      vertex 180.273 138.273 2
      vertex 180.096 138.428 0
      vertex 180.273 138.273 0
    endloop
  endfacet
  facet normal 0.752313 -0.658805 0
    outer loop
      vertex 177.572 138.096 2
      vertex 177.727 138.273 0
      vertex 177.727 138.273 2
    endloop
  endfacet
  facet normal 0.752313 -0.658805 0
    outer loop
      vertex 177.727 138.273 0
      vertex 177.572 138.096 2
      vertex 177.572 138.096 0
    endloop
  endfacet
  facet normal 0.442105 -0.896963 0
    outer loop
      vertex 178.1 138.559 0
      vertex 178.311 138.663 2
      vertex 178.1 138.559 2
    endloop
  endfacet
  facet normal 0.442105 -0.896963 0
    outer loop
      vertex 178.311 138.663 2
      vertex 178.1 138.559 0
      vertex 178.311 138.663 0
    endloop
  endfacet
  facet normal -0.896963 -0.442105 0
    outer loop
      vertex 180.663 137.689 0
      vertex 180.559 137.9 2
      vertex 180.559 137.9 0
    endloop
  endfacet
  facet normal -0.896963 -0.442105 0
    outer loop
      vertex 180.559 137.9 2
      vertex 180.663 137.689 0
      vertex 180.663 137.689 2
    endloop
  endfacet
  facet normal -0.322588 -0.94654 0
    outer loop
      vertex 179.466 138.739 0
      vertex 179.689 138.663 2
      vertex 179.466 138.739 2
    endloop
  endfacet
  facet normal -0.322588 -0.94654 -0
    outer loop
      vertex 179.689 138.663 2
      vertex 179.466 138.739 0
      vertex 179.689 138.663 0
    endloop
  endfacet
  facet normal -0.1953 -0.980744 0
    outer loop
      vertex 179.235 138.785 0
      vertex 179.466 138.739 2
      vertex 179.235 138.785 2
    endloop
  endfacet
  facet normal -0.1953 -0.980744 -0
    outer loop
      vertex 179.466 138.739 2
      vertex 179.235 138.785 0
      vertex 179.466 138.739 0
    endloop
  endfacet
  facet normal -0.555679 -0.831397 0
    outer loop
      vertex 179.9 138.559 0
      vertex 180.096 138.428 2
      vertex 179.9 138.559 2
    endloop
  endfacet
  facet normal -0.555679 -0.831397 -0
    outer loop
      vertex 180.096 138.428 2
      vertex 179.9 138.559 0
      vertex 180.096 138.428 0
    endloop
  endfacet
  facet normal 0.94654 -0.322588 0
    outer loop
      vertex 177.261 137.466 2
      vertex 177.337 137.689 0
      vertex 177.337 137.689 2
    endloop
  endfacet
  facet normal 0.94654 -0.322588 0
    outer loop
      vertex 177.337 137.689 0
      vertex 177.261 137.466 2
      vertex 177.261 137.466 0
    endloop
  endfacet
  facet normal 0.831397 -0.555679 0
    outer loop
      vertex 177.441 137.9 2
      vertex 177.572 138.096 0
      vertex 177.572 138.096 2
    endloop
  endfacet
  facet normal 0.831397 -0.555679 0
    outer loop
      vertex 177.572 138.096 0
      vertex 177.441 137.9 2
      vertex 177.441 137.9 0
    endloop
  endfacet
  facet normal 0.980744 -0.1953 0
    outer loop
      vertex 177.215 137.235 2
      vertex 177.261 137.466 0
      vertex 177.261 137.466 2
    endloop
  endfacet
  facet normal 0.980744 -0.1953 0
    outer loop
      vertex 177.261 137.466 0
      vertex 177.215 137.235 2
      vertex 177.215 137.235 0
    endloop
  endfacet
  facet normal 0.322588 -0.94654 0
    outer loop
      vertex 178.311 138.663 0
      vertex 178.534 138.739 2
      vertex 178.311 138.663 2
    endloop
  endfacet
  facet normal 0.322588 -0.94654 0
    outer loop
      vertex 178.534 138.739 2
      vertex 178.311 138.663 0
      vertex 178.534 138.739 0
    endloop
  endfacet
  facet normal -0.94654 0.322588 0
    outer loop
      vertex 180.663 136.311 0
      vertex 180.739 136.534 2
      vertex 180.739 136.534 0
    endloop
  endfacet
  facet normal -0.94654 0.322588 0
    outer loop
      vertex 180.739 136.534 2
      vertex 180.663 136.311 0
      vertex 180.663 136.311 2
    endloop
  endfacet
  facet normal -0.831397 0.555679 0
    outer loop
      vertex 180.428 135.904 0
      vertex 180.559 136.1 2
      vertex 180.559 136.1 0
    endloop
  endfacet
  facet normal -0.831397 0.555679 0
    outer loop
      vertex 180.559 136.1 2
      vertex 180.428 135.904 0
      vertex 180.428 135.904 2
    endloop
  endfacet
  facet normal -0.980744 0.1953 0
    outer loop
      vertex 180.739 136.534 0
      vertex 180.785 136.765 2
      vertex 180.785 136.765 0
    endloop
  endfacet
  facet normal -0.980744 0.1953 0
    outer loop
      vertex 180.785 136.765 2
      vertex 180.739 136.534 0
      vertex 180.739 136.534 2
    endloop
  endfacet
  facet normal 0.322588 0.94654 -0
    outer loop
      vertex 178.534 135.261 0
      vertex 178.311 135.337 2
      vertex 178.534 135.261 2
    endloop
  endfacet
  facet normal 0.322588 0.94654 0
    outer loop
      vertex 178.311 135.337 2
      vertex 178.534 135.261 0
      vertex 178.311 135.337 0
    endloop
  endfacet
  facet normal 0.555679 0.831397 -0
    outer loop
      vertex 178.1 135.441 0
      vertex 177.904 135.572 2
      vertex 178.1 135.441 2
    endloop
  endfacet
  facet normal 0.555679 0.831397 0
    outer loop
      vertex 177.904 135.572 2
      vertex 178.1 135.441 0
      vertex 177.904 135.572 0
    endloop
  endfacet
  facet normal 0.1953 0.980744 -0
    outer loop
      vertex 178.765 135.215 0
      vertex 178.534 135.261 2
      vertex 178.765 135.215 2
    endloop
  endfacet
  facet normal 0.1953 0.980744 0
    outer loop
      vertex 178.534 135.261 2
      vertex 178.765 135.215 0
      vertex 178.534 135.261 0
    endloop
  endfacet
  facet normal -0.94654 -0.322588 0
    outer loop
      vertex 180.739 137.466 0
      vertex 180.663 137.689 2
      vertex 180.663 137.689 0
    endloop
  endfacet
  facet normal -0.94654 -0.322588 0
    outer loop
      vertex 180.663 137.689 2
      vertex 180.739 137.466 0
      vertex 180.739 137.466 2
    endloop
  endfacet
  facet normal -0.980744 -0.1953 0
    outer loop
      vertex 180.785 137.235 0
      vertex 180.739 137.466 2
      vertex 180.739 137.466 0
    endloop
  endfacet
  facet normal -0.980744 -0.1953 0
    outer loop
      vertex 180.739 137.466 2
      vertex 180.785 137.235 0
      vertex 180.785 137.235 2
    endloop
  endfacet
  facet normal -0.752313 -0.658805 0
    outer loop
      vertex 180.428 138.096 0
      vertex 180.273 138.273 2
      vertex 180.273 138.273 0
    endloop
  endfacet
  facet normal -0.752313 -0.658805 0
    outer loop
      vertex 180.273 138.273 2
      vertex 180.428 138.096 0
      vertex 180.428 138.096 2
    endloop
  endfacet
  facet normal -0.831397 -0.555679 0
    outer loop
      vertex 180.559 137.9 0
      vertex 180.428 138.096 2
      vertex 180.428 138.096 0
    endloop
  endfacet
  facet normal -0.831397 -0.555679 0
    outer loop
      vertex 180.428 138.096 2
      vertex 180.559 137.9 0
      vertex 180.559 137.9 2
    endloop
  endfacet
  facet normal -0.0637002 -0.997969 0
    outer loop
      vertex 179 138.8 0
      vertex 179.235 138.785 2
      vertex 179 138.8 2
    endloop
  endfacet
  facet normal -0.0637002 -0.997969 -0
    outer loop
      vertex 179.235 138.785 2
      vertex 179 138.8 0
      vertex 179.235 138.785 0
    endloop
  endfacet
  facet normal -0.442105 -0.896963 0
    outer loop
      vertex 179.689 138.663 0
      vertex 179.9 138.559 2
      vertex 179.689 138.663 2
    endloop
  endfacet
  facet normal -0.442105 -0.896963 -0
    outer loop
      vertex 179.9 138.559 2
      vertex 179.689 138.663 0
      vertex 179.9 138.559 0
    endloop
  endfacet
  facet normal 0.896963 -0.442105 0
    outer loop
      vertex 177.337 137.689 2
      vertex 177.441 137.9 0
      vertex 177.441 137.9 2
    endloop
  endfacet
  facet normal 0.896963 -0.442105 0
    outer loop
      vertex 177.441 137.9 0
      vertex 177.337 137.689 2
      vertex 177.337 137.689 0
    endloop
  endfacet
  facet normal 0.997969 -0.0637002 0
    outer loop
      vertex 177.2 137 2
      vertex 177.215 137.235 0
      vertex 177.215 137.235 2
    endloop
  endfacet
  facet normal 0.997969 -0.0637002 0
    outer loop
      vertex 177.215 137.235 0
      vertex 177.2 137 2
      vertex 177.2 137 0
    endloop
  endfacet
  facet normal 0.555679 -0.831397 0
    outer loop
      vertex 177.904 138.428 0
      vertex 178.1 138.559 2
      vertex 177.904 138.428 2
    endloop
  endfacet
  facet normal 0.555679 -0.831397 0
    outer loop
      vertex 178.1 138.559 2
      vertex 177.904 138.428 0
      vertex 178.1 138.559 0
    endloop
  endfacet
  facet normal 0.658805 -0.752313 0
    outer loop
      vertex 177.727 138.273 0
      vertex 177.904 138.428 2
      vertex 177.727 138.273 2
    endloop
  endfacet
  facet normal 0.658805 -0.752313 0
    outer loop
      vertex 177.904 138.428 2
      vertex 177.727 138.273 0
      vertex 177.904 138.428 0
    endloop
  endfacet
  facet normal 0.1953 -0.980744 0
    outer loop
      vertex 178.534 138.739 0
      vertex 178.765 138.785 2
      vertex 178.534 138.739 2
    endloop
  endfacet
  facet normal 0.1953 -0.980744 0
    outer loop
      vertex 178.765 138.785 2
      vertex 178.534 138.739 0
      vertex 178.765 138.785 0
    endloop
  endfacet
  facet normal -0.1953 0.980744 0
    outer loop
      vertex 179.466 135.261 0
      vertex 179.235 135.215 2
      vertex 179.466 135.261 2
    endloop
  endfacet
  facet normal -0.1953 0.980744 0
    outer loop
      vertex 179.235 135.215 2
      vertex 179.466 135.261 0
      vertex 179.235 135.215 0
    endloop
  endfacet
  facet normal -0.442105 0.896963 0
    outer loop
      vertex 179.9 135.441 0
      vertex 179.689 135.337 2
      vertex 179.9 135.441 2
    endloop
  endfacet
  facet normal -0.442105 0.896963 0
    outer loop
      vertex 179.689 135.337 2
      vertex 179.9 135.441 0
      vertex 179.689 135.337 0
    endloop
  endfacet
  facet normal -0.752313 0.658805 0
    outer loop
      vertex 180.273 135.727 0
      vertex 180.428 135.904 2
      vertex 180.428 135.904 0
    endloop
  endfacet
  facet normal -0.752313 0.658805 0
    outer loop
      vertex 180.428 135.904 2
      vertex 180.273 135.727 0
      vertex 180.273 135.727 2
    endloop
  endfacet
  facet normal -0.555679 0.831397 0
    outer loop
      vertex 180.096 135.572 0
      vertex 179.9 135.441 2
      vertex 180.096 135.572 2
    endloop
  endfacet
  facet normal -0.555679 0.831397 0
    outer loop
      vertex 179.9 135.441 2
      vertex 180.096 135.572 0
      vertex 179.9 135.441 0
    endloop
  endfacet
  facet normal -0.896963 0.442105 0
    outer loop
      vertex 180.559 136.1 0
      vertex 180.663 136.311 2
      vertex 180.663 136.311 0
    endloop
  endfacet
  facet normal -0.896963 0.442105 0
    outer loop
      vertex 180.663 136.311 2
      vertex 180.559 136.1 0
      vertex 180.559 136.1 2
    endloop
  endfacet
  facet normal -0.997969 0.0637002 0
    outer loop
      vertex 180.785 136.765 0
      vertex 180.8 137 2
      vertex 180.8 137 0
    endloop
  endfacet
  facet normal -0.997969 0.0637002 0
    outer loop
      vertex 180.8 137 2
      vertex 180.785 136.765 0
      vertex 180.785 136.765 2
    endloop
  endfacet
  facet normal 0.442105 0.896963 -0
    outer loop
      vertex 178.311 135.337 0
      vertex 178.1 135.441 2
      vertex 178.311 135.337 2
    endloop
  endfacet
  facet normal 0.442105 0.896963 0
    outer loop
      vertex 178.1 135.441 2
      vertex 178.311 135.337 0
      vertex 178.1 135.441 0
    endloop
  endfacet
  facet normal 0.0637002 0.997969 -0
    outer loop
      vertex 179 135.2 0
      vertex 178.765 135.215 2
      vertex 179 135.2 2
    endloop
  endfacet
  facet normal 0.0637002 0.997969 0
    outer loop
      vertex 178.765 135.215 2
      vertex 179 135.2 0
      vertex 178.765 135.215 0
    endloop
  endfacet
  facet normal 0.831397 0.555679 0
    outer loop
      vertex 177.572 135.904 2
      vertex 177.441 136.1 0
      vertex 177.441 136.1 2
    endloop
  endfacet
  facet normal 0.831397 0.555679 0
    outer loop
      vertex 177.441 136.1 0
      vertex 177.572 135.904 2
      vertex 177.572 135.904 0
    endloop
  endfacet
  facet normal 0.896963 0.442105 0
    outer loop
      vertex 177.441 136.1 2
      vertex 177.337 136.311 0
      vertex 177.337 136.311 2
    endloop
  endfacet
  facet normal 0.896963 0.442105 0
    outer loop
      vertex 177.337 136.311 0
      vertex 177.441 136.1 2
      vertex 177.441 136.1 0
    endloop
  endfacet
  facet normal 0.980744 0.1953 0
    outer loop
      vertex 177.261 136.534 2
      vertex 177.215 136.765 0
      vertex 177.215 136.765 2
    endloop
  endfacet
  facet normal 0.980744 0.1953 0
    outer loop
      vertex 177.215 136.765 0
      vertex 177.261 136.534 2
      vertex 177.261 136.534 0
    endloop
  endfacet
  facet normal 0.997969 0.0637002 0
    outer loop
      vertex 177.215 136.765 2
      vertex 177.2 137 0
      vertex 177.2 137 2
    endloop
  endfacet
  facet normal 0.997969 0.0637002 0
    outer loop
      vertex 177.2 137 0
      vertex 177.215 136.765 2
      vertex 177.215 136.765 0
    endloop
  endfacet
  facet normal -0.322588 0.94654 0
    outer loop
      vertex 179.689 135.337 0
      vertex 179.466 135.261 2
      vertex 179.689 135.337 2
    endloop
  endfacet
  facet normal -0.322588 0.94654 0
    outer loop
      vertex 179.466 135.261 2
      vertex 179.689 135.337 0
      vertex 179.466 135.261 0
    endloop
  endfacet
  facet normal -0.658805 0.752313 0
    outer loop
      vertex 180.273 135.727 0
      vertex 180.096 135.572 2
      vertex 180.273 135.727 2
    endloop
  endfacet
  facet normal -0.658805 0.752313 0
    outer loop
      vertex 180.096 135.572 2
      vertex 180.273 135.727 0
      vertex 180.096 135.572 0
    endloop
  endfacet
  facet normal 0.752313 0.658805 0
    outer loop
      vertex 177.727 135.727 2
      vertex 177.572 135.904 0
      vertex 177.572 135.904 2
    endloop
  endfacet
  facet normal 0.752313 0.658805 0
    outer loop
      vertex 177.572 135.904 0
      vertex 177.727 135.727 2
      vertex 177.727 135.727 0
    endloop
  endfacet
  facet normal 0.94654 0.322588 0
    outer loop
      vertex 177.337 136.311 2
      vertex 177.261 136.534 0
      vertex 177.261 136.534 2
    endloop
  endfacet
  facet normal 0.94654 0.322588 0
    outer loop
      vertex 177.261 136.534 0
      vertex 177.337 136.311 2
      vertex 177.337 136.311 0
    endloop
  endfacet
  facet normal -0.99792 -0.064459 0
    outer loop
      vertex 182.2 137 2
      vertex 182.173 137.418 3
      vertex 182.173 137.418 2
    endloop
  endfacet
  facet normal -0.99792 -0.064459 0
    outer loop
      vertex 182.173 137.418 3
      vertex 182.2 137 2
      vertex 182.2 137 3
    endloop
  endfacet
  facet normal 0.064459 -0.99792 0
    outer loop
      vertex 178.582 140.173 2
      vertex 179 140.2 3
      vertex 178.582 140.173 3
    endloop
  endfacet
  facet normal 0.064459 -0.99792 0
    outer loop
      vertex 179 140.2 3
      vertex 178.582 140.173 2
      vertex 179 140.2 2
    endloop
  endfacet
  facet normal -0.064459 0.99792 0
    outer loop
      vertex 179.418 133.827 2
      vertex 179 133.8 3
      vertex 179.418 133.827 3
    endloop
  endfacet
  facet normal -0.064459 0.99792 0
    outer loop
      vertex 179 133.8 3
      vertex 179.418 133.827 2
      vertex 179 133.8 2
    endloop
  endfacet
  facet normal -0.752133 0.659012 0
    outer loop
      vertex 181.263 134.737 2
      vertex 181.539 135.052 3
      vertex 181.539 135.052 2
    endloop
  endfacet
  facet normal -0.752133 0.659012 0
    outer loop
      vertex 181.539 135.052 3
      vertex 181.263 134.737 2
      vertex 181.263 134.737 3
    endloop
  endfacet
  facet normal -0.659012 -0.752133 0
    outer loop
      vertex 180.948 139.539 2
      vertex 181.263 139.263 3
      vertex 180.948 139.539 3
    endloop
  endfacet
  facet normal -0.659012 -0.752133 -0
    outer loop
      vertex 181.263 139.263 3
      vertex 180.948 139.539 2
      vertex 181.263 139.263 2
    endloop
  endfacet
  facet normal 0.752133 -0.659012 0
    outer loop
      vertex 176.461 138.948 3
      vertex 176.737 139.263 2
      vertex 176.737 139.263 3
    endloop
  endfacet
  facet normal 0.752133 -0.659012 0
    outer loop
      vertex 176.737 139.263 2
      vertex 176.461 138.948 3
      vertex 176.461 138.948 2
    endloop
  endfacet
  facet normal 0.442424 -0.896806 0
    outer loop
      vertex 177.4 139.771 2
      vertex 177.775 139.956 3
      vertex 177.4 139.771 3
    endloop
  endfacet
  facet normal 0.442424 -0.896806 0
    outer loop
      vertex 177.775 139.956 3
      vertex 177.4 139.771 2
      vertex 177.775 139.956 2
    endloop
  endfacet
  facet normal -0.896806 -0.442424 0
    outer loop
      vertex 181.956 138.225 2
      vertex 181.771 138.6 3
      vertex 181.771 138.6 2
    endloop
  endfacet
  facet normal -0.896806 -0.442424 0
    outer loop
      vertex 181.771 138.6 3
      vertex 181.956 138.225 2
      vertex 181.956 138.225 3
    endloop
  endfacet
  facet normal -0.980581 -0.196116 0
    outer loop
      vertex 182.173 137.418 2
      vertex 182.091 137.828 3
      vertex 182.091 137.828 2
    endloop
  endfacet
  facet normal -0.980581 -0.196116 0
    outer loop
      vertex 182.091 137.828 3
      vertex 182.173 137.418 2
      vertex 182.173 137.418 3
    endloop
  endfacet
  facet normal -0.83205 -0.5547 0
    outer loop
      vertex 181.771 138.6 2
      vertex 181.539 138.948 3
      vertex 181.539 138.948 2
    endloop
  endfacet
  facet normal -0.83205 -0.5547 0
    outer loop
      vertex 181.539 138.948 3
      vertex 181.771 138.6 2
      vertex 181.771 138.6 3
    endloop
  endfacet
  facet normal -0.321945 -0.946758 0
    outer loop
      vertex 179.828 140.091 2
      vertex 180.225 139.956 3
      vertex 179.828 140.091 3
    endloop
  endfacet
  facet normal -0.321945 -0.946758 -0
    outer loop
      vertex 180.225 139.956 3
      vertex 179.828 140.091 2
      vertex 180.225 139.956 2
    endloop
  endfacet
  facet normal -0.5547 -0.83205 0
    outer loop
      vertex 180.6 139.771 2
      vertex 180.948 139.539 3
      vertex 180.6 139.771 3
    endloop
  endfacet
  facet normal -0.5547 -0.83205 -0
    outer loop
      vertex 180.948 139.539 3
      vertex 180.6 139.771 2
      vertex 180.948 139.539 2
    endloop
  endfacet
  facet normal 0.896806 -0.442424 0
    outer loop
      vertex 176.044 138.225 3
      vertex 176.229 138.6 2
      vertex 176.229 138.6 3
    endloop
  endfacet
  facet normal 0.896806 -0.442424 0
    outer loop
      vertex 176.229 138.6 2
      vertex 176.044 138.225 3
      vertex 176.044 138.225 2
    endloop
  endfacet
  facet normal 0 0 1
    outer loop
      vertex 180.8 137 2
      vertex 182.2 137 2
      vertex 182.173 137.418 2
    endloop
  endfacet
  facet normal 0 0 1
    outer loop
      vertex 180.785 137.235 2
      vertex 182.173 137.418 2
      vertex 182.091 137.828 2
    endloop
  endfacet
  facet normal 0 0 1
    outer loop
      vertex 182.2 137 2
      vertex 180.8 137 2
      vertex 182.173 136.582 2
    endloop
  endfacet
  facet normal 0 0 1
    outer loop
      vertex 180.739 137.466 2
      vertex 182.091 137.828 2
      vertex 181.956 138.225 2
    endloop
  endfacet
  facet normal -0 0 1
    outer loop
      vertex 180.785 136.765 2
      vertex 182.173 136.582 2
      vertex 180.8 137 2
    endloop
  endfacet
  facet normal 0 0 1
    outer loop
      vertex 180.663 137.689 2
      vertex 181.956 138.225 2
      vertex 181.771 138.6 2
    endloop
  endfacet
  facet normal 0 0 1
    outer loop
      vertex 182.173 136.582 2
      vertex 180.785 136.765 2
      vertex 182.091 136.172 2
    endloop
  endfacet
  facet normal 0 0 1
    outer loop
      vertex 180.559 137.9 2
      vertex 181.771 138.6 2
      vertex 181.539 138.948 2
    endloop
  endfacet
  facet normal -0 0 1
    outer loop
      vertex 180.739 136.534 2
      vertex 182.091 136.172 2
      vertex 180.785 136.765 2
    endloop
  endfacet
  facet normal 0 0 1
    outer loop
      vertex 180.428 138.096 2
      vertex 181.539 138.948 2
      vertex 181.263 139.263 2
    endloop
  endfacet
  facet normal 0 0 1
    outer loop
      vertex 182.091 136.172 2
      vertex 180.739 136.534 2
      vertex 181.956 135.775 2
    endloop
  endfacet
  facet normal 0 0 1
    outer loop
      vertex 180.273 138.273 2
      vertex 181.263 139.263 2
      vertex 180.948 139.539 2
    endloop
  endfacet
  facet normal -0 0 1
    outer loop
      vertex 180.663 136.311 2
      vertex 181.956 135.775 2
      vertex 180.739 136.534 2
    endloop
  endfacet
  facet normal 0 0 1
    outer loop
      vertex 181.956 135.775 2
      vertex 180.663 136.311 2
      vertex 181.771 135.4 2
    endloop
  endfacet
  facet normal 0 0 1
    outer loop
      vertex 182.173 137.418 2
      vertex 180.785 137.235 2
      vertex 180.8 137 2
    endloop
  endfacet
  facet normal 0 0 1
    outer loop
      vertex 182.091 137.828 2
      vertex 180.739 137.466 2
      vertex 180.785 137.235 2
    endloop
  endfacet
  facet normal 0 0 1
    outer loop
      vertex 181.956 138.225 2
      vertex 180.663 137.689 2
      vertex 180.739 137.466 2
    endloop
  endfacet
  facet normal 0 0 1
    outer loop
      vertex 180.096 138.428 2
      vertex 180.948 139.539 2
      vertex 180.6 139.771 2
    endloop
  endfacet
  facet normal 0 0 1
    outer loop
      vertex 181.771 138.6 2
      vertex 180.559 137.9 2
      vertex 180.663 137.689 2
    endloop
  endfacet
  facet normal 0 0 1
    outer loop
      vertex 181.539 138.948 2
      vertex 180.428 138.096 2
      vertex 180.559 137.9 2
    endloop
  endfacet
  facet normal 0 0 1
    outer loop
      vertex 181.263 139.263 2
      vertex 180.273 138.273 2
      vertex 180.428 138.096 2
    endloop
  endfacet
  facet normal 0 0 1
    outer loop
      vertex 179.9 138.559 2
      vertex 180.6 139.771 2
      vertex 180.225 139.956 2
    endloop
  endfacet
  facet normal 0 0 1
    outer loop
      vertex 180.948 139.539 2
      vertex 180.096 138.428 2
      vertex 180.273 138.273 2
    endloop
  endfacet
  facet normal 0 0 1
    outer loop
      vertex 180.6 139.771 2
      vertex 179.9 138.559 2
      vertex 180.096 138.428 2
    endloop
  endfacet
  facet normal 0 0 1
    outer loop
      vertex 179.689 138.663 2
      vertex 180.225 139.956 2
      vertex 179.828 140.091 2
    endloop
  endfacet
  facet normal 0 0 1
    outer loop
      vertex 180.225 139.956 2
      vertex 179.689 138.663 2
      vertex 179.9 138.559 2
    endloop
  endfacet
  facet normal 0 0 1
    outer loop
      vertex 179.828 140.091 2
      vertex 179.466 138.739 2
      vertex 179.689 138.663 2
    endloop
  endfacet
  facet normal 0 0 1
    outer loop
      vertex 179.418 140.173 2
      vertex 179.466 138.739 2
      vertex 179.828 140.091 2
    endloop
  endfacet
  facet normal 0 0 1
    outer loop
      vertex 179.418 140.173 2
      vertex 179.235 138.785 2
      vertex 179.466 138.739 2
    endloop
  endfacet
  facet normal 0 0 1
    outer loop
      vertex 179 140.2 2
      vertex 179.235 138.785 2
      vertex 179.418 140.173 2
    endloop
  endfacet
  facet normal 0 0 1
    outer loop
      vertex 179 140.2 2
      vertex 179 138.8 2
      vertex 179.235 138.785 2
    endloop
  endfacet
  facet normal 0 0 1
    outer loop
      vertex 179 140.2 2
      vertex 178.765 138.785 2
      vertex 179 138.8 2
    endloop
  endfacet
  facet normal -0 0 1
    outer loop
      vertex 178.582 140.173 2
      vertex 178.765 138.785 2
      vertex 179 140.2 2
    endloop
  endfacet
  facet normal 0 0 1
    outer loop
      vertex 178.582 140.173 2
      vertex 178.534 138.739 2
      vertex 178.765 138.785 2
    endloop
  endfacet
  facet normal -0 0 1
    outer loop
      vertex 178.172 140.091 2
      vertex 178.534 138.739 2
      vertex 178.582 140.173 2
    endloop
  endfacet
  facet normal 0 0 1
    outer loop
      vertex 178.534 138.739 2
      vertex 178.172 140.091 2
      vertex 178.311 138.663 2
    endloop
  endfacet
  facet normal -0 0 1
    outer loop
      vertex 177.775 139.956 2
      vertex 178.311 138.663 2
      vertex 178.172 140.091 2
    endloop
  endfacet
  facet normal 0 0 1
    outer loop
      vertex 178.311 138.663 2
      vertex 177.775 139.956 2
      vertex 178.1 138.559 2
    endloop
  endfacet
  facet normal -0 0 1
    outer loop
      vertex 177.4 139.771 2
      vertex 178.1 138.559 2
      vertex 177.775 139.956 2
    endloop
  endfacet
  facet normal 0 0 1
    outer loop
      vertex 178.1 138.559 2
      vertex 177.4 139.771 2
      vertex 177.904 138.428 2
    endloop
  endfacet
  facet normal -0 0 1
    outer loop
      vertex 177.052 139.539 2
      vertex 177.904 138.428 2
      vertex 177.4 139.771 2
    endloop
  endfacet
  facet normal 0 0 1
    outer loop
      vertex 177.904 138.428 2
      vertex 177.052 139.539 2
      vertex 177.727 138.273 2
    endloop
  endfacet
  facet normal -0 0 1
    outer loop
      vertex 176.737 139.263 2
      vertex 177.727 138.273 2
      vertex 177.052 139.539 2
    endloop
  endfacet
  facet normal 0 0 1
    outer loop
      vertex 177.727 138.273 2
      vertex 176.737 139.263 2
      vertex 177.572 138.096 2
    endloop
  endfacet
  facet normal -0 0 1
    outer loop
      vertex 176.461 138.948 2
      vertex 177.572 138.096 2
      vertex 176.737 139.263 2
    endloop
  endfacet
  facet normal 0 0 1
    outer loop
      vertex 177.572 138.096 2
      vertex 176.461 138.948 2
      vertex 177.441 137.9 2
    endloop
  endfacet
  facet normal 0 0 1
    outer loop
      vertex 177.441 137.9 2
      vertex 176.229 138.6 2
      vertex 177.337 137.689 2
    endloop
  endfacet
  facet normal -0 0 1
    outer loop
      vertex 176.229 138.6 2
      vertex 177.441 137.9 2
      vertex 176.461 138.948 2
    endloop
  endfacet
  facet normal -0 0 1
    outer loop
      vertex 180.559 136.1 2
      vertex 181.771 135.4 2
      vertex 180.663 136.311 2
    endloop
  endfacet
  facet normal 0 0 1
    outer loop
      vertex 181.771 135.4 2
      vertex 180.559 136.1 2
      vertex 181.539 135.052 2
    endloop
  endfacet
  facet normal -0 0 1
    outer loop
      vertex 180.428 135.904 2
      vertex 181.539 135.052 2
      vertex 180.559 136.1 2
    endloop
  endfacet
  facet normal 0 0 1
    outer loop
      vertex 181.539 135.052 2
      vertex 180.428 135.904 2
      vertex 181.263 134.737 2
    endloop
  endfacet
  facet normal -0 0 1
    outer loop
      vertex 180.273 135.727 2
      vertex 181.263 134.737 2
      vertex 180.428 135.904 2
    endloop
  endfacet
  facet normal 0 0 1
    outer loop
      vertex 181.263 134.737 2
      vertex 180.273 135.727 2
      vertex 180.948 134.461 2
    endloop
  endfacet
  facet normal -0 0 1
    outer loop
      vertex 180.096 135.572 2
      vertex 180.948 134.461 2
      vertex 180.273 135.727 2
    endloop
  endfacet
  facet normal 0 0 1
    outer loop
      vertex 180.948 134.461 2
      vertex 180.096 135.572 2
      vertex 180.6 134.229 2
    endloop
  endfacet
  facet normal -0 0 1
    outer loop
      vertex 179.9 135.441 2
      vertex 180.6 134.229 2
      vertex 180.096 135.572 2
    endloop
  endfacet
  facet normal 0 0 1
    outer loop
      vertex 180.6 134.229 2
      vertex 179.9 135.441 2
      vertex 180.225 134.044 2
    endloop
  endfacet
  facet normal -0 0 1
    outer loop
      vertex 179.689 135.337 2
      vertex 180.225 134.044 2
      vertex 179.9 135.441 2
    endloop
  endfacet
  facet normal 0 0 1
    outer loop
      vertex 180.225 134.044 2
      vertex 179.689 135.337 2
      vertex 179.828 133.909 2
    endloop
  endfacet
  facet normal -0 0 1
    outer loop
      vertex 179.466 135.261 2
      vertex 179.828 133.909 2
      vertex 179.689 135.337 2
    endloop
  endfacet
  facet normal 0 0 1
    outer loop
      vertex 179.466 135.261 2
      vertex 179.418 133.827 2
      vertex 179.828 133.909 2
    endloop
  endfacet
  facet normal -0 0 1
    outer loop
      vertex 179.235 135.215 2
      vertex 179.418 133.827 2
      vertex 179.466 135.261 2
    endloop
  endfacet
  facet normal -0 0 1
    outer loop
      vertex 179 135.2 2
      vertex 179.418 133.827 2
      vertex 179.235 135.215 2
    endloop
  endfacet
  facet normal 0 0 1
    outer loop
      vertex 179 135.2 2
      vertex 179 133.8 2
      vertex 179.418 133.827 2
    endloop
  endfacet
  facet normal 0 0 1
    outer loop
      vertex 178.765 135.215 2
      vertex 179 133.8 2
      vertex 179 135.2 2
    endloop
  endfacet
  facet normal 0 0 1
    outer loop
      vertex 178.765 135.215 2
      vertex 178.582 133.827 2
      vertex 179 133.8 2
    endloop
  endfacet
  facet normal 0 0 1
    outer loop
      vertex 178.534 135.261 2
      vertex 178.582 133.827 2
      vertex 178.765 135.215 2
    endloop
  endfacet
  facet normal 0 0 1
    outer loop
      vertex 178.172 133.909 2
      vertex 178.534 135.261 2
      vertex 178.311 135.337 2
    endloop
  endfacet
  facet normal 0 0 1
    outer loop
      vertex 178.534 135.261 2
      vertex 178.172 133.909 2
      vertex 178.582 133.827 2
    endloop
  endfacet
  facet normal 0 0 1
    outer loop
      vertex 177.775 134.044 2
      vertex 178.311 135.337 2
      vertex 178.1 135.441 2
    endloop
  endfacet
  facet normal 0 0 1
    outer loop
      vertex 177.4 134.229 2
      vertex 178.1 135.441 2
      vertex 177.904 135.572 2
    endloop
  endfacet
  facet normal 0 0 1
    outer loop
      vertex 178.311 135.337 2
      vertex 177.775 134.044 2
      vertex 178.172 133.909 2
    endloop
  endfacet
  facet normal 0 0 1
    outer loop
      vertex 177.052 134.461 2
      vertex 177.904 135.572 2
      vertex 177.727 135.727 2
    endloop
  endfacet
  facet normal 0 0 1
    outer loop
      vertex 176.737 134.737 2
      vertex 177.727 135.727 2
      vertex 177.572 135.904 2
    endloop
  endfacet
  facet normal 0 0 1
    outer loop
      vertex 176.461 135.052 2
      vertex 177.572 135.904 2
      vertex 177.441 136.1 2
    endloop
  endfacet
  facet normal 0 0 1
    outer loop
      vertex 178.1 135.441 2
      vertex 177.4 134.229 2
      vertex 177.775 134.044 2
    endloop
  endfacet
  facet normal 0 0 1
    outer loop
      vertex 176.229 135.4 2
      vertex 177.441 136.1 2
      vertex 177.337 136.311 2
    endloop
  endfacet
  facet normal 0 0 1
    outer loop
      vertex 176.044 135.775 2
      vertex 177.337 136.311 2
      vertex 177.261 136.534 2
    endloop
  endfacet
  facet normal 0 0 1
    outer loop
      vertex 175.909 136.172 2
      vertex 177.261 136.534 2
      vertex 177.215 136.765 2
    endloop
  endfacet
  facet normal 0 0 1
    outer loop
      vertex 177.904 135.572 2
      vertex 177.052 134.461 2
      vertex 177.4 134.229 2
    endloop
  endfacet
  facet normal 0 0 1
    outer loop
      vertex 175.827 136.582 2
      vertex 177.215 136.765 2
      vertex 177.2 137 2
    endloop
  endfacet
  facet normal -0 0 1
    outer loop
      vertex 176.044 138.225 2
      vertex 177.337 137.689 2
      vertex 176.229 138.6 2
    endloop
  endfacet
  facet normal 0 0 1
    outer loop
      vertex 177.337 137.689 2
      vertex 176.044 138.225 2
      vertex 177.261 137.466 2
    endloop
  endfacet
  facet normal 0 0 1
    outer loop
      vertex 177.727 135.727 2
      vertex 176.737 134.737 2
      vertex 177.052 134.461 2
    endloop
  endfacet
  facet normal -0 0 1
    outer loop
      vertex 175.909 137.828 2
      vertex 177.261 137.466 2
      vertex 176.044 138.225 2
    endloop
  endfacet
  facet normal 0 0 1
    outer loop
      vertex 177.572 135.904 2
      vertex 176.461 135.052 2
      vertex 176.737 134.737 2
    endloop
  endfacet
  facet normal 0 0 1
    outer loop
      vertex 177.261 137.466 2
      vertex 175.909 137.828 2
      vertex 177.215 137.235 2
    endloop
  endfacet
  facet normal 0 0 1
    outer loop
      vertex 177.441 136.1 2
      vertex 176.229 135.4 2
      vertex 176.461 135.052 2
    endloop
  endfacet
  facet normal -0 0 1
    outer loop
      vertex 175.827 137.418 2
      vertex 177.215 137.235 2
      vertex 175.909 137.828 2
    endloop
  endfacet
  facet normal 0 0 1
    outer loop
      vertex 177.337 136.311 2
      vertex 176.044 135.775 2
      vertex 176.229 135.4 2
    endloop
  endfacet
  facet normal 0 0 1
    outer loop
      vertex 177.215 137.235 2
      vertex 175.827 137.418 2
      vertex 177.2 137 2
    endloop
  endfacet
  facet normal 0 0 1
    outer loop
      vertex 177.261 136.534 2
      vertex 175.909 136.172 2
      vertex 176.044 135.775 2
    endloop
  endfacet
  facet normal 0 0 1
    outer loop
      vertex 175.8 137 2
      vertex 177.2 137 2
      vertex 175.827 137.418 2
    endloop
  endfacet
  facet normal 0 0 1
    outer loop
      vertex 177.215 136.765 2
      vertex 175.827 136.582 2
      vertex 175.909 136.172 2
    endloop
  endfacet
  facet normal 0 0 1
    outer loop
      vertex 177.2 137 2
      vertex 175.8 137 2
      vertex 175.827 136.582 2
    endloop
  endfacet
  facet normal 0.83205 -0.5547 0
    outer loop
      vertex 176.229 138.6 3
      vertex 176.461 138.948 2
      vertex 176.461 138.948 3
    endloop
  endfacet
  facet normal 0.83205 -0.5547 0
    outer loop
      vertex 176.461 138.948 2
      vertex 176.229 138.6 3
      vertex 176.229 138.6 2
    endloop
  endfacet
  facet normal 0.5547 -0.83205 0
    outer loop
      vertex 177.052 139.539 2
      vertex 177.4 139.771 3
      vertex 177.052 139.539 3
    endloop
  endfacet
  facet normal 0.5547 -0.83205 0
    outer loop
      vertex 177.4 139.771 3
      vertex 177.052 139.539 2
      vertex 177.4 139.771 2
    endloop
  endfacet
  facet normal 0.196116 -0.980581 0
    outer loop
      vertex 178.172 140.091 2
      vertex 178.582 140.173 3
      vertex 178.172 140.091 3
    endloop
  endfacet
  facet normal 0.196116 -0.980581 0
    outer loop
      vertex 178.582 140.173 3
      vertex 178.172 140.091 2
      vertex 178.582 140.173 2
    endloop
  endfacet
  facet normal -0.196116 0.980581 0
    outer loop
      vertex 179.828 133.909 2
      vertex 179.418 133.827 3
      vertex 179.828 133.909 3
    endloop
  endfacet
  facet normal -0.196116 0.980581 0
    outer loop
      vertex 179.418 133.827 3
      vertex 179.828 133.909 2
      vertex 179.418 133.827 2
    endloop
  endfacet
  facet normal -0.946758 -0.321945 0
    outer loop
      vertex 182.091 137.828 2
      vertex 181.956 138.225 3
      vertex 181.956 138.225 2
    endloop
  endfacet
  facet normal -0.946758 -0.321945 0
    outer loop
      vertex 181.956 138.225 3
      vertex 182.091 137.828 2
      vertex 182.091 137.828 3
    endloop
  endfacet
  facet normal -0.752133 -0.659012 0
    outer loop
      vertex 181.539 138.948 2
      vertex 181.263 139.263 3
      vertex 181.263 139.263 2
    endloop
  endfacet
  facet normal -0.752133 -0.659012 0
    outer loop
      vertex 181.263 139.263 3
      vertex 181.539 138.948 2
      vertex 181.539 138.948 3
    endloop
  endfacet
  facet normal -0.196116 -0.980581 0
    outer loop
      vertex 179.418 140.173 2
      vertex 179.828 140.091 3
      vertex 179.418 140.173 3
    endloop
  endfacet
  facet normal -0.196116 -0.980581 -0
    outer loop
      vertex 179.828 140.091 3
      vertex 179.418 140.173 2
      vertex 179.828 140.091 2
    endloop
  endfacet
  facet normal -0.064459 -0.99792 0
    outer loop
      vertex 179 140.2 2
      vertex 179.418 140.173 3
      vertex 179 140.2 3
    endloop
  endfacet
  facet normal -0.064459 -0.99792 -0
    outer loop
      vertex 179.418 140.173 3
      vertex 179 140.2 2
      vertex 179.418 140.173 2
    endloop
  endfacet
  facet normal -0.442424 -0.896806 0
    outer loop
      vertex 180.225 139.956 2
      vertex 180.6 139.771 3
      vertex 180.225 139.956 3
    endloop
  endfacet
  facet normal -0.442424 -0.896806 -0
    outer loop
      vertex 180.6 139.771 3
      vertex 180.225 139.956 2
      vertex 180.6 139.771 2
    endloop
  endfacet
  facet normal 0.946758 -0.321945 0
    outer loop
      vertex 175.909 137.828 3
      vertex 176.044 138.225 2
      vertex 176.044 138.225 3
    endloop
  endfacet
  facet normal 0.946758 -0.321945 0
    outer loop
      vertex 176.044 138.225 2
      vertex 175.909 137.828 3
      vertex 175.909 137.828 2
    endloop
  endfacet
  facet normal 0.980581 -0.196116 0
    outer loop
      vertex 175.827 137.418 3
      vertex 175.909 137.828 2
      vertex 175.909 137.828 3
    endloop
  endfacet
  facet normal 0.980581 -0.196116 0
    outer loop
      vertex 175.909 137.828 2
      vertex 175.827 137.418 3
      vertex 175.827 137.418 2
    endloop
  endfacet
  facet normal 0.99792 -0.064459 0
    outer loop
      vertex 175.8 137 3
      vertex 175.827 137.418 2
      vertex 175.827 137.418 3
    endloop
  endfacet
  facet normal 0.99792 -0.064459 0
    outer loop
      vertex 175.827 137.418 2
      vertex 175.8 137 3
      vertex 175.8 137 2
    endloop
  endfacet
  facet normal 0.99792 0.064459 0
    outer loop
      vertex 175.827 136.582 3
      vertex 175.8 137 2
      vertex 175.8 137 3
    endloop
  endfacet
  facet normal 0.99792 0.064459 0
    outer loop
      vertex 175.8 137 2
      vertex 175.827 136.582 3
      vertex 175.827 136.582 2
    endloop
  endfacet
  facet normal 0.659012 -0.752133 0
    outer loop
      vertex 176.737 139.263 2
      vertex 177.052 139.539 3
      vertex 176.737 139.263 3
    endloop
  endfacet
  facet normal 0.659012 -0.752133 0
    outer loop
      vertex 177.052 139.539 3
      vertex 176.737 139.263 2
      vertex 177.052 139.539 2
    endloop
  endfacet
  facet normal 0.321945 -0.946758 0
    outer loop
      vertex 177.775 139.956 2
      vertex 178.172 140.091 3
      vertex 177.775 139.956 3
    endloop
  endfacet
  facet normal 0.321945 -0.946758 0
    outer loop
      vertex 178.172 140.091 3
      vertex 177.775 139.956 2
      vertex 178.172 140.091 2
    endloop
  endfacet
  facet normal -0.83205 0.5547 0
    outer loop
      vertex 181.539 135.052 2
      vertex 181.771 135.4 3
      vertex 181.771 135.4 2
    endloop
  endfacet
  facet normal -0.83205 0.5547 0
    outer loop
      vertex 181.771 135.4 3
      vertex 181.539 135.052 2
      vertex 181.539 135.052 3
    endloop
  endfacet
  facet normal -0.980581 0.196116 0
    outer loop
      vertex 182.091 136.172 2
      vertex 182.173 136.582 3
      vertex 182.173 136.582 2
    endloop
  endfacet
  facet normal -0.980581 0.196116 0
    outer loop
      vertex 182.173 136.582 3
      vertex 182.091 136.172 2
      vertex 182.091 136.172 3
    endloop
  endfacet
  facet normal 0.752133 0.659012 0
    outer loop
      vertex 176.737 134.737 3
      vertex 176.461 135.052 2
      vertex 176.461 135.052 3
    endloop
  endfacet
  facet normal 0.752133 0.659012 0
    outer loop
      vertex 176.461 135.052 2
      vertex 176.737 134.737 3
      vertex 176.737 134.737 2
    endloop
  endfacet
  facet normal 0.83205 0.5547 0
    outer loop
      vertex 176.461 135.052 3
      vertex 176.229 135.4 2
      vertex 176.229 135.4 3
    endloop
  endfacet
  facet normal 0.83205 0.5547 0
    outer loop
      vertex 176.229 135.4 2
      vertex 176.461 135.052 3
      vertex 176.461 135.052 2
    endloop
  endfacet
  facet normal 0.980581 0.196116 0
    outer loop
      vertex 175.909 136.172 3
      vertex 175.827 136.582 2
      vertex 175.827 136.582 3
    endloop
  endfacet
  facet normal 0.980581 0.196116 0
    outer loop
      vertex 175.827 136.582 2
      vertex 175.909 136.172 3
      vertex 175.909 136.172 2
    endloop
  endfacet
  facet normal -0.5547 0.83205 0
    outer loop
      vertex 180.948 134.461 2
      vertex 180.6 134.229 3
      vertex 180.948 134.461 3
    endloop
  endfacet
  facet normal -0.5547 0.83205 0
    outer loop
      vertex 180.6 134.229 3
      vertex 180.948 134.461 2
      vertex 180.6 134.229 2
    endloop
  endfacet
  facet normal -0.442424 0.896806 0
    outer loop
      vertex 180.6 134.229 2
      vertex 180.225 134.044 3
      vertex 180.6 134.229 3
    endloop
  endfacet
  facet normal -0.442424 0.896806 0
    outer loop
      vertex 180.225 134.044 3
      vertex 180.6 134.229 2
      vertex 180.225 134.044 2
    endloop
  endfacet
  facet normal -0.946758 0.321945 0
    outer loop
      vertex 181.956 135.775 2
      vertex 182.091 136.172 3
      vertex 182.091 136.172 2
    endloop
  endfacet
  facet normal -0.946758 0.321945 0
    outer loop
      vertex 182.091 136.172 3
      vertex 181.956 135.775 2
      vertex 181.956 135.775 3
    endloop
  endfacet
  facet normal -0.896806 0.442424 0
    outer loop
      vertex 181.771 135.4 2
      vertex 181.956 135.775 3
      vertex 181.956 135.775 2
    endloop
  endfacet
  facet normal -0.896806 0.442424 0
    outer loop
      vertex 181.956 135.775 3
      vertex 181.771 135.4 2
      vertex 181.771 135.4 3
    endloop
  endfacet
  facet normal -0.99792 0.064459 0
    outer loop
      vertex 182.173 136.582 2
      vertex 182.2 137 3
      vertex 182.2 137 2
    endloop
  endfacet
  facet normal -0.99792 0.064459 0
    outer loop
      vertex 182.2 137 3
      vertex 182.173 136.582 2
      vertex 182.173 136.582 3
    endloop
  endfacet
  facet normal 0.196116 0.980581 -0
    outer loop
      vertex 178.582 133.827 2
      vertex 178.172 133.909 3
      vertex 178.582 133.827 3
    endloop
  endfacet
  facet normal 0.196116 0.980581 0
    outer loop
      vertex 178.172 133.909 3
      vertex 178.582 133.827 2
      vertex 178.172 133.909 2
    endloop
  endfacet
  facet normal 0.5547 0.83205 -0
    outer loop
      vertex 177.4 134.229 2
      vertex 177.052 134.461 3
      vertex 177.4 134.229 3
    endloop
  endfacet
  facet normal 0.5547 0.83205 0
    outer loop
      vertex 177.052 134.461 3
      vertex 177.4 134.229 2
      vertex 177.052 134.461 2
    endloop
  endfacet
  facet normal 0.946758 0.321945 0
    outer loop
      vertex 176.044 135.775 3
      vertex 175.909 136.172 2
      vertex 175.909 136.172 3
    endloop
  endfacet
  facet normal 0.946758 0.321945 0
    outer loop
      vertex 175.909 136.172 2
      vertex 176.044 135.775 3
      vertex 176.044 135.775 2
    endloop
  endfacet
  facet normal 0.896806 0.442424 0
    outer loop
      vertex 176.229 135.4 3
      vertex 176.044 135.775 2
      vertex 176.044 135.775 3
    endloop
  endfacet
  facet normal 0.896806 0.442424 0
    outer loop
      vertex 176.044 135.775 2
      vertex 176.229 135.4 3
      vertex 176.229 135.4 2
    endloop
  endfacet
  facet normal -0.659012 0.752133 0
    outer loop
      vertex 181.263 134.737 2
      vertex 180.948 134.461 3
      vertex 181.263 134.737 3
    endloop
  endfacet
  facet normal -0.659012 0.752133 0
    outer loop
      vertex 180.948 134.461 3
      vertex 181.263 134.737 2
      vertex 180.948 134.461 2
    endloop
  endfacet
  facet normal -0.321945 0.946758 0
    outer loop
      vertex 180.225 134.044 2
      vertex 179.828 133.909 3
      vertex 180.225 134.044 3
    endloop
  endfacet
  facet normal -0.321945 0.946758 0
    outer loop
      vertex 179.828 133.909 3
      vertex 180.225 134.044 2
      vertex 179.828 133.909 2
    endloop
  endfacet
  facet normal 0.442424 0.896806 -0
    outer loop
      vertex 177.775 134.044 2
      vertex 177.4 134.229 3
      vertex 177.775 134.044 3
    endloop
  endfacet
  facet normal 0.442424 0.896806 0
    outer loop
      vertex 177.4 134.229 3
      vertex 177.775 134.044 2
      vertex 177.4 134.229 2
    endloop
  endfacet
  facet normal 0.659012 0.752133 -0
    outer loop
      vertex 177.052 134.461 2
      vertex 176.737 134.737 3
      vertex 177.052 134.461 3
    endloop
  endfacet
  facet normal 0.659012 0.752133 0
    outer loop
      vertex 176.737 134.737 3
      vertex 177.052 134.461 2
      vertex 176.737 134.737 2
    endloop
  endfacet
  facet normal 0.064459 0.99792 -0
    outer loop
      vertex 179 133.8 2
      vertex 178.582 133.827 3
      vertex 179 133.8 3
    endloop
  endfacet
  facet normal 0.064459 0.99792 0
    outer loop
      vertex 178.582 133.827 3
      vertex 179 133.8 2
      vertex 178.582 133.827 2
    endloop
  endfacet
  facet normal 0.321945 0.946758 -0
    outer loop
      vertex 178.172 133.909 2
      vertex 177.775 134.044 3
      vertex 178.172 133.909 3
    endloop
  endfacet
  facet normal 0.321945 0.946758 0
    outer loop
      vertex 177.775 134.044 3
      vertex 178.172 133.909 2
      vertex 177.775 134.044 2
    endloop
  endfacet
  facet normal -0.997969 -0.0637002 0
    outer loop
      vertex 212.8 137 0
      vertex 212.785 137.235 2
      vertex 212.785 137.235 0
    endloop
  endfacet
  facet normal -0.997969 -0.0637002 0
    outer loop
      vertex 212.785 137.235 2
      vertex 212.8 137 0
      vertex 212.8 137 2
    endloop
  endfacet
  facet normal 0.0637002 -0.997969 0
    outer loop
      vertex 210.765 138.785 0
      vertex 211 138.8 2
      vertex 210.765 138.785 2
    endloop
  endfacet
  facet normal 0.0637002 -0.997969 0
    outer loop
      vertex 211 138.8 2
      vertex 210.765 138.785 0
      vertex 211 138.8 0
    endloop
  endfacet
  facet normal -0.658805 -0.752313 0
    outer loop
      vertex 212.096 138.428 0
      vertex 212.273 138.273 2
      vertex 212.096 138.428 2
    endloop
  endfacet
  facet normal -0.658805 -0.752313 -0
    outer loop
      vertex 212.273 138.273 2
      vertex 212.096 138.428 0
      vertex 212.273 138.273 0
    endloop
  endfacet
  facet normal 0.752313 -0.658805 0
    outer loop
      vertex 209.572 138.096 2
      vertex 209.727 138.273 0
      vertex 209.727 138.273 2
    endloop
  endfacet
  facet normal 0.752313 -0.658805 0
    outer loop
      vertex 209.727 138.273 0
      vertex 209.572 138.096 2
      vertex 209.572 138.096 0
    endloop
  endfacet
  facet normal 0.442105 -0.896963 0
    outer loop
      vertex 210.1 138.559 0
      vertex 210.311 138.663 2
      vertex 210.1 138.559 2
    endloop
  endfacet
  facet normal 0.442105 -0.896963 0
    outer loop
      vertex 210.311 138.663 2
      vertex 210.1 138.559 0
      vertex 210.311 138.663 0
    endloop
  endfacet
  facet normal -0.896963 -0.442105 0
    outer loop
      vertex 212.663 137.689 0
      vertex 212.559 137.9 2
      vertex 212.559 137.9 0
    endloop
  endfacet
  facet normal -0.896963 -0.442105 0
    outer loop
      vertex 212.559 137.9 2
      vertex 212.663 137.689 0
      vertex 212.663 137.689 2
    endloop
  endfacet
  facet normal -0.322588 -0.94654 0
    outer loop
      vertex 211.466 138.739 0
      vertex 211.689 138.663 2
      vertex 211.466 138.739 2
    endloop
  endfacet
  facet normal -0.322588 -0.94654 -0
    outer loop
      vertex 211.689 138.663 2
      vertex 211.466 138.739 0
      vertex 211.689 138.663 0
    endloop
  endfacet
  facet normal -0.1953 -0.980744 0
    outer loop
      vertex 211.235 138.785 0
      vertex 211.466 138.739 2
      vertex 211.235 138.785 2
    endloop
  endfacet
  facet normal -0.1953 -0.980744 -0
    outer loop
      vertex 211.466 138.739 2
      vertex 211.235 138.785 0
      vertex 211.466 138.739 0
    endloop
  endfacet
  facet normal -0.555679 -0.831397 0
    outer loop
      vertex 211.9 138.559 0
      vertex 212.096 138.428 2
      vertex 211.9 138.559 2
    endloop
  endfacet
  facet normal -0.555679 -0.831397 -0
    outer loop
      vertex 212.096 138.428 2
      vertex 211.9 138.559 0
      vertex 212.096 138.428 0
    endloop
  endfacet
  facet normal 0.94654 -0.322588 0
    outer loop
      vertex 209.261 137.466 2
      vertex 209.337 137.689 0
      vertex 209.337 137.689 2
    endloop
  endfacet
  facet normal 0.94654 -0.322588 0
    outer loop
      vertex 209.337 137.689 0
      vertex 209.261 137.466 2
      vertex 209.261 137.466 0
    endloop
  endfacet
  facet normal 0.831397 -0.555679 0
    outer loop
      vertex 209.441 137.9 2
      vertex 209.572 138.096 0
      vertex 209.572 138.096 2
    endloop
  endfacet
  facet normal 0.831397 -0.555679 0
    outer loop
      vertex 209.572 138.096 0
      vertex 209.441 137.9 2
      vertex 209.441 137.9 0
    endloop
  endfacet
  facet normal 0.980744 -0.1953 0
    outer loop
      vertex 209.215 137.235 2
      vertex 209.261 137.466 0
      vertex 209.261 137.466 2
    endloop
  endfacet
  facet normal 0.980744 -0.1953 0
    outer loop
      vertex 209.261 137.466 0
      vertex 209.215 137.235 2
      vertex 209.215 137.235 0
    endloop
  endfacet
  facet normal 0.322588 -0.94654 0
    outer loop
      vertex 210.311 138.663 0
      vertex 210.534 138.739 2
      vertex 210.311 138.663 2
    endloop
  endfacet
  facet normal 0.322588 -0.94654 0
    outer loop
      vertex 210.534 138.739 2
      vertex 210.311 138.663 0
      vertex 210.534 138.739 0
    endloop
  endfacet
  facet normal -0.94654 0.322588 0
    outer loop
      vertex 212.663 136.311 0
      vertex 212.739 136.534 2
      vertex 212.739 136.534 0
    endloop
  endfacet
  facet normal -0.94654 0.322588 0
    outer loop
      vertex 212.739 136.534 2
      vertex 212.663 136.311 0
      vertex 212.663 136.311 2
    endloop
  endfacet
  facet normal -0.831397 0.555679 0
    outer loop
      vertex 212.428 135.904 0
      vertex 212.559 136.1 2
      vertex 212.559 136.1 0
    endloop
  endfacet
  facet normal -0.831397 0.555679 0
    outer loop
      vertex 212.559 136.1 2
      vertex 212.428 135.904 0
      vertex 212.428 135.904 2
    endloop
  endfacet
  facet normal -0.980744 0.1953 0
    outer loop
      vertex 212.739 136.534 0
      vertex 212.785 136.765 2
      vertex 212.785 136.765 0
    endloop
  endfacet
  facet normal -0.980744 0.1953 0
    outer loop
      vertex 212.785 136.765 2
      vertex 212.739 136.534 0
      vertex 212.739 136.534 2
    endloop
  endfacet
  facet normal 0.322588 0.94654 -0
    outer loop
      vertex 210.534 135.261 0
      vertex 210.311 135.337 2
      vertex 210.534 135.261 2
    endloop
  endfacet
  facet normal 0.322588 0.94654 0
    outer loop
      vertex 210.311 135.337 2
      vertex 210.534 135.261 0
      vertex 210.311 135.337 0
    endloop
  endfacet
  facet normal 0.555679 0.831397 -0
    outer loop
      vertex 210.1 135.441 0
      vertex 209.904 135.572 2
      vertex 210.1 135.441 2
    endloop
  endfacet
  facet normal 0.555679 0.831397 0
    outer loop
      vertex 209.904 135.572 2
      vertex 210.1 135.441 0
      vertex 209.904 135.572 0
    endloop
  endfacet
  facet normal 0.1953 0.980744 -0
    outer loop
      vertex 210.765 135.215 0
      vertex 210.534 135.261 2
      vertex 210.765 135.215 2
    endloop
  endfacet
  facet normal 0.1953 0.980744 0
    outer loop
      vertex 210.534 135.261 2
      vertex 210.765 135.215 0
      vertex 210.534 135.261 0
    endloop
  endfacet
  facet normal -0.94654 -0.322588 0
    outer loop
      vertex 212.739 137.466 0
      vertex 212.663 137.689 2
      vertex 212.663 137.689 0
    endloop
  endfacet
  facet normal -0.94654 -0.322588 0
    outer loop
      vertex 212.663 137.689 2
      vertex 212.739 137.466 0
      vertex 212.739 137.466 2
    endloop
  endfacet
  facet normal -0.980744 -0.1953 0
    outer loop
      vertex 212.785 137.235 0
      vertex 212.739 137.466 2
      vertex 212.739 137.466 0
    endloop
  endfacet
  facet normal -0.980744 -0.1953 0
    outer loop
      vertex 212.739 137.466 2
      vertex 212.785 137.235 0
      vertex 212.785 137.235 2
    endloop
  endfacet
  facet normal -0.752313 -0.658805 0
    outer loop
      vertex 212.428 138.096 0
      vertex 212.273 138.273 2
      vertex 212.273 138.273 0
    endloop
  endfacet
  facet normal -0.752313 -0.658805 0
    outer loop
      vertex 212.273 138.273 2
      vertex 212.428 138.096 0
      vertex 212.428 138.096 2
    endloop
  endfacet
  facet normal -0.831397 -0.555679 0
    outer loop
      vertex 212.559 137.9 0
      vertex 212.428 138.096 2
      vertex 212.428 138.096 0
    endloop
  endfacet
  facet normal -0.831397 -0.555679 0
    outer loop
      vertex 212.428 138.096 2
      vertex 212.559 137.9 0
      vertex 212.559 137.9 2
    endloop
  endfacet
  facet normal -0.0637002 -0.997969 0
    outer loop
      vertex 211 138.8 0
      vertex 211.235 138.785 2
      vertex 211 138.8 2
    endloop
  endfacet
  facet normal -0.0637002 -0.997969 -0
    outer loop
      vertex 211.235 138.785 2
      vertex 211 138.8 0
      vertex 211.235 138.785 0
    endloop
  endfacet
  facet normal -0.442105 -0.896963 0
    outer loop
      vertex 211.689 138.663 0
      vertex 211.9 138.559 2
      vertex 211.689 138.663 2
    endloop
  endfacet
  facet normal -0.442105 -0.896963 -0
    outer loop
      vertex 211.9 138.559 2
      vertex 211.689 138.663 0
      vertex 211.9 138.559 0
    endloop
  endfacet
  facet normal 0.896963 -0.442105 0
    outer loop
      vertex 209.337 137.689 2
      vertex 209.441 137.9 0
      vertex 209.441 137.9 2
    endloop
  endfacet
  facet normal 0.896963 -0.442105 0
    outer loop
      vertex 209.441 137.9 0
      vertex 209.337 137.689 2
      vertex 209.337 137.689 0
    endloop
  endfacet
  facet normal 0.997969 -0.0637002 0
    outer loop
      vertex 209.2 137 2
      vertex 209.215 137.235 0
      vertex 209.215 137.235 2
    endloop
  endfacet
  facet normal 0.997969 -0.0637002 0
    outer loop
      vertex 209.215 137.235 0
      vertex 209.2 137 2
      vertex 209.2 137 0
    endloop
  endfacet
  facet normal 0.555679 -0.831397 0
    outer loop
      vertex 209.904 138.428 0
      vertex 210.1 138.559 2
      vertex 209.904 138.428 2
    endloop
  endfacet
  facet normal 0.555679 -0.831397 0
    outer loop
      vertex 210.1 138.559 2
      vertex 209.904 138.428 0
      vertex 210.1 138.559 0
    endloop
  endfacet
  facet normal 0.658805 -0.752313 0
    outer loop
      vertex 209.727 138.273 0
      vertex 209.904 138.428 2
      vertex 209.727 138.273 2
    endloop
  endfacet
  facet normal 0.658805 -0.752313 0
    outer loop
      vertex 209.904 138.428 2
      vertex 209.727 138.273 0
      vertex 209.904 138.428 0
    endloop
  endfacet
  facet normal 0.1953 -0.980744 0
    outer loop
      vertex 210.534 138.739 0
      vertex 210.765 138.785 2
      vertex 210.534 138.739 2
    endloop
  endfacet
  facet normal 0.1953 -0.980744 0
    outer loop
      vertex 210.765 138.785 2
      vertex 210.534 138.739 0
      vertex 210.765 138.785 0
    endloop
  endfacet
  facet normal -0.1953 0.980744 0
    outer loop
      vertex 211.466 135.261 0
      vertex 211.235 135.215 2
      vertex 211.466 135.261 2
    endloop
  endfacet
  facet normal -0.1953 0.980744 0
    outer loop
      vertex 211.235 135.215 2
      vertex 211.466 135.261 0
      vertex 211.235 135.215 0
    endloop
  endfacet
  facet normal -0.442105 0.896963 0
    outer loop
      vertex 211.9 135.441 0
      vertex 211.689 135.337 2
      vertex 211.9 135.441 2
    endloop
  endfacet
  facet normal -0.442105 0.896963 0
    outer loop
      vertex 211.689 135.337 2
      vertex 211.9 135.441 0
      vertex 211.689 135.337 0
    endloop
  endfacet
  facet normal -0.752313 0.658805 0
    outer loop
      vertex 212.273 135.727 0
      vertex 212.428 135.904 2
      vertex 212.428 135.904 0
    endloop
  endfacet
  facet normal -0.752313 0.658805 0
    outer loop
      vertex 212.428 135.904 2
      vertex 212.273 135.727 0
      vertex 212.273 135.727 2
    endloop
  endfacet
  facet normal -0.555679 0.831397 0
    outer loop
      vertex 212.096 135.572 0
      vertex 211.9 135.441 2
      vertex 212.096 135.572 2
    endloop
  endfacet
  facet normal -0.555679 0.831397 0
    outer loop
      vertex 211.9 135.441 2
      vertex 212.096 135.572 0
      vertex 211.9 135.441 0
    endloop
  endfacet
  facet normal -0.896963 0.442105 0
    outer loop
      vertex 212.559 136.1 0
      vertex 212.663 136.311 2
      vertex 212.663 136.311 0
    endloop
  endfacet
  facet normal -0.896963 0.442105 0
    outer loop
      vertex 212.663 136.311 2
      vertex 212.559 136.1 0
      vertex 212.559 136.1 2
    endloop
  endfacet
  facet normal -0.997969 0.0637002 0
    outer loop
      vertex 212.785 136.765 0
      vertex 212.8 137 2
      vertex 212.8 137 0
    endloop
  endfacet
  facet normal -0.997969 0.0637002 0
    outer loop
      vertex 212.8 137 2
      vertex 212.785 136.765 0
      vertex 212.785 136.765 2
    endloop
  endfacet
  facet normal 0.442105 0.896963 -0
    outer loop
      vertex 210.311 135.337 0
      vertex 210.1 135.441 2
      vertex 210.311 135.337 2
    endloop
  endfacet
  facet normal 0.442105 0.896963 0
    outer loop
      vertex 210.1 135.441 2
      vertex 210.311 135.337 0
      vertex 210.1 135.441 0
    endloop
  endfacet
  facet normal 0.0637002 0.997969 -0
    outer loop
      vertex 211 135.2 0
      vertex 210.765 135.215 2
      vertex 211 135.2 2
    endloop
  endfacet
  facet normal 0.0637002 0.997969 0
    outer loop
      vertex 210.765 135.215 2
      vertex 211 135.2 0
      vertex 210.765 135.215 0
    endloop
  endfacet
  facet normal 0.831397 0.555679 0
    outer loop
      vertex 209.572 135.904 2
      vertex 209.441 136.1 0
      vertex 209.441 136.1 2
    endloop
  endfacet
  facet normal 0.831397 0.555679 0
    outer loop
      vertex 209.441 136.1 0
      vertex 209.572 135.904 2
      vertex 209.572 135.904 0
    endloop
  endfacet
  facet normal 0.658805 0.752313 -0
    outer loop
      vertex 209.904 135.572 0
      vertex 209.727 135.727 2
      vertex 209.904 135.572 2
    endloop
  endfacet
  facet normal 0.658805 0.752313 0
    outer loop
      vertex 209.727 135.727 2
      vertex 209.904 135.572 0
      vertex 209.727 135.727 0
    endloop
  endfacet
  facet normal 0.896963 0.442105 0
    outer loop
      vertex 209.441 136.1 2
      vertex 209.337 136.311 0
      vertex 209.337 136.311 2
    endloop
  endfacet
  facet normal 0.896963 0.442105 0
    outer loop
      vertex 209.337 136.311 0
      vertex 209.441 136.1 2
      vertex 209.441 136.1 0
    endloop
  endfacet
  facet normal 0.980744 0.1953 0
    outer loop
      vertex 209.261 136.534 2
      vertex 209.215 136.765 0
      vertex 209.215 136.765 2
    endloop
  endfacet
  facet normal 0.980744 0.1953 0
    outer loop
      vertex 209.215 136.765 0
      vertex 209.261 136.534 2
      vertex 209.261 136.534 0
    endloop
  endfacet
  facet normal 0.997969 0.0637002 0
    outer loop
      vertex 209.215 136.765 2
      vertex 209.2 137 0
      vertex 209.2 137 2
    endloop
  endfacet
  facet normal 0.997969 0.0637002 0
    outer loop
      vertex 209.2 137 0
      vertex 209.215 136.765 2
      vertex 209.215 136.765 0
    endloop
  endfacet
  facet normal -0.322588 0.94654 0
    outer loop
      vertex 211.689 135.337 0
      vertex 211.466 135.261 2
      vertex 211.689 135.337 2
    endloop
  endfacet
  facet normal -0.322588 0.94654 0
    outer loop
      vertex 211.466 135.261 2
      vertex 211.689 135.337 0
      vertex 211.466 135.261 0
    endloop
  endfacet
  facet normal -0.658805 0.752313 0
    outer loop
      vertex 212.273 135.727 0
      vertex 212.096 135.572 2
      vertex 212.273 135.727 2
    endloop
  endfacet
  facet normal -0.658805 0.752313 0
    outer loop
      vertex 212.096 135.572 2
      vertex 212.273 135.727 0
      vertex 212.096 135.572 0
    endloop
  endfacet
  facet normal -0.0637002 0.997969 0
    outer loop
      vertex 211.235 135.215 0
      vertex 211 135.2 2
      vertex 211.235 135.215 2
    endloop
  endfacet
  facet normal -0.0637002 0.997969 0
    outer loop
      vertex 211 135.2 2
      vertex 211.235 135.215 0
      vertex 211 135.2 0
    endloop
  endfacet
  facet normal 0.752313 0.658805 0
    outer loop
      vertex 209.727 135.727 2
      vertex 209.572 135.904 0
      vertex 209.572 135.904 2
    endloop
  endfacet
  facet normal 0.752313 0.658805 0
    outer loop
      vertex 209.572 135.904 0
      vertex 209.727 135.727 2
      vertex 209.727 135.727 0
    endloop
  endfacet
  facet normal 0.94654 0.322588 0
    outer loop
      vertex 209.337 136.311 2
      vertex 209.261 136.534 0
      vertex 209.261 136.534 2
    endloop
  endfacet
  facet normal 0.94654 0.322588 0
    outer loop
      vertex 209.261 136.534 0
      vertex 209.337 136.311 2
      vertex 209.337 136.311 0
    endloop
  endfacet
  facet normal -0.99792 -0.064459 0
    outer loop
      vertex 214.2 137 2
      vertex 214.173 137.418 3
      vertex 214.173 137.418 2
    endloop
  endfacet
  facet normal -0.99792 -0.064459 0
    outer loop
      vertex 214.173 137.418 3
      vertex 214.2 137 2
      vertex 214.2 137 3
    endloop
  endfacet
  facet normal 0.064459 -0.99792 0
    outer loop
      vertex 210.582 140.173 2
      vertex 211 140.2 3
      vertex 210.582 140.173 3
    endloop
  endfacet
  facet normal 0.064459 -0.99792 0
    outer loop
      vertex 211 140.2 3
      vertex 210.582 140.173 2
      vertex 211 140.2 2
    endloop
  endfacet
  facet normal -0.064459 0.99792 0
    outer loop
      vertex 211.418 133.827 2
      vertex 211 133.8 3
      vertex 211.418 133.827 3
    endloop
  endfacet
  facet normal -0.064459 0.99792 0
    outer loop
      vertex 211 133.8 3
      vertex 211.418 133.827 2
      vertex 211 133.8 2
    endloop
  endfacet
  facet normal -0.659012 -0.752133 0
    outer loop
      vertex 212.948 139.539 2
      vertex 213.263 139.263 3
      vertex 212.948 139.539 3
    endloop
  endfacet
  facet normal -0.659012 -0.752133 -0
    outer loop
      vertex 213.263 139.263 3
      vertex 212.948 139.539 2
      vertex 213.263 139.263 2
    endloop
  endfacet
  facet normal 0.752133 -0.659012 0
    outer loop
      vertex 208.461 138.948 3
      vertex 208.737 139.263 2
      vertex 208.737 139.263 3
    endloop
  endfacet
  facet normal 0.752133 -0.659012 0
    outer loop
      vertex 208.737 139.263 2
      vertex 208.461 138.948 3
      vertex 208.461 138.948 2
    endloop
  endfacet
  facet normal 0.442424 -0.896806 0
    outer loop
      vertex 209.4 139.771 2
      vertex 209.775 139.956 3
      vertex 209.4 139.771 3
    endloop
  endfacet
  facet normal 0.442424 -0.896806 0
    outer loop
      vertex 209.775 139.956 3
      vertex 209.4 139.771 2
      vertex 209.775 139.956 2
    endloop
  endfacet
  facet normal -0.946758 0.321945 0
    outer loop
      vertex 213.956 135.775 2
      vertex 214.091 136.172 3
      vertex 214.091 136.172 2
    endloop
  endfacet
  facet normal -0.946758 0.321945 0
    outer loop
      vertex 214.091 136.172 3
      vertex 213.956 135.775 2
      vertex 213.956 135.775 3
    endloop
  endfacet
  facet normal -0.896806 -0.442424 0
    outer loop
      vertex 213.956 138.225 2
      vertex 213.771 138.6 3
      vertex 213.771 138.6 2
    endloop
  endfacet
  facet normal -0.896806 -0.442424 0
    outer loop
      vertex 213.771 138.6 3
      vertex 213.956 138.225 2
      vertex 213.956 138.225 3
    endloop
  endfacet
  facet normal -0.980581 -0.196116 0
    outer loop
      vertex 214.173 137.418 2
      vertex 214.091 137.828 3
      vertex 214.091 137.828 2
    endloop
  endfacet
  facet normal -0.980581 -0.196116 0
    outer loop
      vertex 214.091 137.828 3
      vertex 214.173 137.418 2
      vertex 214.173 137.418 3
    endloop
  endfacet
  facet normal -0.83205 -0.5547 0
    outer loop
      vertex 213.771 138.6 2
      vertex 213.539 138.948 3
      vertex 213.539 138.948 2
    endloop
  endfacet
  facet normal -0.83205 -0.5547 0
    outer loop
      vertex 213.539 138.948 3
      vertex 213.771 138.6 2
      vertex 213.771 138.6 3
    endloop
  endfacet
  facet normal -0.321945 -0.946758 0
    outer loop
      vertex 211.828 140.091 2
      vertex 212.225 139.956 3
      vertex 211.828 140.091 3
    endloop
  endfacet
  facet normal -0.321945 -0.946758 -0
    outer loop
      vertex 212.225 139.956 3
      vertex 211.828 140.091 2
      vertex 212.225 139.956 2
    endloop
  endfacet
  facet normal -0.5547 -0.83205 0
    outer loop
      vertex 212.6 139.771 2
      vertex 212.948 139.539 3
      vertex 212.6 139.771 3
    endloop
  endfacet
  facet normal -0.5547 -0.83205 -0
    outer loop
      vertex 212.948 139.539 3
      vertex 212.6 139.771 2
      vertex 212.948 139.539 2
    endloop
  endfacet
  facet normal 0.946758 -0.321945 0
    outer loop
      vertex 207.909 137.828 3
      vertex 208.044 138.225 2
      vertex 208.044 138.225 3
    endloop
  endfacet
  facet normal 0.946758 -0.321945 0
    outer loop
      vertex 208.044 138.225 2
      vertex 207.909 137.828 3
      vertex 207.909 137.828 2
    endloop
  endfacet
  facet normal 0 0 1
    outer loop
      vertex 212.8 137 2
      vertex 214.2 137 2
      vertex 214.173 137.418 2
    endloop
  endfacet
  facet normal 0 0 1
    outer loop
      vertex 212.785 137.235 2
      vertex 214.173 137.418 2
      vertex 214.091 137.828 2
    endloop
  endfacet
  facet normal 0 0 1
    outer loop
      vertex 214.2 137 2
      vertex 212.8 137 2
      vertex 214.173 136.582 2
    endloop
  endfacet
  facet normal 0 0 1
    outer loop
      vertex 212.739 137.466 2
      vertex 214.091 137.828 2
      vertex 213.956 138.225 2
    endloop
  endfacet
  facet normal -0 0 1
    outer loop
      vertex 212.785 136.765 2
      vertex 214.173 136.582 2
      vertex 212.8 137 2
    endloop
  endfacet
  facet normal 0 0 1
    outer loop
      vertex 212.663 137.689 2
      vertex 213.956 138.225 2
      vertex 213.771 138.6 2
    endloop
  endfacet
  facet normal 0 0 1
    outer loop
      vertex 214.173 136.582 2
      vertex 212.785 136.765 2
      vertex 214.091 136.172 2
    endloop
  endfacet
  facet normal 0 0 1
    outer loop
      vertex 212.559 137.9 2
      vertex 213.771 138.6 2
      vertex 213.539 138.948 2
    endloop
  endfacet
  facet normal -0 0 1
    outer loop
      vertex 212.739 136.534 2
      vertex 214.091 136.172 2
      vertex 212.785 136.765 2
    endloop
  endfacet
  facet normal 0 0 1
    outer loop
      vertex 212.428 138.096 2
      vertex 213.539 138.948 2
      vertex 213.263 139.263 2
    endloop
  endfacet
  facet normal 0 0 1
    outer loop
      vertex 214.091 136.172 2
      vertex 212.739 136.534 2
      vertex 213.956 135.775 2
    endloop
  endfacet
  facet normal 0 0 1
    outer loop
      vertex 212.273 138.273 2
      vertex 213.263 139.263 2
      vertex 212.948 139.539 2
    endloop
  endfacet
  facet normal -0 0 1
    outer loop
      vertex 212.663 136.311 2
      vertex 213.956 135.775 2
      vertex 212.739 136.534 2
    endloop
  endfacet
  facet normal 0 0 1
    outer loop
      vertex 213.956 135.775 2
      vertex 212.663 136.311 2
      vertex 213.771 135.4 2
    endloop
  endfacet
  facet normal 0 0 1
    outer loop
      vertex 214.173 137.418 2
      vertex 212.785 137.235 2
      vertex 212.8 137 2
    endloop
  endfacet
  facet normal 0 0 1
    outer loop
      vertex 214.091 137.828 2
      vertex 212.739 137.466 2
      vertex 212.785 137.235 2
    endloop
  endfacet
  facet normal 0 0 1
    outer loop
      vertex 213.956 138.225 2
      vertex 212.663 137.689 2
      vertex 212.739 137.466 2
    endloop
  endfacet
  facet normal 0 0 1
    outer loop
      vertex 212.096 138.428 2
      vertex 212.948 139.539 2
      vertex 212.6 139.771 2
    endloop
  endfacet
  facet normal 0 0 1
    outer loop
      vertex 213.771 138.6 2
      vertex 212.559 137.9 2
      vertex 212.663 137.689 2
    endloop
  endfacet
  facet normal 0 0 1
    outer loop
      vertex 213.539 138.948 2
      vertex 212.428 138.096 2
      vertex 212.559 137.9 2
    endloop
  endfacet
  facet normal 0 0 1
    outer loop
      vertex 213.263 139.263 2
      vertex 212.273 138.273 2
      vertex 212.428 138.096 2
    endloop
  endfacet
  facet normal 0 0 1
    outer loop
      vertex 211.9 138.559 2
      vertex 212.6 139.771 2
      vertex 212.225 139.956 2
    endloop
  endfacet
  facet normal 0 0 1
    outer loop
      vertex 212.948 139.539 2
      vertex 212.096 138.428 2
      vertex 212.273 138.273 2
    endloop
  endfacet
  facet normal 0 0 1
    outer loop
      vertex 212.6 139.771 2
      vertex 211.9 138.559 2
      vertex 212.096 138.428 2
    endloop
  endfacet
  facet normal 0 0 1
    outer loop
      vertex 211.689 138.663 2
      vertex 212.225 139.956 2
      vertex 211.828 140.091 2
    endloop
  endfacet
  facet normal 0 0 1
    outer loop
      vertex 212.225 139.956 2
      vertex 211.689 138.663 2
      vertex 211.9 138.559 2
    endloop
  endfacet
  facet normal 0 0 1
    outer loop
      vertex 211.828 140.091 2
      vertex 211.466 138.739 2
      vertex 211.689 138.663 2
    endloop
  endfacet
  facet normal 0 0 1
    outer loop
      vertex 211.418 140.173 2
      vertex 211.466 138.739 2
      vertex 211.828 140.091 2
    endloop
  endfacet
  facet normal 0 0 1
    outer loop
      vertex 211.418 140.173 2
      vertex 211.235 138.785 2
      vertex 211.466 138.739 2
    endloop
  endfacet
  facet normal 0 0 1
    outer loop
      vertex 211 140.2 2
      vertex 211.235 138.785 2
      vertex 211.418 140.173 2
    endloop
  endfacet
  facet normal 0 0 1
    outer loop
      vertex 211 140.2 2
      vertex 211 138.8 2
      vertex 211.235 138.785 2
    endloop
  endfacet
  facet normal 0 0 1
    outer loop
      vertex 211 140.2 2
      vertex 210.765 138.785 2
      vertex 211 138.8 2
    endloop
  endfacet
  facet normal -0 0 1
    outer loop
      vertex 210.582 140.173 2
      vertex 210.765 138.785 2
      vertex 211 140.2 2
    endloop
  endfacet
  facet normal 0 0 1
    outer loop
      vertex 210.582 140.173 2
      vertex 210.534 138.739 2
      vertex 210.765 138.785 2
    endloop
  endfacet
  facet normal -0 0 1
    outer loop
      vertex 210.172 140.091 2
      vertex 210.534 138.739 2
      vertex 210.582 140.173 2
    endloop
  endfacet
  facet normal 0 0 1
    outer loop
      vertex 210.534 138.739 2
      vertex 210.172 140.091 2
      vertex 210.311 138.663 2
    endloop
  endfacet
  facet normal -0 0 1
    outer loop
      vertex 209.775 139.956 2
      vertex 210.311 138.663 2
      vertex 210.172 140.091 2
    endloop
  endfacet
  facet normal 0 0 1
    outer loop
      vertex 210.311 138.663 2
      vertex 209.775 139.956 2
      vertex 210.1 138.559 2
    endloop
  endfacet
  facet normal -0 0 1
    outer loop
      vertex 209.4 139.771 2
      vertex 210.1 138.559 2
      vertex 209.775 139.956 2
    endloop
  endfacet
  facet normal 0 0 1
    outer loop
      vertex 210.1 138.559 2
      vertex 209.4 139.771 2
      vertex 209.904 138.428 2
    endloop
  endfacet
  facet normal -0 0 1
    outer loop
      vertex 209.052 139.539 2
      vertex 209.904 138.428 2
      vertex 209.4 139.771 2
    endloop
  endfacet
  facet normal 0 0 1
    outer loop
      vertex 209.904 138.428 2
      vertex 209.052 139.539 2
      vertex 209.727 138.273 2
    endloop
  endfacet
  facet normal -0 0 1
    outer loop
      vertex 208.737 139.263 2
      vertex 209.727 138.273 2
      vertex 209.052 139.539 2
    endloop
  endfacet
  facet normal 0 0 1
    outer loop
      vertex 209.727 138.273 2
      vertex 208.737 139.263 2
      vertex 209.572 138.096 2
    endloop
  endfacet
  facet normal -0 0 1
    outer loop
      vertex 208.461 138.948 2
      vertex 209.572 138.096 2
      vertex 208.737 139.263 2
    endloop
  endfacet
  facet normal 0 0 1
    outer loop
      vertex 209.572 138.096 2
      vertex 208.461 138.948 2
      vertex 209.441 137.9 2
    endloop
  endfacet
  facet normal 0 0 1
    outer loop
      vertex 209.441 137.9 2
      vertex 208.229 138.6 2
      vertex 209.337 137.689 2
    endloop
  endfacet
  facet normal -0 0 1
    outer loop
      vertex 208.229 138.6 2
      vertex 209.441 137.9 2
      vertex 208.461 138.948 2
    endloop
  endfacet
  facet normal -0 0 1
    outer loop
      vertex 212.559 136.1 2
      vertex 213.771 135.4 2
      vertex 212.663 136.311 2
    endloop
  endfacet
  facet normal 0 0 1
    outer loop
      vertex 213.771 135.4 2
      vertex 212.559 136.1 2
      vertex 213.539 135.052 2
    endloop
  endfacet
  facet normal -0 0 1
    outer loop
      vertex 212.428 135.904 2
      vertex 213.539 135.052 2
      vertex 212.559 136.1 2
    endloop
  endfacet
  facet normal 0 0 1
    outer loop
      vertex 213.539 135.052 2
      vertex 212.428 135.904 2
      vertex 213.263 134.737 2
    endloop
  endfacet
  facet normal -0 0 1
    outer loop
      vertex 212.273 135.727 2
      vertex 213.263 134.737 2
      vertex 212.428 135.904 2
    endloop
  endfacet
  facet normal 0 0 1
    outer loop
      vertex 213.263 134.737 2
      vertex 212.273 135.727 2
      vertex 212.948 134.461 2
    endloop
  endfacet
  facet normal -0 0 1
    outer loop
      vertex 212.096 135.572 2
      vertex 212.948 134.461 2
      vertex 212.273 135.727 2
    endloop
  endfacet
  facet normal 0 0 1
    outer loop
      vertex 212.948 134.461 2
      vertex 212.096 135.572 2
      vertex 212.6 134.229 2
    endloop
  endfacet
  facet normal -0 0 1
    outer loop
      vertex 211.9 135.441 2
      vertex 212.6 134.229 2
      vertex 212.096 135.572 2
    endloop
  endfacet
  facet normal 0 0 1
    outer loop
      vertex 212.6 134.229 2
      vertex 211.9 135.441 2
      vertex 212.225 134.044 2
    endloop
  endfacet
  facet normal -0 0 1
    outer loop
      vertex 211.689 135.337 2
      vertex 212.225 134.044 2
      vertex 211.9 135.441 2
    endloop
  endfacet
  facet normal 0 0 1
    outer loop
      vertex 212.225 134.044 2
      vertex 211.689 135.337 2
      vertex 211.828 133.909 2
    endloop
  endfacet
  facet normal -0 0 1
    outer loop
      vertex 211.466 135.261 2
      vertex 211.828 133.909 2
      vertex 211.689 135.337 2
    endloop
  endfacet
  facet normal 0 0 1
    outer loop
      vertex 211.466 135.261 2
      vertex 211.418 133.827 2
      vertex 211.828 133.909 2
    endloop
  endfacet
  facet normal -0 0 1
    outer loop
      vertex 211.235 135.215 2
      vertex 211.418 133.827 2
      vertex 211.466 135.261 2
    endloop
  endfacet
  facet normal -0 0 1
    outer loop
      vertex 211 135.2 2
      vertex 211.418 133.827 2
      vertex 211.235 135.215 2
    endloop
  endfacet
  facet normal 0 0 1
    outer loop
      vertex 211 135.2 2
      vertex 211 133.8 2
      vertex 211.418 133.827 2
    endloop
  endfacet
  facet normal 0 0 1
    outer loop
      vertex 210.765 135.215 2
      vertex 211 133.8 2
      vertex 211 135.2 2
    endloop
  endfacet
  facet normal 0 0 1
    outer loop
      vertex 210.765 135.215 2
      vertex 210.582 133.827 2
      vertex 211 133.8 2
    endloop
  endfacet
  facet normal 0 0 1
    outer loop
      vertex 210.534 135.261 2
      vertex 210.582 133.827 2
      vertex 210.765 135.215 2
    endloop
  endfacet
  facet normal 0 0 1
    outer loop
      vertex 210.172 133.909 2
      vertex 210.534 135.261 2
      vertex 210.311 135.337 2
    endloop
  endfacet
  facet normal 0 0 1
    outer loop
      vertex 210.534 135.261 2
      vertex 210.172 133.909 2
      vertex 210.582 133.827 2
    endloop
  endfacet
  facet normal 0 0 1
    outer loop
      vertex 209.775 134.044 2
      vertex 210.311 135.337 2
      vertex 210.1 135.441 2
    endloop
  endfacet
  facet normal 0 0 1
    outer loop
      vertex 209.4 134.229 2
      vertex 210.1 135.441 2
      vertex 209.904 135.572 2
    endloop
  endfacet
  facet normal 0 0 1
    outer loop
      vertex 210.311 135.337 2
      vertex 209.775 134.044 2
      vertex 210.172 133.909 2
    endloop
  endfacet
  facet normal 0 0 1
    outer loop
      vertex 209.052 134.461 2
      vertex 209.904 135.572 2
      vertex 209.727 135.727 2
    endloop
  endfacet
  facet normal 0 0 1
    outer loop
      vertex 208.737 134.737 2
      vertex 209.727 135.727 2
      vertex 209.572 135.904 2
    endloop
  endfacet
  facet normal 0 0 1
    outer loop
      vertex 208.461 135.052 2
      vertex 209.572 135.904 2
      vertex 209.441 136.1 2
    endloop
  endfacet
  facet normal 0 0 1
    outer loop
      vertex 210.1 135.441 2
      vertex 209.4 134.229 2
      vertex 209.775 134.044 2
    endloop
  endfacet
  facet normal 0 0 1
    outer loop
      vertex 208.229 135.4 2
      vertex 209.441 136.1 2
      vertex 209.337 136.311 2
    endloop
  endfacet
  facet normal 0 0 1
    outer loop
      vertex 208.044 135.775 2
      vertex 209.337 136.311 2
      vertex 209.261 136.534 2
    endloop
  endfacet
  facet normal 0 0 1
    outer loop
      vertex 207.909 136.172 2
      vertex 209.261 136.534 2
      vertex 209.215 136.765 2
    endloop
  endfacet
  facet normal 0 0 1
    outer loop
      vertex 209.904 135.572 2
      vertex 209.052 134.461 2
      vertex 209.4 134.229 2
    endloop
  endfacet
  facet normal 0 0 1
    outer loop
      vertex 207.827 136.582 2
      vertex 209.215 136.765 2
      vertex 209.2 137 2
    endloop
  endfacet
  facet normal -0 0 1
    outer loop
      vertex 208.044 138.225 2
      vertex 209.337 137.689 2
      vertex 208.229 138.6 2
    endloop
  endfacet
  facet normal 0 0 1
    outer loop
      vertex 209.337 137.689 2
      vertex 208.044 138.225 2
      vertex 209.261 137.466 2
    endloop
  endfacet
  facet normal 0 0 1
    outer loop
      vertex 209.727 135.727 2
      vertex 208.737 134.737 2
      vertex 209.052 134.461 2
    endloop
  endfacet
  facet normal -0 0 1
    outer loop
      vertex 207.909 137.828 2
      vertex 209.261 137.466 2
      vertex 208.044 138.225 2
    endloop
  endfacet
  facet normal 0 0 1
    outer loop
      vertex 209.572 135.904 2
      vertex 208.461 135.052 2
      vertex 208.737 134.737 2
    endloop
  endfacet
  facet normal 0 0 1
    outer loop
      vertex 209.261 137.466 2
      vertex 207.909 137.828 2
      vertex 209.215 137.235 2
    endloop
  endfacet
  facet normal 0 0 1
    outer loop
      vertex 209.441 136.1 2
      vertex 208.229 135.4 2
      vertex 208.461 135.052 2
    endloop
  endfacet
  facet normal -0 0 1
    outer loop
      vertex 207.827 137.418 2
      vertex 209.215 137.235 2
      vertex 207.909 137.828 2
    endloop
  endfacet
  facet normal 0 0 1
    outer loop
      vertex 209.337 136.311 2
      vertex 208.044 135.775 2
      vertex 208.229 135.4 2
    endloop
  endfacet
  facet normal 0 0 1
    outer loop
      vertex 209.215 137.235 2
      vertex 207.827 137.418 2
      vertex 209.2 137 2
    endloop
  endfacet
  facet normal 0 0 1
    outer loop
      vertex 209.261 136.534 2
      vertex 207.909 136.172 2
      vertex 208.044 135.775 2
    endloop
  endfacet
  facet normal 0 0 1
    outer loop
      vertex 207.8 137 2
      vertex 209.2 137 2
      vertex 207.827 137.418 2
    endloop
  endfacet
  facet normal 0 0 1
    outer loop
      vertex 209.215 136.765 2
      vertex 207.827 136.582 2
      vertex 207.909 136.172 2
    endloop
  endfacet
  facet normal 0 0 1
    outer loop
      vertex 209.2 137 2
      vertex 207.8 137 2
      vertex 207.827 136.582 2
    endloop
  endfacet
  facet normal 0.83205 -0.5547 0
    outer loop
      vertex 208.229 138.6 3
      vertex 208.461 138.948 2
      vertex 208.461 138.948 3
    endloop
  endfacet
  facet normal 0.83205 -0.5547 0
    outer loop
      vertex 208.461 138.948 2
      vertex 208.229 138.6 3
      vertex 208.229 138.6 2
    endloop
  endfacet
  facet normal 0.5547 -0.83205 0
    outer loop
      vertex 209.052 139.539 2
      vertex 209.4 139.771 3
      vertex 209.052 139.539 3
    endloop
  endfacet
  facet normal 0.5547 -0.83205 0
    outer loop
      vertex 209.4 139.771 3
      vertex 209.052 139.539 2
      vertex 209.4 139.771 2
    endloop
  endfacet
  facet normal 0.196116 -0.980581 0
    outer loop
      vertex 210.172 140.091 2
      vertex 210.582 140.173 3
      vertex 210.172 140.091 3
    endloop
  endfacet
  facet normal 0.196116 -0.980581 0
    outer loop
      vertex 210.582 140.173 3
      vertex 210.172 140.091 2
      vertex 210.582 140.173 2
    endloop
  endfacet
  facet normal -0.196116 0.980581 0
    outer loop
      vertex 211.828 133.909 2
      vertex 211.418 133.827 3
      vertex 211.828 133.909 3
    endloop
  endfacet
  facet normal -0.196116 0.980581 0
    outer loop
      vertex 211.418 133.827 3
      vertex 211.828 133.909 2
      vertex 211.418 133.827 2
    endloop
  endfacet
  facet normal -0.946758 -0.321945 0
    outer loop
      vertex 214.091 137.828 2
      vertex 213.956 138.225 3
      vertex 213.956 138.225 2
    endloop
  endfacet
  facet normal -0.946758 -0.321945 0
    outer loop
      vertex 213.956 138.225 3
      vertex 214.091 137.828 2
      vertex 214.091 137.828 3
    endloop
  endfacet
  facet normal -0.752133 -0.659012 0
    outer loop
      vertex 213.539 138.948 2
      vertex 213.263 139.263 3
      vertex 213.263 139.263 2
    endloop
  endfacet
  facet normal -0.752133 -0.659012 0
    outer loop
      vertex 213.263 139.263 3
      vertex 213.539 138.948 2
      vertex 213.539 138.948 3
    endloop
  endfacet
  facet normal -0.196116 -0.980581 0
    outer loop
      vertex 211.418 140.173 2
      vertex 211.828 140.091 3
      vertex 211.418 140.173 3
    endloop
  endfacet
  facet normal -0.196116 -0.980581 -0
    outer loop
      vertex 211.828 140.091 3
      vertex 211.418 140.173 2
      vertex 211.828 140.091 2
    endloop
  endfacet
  facet normal -0.064459 -0.99792 0
    outer loop
      vertex 211 140.2 2
      vertex 211.418 140.173 3
      vertex 211 140.2 3
    endloop
  endfacet
  facet normal -0.064459 -0.99792 -0
    outer loop
      vertex 211.418 140.173 3
      vertex 211 140.2 2
      vertex 211.418 140.173 2
    endloop
  endfacet
  facet normal -0.442424 -0.896806 0
    outer loop
      vertex 212.225 139.956 2
      vertex 212.6 139.771 3
      vertex 212.225 139.956 3
    endloop
  endfacet
  facet normal -0.442424 -0.896806 -0
    outer loop
      vertex 212.6 139.771 3
      vertex 212.225 139.956 2
      vertex 212.6 139.771 2
    endloop
  endfacet
  facet normal 0.896806 -0.442424 0
    outer loop
      vertex 208.044 138.225 3
      vertex 208.229 138.6 2
      vertex 208.229 138.6 3
    endloop
  endfacet
  facet normal 0.896806 -0.442424 0
    outer loop
      vertex 208.229 138.6 2
      vertex 208.044 138.225 3
      vertex 208.044 138.225 2
    endloop
  endfacet
  facet normal 0.980581 -0.196116 0
    outer loop
      vertex 207.827 137.418 3
      vertex 207.909 137.828 2
      vertex 207.909 137.828 3
    endloop
  endfacet
  facet normal 0.980581 -0.196116 0
    outer loop
      vertex 207.909 137.828 2
      vertex 207.827 137.418 3
      vertex 207.827 137.418 2
    endloop
  endfacet
  facet normal 0.99792 -0.064459 0
    outer loop
      vertex 207.8 137 3
      vertex 207.827 137.418 2
      vertex 207.827 137.418 3
    endloop
  endfacet
  facet normal 0.99792 -0.064459 0
    outer loop
      vertex 207.827 137.418 2
      vertex 207.8 137 3
      vertex 207.8 137 2
    endloop
  endfacet
  facet normal 0.99792 0.064459 0
    outer loop
      vertex 207.827 136.582 3
      vertex 207.8 137 2
      vertex 207.8 137 3
    endloop
  endfacet
  facet normal 0.99792 0.064459 0
    outer loop
      vertex 207.8 137 2
      vertex 207.827 136.582 3
      vertex 207.827 136.582 2
    endloop
  endfacet
  facet normal 0.659012 -0.752133 0
    outer loop
      vertex 208.737 139.263 2
      vertex 209.052 139.539 3
      vertex 208.737 139.263 3
    endloop
  endfacet
  facet normal 0.659012 -0.752133 0
    outer loop
      vertex 209.052 139.539 3
      vertex 208.737 139.263 2
      vertex 209.052 139.539 2
    endloop
  endfacet
  facet normal 0.321945 -0.946758 0
    outer loop
      vertex 209.775 139.956 2
      vertex 210.172 140.091 3
      vertex 209.775 139.956 3
    endloop
  endfacet
  facet normal 0.321945 -0.946758 0
    outer loop
      vertex 210.172 140.091 3
      vertex 209.775 139.956 2
      vertex 210.172 140.091 2
    endloop
  endfacet
  facet normal -0.83205 0.5547 0
    outer loop
      vertex 213.539 135.052 2
      vertex 213.771 135.4 3
      vertex 213.771 135.4 2
    endloop
  endfacet
  facet normal -0.83205 0.5547 0
    outer loop
      vertex 213.771 135.4 3
      vertex 213.539 135.052 2
      vertex 213.539 135.052 3
    endloop
  endfacet
  facet normal -0.980581 0.196116 0
    outer loop
      vertex 214.091 136.172 2
      vertex 214.173 136.582 3
      vertex 214.173 136.582 2
    endloop
  endfacet
  facet normal -0.980581 0.196116 0
    outer loop
      vertex 214.173 136.582 3
      vertex 214.091 136.172 2
      vertex 214.091 136.172 3
    endloop
  endfacet
  facet normal 0.5547 0.83205 -0
    outer loop
      vertex 209.4 134.229 2
      vertex 209.052 134.461 3
      vertex 209.4 134.229 3
    endloop
  endfacet
  facet normal 0.5547 0.83205 0
    outer loop
      vertex 209.052 134.461 3
      vertex 209.4 134.229 2
      vertex 209.052 134.461 2
    endloop
  endfacet
  facet normal 0.83205 0.5547 0
    outer loop
      vertex 208.461 135.052 3
      vertex 208.229 135.4 2
      vertex 208.229 135.4 3
    endloop
  endfacet
  facet normal 0.83205 0.5547 0
    outer loop
      vertex 208.229 135.4 2
      vertex 208.461 135.052 3
      vertex 208.461 135.052 2
    endloop
  endfacet
  facet normal 0.752133 0.659012 0
    outer loop
      vertex 208.737 134.737 3
      vertex 208.461 135.052 2
      vertex 208.461 135.052 3
    endloop
  endfacet
  facet normal 0.752133 0.659012 0
    outer loop
      vertex 208.461 135.052 2
      vertex 208.737 134.737 3
      vertex 208.737 134.737 2
    endloop
  endfacet
  facet normal -0.5547 0.83205 0
    outer loop
      vertex 212.948 134.461 2
      vertex 212.6 134.229 3
      vertex 212.948 134.461 3
    endloop
  endfacet
  facet normal -0.5547 0.83205 0
    outer loop
      vertex 212.6 134.229 3
      vertex 212.948 134.461 2
      vertex 212.6 134.229 2
    endloop
  endfacet
  facet normal -0.896806 0.442424 0
    outer loop
      vertex 213.771 135.4 2
      vertex 213.956 135.775 3
      vertex 213.956 135.775 2
    endloop
  endfacet
  facet normal -0.896806 0.442424 0
    outer loop
      vertex 213.956 135.775 3
      vertex 213.771 135.4 2
      vertex 213.771 135.4 3
    endloop
  endfacet
  facet normal -0.99792 0.064459 0
    outer loop
      vertex 214.173 136.582 2
      vertex 214.2 137 3
      vertex 214.2 137 2
    endloop
  endfacet
  facet normal -0.99792 0.064459 0
    outer loop
      vertex 214.2 137 3
      vertex 214.173 136.582 2
      vertex 214.173 136.582 3
    endloop
  endfacet
  facet normal 0.196116 0.980581 -0
    outer loop
      vertex 210.582 133.827 2
      vertex 210.172 133.909 3
      vertex 210.582 133.827 3
    endloop
  endfacet
  facet normal 0.196116 0.980581 0
    outer loop
      vertex 210.172 133.909 3
      vertex 210.582 133.827 2
      vertex 210.172 133.909 2
    endloop
  endfacet
  facet normal 0.659012 0.752133 -0
    outer loop
      vertex 209.052 134.461 2
      vertex 208.737 134.737 3
      vertex 209.052 134.461 3
    endloop
  endfacet
  facet normal 0.659012 0.752133 0
    outer loop
      vertex 208.737 134.737 3
      vertex 209.052 134.461 2
      vertex 208.737 134.737 2
    endloop
  endfacet
  facet normal 0.946758 0.321945 0
    outer loop
      vertex 208.044 135.775 3
      vertex 207.909 136.172 2
      vertex 207.909 136.172 3
    endloop
  endfacet
  facet normal 0.946758 0.321945 0
    outer loop
      vertex 207.909 136.172 2
      vertex 208.044 135.775 3
      vertex 208.044 135.775 2
    endloop
  endfacet
  facet normal 0.980581 0.196116 0
    outer loop
      vertex 207.909 136.172 3
      vertex 207.827 136.582 2
      vertex 207.827 136.582 3
    endloop
  endfacet
  facet normal 0.980581 0.196116 0
    outer loop
      vertex 207.827 136.582 2
      vertex 207.909 136.172 3
      vertex 207.909 136.172 2
    endloop
  endfacet
  facet normal 0.896806 0.442424 0
    outer loop
      vertex 208.229 135.4 3
      vertex 208.044 135.775 2
      vertex 208.044 135.775 3
    endloop
  endfacet
  facet normal 0.896806 0.442424 0
    outer loop
      vertex 208.044 135.775 2
      vertex 208.229 135.4 3
      vertex 208.229 135.4 2
    endloop
  endfacet
  facet normal -0.659012 0.752133 0
    outer loop
      vertex 213.263 134.737 2
      vertex 212.948 134.461 3
      vertex 213.263 134.737 3
    endloop
  endfacet
  facet normal -0.659012 0.752133 0
    outer loop
      vertex 212.948 134.461 3
      vertex 213.263 134.737 2
      vertex 212.948 134.461 2
    endloop
  endfacet
  facet normal -0.442424 0.896806 0
    outer loop
      vertex 212.6 134.229 2
      vertex 212.225 134.044 3
      vertex 212.6 134.229 3
    endloop
  endfacet
  facet normal -0.442424 0.896806 0
    outer loop
      vertex 212.225 134.044 3
      vertex 212.6 134.229 2
      vertex 212.225 134.044 2
    endloop
  endfacet
  facet normal -0.321945 0.946758 0
    outer loop
      vertex 212.225 134.044 2
      vertex 211.828 133.909 3
      vertex 212.225 134.044 3
    endloop
  endfacet
  facet normal -0.321945 0.946758 0
    outer loop
      vertex 211.828 133.909 3
      vertex 212.225 134.044 2
      vertex 211.828 133.909 2
    endloop
  endfacet
  facet normal 0.442424 0.896806 -0
    outer loop
      vertex 209.775 134.044 2
      vertex 209.4 134.229 3
      vertex 209.775 134.044 3
    endloop
  endfacet
  facet normal 0.442424 0.896806 0
    outer loop
      vertex 209.4 134.229 3
      vertex 209.775 134.044 2
      vertex 209.4 134.229 2
    endloop
  endfacet
  facet normal -0.752133 0.659012 0
    outer loop
      vertex 213.263 134.737 2
      vertex 213.539 135.052 3
      vertex 213.539 135.052 2
    endloop
  endfacet
  facet normal -0.752133 0.659012 0
    outer loop
      vertex 213.539 135.052 3
      vertex 213.263 134.737 2
      vertex 213.263 134.737 3
    endloop
  endfacet
  facet normal 0.064459 0.99792 -0
    outer loop
      vertex 211 133.8 2
      vertex 210.582 133.827 3
      vertex 211 133.8 3
    endloop
  endfacet
  facet normal 0.064459 0.99792 0
    outer loop
      vertex 210.582 133.827 3
      vertex 211 133.8 2
      vertex 210.582 133.827 2
    endloop
  endfacet
  facet normal 0.321945 0.946758 -0
    outer loop
      vertex 210.172 133.909 2
      vertex 209.775 134.044 3
      vertex 210.172 133.909 3
    endloop
  endfacet
  facet normal 0.321945 0.946758 0
    outer loop
      vertex 209.775 134.044 3
      vertex 210.172 133.909 2
      vertex 209.775 134.044 2
    endloop
  endfacet
  facet normal -0.555484 -0.831527 0
    outer loop
      vertex 204 136.588 0
      vertex 205.958 135.28 3
      vertex 204 136.588 3
    endloop
  endfacet
  facet normal -0.555484 -0.831527 -0
    outer loop
      vertex 205.958 135.28 3
      vertex 204 136.588 0
      vertex 205.958 135.28 0
    endloop
  endfacet
  facet normal 0.194891 0.980825 -0
    outer loop
      vertex 192.651 103.154 0
      vertex 190.341 103.613 3
      vertex 192.651 103.154 3
    endloop
  endfacet
  facet normal 0.194891 0.980825 0
    outer loop
      vertex 190.341 103.613 3
      vertex 192.651 103.154 0
      vertex 190.341 103.613 0
    endloop
  endfacet
  facet normal 0.442452 -0.896792 0
    outer loop
      vertex 186 136.588 0
      vertex 188.112 137.63 3
      vertex 186 136.588 3
    endloop
  endfacet
  facet normal 0.442452 -0.896792 0
    outer loop
      vertex 188.112 137.63 3
      vertex 186 136.588 0
      vertex 188.112 137.63 0
    endloop
  endfacet
  facet normal 0.946884 -0.321575 0
    outer loop
      vertex 177.613 125.659 3
      vertex 178.37 127.888 0
      vertex 178.37 127.888 3
    endloop
  endfacet
  facet normal 0.946884 -0.321575 0
    outer loop
      vertex 178.37 127.888 0
      vertex 177.613 125.659 3
      vertex 177.613 125.659 0
    endloop
  endfacet
  facet normal -0.751892 0.659286 0
    outer loop
      vertex 207.728 108.272 0
      vertex 209.28 110.042 3
      vertex 209.28 110.042 0
    endloop
  endfacet
  facet normal -0.751892 0.659286 0
    outer loop
      vertex 209.28 110.042 3
      vertex 207.728 108.272 0
      vertex 207.728 108.272 3
    endloop
  endfacet
  facet normal 0.321575 0.946884 -0
    outer loop
      vertex 190.341 103.613 0
      vertex 188.112 104.37 3
      vertex 190.341 103.613 3
    endloop
  endfacet
  facet normal 0.321575 0.946884 0
    outer loop
      vertex 188.112 104.37 3
      vertex 190.341 103.613 0
      vertex 188.112 104.37 0
    endloop
  endfacet
  facet normal -0.896792 -0.442452 0
    outer loop
      vertex 211.63 127.888 0
      vertex 210.588 130 3
      vertex 210.588 130 0
    endloop
  endfacet
  facet normal -0.896792 -0.442452 0
    outer loop
      vertex 210.588 130 3
      vertex 211.63 127.888 0
      vertex 211.63 127.888 3
    endloop
  endfacet
  facet normal -0.831527 -0.555484 0
    outer loop
      vertex 210.588 130 0
      vertex 209.28 131.958 3
      vertex 209.28 131.958 0
    endloop
  endfacet
  facet normal -0.831527 -0.555484 0
    outer loop
      vertex 209.28 131.958 3
      vertex 210.588 130 0
      vertex 210.588 130 3
    endloop
  endfacet
  facet normal -0.659286 -0.751892 0
    outer loop
      vertex 205.958 135.28 0
      vertex 207.728 133.728 3
      vertex 205.958 135.28 3
    endloop
  endfacet
  facet normal -0.659286 -0.751892 -0
    outer loop
      vertex 207.728 133.728 3
      vertex 205.958 135.28 0
      vertex 207.728 133.728 0
    endloop
  endfacet
  facet normal -0.321575 -0.946884 0
    outer loop
      vertex 199.659 138.387 0
      vertex 201.888 137.63 3
      vertex 199.659 138.387 3
    endloop
  endfacet
  facet normal -0.321575 -0.946884 -0
    outer loop
      vertex 201.888 137.63 3
      vertex 199.659 138.387 0
      vertex 201.888 137.63 0
    endloop
  endfacet
  facet normal 0.0654194 -0.997858 0
    outer loop
      vertex 192.651 138.846 0
      vertex 195 139 3
      vertex 192.651 138.846 3
    endloop
  endfacet
  facet normal 0.0654194 -0.997858 0
    outer loop
      vertex 195 139 3
      vertex 192.651 138.846 0
      vertex 195 139 0
    endloop
  endfacet
  facet normal 0.831527 -0.555484 0
    outer loop
      vertex 179.412 130 3
      vertex 180.72 131.958 0
      vertex 180.72 131.958 3
    endloop
  endfacet
  facet normal 0.831527 -0.555484 0
    outer loop
      vertex 180.72 131.958 0
      vertex 179.412 130 3
      vertex 179.412 130 0
    endloop
  endfacet
  facet normal 0.555484 -0.831527 0
    outer loop
      vertex 184.042 135.28 0
      vertex 186 136.588 3
      vertex 184.042 135.28 3
    endloop
  endfacet
  facet normal 0.555484 -0.831527 0
    outer loop
      vertex 186 136.588 3
      vertex 184.042 135.28 0
      vertex 186 136.588 0
    endloop
  endfacet
  facet normal 0.321575 -0.946884 0
    outer loop
      vertex 188.112 137.63 0
      vertex 190.341 138.387 3
      vertex 188.112 137.63 3
    endloop
  endfacet
  facet normal 0.321575 -0.946884 0
    outer loop
      vertex 190.341 138.387 3
      vertex 188.112 137.63 0
      vertex 190.341 138.387 0
    endloop
  endfacet
  facet normal -0.997858 -0.0654194 0
    outer loop
      vertex 213 121 0
      vertex 212.846 123.349 3
      vertex 212.846 123.349 0
    endloop
  endfacet
  facet normal -0.997858 -0.0654194 0
    outer loop
      vertex 212.846 123.349 3
      vertex 213 121 0
      vertex 213 121 3
    endloop
  endfacet
  facet normal -0.946884 0.321575 0
    outer loop
      vertex 211.63 114.112 0
      vertex 212.387 116.341 3
      vertex 212.387 116.341 0
    endloop
  endfacet
  facet normal -0.946884 0.321575 0
    outer loop
      vertex 212.387 116.341 3
      vertex 211.63 114.112 0
      vertex 211.63 114.112 3
    endloop
  endfacet
  facet normal -0.442452 0.896792 0
    outer loop
      vertex 204 105.412 0
      vertex 201.888 104.37 3
      vertex 204 105.412 3
    endloop
  endfacet
  facet normal -0.442452 0.896792 0
    outer loop
      vertex 201.888 104.37 3
      vertex 204 105.412 0
      vertex 201.888 104.37 0
    endloop
  endfacet
  facet normal 0.0654194 0.997858 -0
    outer loop
      vertex 195 103 0
      vertex 192.651 103.154 3
      vertex 195 103 3
    endloop
  endfacet
  facet normal 0.0654194 0.997858 0
    outer loop
      vertex 192.651 103.154 3
      vertex 195 103 0
      vertex 192.651 103.154 0
    endloop
  endfacet
  facet normal 0.555484 0.831527 -0
    outer loop
      vertex 186 105.412 0
      vertex 184.042 106.72 3
      vertex 186 105.412 3
    endloop
  endfacet
  facet normal 0.555484 0.831527 0
    outer loop
      vertex 184.042 106.72 3
      vertex 186 105.412 0
      vertex 184.042 106.72 0
    endloop
  endfacet
  facet normal 0.831527 0.555484 0
    outer loop
      vertex 180.72 110.042 3
      vertex 179.412 112 0
      vertex 179.412 112 3
    endloop
  endfacet
  facet normal 0.831527 0.555484 0
    outer loop
      vertex 179.412 112 0
      vertex 180.72 110.042 3
      vertex 180.72 110.042 0
    endloop
  endfacet
  facet normal 0.946884 0.321575 0
    outer loop
      vertex 178.37 114.112 3
      vertex 177.613 116.341 0
      vertex 177.613 116.341 3
    endloop
  endfacet
  facet normal 0.946884 0.321575 0
    outer loop
      vertex 177.613 116.341 0
      vertex 178.37 114.112 3
      vertex 178.37 114.112 0
    endloop
  endfacet
  facet normal -0.980825 -0.194891 0
    outer loop
      vertex 212.846 123.349 0
      vertex 212.387 125.659 3
      vertex 212.387 125.659 0
    endloop
  endfacet
  facet normal -0.980825 -0.194891 0
    outer loop
      vertex 212.387 125.659 3
      vertex 212.846 123.349 0
      vertex 212.846 123.349 3
    endloop
  endfacet
  facet normal -0.946884 -0.321575 0
    outer loop
      vertex 212.387 125.659 0
      vertex 211.63 127.888 3
      vertex 211.63 127.888 0
    endloop
  endfacet
  facet normal -0.946884 -0.321575 0
    outer loop
      vertex 211.63 127.888 3
      vertex 212.387 125.659 0
      vertex 212.387 125.659 3
    endloop
  endfacet
  facet normal -0.751892 -0.659286 0
    outer loop
      vertex 209.28 131.958 0
      vertex 207.728 133.728 3
      vertex 207.728 133.728 0
    endloop
  endfacet
  facet normal -0.751892 -0.659286 0
    outer loop
      vertex 207.728 133.728 3
      vertex 209.28 131.958 0
      vertex 209.28 131.958 3
    endloop
  endfacet
  facet normal -0.442452 -0.896792 0
    outer loop
      vertex 201.888 137.63 0
      vertex 204 136.588 3
      vertex 201.888 137.63 3
    endloop
  endfacet
  facet normal -0.442452 -0.896792 -0
    outer loop
      vertex 204 136.588 3
      vertex 201.888 137.63 0
      vertex 204 136.588 0
    endloop
  endfacet
  facet normal -0.194891 -0.980825 0
    outer loop
      vertex 197.349 138.846 0
      vertex 199.659 138.387 3
      vertex 197.349 138.846 3
    endloop
  endfacet
  facet normal -0.194891 -0.980825 -0
    outer loop
      vertex 199.659 138.387 3
      vertex 197.349 138.846 0
      vertex 199.659 138.387 0
    endloop
  endfacet
  facet normal -0.0654194 -0.997858 0
    outer loop
      vertex 195 139 0
      vertex 197.349 138.846 3
      vertex 195 139 3
    endloop
  endfacet
  facet normal -0.0654194 -0.997858 -0
    outer loop
      vertex 197.349 138.846 3
      vertex 195 139 0
      vertex 197.349 138.846 0
    endloop
  endfacet
  facet normal 0.997858 0.0654194 0
    outer loop
      vertex 177.154 118.651 3
      vertex 177 121 0
      vertex 177 121 3
    endloop
  endfacet
  facet normal 0.997858 0.0654194 0
    outer loop
      vertex 177 121 0
      vertex 177.154 118.651 3
      vertex 177.154 118.651 0
    endloop
  endfacet
  facet normal 0.980825 -0.194891 0
    outer loop
      vertex 177.154 123.349 3
      vertex 177.613 125.659 0
      vertex 177.613 125.659 3
    endloop
  endfacet
  facet normal 0.980825 -0.194891 0
    outer loop
      vertex 177.613 125.659 0
      vertex 177.154 123.349 3
      vertex 177.154 123.349 0
    endloop
  endfacet
  facet normal 0.896792 -0.442452 0
    outer loop
      vertex 178.37 127.888 3
      vertex 179.412 130 0
      vertex 179.412 130 3
    endloop
  endfacet
  facet normal 0.896792 -0.442452 0
    outer loop
      vertex 179.412 130 0
      vertex 178.37 127.888 3
      vertex 178.37 127.888 0
    endloop
  endfacet
  facet normal 0.194891 -0.980825 0
    outer loop
      vertex 190.341 138.387 0
      vertex 192.651 138.846 3
      vertex 190.341 138.387 3
    endloop
  endfacet
  facet normal 0.194891 -0.980825 0
    outer loop
      vertex 192.651 138.846 3
      vertex 190.341 138.387 0
      vertex 192.651 138.846 0
    endloop
  endfacet
  facet normal 0.659286 -0.751892 0
    outer loop
      vertex 182.272 133.728 0
      vertex 184.042 135.28 3
      vertex 182.272 133.728 3
    endloop
  endfacet
  facet normal 0.659286 -0.751892 0
    outer loop
      vertex 184.042 135.28 3
      vertex 182.272 133.728 0
      vertex 184.042 135.28 0
    endloop
  endfacet
  facet normal 0.751892 -0.659286 0
    outer loop
      vertex 180.72 131.958 3
      vertex 182.272 133.728 0
      vertex 182.272 133.728 3
    endloop
  endfacet
  facet normal 0.751892 -0.659286 0
    outer loop
      vertex 182.272 133.728 0
      vertex 180.72 131.958 3
      vertex 180.72 131.958 0
    endloop
  endfacet
  facet normal -0.997858 0.0654194 0
    outer loop
      vertex 212.846 118.651 0
      vertex 213 121 3
      vertex 213 121 0
    endloop
  endfacet
  facet normal -0.997858 0.0654194 0
    outer loop
      vertex 213 121 3
      vertex 212.846 118.651 0
      vertex 212.846 118.651 3
    endloop
  endfacet
  facet normal -0.194891 0.980825 0
    outer loop
      vertex 199.659 103.613 0
      vertex 197.349 103.154 3
      vertex 199.659 103.613 3
    endloop
  endfacet
  facet normal -0.194891 0.980825 0
    outer loop
      vertex 197.349 103.154 3
      vertex 199.659 103.613 0
      vertex 197.349 103.154 0
    endloop
  endfacet
  facet normal -0.831527 0.555484 0
    outer loop
      vertex 209.28 110.042 0
      vertex 210.588 112 3
      vertex 210.588 112 0
    endloop
  endfacet
  facet normal -0.831527 0.555484 0
    outer loop
      vertex 210.588 112 3
      vertex 209.28 110.042 0
      vertex 209.28 110.042 3
    endloop
  endfacet
  facet normal -0.896792 0.442452 0
    outer loop
      vertex 210.588 112 0
      vertex 211.63 114.112 3
      vertex 211.63 114.112 0
    endloop
  endfacet
  facet normal -0.896792 0.442452 0
    outer loop
      vertex 211.63 114.112 3
      vertex 210.588 112 0
      vertex 210.588 112 3
    endloop
  endfacet
  facet normal -0.321575 0.946884 0
    outer loop
      vertex 201.888 104.37 0
      vertex 199.659 103.613 3
      vertex 201.888 104.37 3
    endloop
  endfacet
  facet normal -0.321575 0.946884 0
    outer loop
      vertex 199.659 103.613 3
      vertex 201.888 104.37 0
      vertex 199.659 103.613 0
    endloop
  endfacet
  facet normal -0.555484 0.831527 0
    outer loop
      vertex 205.958 106.72 0
      vertex 204 105.412 3
      vertex 205.958 106.72 3
    endloop
  endfacet
  facet normal -0.555484 0.831527 0
    outer loop
      vertex 204 105.412 3
      vertex 205.958 106.72 0
      vertex 204 105.412 0
    endloop
  endfacet
  facet normal -0.0654194 0.997858 0
    outer loop
      vertex 197.349 103.154 0
      vertex 195 103 3
      vertex 197.349 103.154 3
    endloop
  endfacet
  facet normal -0.0654194 0.997858 0
    outer loop
      vertex 195 103 3
      vertex 197.349 103.154 0
      vertex 195 103 0
    endloop
  endfacet
  facet normal 0.442452 0.896792 -0
    outer loop
      vertex 188.112 104.37 0
      vertex 186 105.412 3
      vertex 188.112 104.37 3
    endloop
  endfacet
  facet normal 0.442452 0.896792 0
    outer loop
      vertex 186 105.412 3
      vertex 188.112 104.37 0
      vertex 186 105.412 0
    endloop
  endfacet
  facet normal 0.896792 0.442452 0
    outer loop
      vertex 179.412 112 3
      vertex 178.37 114.112 0
      vertex 178.37 114.112 3
    endloop
  endfacet
  facet normal 0.896792 0.442452 0
    outer loop
      vertex 178.37 114.112 0
      vertex 179.412 112 3
      vertex 179.412 112 0
    endloop
  endfacet
  facet normal 0.980825 0.194891 0
    outer loop
      vertex 177.613 116.341 3
      vertex 177.154 118.651 0
      vertex 177.154 118.651 3
    endloop
  endfacet
  facet normal 0.980825 0.194891 0
    outer loop
      vertex 177.154 118.651 0
      vertex 177.613 116.341 3
      vertex 177.613 116.341 0
    endloop
  endfacet
  facet normal 0.751892 0.659286 0
    outer loop
      vertex 182.272 108.272 3
      vertex 180.72 110.042 0
      vertex 180.72 110.042 3
    endloop
  endfacet
  facet normal 0.751892 0.659286 0
    outer loop
      vertex 180.72 110.042 0
      vertex 182.272 108.272 3
      vertex 182.272 108.272 0
    endloop
  endfacet
  facet normal 0.659286 0.751892 -0
    outer loop
      vertex 184.042 106.72 0
      vertex 182.272 108.272 3
      vertex 184.042 106.72 3
    endloop
  endfacet
  facet normal 0.659286 0.751892 0
    outer loop
      vertex 182.272 108.272 3
      vertex 184.042 106.72 0
      vertex 182.272 108.272 0
    endloop
  endfacet
  facet normal 0.997858 -0.0654194 0
    outer loop
      vertex 177 121 3
      vertex 177.154 123.349 0
      vertex 177.154 123.349 3
    endloop
  endfacet
  facet normal 0.997858 -0.0654194 0
    outer loop
      vertex 177.154 123.349 0
      vertex 177 121 3
      vertex 177 121 0
    endloop
  endfacet
  facet normal -0.980825 0.194891 0
    outer loop
      vertex 212.387 116.341 0
      vertex 212.846 118.651 3
      vertex 212.846 118.651 0
    endloop
  endfacet
  facet normal -0.980825 0.194891 0
    outer loop
      vertex 212.846 118.651 3
      vertex 212.387 116.341 0
      vertex 212.387 116.341 3
    endloop
  endfacet
  facet normal -0.659286 0.751892 0
    outer loop
      vertex 207.728 108.272 0
      vertex 205.958 106.72 3
      vertex 207.728 108.272 3
    endloop
  endfacet
  facet normal -0.659286 0.751892 0
    outer loop
      vertex 205.958 106.72 3
      vertex 207.728 108.272 0
      vertex 205.958 106.72 0
    endloop
  endfacet
  facet normal 0.980785 -0.195091 0
    outer loop
      vertex 8.31654 59.8295 3
      vertex 9.26074 64.5763 0
      vertex 9.26074 64.5763 3
    endloop
  endfacet
  facet normal 0.980785 -0.195091 0
    outer loop
      vertex 9.26074 64.5763 0
      vertex 8.31654 59.8295 3
      vertex 8.31654 59.8295 0
    endloop
  endfacet
  facet normal -0.997859 0.0653945 0
    outer loop
      vertex 81.6835 50.1705 0
      vertex 82 55 3
      vertex 82 55 0
    endloop
  endfacet
  facet normal -0.997859 0.0653945 0
    outer loop
      vertex 82 55 3
      vertex 81.6835 50.1705 0
      vertex 81.6835 50.1705 3
    endloop
  endfacet
  facet normal 0.195091 0.980785 -0
    outer loop
      vertex 40.1705 18.3165 0
      vertex 35.4237 19.2607 3
      vertex 40.1705 18.3165 3
    endloop
  endfacet
  facet normal 0.195091 0.980785 0
    outer loop
      vertex 35.4237 19.2607 3
      vertex 40.1705 18.3165 0
      vertex 35.4237 19.2607 0
    endloop
  endfacet
  facet normal -0.442289 -0.896872 0
    outer loop
      vertex 59.1593 89.1835 0
      vertex 63.5 87.0429 3
      vertex 59.1593 89.1835 3
    endloop
  endfacet
  facet normal -0.442289 -0.896872 -0
    outer loop
      vertex 63.5 87.0429 3
      vertex 59.1593 89.1835 0
      vertex 63.5 87.0429 0
    endloop
  endfacet
  facet normal 0.442289 -0.896872 0
    outer loop
      vertex 26.5 87.0429 0
      vertex 30.8407 89.1835 3
      vertex 26.5 87.0429 3
    endloop
  endfacet
  facet normal 0.442289 -0.896872 0
    outer loop
      vertex 30.8407 89.1835 3
      vertex 26.5 87.0429 0
      vertex 30.8407 89.1835 0
    endloop
  endfacet
  facet normal 0.946928 -0.321447 0
    outer loop
      vertex 9.26074 64.5763 3
      vertex 10.8165 69.1593 0
      vertex 10.8165 69.1593 3
    endloop
  endfacet
  facet normal 0.946928 -0.321447 0
    outer loop
      vertex 10.8165 69.1593 0
      vertex 9.26074 64.5763 3
      vertex 9.26074 64.5763 0
    endloop
  endfacet
  facet normal 0.831478 0.555558 0
    outer loop
      vertex 15.6459 32.4758 3
      vertex 12.9571 36.5 0
      vertex 12.9571 36.5 3
    endloop
  endfacet
  facet normal 0.831478 0.555558 0
    outer loop
      vertex 12.9571 36.5 0
      vertex 15.6459 32.4758 3
      vertex 15.6459 32.4758 0
    endloop
  endfacet
  facet normal -0.946925 -0.321454 0
    outer loop
      vertex 80.7393 64.5763 0
      vertex 79.1835 69.1593 3
      vertex 79.1835 69.1593 0
    endloop
  endfacet
  facet normal -0.946925 -0.321454 0
    outer loop
      vertex 79.1835 69.1593 3
      vertex 80.7393 64.5763 0
      vertex 80.7393 64.5763 3
    endloop
  endfacet
  facet normal -0.896872 -0.442289 0
    outer loop
      vertex 79.1835 69.1593 0
      vertex 77.0429 73.5 3
      vertex 77.0429 73.5 0
    endloop
  endfacet
  facet normal -0.896872 -0.442289 0
    outer loop
      vertex 77.0429 73.5 3
      vertex 79.1835 69.1593 0
      vertex 79.1835 69.1593 3
    endloop
  endfacet
  facet normal -0.831478 -0.555558 0
    outer loop
      vertex 77.0429 73.5 0
      vertex 74.3541 77.5242 3
      vertex 74.3541 77.5242 0
    endloop
  endfacet
  facet normal -0.831478 -0.555558 0
    outer loop
      vertex 74.3541 77.5242 3
      vertex 77.0429 73.5 0
      vertex 77.0429 73.5 3
    endloop
  endfacet
  facet normal -0.751825 -0.659363 0
    outer loop
      vertex 74.3541 77.5242 0
      vertex 71.1629 81.1629 3
      vertex 71.1629 81.1629 0
    endloop
  endfacet
  facet normal -0.751825 -0.659363 0
    outer loop
      vertex 71.1629 81.1629 3
      vertex 74.3541 77.5242 0
      vertex 74.3541 77.5242 3
    endloop
  endfacet
  facet normal -0.321454 -0.946925 0
    outer loop
      vertex 54.5763 90.7393 0
      vertex 59.1593 89.1835 3
      vertex 54.5763 90.7393 3
    endloop
  endfacet
  facet normal -0.321454 -0.946925 -0
    outer loop
      vertex 59.1593 89.1835 3
      vertex 54.5763 90.7393 0
      vertex 59.1593 89.1835 0
    endloop
  endfacet
  facet normal 0.0653945 -0.997859 0
    outer loop
      vertex 40.1705 91.6835 0
      vertex 45 92 3
      vertex 40.1705 91.6835 3
    endloop
  endfacet
  facet normal 0.0653945 -0.997859 0
    outer loop
      vertex 45 92 3
      vertex 40.1705 91.6835 0
      vertex 45 92 0
    endloop
  endfacet
  facet normal -0.0653945 -0.997859 0
    outer loop
      vertex 45 92 0
      vertex 49.8295 91.6835 3
      vertex 45 92 3
    endloop
  endfacet
  facet normal -0.0653945 -0.997859 -0
    outer loop
      vertex 49.8295 91.6835 3
      vertex 45 92 0
      vertex 49.8295 91.6835 0
    endloop
  endfacet
  facet normal 0.997859 0.0654027 0
    outer loop
      vertex 8.31654 50.1705 3
      vertex 8 55 0
      vertex 8 55 3
    endloop
  endfacet
  facet normal 0.997859 0.0654027 0
    outer loop
      vertex 8 55 0
      vertex 8.31654 50.1705 3
      vertex 8.31654 50.1705 0
    endloop
  endfacet
  facet normal 0.831478 -0.555558 0
    outer loop
      vertex 12.9571 73.5 3
      vertex 15.6459 77.5242 0
      vertex 15.6459 77.5242 3
    endloop
  endfacet
  facet normal 0.831478 -0.555558 0
    outer loop
      vertex 15.6459 77.5242 0
      vertex 12.9571 73.5 3
      vertex 12.9571 73.5 0
    endloop
  endfacet
  facet normal 0.555558 -0.831478 0
    outer loop
      vertex 22.4758 84.3541 0
      vertex 26.5 87.0429 3
      vertex 22.4758 84.3541 3
    endloop
  endfacet
  facet normal 0.555558 -0.831478 0
    outer loop
      vertex 26.5 87.0429 3
      vertex 22.4758 84.3541 0
      vertex 26.5 87.0429 0
    endloop
  endfacet
  facet normal 0.659353 -0.751834 0
    outer loop
      vertex 18.837 81.1629 0
      vertex 22.4758 84.3541 3
      vertex 18.837 81.1629 3
    endloop
  endfacet
  facet normal 0.659353 -0.751834 0
    outer loop
      vertex 22.4758 84.3541 3
      vertex 18.837 81.1629 0
      vertex 22.4758 84.3541 0
    endloop
  endfacet
  facet normal -0.997859 -0.0653945 0
    outer loop
      vertex 82 55 0
      vertex 81.6835 59.8295 3
      vertex 81.6835 59.8295 0
    endloop
  endfacet
  facet normal -0.997859 -0.0653945 0
    outer loop
      vertex 81.6835 59.8295 3
      vertex 82 55 0
      vertex 82 55 3
    endloop
  endfacet
  facet normal -0.442289 0.896872 0
    outer loop
      vertex 63.5 22.9571 0
      vertex 59.1593 20.8165 3
      vertex 63.5 22.9571 3
    endloop
  endfacet
  facet normal -0.442289 0.896872 0
    outer loop
      vertex 59.1593 20.8165 3
      vertex 63.5 22.9571 0
      vertex 59.1593 20.8165 0
    endloop
  endfacet
  facet normal -0.831478 0.555558 0
    outer loop
      vertex 74.3541 32.4758 0
      vertex 77.0429 36.5 3
      vertex 77.0429 36.5 0
    endloop
  endfacet
  facet normal -0.831478 0.555558 0
    outer loop
      vertex 77.0429 36.5 3
      vertex 74.3541 32.4758 0
      vertex 74.3541 32.4758 3
    endloop
  endfacet
  facet normal -0.751834 0.659353 0
    outer loop
      vertex 71.1629 28.837 0
      vertex 74.3541 32.4758 3
      vertex 74.3541 32.4758 0
    endloop
  endfacet
  facet normal -0.751834 0.659353 0
    outer loop
      vertex 74.3541 32.4758 3
      vertex 71.1629 28.837 0
      vertex 71.1629 28.837 3
    endloop
  endfacet
  facet normal -0.555558 0.831478 0
    outer loop
      vertex 67.5242 25.6459 0
      vertex 63.5 22.9571 3
      vertex 67.5242 25.6459 3
    endloop
  endfacet
  facet normal -0.555558 0.831478 0
    outer loop
      vertex 63.5 22.9571 3
      vertex 67.5242 25.6459 0
      vertex 63.5 22.9571 0
    endloop
  endfacet
  facet normal -0.0653945 0.997859 0
    outer loop
      vertex 49.8295 18.3165 0
      vertex 45 18 3
      vertex 49.8295 18.3165 3
    endloop
  endfacet
  facet normal -0.0653945 0.997859 0
    outer loop
      vertex 45 18 3
      vertex 49.8295 18.3165 0
      vertex 45 18 0
    endloop
  endfacet
  facet normal 0.321454 0.946925 -0
    outer loop
      vertex 35.4237 19.2607 0
      vertex 30.8407 20.8165 3
      vertex 35.4237 19.2607 3
    endloop
  endfacet
  facet normal 0.321454 0.946925 0
    outer loop
      vertex 30.8407 20.8165 3
      vertex 35.4237 19.2607 0
      vertex 30.8407 20.8165 0
    endloop
  endfacet
  facet normal -0.659363 -0.751825 0
    outer loop
      vertex 67.5242 84.3541 0
      vertex 71.1629 81.1629 3
      vertex 67.5242 84.3541 3
    endloop
  endfacet
  facet normal -0.659363 -0.751825 -0
    outer loop
      vertex 71.1629 81.1629 3
      vertex 67.5242 84.3541 0
      vertex 71.1629 81.1629 0
    endloop
  endfacet
  facet normal 0.896872 -0.442289 0
    outer loop
      vertex 10.8165 69.1593 3
      vertex 12.9571 73.5 0
      vertex 12.9571 73.5 3
    endloop
  endfacet
  facet normal 0.896872 -0.442289 0
    outer loop
      vertex 12.9571 73.5 0
      vertex 10.8165 69.1593 3
      vertex 10.8165 69.1593 0
    endloop
  endfacet
  facet normal 0.195091 -0.980785 0
    outer loop
      vertex 35.4237 90.7393 0
      vertex 40.1705 91.6835 3
      vertex 35.4237 90.7393 3
    endloop
  endfacet
  facet normal 0.195091 -0.980785 0
    outer loop
      vertex 40.1705 91.6835 3
      vertex 35.4237 90.7393 0
      vertex 40.1705 91.6835 0
    endloop
  endfacet
  facet normal 0.321454 -0.946925 0
    outer loop
      vertex 30.8407 89.1835 0
      vertex 35.4237 90.7393 3
      vertex 30.8407 89.1835 3
    endloop
  endfacet
  facet normal 0.321454 -0.946925 0
    outer loop
      vertex 35.4237 90.7393 3
      vertex 30.8407 89.1835 0
      vertex 35.4237 90.7393 0
    endloop
  endfacet
  facet normal 0.751835 -0.659351 0
    outer loop
      vertex 15.6459 77.5242 3
      vertex 18.837 81.1629 0
      vertex 18.837 81.1629 3
    endloop
  endfacet
  facet normal 0.751835 -0.659351 0
    outer loop
      vertex 18.837 81.1629 0
      vertex 15.6459 77.5242 3
      vertex 15.6459 77.5242 0
    endloop
  endfacet
  facet normal -0.195091 0.980785 0
    outer loop
      vertex 54.5763 19.2607 0
      vertex 49.8295 18.3165 3
      vertex 54.5763 19.2607 3
    endloop
  endfacet
  facet normal -0.195091 0.980785 0
    outer loop
      vertex 49.8295 18.3165 3
      vertex 54.5763 19.2607 0
      vertex 49.8295 18.3165 0
    endloop
  endfacet
  facet normal -0.980785 0.195091 0
    outer loop
      vertex 80.7393 45.4237 0
      vertex 81.6835 50.1705 3
      vertex 81.6835 50.1705 0
    endloop
  endfacet
  facet normal -0.980785 0.195091 0
    outer loop
      vertex 81.6835 50.1705 3
      vertex 80.7393 45.4237 0
      vertex 80.7393 45.4237 3
    endloop
  endfacet
  facet normal -0.946925 0.321454 0
    outer loop
      vertex 79.1835 40.8407 0
      vertex 80.7393 45.4237 3
      vertex 80.7393 45.4237 0
    endloop
  endfacet
  facet normal -0.946925 0.321454 0
    outer loop
      vertex 80.7393 45.4237 3
      vertex 79.1835 40.8407 0
      vertex 79.1835 40.8407 3
    endloop
  endfacet
  facet normal -0.321454 0.946925 0
    outer loop
      vertex 59.1593 20.8165 0
      vertex 54.5763 19.2607 3
      vertex 59.1593 20.8165 3
    endloop
  endfacet
  facet normal -0.321454 0.946925 0
    outer loop
      vertex 54.5763 19.2607 3
      vertex 59.1593 20.8165 0
      vertex 54.5763 19.2607 0
    endloop
  endfacet
  facet normal -0.659351 0.751835 0
    outer loop
      vertex 71.1629 28.837 0
      vertex 67.5242 25.6459 3
      vertex 71.1629 28.837 3
    endloop
  endfacet
  facet normal -0.659351 0.751835 0
    outer loop
      vertex 67.5242 25.6459 3
      vertex 71.1629 28.837 0
      vertex 67.5242 25.6459 0
    endloop
  endfacet
  facet normal 0.0653945 0.997859 -0
    outer loop
      vertex 45 18 0
      vertex 40.1705 18.3165 3
      vertex 45 18 3
    endloop
  endfacet
  facet normal 0.0653945 0.997859 0
    outer loop
      vertex 40.1705 18.3165 3
      vertex 45 18 0
      vertex 40.1705 18.3165 0
    endloop
  endfacet
  facet normal 0.555558 0.831478 -0
    outer loop
      vertex 26.5 22.9571 0
      vertex 22.4758 25.6459 3
      vertex 26.5 22.9571 3
    endloop
  endfacet
  facet normal 0.555558 0.831478 0
    outer loop
      vertex 22.4758 25.6459 3
      vertex 26.5 22.9571 0
      vertex 22.4758 25.6459 0
    endloop
  endfacet
  facet normal 0.896872 0.442289 0
    outer loop
      vertex 12.9571 36.5 3
      vertex 10.8165 40.8407 0
      vertex 10.8165 40.8407 3
    endloop
  endfacet
  facet normal 0.896872 0.442289 0
    outer loop
      vertex 10.8165 40.8407 0
      vertex 12.9571 36.5 3
      vertex 12.9571 36.5 0
    endloop
  endfacet
  facet normal 0.980785 0.195091 0
    outer loop
      vertex 9.26074 45.4237 3
      vertex 8.31654 50.1705 0
      vertex 8.31654 50.1705 3
    endloop
  endfacet
  facet normal 0.980785 0.195091 0
    outer loop
      vertex 8.31654 50.1705 0
      vertex 9.26074 45.4237 3
      vertex 9.26074 45.4237 0
    endloop
  endfacet
  facet normal 0.751844 0.659341 0
    outer loop
      vertex 18.837 28.837 3
      vertex 15.6459 32.4758 0
      vertex 15.6459 32.4758 3
    endloop
  endfacet
  facet normal 0.751844 0.659341 0
    outer loop
      vertex 15.6459 32.4758 0
      vertex 18.837 28.837 3
      vertex 18.837 28.837 0
    endloop
  endfacet
  facet normal 0.659341 0.751844 -0
    outer loop
      vertex 22.4758 25.6459 0
      vertex 18.837 28.837 3
      vertex 22.4758 25.6459 3
    endloop
  endfacet
  facet normal 0.659341 0.751844 0
    outer loop
      vertex 18.837 28.837 3
      vertex 22.4758 25.6459 0
      vertex 18.837 28.837 0
    endloop
  endfacet
  facet normal -0.980785 -0.195091 0
    outer loop
      vertex 81.6835 59.8295 0
      vertex 80.7393 64.5763 3
      vertex 80.7393 64.5763 0
    endloop
  endfacet
  facet normal -0.980785 -0.195091 0
    outer loop
      vertex 80.7393 64.5763 3
      vertex 81.6835 59.8295 0
      vertex 81.6835 59.8295 3
    endloop
  endfacet
  facet normal -0.555558 -0.831478 0
    outer loop
      vertex 63.5 87.0429 0
      vertex 67.5242 84.3541 3
      vertex 63.5 87.0429 3
    endloop
  endfacet
  facet normal -0.555558 -0.831478 -0
    outer loop
      vertex 67.5242 84.3541 3
      vertex 63.5 87.0429 0
      vertex 67.5242 84.3541 0
    endloop
  endfacet
  facet normal -0.195091 -0.980785 0
    outer loop
      vertex 49.8295 91.6835 0
      vertex 54.5763 90.7393 3
      vertex 49.8295 91.6835 3
    endloop
  endfacet
  facet normal -0.195091 -0.980785 -0
    outer loop
      vertex 54.5763 90.7393 3
      vertex 49.8295 91.6835 0
      vertex 54.5763 90.7393 0
    endloop
  endfacet
  facet normal 0.997859 -0.0654027 0
    outer loop
      vertex 8 55 3
      vertex 8.31654 59.8295 0
      vertex 8.31654 59.8295 3
    endloop
  endfacet
  facet normal 0.997859 -0.0654027 0
    outer loop
      vertex 8.31654 59.8295 0
      vertex 8 55 3
      vertex 8 55 0
    endloop
  endfacet
  facet normal -0.896872 0.442289 0
    outer loop
      vertex 77.0429 36.5 0
      vertex 79.1835 40.8407 3
      vertex 79.1835 40.8407 0
    endloop
  endfacet
  facet normal -0.896872 0.442289 0
    outer loop
      vertex 79.1835 40.8407 3
      vertex 77.0429 36.5 0
      vertex 77.0429 36.5 3
    endloop
  endfacet
  facet normal 0.442289 0.896872 -0
    outer loop
      vertex 30.8407 20.8165 0
      vertex 26.5 22.9571 3
      vertex 30.8407 20.8165 3
    endloop
  endfacet
  facet normal 0.442289 0.896872 0
    outer loop
      vertex 26.5 22.9571 3
      vertex 30.8407 20.8165 0
      vertex 26.5 22.9571 0
    endloop
  endfacet
  facet normal 0.946928 0.321447 0
    outer loop
      vertex 10.8165 40.8407 3
      vertex 9.26074 45.4237 0
      vertex 9.26074 45.4237 3
    endloop
  endfacet
  facet normal 0.946928 0.321447 0
    outer loop
      vertex 9.26074 45.4237 0
      vertex 10.8165 40.8407 3
      vertex 10.8165 40.8407 0
    endloop
  endfacet
  facet normal -0.946929 -0.321442 0
    outer loop
      vertex 177.267 58.787 0
      vertex 176.733 60.3601 4
      vertex 176.733 60.3601 0
    endloop
  endfacet
  facet normal -0.946929 -0.321442 0
    outer loop
      vertex 176.733 60.3601 4
      vertex 177.267 58.787 0
      vertex 177.267 58.787 4
    endloop
  endfacet
  facet normal -0.997845 -0.0656121 0
    outer loop
      vertex 177.7 55.5 0
      vertex 177.591 57.1577 4
      vertex 177.591 57.1577 0
    endloop
  endfacet
  facet normal -0.997845 -0.0656121 0
    outer loop
      vertex 177.591 57.1577 4
      vertex 177.7 55.5 0
      vertex 177.7 55.5 4
    endloop
  endfacet
  facet normal 0.0654205 -0.997858 0
    outer loop
      vertex 163.342 68.0913 0
      vertex 165 68.2 4
      vertex 163.342 68.0913 4
    endloop
  endfacet
  facet normal 0.0654205 -0.997858 0
    outer loop
      vertex 165 68.2 4
      vertex 163.342 68.0913 0
      vertex 165 68.2 0
    endloop
  endfacet
  facet normal -0.659331 -0.751853 0
    outer loop
      vertex 172.731 65.5756 0
      vertex 173.98 64.4803 4
      vertex 172.731 65.5756 4
    endloop
  endfacet
  facet normal -0.659331 -0.751853 -0
    outer loop
      vertex 173.98 64.4803 4
      vertex 172.731 65.5756 0
      vertex 173.98 64.4803 0
    endloop
  endfacet
  facet normal 0.751644 -0.659569 0
    outer loop
      vertex 154.924 63.2313 4
      vertex 156.02 64.4803 0
      vertex 156.02 64.4803 4
    endloop
  endfacet
  facet normal 0.751644 -0.659569 0
    outer loop
      vertex 156.02 64.4803 0
      vertex 154.924 63.2313 4
      vertex 154.924 63.2313 0
    endloop
  endfacet
  facet normal 0.442295 -0.89687 0
    outer loop
      vertex 158.65 66.4985 0
      vertex 160.14 67.2333 4
      vertex 158.65 66.4985 4
    endloop
  endfacet
  facet normal 0.442295 -0.89687 0
    outer loop
      vertex 160.14 67.2333 4
      vertex 158.65 66.4985 0
      vertex 160.14 67.2333 0
    endloop
  endfacet
  facet normal 0.659331 0.751853 -0
    outer loop
      vertex 157.269 45.4244 0
      vertex 156.02 46.5197 4
      vertex 157.269 45.4244 4
    endloop
  endfacet
  facet normal 0.659331 0.751853 0
    outer loop
      vertex 156.02 46.5197 4
      vertex 157.269 45.4244 0
      vertex 156.02 46.5197 0
    endloop
  endfacet
  facet normal -0.897049 -0.441932 0
    outer loop
      vertex 176.733 60.3601 0
      vertex 175.999 61.85 4
      vertex 175.999 61.85 0
    endloop
  endfacet
  facet normal -0.897049 -0.441932 0
    outer loop
      vertex 175.999 61.85 4
      vertex 176.733 60.3601 0
      vertex 176.733 60.3601 4
    endloop
  endfacet
  facet normal -0.32146 -0.946923 0
    outer loop
      vertex 168.287 67.7673 0
      vertex 169.86 67.2333 4
      vertex 168.287 67.7673 4
    endloop
  endfacet
  facet normal -0.32146 -0.946923 -0
    outer loop
      vertex 169.86 67.2333 4
      vertex 168.287 67.7673 0
      vertex 169.86 67.2333 0
    endloop
  endfacet
  facet normal -0.195074 -0.980789 0
    outer loop
      vertex 166.658 68.0913 0
      vertex 168.287 67.7673 4
      vertex 166.658 68.0913 4
    endloop
  endfacet
  facet normal -0.195074 -0.980789 -0
    outer loop
      vertex 168.287 67.7673 4
      vertex 166.658 68.0913 0
      vertex 168.287 67.7673 0
    endloop
  endfacet
  facet normal -0.555631 -0.831429 0
    outer loop
      vertex 171.35 66.4985 0
      vertex 172.731 65.5756 4
      vertex 171.35 66.4985 4
    endloop
  endfacet
  facet normal -0.555631 -0.831429 -0
    outer loop
      vertex 172.731 65.5756 4
      vertex 171.35 66.4985 0
      vertex 172.731 65.5756 0
    endloop
  endfacet
  facet normal 0.946929 -0.321442 0
    outer loop
      vertex 152.733 58.787 4
      vertex 153.267 60.3601 0
      vertex 153.267 60.3601 4
    endloop
  endfacet
  facet normal 0.946929 -0.321442 0
    outer loop
      vertex 153.267 60.3601 0
      vertex 152.733 58.787 4
      vertex 152.733 58.787 0
    endloop
  endfacet
  facet normal 0.897049 -0.441932 0
    outer loop
      vertex 153.267 60.3601 4
      vertex 154.001 61.85 0
      vertex 154.001 61.85 4
    endloop
  endfacet
  facet normal 0.897049 -0.441932 0
    outer loop
      vertex 154.001 61.85 0
      vertex 153.267 60.3601 4
      vertex 153.267 60.3601 0
    endloop
  endfacet
  facet normal 0.980795 -0.195039 0
    outer loop
      vertex 152.409 57.1577 4
      vertex 152.733 58.787 0
      vertex 152.733 58.787 4
    endloop
  endfacet
  facet normal 0.980795 -0.195039 0
    outer loop
      vertex 152.733 58.787 0
      vertex 152.409 57.1577 4
      vertex 152.409 57.1577 0
    endloop
  endfacet
  facet normal 0.997845 0.0656121 0
    outer loop
      vertex 152.409 53.8423 4
      vertex 152.3 55.5 0
      vertex 152.3 55.5 4
    endloop
  endfacet
  facet normal 0.997845 0.0656121 0
    outer loop
      vertex 152.3 55.5 0
      vertex 152.409 53.8423 4
      vertex 152.409 53.8423 0
    endloop
  endfacet
  facet normal 0.659331 -0.751853 0
    outer loop
      vertex 156.02 64.4803 0
      vertex 157.269 65.5756 4
      vertex 156.02 64.4803 4
    endloop
  endfacet
  facet normal 0.659331 -0.751853 0
    outer loop
      vertex 157.269 65.5756 4
      vertex 156.02 64.4803 0
      vertex 157.269 65.5756 0
    endloop
  endfacet
  facet normal 0.195074 -0.980789 0
    outer loop
      vertex 161.713 67.7673 0
      vertex 163.342 68.0913 4
      vertex 161.713 67.7673 4
    endloop
  endfacet
  facet normal 0.195074 -0.980789 0
    outer loop
      vertex 163.342 68.0913 4
      vertex 161.713 67.7673 0
      vertex 163.342 68.0913 0
    endloop
  endfacet
  facet normal -0.980795 0.195039 0
    outer loop
      vertex 177.267 52.213 0
      vertex 177.591 53.8423 4
      vertex 177.591 53.8423 0
    endloop
  endfacet
  facet normal -0.980795 0.195039 0
    outer loop
      vertex 177.591 53.8423 4
      vertex 177.267 52.213 0
      vertex 177.267 52.213 4
    endloop
  endfacet
  facet normal 0.195132 0.980777 -0
    outer loop
      vertex 163.342 42.9086 0
      vertex 161.713 43.2327 4
      vertex 163.342 42.9086 4
    endloop
  endfacet
  facet normal 0.195132 0.980777 0
    outer loop
      vertex 161.713 43.2327 4
      vertex 163.342 42.9086 0
      vertex 161.713 43.2327 0
    endloop
  endfacet
  facet normal 0.32146 0.946923 -0
    outer loop
      vertex 161.713 43.2327 0
      vertex 160.14 43.7667 4
      vertex 161.713 43.2327 4
    endloop
  endfacet
  facet normal 0.32146 0.946923 0
    outer loop
      vertex 160.14 43.7667 4
      vertex 161.713 43.2327 0
      vertex 160.14 43.7667 0
    endloop
  endfacet
  facet normal -0.831457 -0.555589 0
    outer loop
      vertex 175.999 61.85 0
      vertex 175.076 63.2313 4
      vertex 175.076 63.2313 0
    endloop
  endfacet
  facet normal -0.831457 -0.555589 0
    outer loop
      vertex 175.076 63.2313 4
      vertex 175.999 61.85 0
      vertex 175.999 61.85 4
    endloop
  endfacet
  facet normal -0.751644 -0.659569 0
    outer loop
      vertex 175.076 63.2313 0
      vertex 173.98 64.4803 4
      vertex 173.98 64.4803 0
    endloop
  endfacet
  facet normal -0.751644 -0.659569 0
    outer loop
      vertex 173.98 64.4803 4
      vertex 175.076 63.2313 0
      vertex 175.076 63.2313 4
    endloop
  endfacet
  facet normal -0.442295 -0.89687 0
    outer loop
      vertex 169.86 67.2333 0
      vertex 171.35 66.4985 4
      vertex 169.86 67.2333 4
    endloop
  endfacet
  facet normal -0.442295 -0.89687 -0
    outer loop
      vertex 171.35 66.4985 4
      vertex 169.86 67.2333 0
      vertex 171.35 66.4985 0
    endloop
  endfacet
  facet normal 0.32146 -0.946923 0
    outer loop
      vertex 160.14 67.2333 0
      vertex 161.713 67.7673 4
      vertex 160.14 67.2333 4
    endloop
  endfacet
  facet normal 0.32146 -0.946923 0
    outer loop
      vertex 161.713 67.7673 4
      vertex 160.14 67.2333 0
      vertex 161.713 67.7673 0
    endloop
  endfacet
  facet normal -0.997845 0.0656121 0
    outer loop
      vertex 177.591 53.8423 0
      vertex 177.7 55.5 4
      vertex 177.7 55.5 0
    endloop
  endfacet
  facet normal -0.997845 0.0656121 0
    outer loop
      vertex 177.7 55.5 4
      vertex 177.591 53.8423 0
      vertex 177.591 53.8423 4
    endloop
  endfacet
  facet normal -0.442295 0.89687 0
    outer loop
      vertex 171.35 44.5015 0
      vertex 169.86 43.7667 4
      vertex 171.35 44.5015 4
    endloop
  endfacet
  facet normal -0.442295 0.89687 0
    outer loop
      vertex 169.86 43.7667 4
      vertex 171.35 44.5015 0
      vertex 169.86 43.7667 0
    endloop
  endfacet
  facet normal -0.195132 0.980777 0
    outer loop
      vertex 168.287 43.2327 0
      vertex 166.658 42.9086 4
      vertex 168.287 43.2327 4
    endloop
  endfacet
  facet normal -0.195132 0.980777 0
    outer loop
      vertex 166.658 42.9086 4
      vertex 168.287 43.2327 0
      vertex 166.658 42.9086 0
    endloop
  endfacet
  facet normal -0.32146 0.946923 0
    outer loop
      vertex 169.86 43.7667 0
      vertex 168.287 43.2327 4
      vertex 169.86 43.7667 4
    endloop
  endfacet
  facet normal -0.32146 0.946923 0
    outer loop
      vertex 168.287 43.2327 4
      vertex 169.86 43.7667 0
      vertex 168.287 43.2327 0
    endloop
  endfacet
  facet normal -0.555631 0.831429 0
    outer loop
      vertex 172.731 45.4244 0
      vertex 171.35 44.5015 4
      vertex 172.731 45.4244 4
    endloop
  endfacet
  facet normal -0.555631 0.831429 0
    outer loop
      vertex 171.35 44.5015 4
      vertex 172.731 45.4244 0
      vertex 171.35 44.5015 0
    endloop
  endfacet
  facet normal -0.751644 0.659569 0
    outer loop
      vertex 173.98 46.5197 0
      vertex 175.076 47.7687 4
      vertex 175.076 47.7687 0
    endloop
  endfacet
  facet normal -0.751644 0.659569 0
    outer loop
      vertex 175.076 47.7687 4
      vertex 173.98 46.5197 0
      vertex 173.98 46.5197 4
    endloop
  endfacet
  facet normal -0.659331 0.751853 0
    outer loop
      vertex 173.98 46.5197 0
      vertex 172.731 45.4244 4
      vertex 173.98 46.5197 4
    endloop
  endfacet
  facet normal -0.659331 0.751853 0
    outer loop
      vertex 172.731 45.4244 4
      vertex 173.98 46.5197 0
      vertex 172.731 45.4244 0
    endloop
  endfacet
  facet normal -0.946929 0.321442 0
    outer loop
      vertex 176.733 50.6399 0
      vertex 177.267 52.213 4
      vertex 177.267 52.213 0
    endloop
  endfacet
  facet normal -0.946929 0.321442 0
    outer loop
      vertex 177.267 52.213 4
      vertex 176.733 50.6399 0
      vertex 176.733 50.6399 4
    endloop
  endfacet
  facet normal -0.831457 0.555589 0
    outer loop
      vertex 175.076 47.7687 0
      vertex 175.999 49.15 4
      vertex 175.999 49.15 0
    endloop
  endfacet
  facet normal -0.831457 0.555589 0
    outer loop
      vertex 175.999 49.15 4
      vertex 175.076 47.7687 0
      vertex 175.076 47.7687 4
    endloop
  endfacet
  facet normal -0.897049 0.441932 0
    outer loop
      vertex 175.999 49.15 0
      vertex 176.733 50.6399 4
      vertex 176.733 50.6399 0
    endloop
  endfacet
  facet normal -0.897049 0.441932 0
    outer loop
      vertex 176.733 50.6399 4
      vertex 175.999 49.15 0
      vertex 175.999 49.15 4
    endloop
  endfacet
  facet normal 0.0653605 0.997862 -0
    outer loop
      vertex 165 42.8 0
      vertex 163.342 42.9086 4
      vertex 165 42.8 4
    endloop
  endfacet
  facet normal 0.0653605 0.997862 0
    outer loop
      vertex 163.342 42.9086 4
      vertex 165 42.8 0
      vertex 163.342 42.9086 0
    endloop
  endfacet
  facet normal 0.555631 0.831429 -0
    outer loop
      vertex 158.65 44.5015 0
      vertex 157.269 45.4244 4
      vertex 158.65 44.5015 4
    endloop
  endfacet
  facet normal 0.555631 0.831429 0
    outer loop
      vertex 157.269 45.4244 4
      vertex 158.65 44.5015 0
      vertex 157.269 45.4244 0
    endloop
  endfacet
  facet normal -0.0653605 0.997862 0
    outer loop
      vertex 166.658 42.9086 0
      vertex 165 42.8 4
      vertex 166.658 42.9086 4
    endloop
  endfacet
  facet normal -0.0653605 0.997862 0
    outer loop
      vertex 165 42.8 4
      vertex 166.658 42.9086 0
      vertex 165 42.8 0
    endloop
  endfacet
  facet normal 0.442295 0.89687 -0
    outer loop
      vertex 160.14 43.7667 0
      vertex 158.65 44.5015 4
      vertex 160.14 43.7667 4
    endloop
  endfacet
  facet normal 0.442295 0.89687 0
    outer loop
      vertex 158.65 44.5015 4
      vertex 160.14 43.7667 0
      vertex 158.65 44.5015 0
    endloop
  endfacet
  facet normal 0.831457 0.555589 0
    outer loop
      vertex 154.924 47.7687 4
      vertex 154.001 49.15 0
      vertex 154.001 49.15 4
    endloop
  endfacet
  facet normal 0.831457 0.555589 0
    outer loop
      vertex 154.001 49.15 0
      vertex 154.924 47.7687 4
      vertex 154.924 47.7687 0
    endloop
  endfacet
  facet normal 0.897049 0.441932 0
    outer loop
      vertex 154.001 49.15 4
      vertex 153.267 50.6399 0
      vertex 153.267 50.6399 4
    endloop
  endfacet
  facet normal 0.897049 0.441932 0
    outer loop
      vertex 153.267 50.6399 0
      vertex 154.001 49.15 4
      vertex 154.001 49.15 0
    endloop
  endfacet
  facet normal 0.980795 0.195039 0
    outer loop
      vertex 152.733 52.213 4
      vertex 152.409 53.8423 0
      vertex 152.409 53.8423 4
    endloop
  endfacet
  facet normal 0.980795 0.195039 0
    outer loop
      vertex 152.409 53.8423 0
      vertex 152.733 52.213 4
      vertex 152.733 52.213 0
    endloop
  endfacet
  facet normal -0.980795 -0.195039 0
    outer loop
      vertex 177.591 57.1577 0
      vertex 177.267 58.787 4
      vertex 177.267 58.787 0
    endloop
  endfacet
  facet normal -0.980795 -0.195039 0
    outer loop
      vertex 177.267 58.787 4
      vertex 177.591 57.1577 0
      vertex 177.591 57.1577 4
    endloop
  endfacet
  facet normal -0.0654205 -0.997858 0
    outer loop
      vertex 165 68.2 0
      vertex 166.658 68.0913 4
      vertex 165 68.2 4
    endloop
  endfacet
  facet normal -0.0654205 -0.997858 -0
    outer loop
      vertex 166.658 68.0913 4
      vertex 165 68.2 0
      vertex 166.658 68.0913 0
    endloop
  endfacet
  facet normal 0.831457 -0.555589 0
    outer loop
      vertex 154.001 61.85 4
      vertex 154.924 63.2313 0
      vertex 154.924 63.2313 4
    endloop
  endfacet
  facet normal 0.831457 -0.555589 0
    outer loop
      vertex 154.924 63.2313 0
      vertex 154.001 61.85 4
      vertex 154.001 61.85 0
    endloop
  endfacet
  facet normal 0.997845 -0.0656121 0
    outer loop
      vertex 152.3 55.5 4
      vertex 152.409 57.1577 0
      vertex 152.409 57.1577 4
    endloop
  endfacet
  facet normal 0.997845 -0.0656121 0
    outer loop
      vertex 152.409 57.1577 0
      vertex 152.3 55.5 4
      vertex 152.3 55.5 0
    endloop
  endfacet
  facet normal 0.555631 -0.831429 0
    outer loop
      vertex 157.269 65.5756 0
      vertex 158.65 66.4985 4
      vertex 157.269 65.5756 4
    endloop
  endfacet
  facet normal 0.555631 -0.831429 0
    outer loop
      vertex 158.65 66.4985 4
      vertex 157.269 65.5756 0
      vertex 158.65 66.4985 0
    endloop
  endfacet
  facet normal 0.751644 0.659569 0
    outer loop
      vertex 156.02 46.5197 4
      vertex 154.924 47.7687 0
      vertex 154.924 47.7687 4
    endloop
  endfacet
  facet normal 0.751644 0.659569 0
    outer loop
      vertex 154.924 47.7687 0
      vertex 156.02 46.5197 4
      vertex 156.02 46.5197 0
    endloop
  endfacet
  facet normal 0.946929 0.321442 0
    outer loop
      vertex 153.267 50.6399 4
      vertex 152.733 52.213 0
      vertex 152.733 52.213 4
    endloop
  endfacet
  facet normal 0.946929 0.321442 0
    outer loop
      vertex 152.733 52.213 0
      vertex 153.267 50.6399 4
      vertex 153.267 50.6399 0
    endloop
  endfacet
endsolid OpenSCAD_Model
