solid OpenSCAD_Model
  facet normal 1 -0 0
    outer loop
      vertex 19 115 20
      vertex 19 118 4
      vertex 19 118 20
    endloop
  endfacet
  facet normal 1 0 0
    outer loop
      vertex 19 118 4
      vertex 19 115 20
      vertex 19 115 4
    endloop
  endfacet
  facet normal 1 -0 0
    outer loop
      vertex 19 115 39
      vertex 19 118 23
      vertex 19 118 39
    endloop
  endfacet
  facet normal 1 0 0
    outer loop
      vertex 19 118 23
      vertex 19 115 39
      vertex 19 115 23
    endloop
  endfacet
  facet normal 1 -0 0
    outer loop
      vertex 19 115 58
      vertex 19 118 42
      vertex 19 118 58
    endloop
  endfacet
  facet normal 1 0 0
    outer loop
      vertex 19 118 42
      vertex 19 115 58
      vertex 19 115 42
    endloop
  endfacet
  facet normal 1 -0 0
    outer loop
      vertex 19 115 77
      vertex 19 118 61
      vertex 19 118 77
    endloop
  endfacet
  facet normal 1 0 0
    outer loop
      vertex 19 118 61
      vertex 19 115 77
      vertex 19 115 61
    endloop
  endfacet
  facet normal 1 -0 0
    outer loop
      vertex 19 115 96
      vertex 19 118 80
      vertex 19 118 96
    endloop
  endfacet
  facet normal 1 0 0
    outer loop
      vertex 19 118 80
      vertex 19 115 96
      vertex 19 115 80
    endloop
  endfacet
  facet normal -0 0 1
    outer loop
      vertex 19 118 4
      vertex 73 115 4
      vertex 73 118 4
    endloop
  endfacet
  facet normal 0 0 1
    outer loop
      vertex 73 115 4
      vertex 19 118 4
      vertex 19 115 4
    endloop
  endfacet
  facet normal -1 0 0
    outer loop
      vertex 73 115 23
      vertex 73 118 39
      vertex 73 118 23
    endloop
  endfacet
  facet normal -1 -0 0
    outer loop
      vertex 73 118 39
      vertex 73 115 23
      vertex 73 115 39
    endloop
  endfacet
  facet normal -1 0 0
    outer loop
      vertex 73 115 4
      vertex 73 118 20
      vertex 73 118 4
    endloop
  endfacet
  facet normal -1 -0 0
    outer loop
      vertex 73 118 20
      vertex 73 115 4
      vertex 73 115 20
    endloop
  endfacet
  facet normal -1 0 0
    outer loop
      vertex 73 115 61
      vertex 73 118 77
      vertex 73 118 61
    endloop
  endfacet
  facet normal -1 -0 0
    outer loop
      vertex 73 118 77
      vertex 73 115 61
      vertex 73 115 77
    endloop
  endfacet
  facet normal -1 0 0
    outer loop
      vertex 73 115 42
      vertex 73 118 58
      vertex 73 118 42
    endloop
  endfacet
  facet normal -1 -0 0
    outer loop
      vertex 73 118 58
      vertex 73 115 42
      vertex 73 115 58
    endloop
  endfacet
  facet normal -1 0 0
    outer loop
      vertex 73 115 80
      vertex 73 118 96
      vertex 73 118 80
    endloop
  endfacet
  facet normal -1 -0 0
    outer loop
      vertex 73 118 96
      vertex 73 115 80
      vertex 73 115 96
    endloop
  endfacet
  facet normal 0 0 -1
    outer loop
      vertex 154.925 8.1 0
      vertex 208.075 8.1 0
      vertex 155.087 7.77151 0
    endloop
  endfacet
  facet normal 0 0 -1
    outer loop
      vertex 208.279 53.9955 0
      vertex 155.276 55.3345 0
      vertex 155.3 55.7 0
    endloop
  endfacet
  facet normal 0 0 -1
    outer loop
      vertex 208.075 8.1 0
      vertex 154.925 8.1 0
      vertex 208.279 8.40453 0
    endloop
  endfacet
  facet normal 0 0 -1
    outer loop
      vertex 208.279 53.9955 0
      vertex 155.205 54.9753 0
      vertex 155.276 55.3345 0
    endloop
  endfacet
  facet normal 0 0 -1
    outer loop
      vertex 154.721 8.40453 0
      vertex 208.279 8.40453 0
      vertex 154.925 8.1 0
    endloop
  endfacet
  facet normal 0 0 -1
    outer loop
      vertex 208.279 53.9955 0
      vertex 155.087 54.6285 0
      vertex 155.205 54.9753 0
    endloop
  endfacet
  facet normal 0 0 -1
    outer loop
      vertex 208.279 8.40453 0
      vertex 154.721 8.40453 0
      vertex 208.279 53.9955 0
    endloop
  endfacet
  facet normal 0 0 -1
    outer loop
      vertex 208.279 53.9955 0
      vertex 154.925 54.3 0
      vertex 155.087 54.6285 0
    endloop
  endfacet
  facet normal 0 0 -1
    outer loop
      vertex 154.721 53.9955 0
      vertex 208.279 53.9955 0
      vertex 154.721 8.40453 0
    endloop
  endfacet
  facet normal 0 0 -1
    outer loop
      vertex 208.279 53.9955 0
      vertex 154.721 53.9955 0
      vertex 154.925 54.3 0
    endloop
  endfacet
  facet normal 0 0 -1
    outer loop
      vertex 154.48 8.6799 0
      vertex 154.721 53.9955 0
      vertex 154.721 8.40453 0
    endloop
  endfacet
  facet normal 0 0 -1
    outer loop
      vertex 154.48 8.6799 0
      vertex 154.48 53.7201 0
      vertex 154.721 53.9955 0
    endloop
  endfacet
  facet normal 0 0 -1
    outer loop
      vertex 154.205 8.92139 0
      vertex 154.48 53.7201 0
      vertex 154.48 8.6799 0
    endloop
  endfacet
  facet normal 0 0 -1
    outer loop
      vertex 154.205 8.92139 0
      vertex 154.205 53.4786 0
      vertex 154.48 53.7201 0
    endloop
  endfacet
  facet normal 0 0 -1
    outer loop
      vertex 153.9 9.12487 0
      vertex 154.205 53.4786 0
      vertex 154.205 8.92139 0
    endloop
  endfacet
  facet normal 0 0 -1
    outer loop
      vertex 153.9 9.12487 0
      vertex 153.9 53.2751 0
      vertex 154.205 53.4786 0
    endloop
  endfacet
  facet normal 0 0 -1
    outer loop
      vertex 153.572 9.28686 0
      vertex 153.9 53.2751 0
      vertex 153.9 9.12487 0
    endloop
  endfacet
  facet normal 0 0 -1
    outer loop
      vertex 153.572 9.28686 0
      vertex 153.572 53.1131 0
      vertex 153.9 53.2751 0
    endloop
  endfacet
  facet normal 0 0 -1
    outer loop
      vertex 153.225 9.40459 0
      vertex 153.572 53.1131 0
      vertex 153.572 9.28686 0
    endloop
  endfacet
  facet normal 0 0 -1
    outer loop
      vertex 153.225 9.40459 0
      vertex 153.225 52.9954 0
      vertex 153.572 53.1131 0
    endloop
  endfacet
  facet normal 0 0 -1
    outer loop
      vertex 152.865 9.47605 0
      vertex 153.225 52.9954 0
      vertex 153.225 9.40459 0
    endloop
  endfacet
  facet normal 0 0 -1
    outer loop
      vertex 152.865 9.47605 0
      vertex 152.865 52.924 0
      vertex 153.225 52.9954 0
    endloop
  endfacet
  facet normal 0 0 -1
    outer loop
      vertex 152.5 9.5 0
      vertex 152.865 52.924 0
      vertex 152.865 9.47605 0
    endloop
  endfacet
  facet normal 0 0 -1
    outer loop
      vertex 152.5 9.5 0
      vertex 152.5 52.9 0
      vertex 152.865 52.924 0
    endloop
  endfacet
  facet normal 0 0 -1
    outer loop
      vertex 152.135 9.47605 0
      vertex 152.5 52.9 0
      vertex 152.5 9.5 0
    endloop
  endfacet
  facet normal 0 0 -1
    outer loop
      vertex 152.135 9.47605 0
      vertex 152.135 52.924 0
      vertex 152.5 52.9 0
    endloop
  endfacet
  facet normal 0 0 -1
    outer loop
      vertex 151.775 9.40459 0
      vertex 152.135 52.924 0
      vertex 152.135 9.47605 0
    endloop
  endfacet
  facet normal 0 0 -1
    outer loop
      vertex 151.775 9.40459 0
      vertex 151.775 52.9954 0
      vertex 152.135 52.924 0
    endloop
  endfacet
  facet normal 0 0 -1
    outer loop
      vertex 151.428 9.28686 0
      vertex 151.775 52.9954 0
      vertex 151.775 9.40459 0
    endloop
  endfacet
  facet normal 0 0 -1
    outer loop
      vertex 151.428 9.28686 0
      vertex 151.428 53.1131 0
      vertex 151.775 52.9954 0
    endloop
  endfacet
  facet normal 0 0 -1
    outer loop
      vertex 151.1 9.12487 0
      vertex 151.428 53.1131 0
      vertex 151.428 9.28686 0
    endloop
  endfacet
  facet normal 0 0 -1
    outer loop
      vertex 151.1 9.12487 0
      vertex 151.1 53.2751 0
      vertex 151.428 53.1131 0
    endloop
  endfacet
  facet normal 0 0 -1
    outer loop
      vertex 150.795 8.92139 0
      vertex 151.1 53.2751 0
      vertex 151.1 9.12487 0
    endloop
  endfacet
  facet normal 0 0 -1
    outer loop
      vertex 150.795 8.92139 0
      vertex 150.795 53.4786 0
      vertex 151.1 53.2751 0
    endloop
  endfacet
  facet normal 0 0 -1
    outer loop
      vertex 150.52 8.6799 0
      vertex 150.795 53.4786 0
      vertex 150.795 8.92139 0
    endloop
  endfacet
  facet normal 0 0 -1
    outer loop
      vertex 150.52 8.6799 0
      vertex 150.52 53.7201 0
      vertex 150.795 53.4786 0
    endloop
  endfacet
  facet normal 0 0 -1
    outer loop
      vertex 150.279 8.40453 0
      vertex 150.52 53.7201 0
      vertex 150.52 8.6799 0
    endloop
  endfacet
  facet normal 0 0 -1
    outer loop
      vertex 150.279 8.40453 0
      vertex 150.279 53.9955 0
      vertex 150.52 53.7201 0
    endloop
  endfacet
  facet normal 0 0 -1
    outer loop
      vertex 150.075 8.1 0
      vertex 150.279 53.9955 0
      vertex 150.279 8.40453 0
    endloop
  endfacet
  facet normal 0 0 -1
    outer loop
      vertex 150.075 8.1 0
      vertex 150.075 54.3 0
      vertex 150.279 53.9955 0
    endloop
  endfacet
  facet normal 0 0 -1
    outer loop
      vertex 149.913 7.77151 0
      vertex 150.075 54.3 0
      vertex 150.075 8.1 0
    endloop
  endfacet
  facet normal 0 0 -1
    outer loop
      vertex 149.913 7.77151 0
      vertex 149.913 54.6285 0
      vertex 150.075 54.3 0
    endloop
  endfacet
  facet normal 0 0 -1
    outer loop
      vertex 149.795 7.42469 0
      vertex 149.913 54.6285 0
      vertex 149.913 7.77151 0
    endloop
  endfacet
  facet normal 0 0 -1
    outer loop
      vertex 149.795 7.42469 0
      vertex 149.795 54.9753 0
      vertex 149.913 54.6285 0
    endloop
  endfacet
  facet normal 0 0 -1
    outer loop
      vertex 0 0 0
      vertex 149.795 7.42469 0
      vertex 149.724 7.06547 0
    endloop
  endfacet
  facet normal -0 0 -1
    outer loop
      vertex 149.795 7.42469 0
      vertex 0 0 0
      vertex 149.795 54.9753 0
    endloop
  endfacet
  facet normal 0 0 -1
    outer loop
      vertex 0 0 0
      vertex 149.724 7.06547 0
      vertex 149.7 6.7 0
    endloop
  endfacet
  facet normal -0 0 -1
    outer loop
      vertex 149.795 54.9753 0
      vertex 0 0 0
      vertex 149.724 55.3345 0
    endloop
  endfacet
  facet normal 0 0 -1
    outer loop
      vertex 213.205 7.42469 0
      vertex 240 0 0
      vertex 213.276 7.06547 0
    endloop
  endfacet
  facet normal 0 0 -1
    outer loop
      vertex 240 0 0
      vertex 213.276 55.3345 0
      vertex 213.3 55.7 0
    endloop
  endfacet
  facet normal 0 0 -1
    outer loop
      vertex 213.087 7.77151 0
      vertex 240 0 0
      vertex 213.205 7.42469 0
    endloop
  endfacet
  facet normal 0 0 -1
    outer loop
      vertex 240 0 0
      vertex 213.205 54.9753 0
      vertex 213.276 55.3345 0
    endloop
  endfacet
  facet normal 0 0 -1
    outer loop
      vertex 212.925 8.1 0
      vertex 240 0 0
      vertex 213.087 7.77151 0
    endloop
  endfacet
  facet normal 0 0 -1
    outer loop
      vertex 240 0 0
      vertex 213.087 54.6285 0
      vertex 213.205 54.9753 0
    endloop
  endfacet
  facet normal 0 0 -1
    outer loop
      vertex 212.721 8.40453 0
      vertex 240 0 0
      vertex 212.925 8.1 0
    endloop
  endfacet
  facet normal 0 0 -1
    outer loop
      vertex 240 0 0
      vertex 212.925 54.3 0
      vertex 213.087 54.6285 0
    endloop
  endfacet
  facet normal 0 0 -1
    outer loop
      vertex 212.48 8.6799 0
      vertex 240 0 0
      vertex 212.721 8.40453 0
    endloop
  endfacet
  facet normal 0 0 -1
    outer loop
      vertex 240 0 0
      vertex 212.721 53.9955 0
      vertex 212.925 54.3 0
    endloop
  endfacet
  facet normal 0 0 -1
    outer loop
      vertex 212.48 53.7201 0
      vertex 240 0 0
      vertex 212.48 8.6799 0
    endloop
  endfacet
  facet normal 0 0 -1
    outer loop
      vertex 240 0 0
      vertex 212.48 53.7201 0
      vertex 212.721 53.9955 0
    endloop
  endfacet
  facet normal 0 0 -1
    outer loop
      vertex 212.205 8.92139 0
      vertex 212.48 53.7201 0
      vertex 212.48 8.6799 0
    endloop
  endfacet
  facet normal 0 0 -1
    outer loop
      vertex 212.205 8.92139 0
      vertex 212.205 53.4786 0
      vertex 212.48 53.7201 0
    endloop
  endfacet
  facet normal 0 0 -1
    outer loop
      vertex 211.9 9.12487 0
      vertex 212.205 53.4786 0
      vertex 212.205 8.92139 0
    endloop
  endfacet
  facet normal 0 0 -1
    outer loop
      vertex 211.9 9.12487 0
      vertex 211.9 53.2751 0
      vertex 212.205 53.4786 0
    endloop
  endfacet
  facet normal 0 0 -1
    outer loop
      vertex 211.572 9.28686 0
      vertex 211.9 53.2751 0
      vertex 211.9 9.12487 0
    endloop
  endfacet
  facet normal 0 0 -1
    outer loop
      vertex 211.572 9.28686 0
      vertex 211.572 53.1131 0
      vertex 211.9 53.2751 0
    endloop
  endfacet
  facet normal 0 0 -1
    outer loop
      vertex 211.225 9.40459 0
      vertex 211.572 53.1131 0
      vertex 211.572 9.28686 0
    endloop
  endfacet
  facet normal 0 0 -1
    outer loop
      vertex 211.225 9.40459 0
      vertex 211.225 52.9954 0
      vertex 211.572 53.1131 0
    endloop
  endfacet
  facet normal 0 0 -1
    outer loop
      vertex 210.865 9.47605 0
      vertex 211.225 52.9954 0
      vertex 211.225 9.40459 0
    endloop
  endfacet
  facet normal 0 0 -1
    outer loop
      vertex 210.865 9.47605 0
      vertex 210.865 52.924 0
      vertex 211.225 52.9954 0
    endloop
  endfacet
  facet normal 0 0 -1
    outer loop
      vertex 210.5 9.5 0
      vertex 210.865 52.924 0
      vertex 210.865 9.47605 0
    endloop
  endfacet
  facet normal 0 0 -1
    outer loop
      vertex 210.5 9.5 0
      vertex 210.5 52.9 0
      vertex 210.865 52.924 0
    endloop
  endfacet
  facet normal 0 0 -1
    outer loop
      vertex 210.135 9.47605 0
      vertex 210.5 52.9 0
      vertex 210.5 9.5 0
    endloop
  endfacet
  facet normal 0 0 -1
    outer loop
      vertex 210.135 9.47605 0
      vertex 210.135 52.924 0
      vertex 210.5 52.9 0
    endloop
  endfacet
  facet normal 0 0 -1
    outer loop
      vertex 209.775 9.40459 0
      vertex 210.135 52.924 0
      vertex 210.135 9.47605 0
    endloop
  endfacet
  facet normal 0 0 -1
    outer loop
      vertex 209.775 9.40459 0
      vertex 209.775 52.9954 0
      vertex 210.135 52.924 0
    endloop
  endfacet
  facet normal 0 0 -1
    outer loop
      vertex 209.428 9.28686 0
      vertex 209.775 52.9954 0
      vertex 209.775 9.40459 0
    endloop
  endfacet
  facet normal 0 0 -1
    outer loop
      vertex 209.428 9.28686 0
      vertex 209.428 53.1131 0
      vertex 209.775 52.9954 0
    endloop
  endfacet
  facet normal 0 0 -1
    outer loop
      vertex 209.1 9.12487 0
      vertex 209.428 53.1131 0
      vertex 209.428 9.28686 0
    endloop
  endfacet
  facet normal 0 0 -1
    outer loop
      vertex 209.1 9.12487 0
      vertex 209.1 53.2751 0
      vertex 209.428 53.1131 0
    endloop
  endfacet
  facet normal 0 0 -1
    outer loop
      vertex 208.795 8.92139 0
      vertex 209.1 53.2751 0
      vertex 209.1 9.12487 0
    endloop
  endfacet
  facet normal 0 0 -1
    outer loop
      vertex 208.795 8.92139 0
      vertex 208.795 53.4786 0
      vertex 209.1 53.2751 0
    endloop
  endfacet
  facet normal 0 0 -1
    outer loop
      vertex 208.52 8.6799 0
      vertex 208.795 53.4786 0
      vertex 208.795 8.92139 0
    endloop
  endfacet
  facet normal 0 0 -1
    outer loop
      vertex 208.52 8.6799 0
      vertex 208.52 53.7201 0
      vertex 208.795 53.4786 0
    endloop
  endfacet
  facet normal 0 0 -1
    outer loop
      vertex 208.279 8.40453 0
      vertex 208.52 53.7201 0
      vertex 208.52 8.6799 0
    endloop
  endfacet
  facet normal 0 0 -1
    outer loop
      vertex 208.279 8.40453 0
      vertex 208.279 53.9955 0
      vertex 208.52 53.7201 0
    endloop
  endfacet
  facet normal 0 0 -1
    outer loop
      vertex 207.795 7.42469 0
      vertex 155.205 7.42469 0
      vertex 207.913 7.77151 0
    endloop
  endfacet
  facet normal 0 0 -1
    outer loop
      vertex 155.087 7.77151 0
      vertex 207.913 7.77151 0
      vertex 155.205 7.42469 0
    endloop
  endfacet
  facet normal 0 0 -1
    outer loop
      vertex 155.205 7.42469 0
      vertex 207.795 7.42469 0
      vertex 155.276 7.06547 0
    endloop
  endfacet
  facet normal 0 0 -1
    outer loop
      vertex 207.913 7.77151 0
      vertex 155.087 7.77151 0
      vertex 208.075 8.1 0
    endloop
  endfacet
  facet normal 0 0 -1
    outer loop
      vertex 207.724 7.06547 0
      vertex 155.276 7.06547 0
      vertex 207.795 7.42469 0
    endloop
  endfacet
  facet normal 0 0 -1
    outer loop
      vertex 208.279 53.9955 0
      vertex 155.3 55.7 0
      vertex 208.075 54.3 0
    endloop
  endfacet
  facet normal 0 0 -1
    outer loop
      vertex 155.276 7.06547 0
      vertex 207.724 7.06547 0
      vertex 155.3 6.7 0
    endloop
  endfacet
  facet normal 0 0 -1
    outer loop
      vertex 208.075 54.3 0
      vertex 155.3 55.7 0
      vertex 207.913 54.6285 0
    endloop
  endfacet
  facet normal 0 0 -1
    outer loop
      vertex 155.3 6.7 0
      vertex 207.724 7.06547 0
      vertex 207.7 6.7 0
    endloop
  endfacet
  facet normal 0 0 -1
    outer loop
      vertex 207.913 54.6285 0
      vertex 155.3 55.7 0
      vertex 207.795 54.9753 0
    endloop
  endfacet
  facet normal 0 0 -1
    outer loop
      vertex 213.276 7.06547 0
      vertex 240 0 0
      vertex 213.3 6.7 0
    endloop
  endfacet
  facet normal 0 0 -1
    outer loop
      vertex 240 0 0
      vertex 213.276 6.33453 0
      vertex 213.3 6.7 0
    endloop
  endfacet
  facet normal 0 0 -1
    outer loop
      vertex 240 0 0
      vertex 213.205 5.97531 0
      vertex 213.276 6.33453 0
    endloop
  endfacet
  facet normal 0 0 -1
    outer loop
      vertex 240 0 0
      vertex 213.087 5.62849 0
      vertex 213.205 5.97531 0
    endloop
  endfacet
  facet normal 0 0 -1
    outer loop
      vertex 240 0 0
      vertex 212.925 5.3 0
      vertex 213.087 5.62849 0
    endloop
  endfacet
  facet normal 0 0 -1
    outer loop
      vertex 240 0 0
      vertex 212.721 4.99547 0
      vertex 212.925 5.3 0
    endloop
  endfacet
  facet normal 0 0 -1
    outer loop
      vertex 240 0 0
      vertex 212.48 4.7201 0
      vertex 212.721 4.99547 0
    endloop
  endfacet
  facet normal 0 0 -1
    outer loop
      vertex 240 0 0
      vertex 212.205 4.47861 0
      vertex 212.48 4.7201 0
    endloop
  endfacet
  facet normal 0 0 -1
    outer loop
      vertex 240 0 0
      vertex 211.9 4.27513 0
      vertex 212.205 4.47861 0
    endloop
  endfacet
  facet normal 0 0 -1
    outer loop
      vertex 240 0 0
      vertex 211.572 4.11314 0
      vertex 211.9 4.27513 0
    endloop
  endfacet
  facet normal 0 0 -1
    outer loop
      vertex 240 0 0
      vertex 211.225 3.99541 0
      vertex 211.572 4.11314 0
    endloop
  endfacet
  facet normal 0 0 -1
    outer loop
      vertex 240 0 0
      vertex 210.865 3.92395 0
      vertex 211.225 3.99541 0
    endloop
  endfacet
  facet normal 0 0 -1
    outer loop
      vertex 240 0 0
      vertex 210.5 3.9 0
      vertex 210.865 3.92395 0
    endloop
  endfacet
  facet normal 0 0 -1
    outer loop
      vertex 240 0 0
      vertex 210.135 3.92395 0
      vertex 210.5 3.9 0
    endloop
  endfacet
  facet normal 0 0 -1
    outer loop
      vertex 207.795 54.9753 0
      vertex 155.3 55.7 0
      vertex 207.724 55.3345 0
    endloop
  endfacet
  facet normal 0 0 -1
    outer loop
      vertex 207.724 6.33453 0
      vertex 155.3 6.7 0
      vertex 207.7 6.7 0
    endloop
  endfacet
  facet normal 0 0 -1
    outer loop
      vertex 155.276 6.33453 0
      vertex 207.724 6.33453 0
      vertex 207.795 5.97531 0
    endloop
  endfacet
  facet normal 0 0 -1
    outer loop
      vertex 155.205 5.97531 0
      vertex 207.795 5.97531 0
      vertex 207.913 5.62849 0
    endloop
  endfacet
  facet normal 0 0 -1
    outer loop
      vertex 155.087 5.62849 0
      vertex 207.913 5.62849 0
      vertex 208.075 5.3 0
    endloop
  endfacet
  facet normal 0 0 -1
    outer loop
      vertex 154.925 5.3 0
      vertex 208.075 5.3 0
      vertex 208.279 4.99547 0
    endloop
  endfacet
  facet normal 0 0 -1
    outer loop
      vertex 154.721 4.99547 0
      vertex 208.279 4.99547 0
      vertex 208.52 4.7201 0
    endloop
  endfacet
  facet normal 0 0 -1
    outer loop
      vertex 154.48 4.7201 0
      vertex 208.52 4.7201 0
      vertex 208.795 4.47861 0
    endloop
  endfacet
  facet normal 0 0 -1
    outer loop
      vertex 154.205 4.47861 0
      vertex 208.795 4.47861 0
      vertex 209.1 4.27513 0
    endloop
  endfacet
  facet normal 0 0 -1
    outer loop
      vertex 153.9 4.27513 0
      vertex 209.1 4.27513 0
      vertex 209.428 4.11314 0
    endloop
  endfacet
  facet normal 0 0 -1
    outer loop
      vertex 153.572 4.11314 0
      vertex 209.428 4.11314 0
      vertex 209.775 3.99541 0
    endloop
  endfacet
  facet normal 0 0 -1
    outer loop
      vertex 153.225 3.99541 0
      vertex 209.775 3.99541 0
      vertex 210.135 3.92395 0
    endloop
  endfacet
  facet normal 0 0 -1
    outer loop
      vertex 152.865 3.92395 0
      vertex 210.135 3.92395 0
      vertex 240 0 0
    endloop
  endfacet
  facet normal 0 0 -1
    outer loop
      vertex 207.724 6.33453 0
      vertex 155.276 6.33453 0
      vertex 155.3 6.7 0
    endloop
  endfacet
  facet normal 0 0 -1
    outer loop
      vertex 207.795 5.97531 0
      vertex 155.205 5.97531 0
      vertex 155.276 6.33453 0
    endloop
  endfacet
  facet normal 0 0 -1
    outer loop
      vertex 207.913 5.62849 0
      vertex 155.087 5.62849 0
      vertex 155.205 5.97531 0
    endloop
  endfacet
  facet normal 0 0 -1
    outer loop
      vertex 208.075 5.3 0
      vertex 154.925 5.3 0
      vertex 155.087 5.62849 0
    endloop
  endfacet
  facet normal 0 0 -1
    outer loop
      vertex 208.279 4.99547 0
      vertex 154.721 4.99547 0
      vertex 154.925 5.3 0
    endloop
  endfacet
  facet normal 0 0 -1
    outer loop
      vertex 208.52 4.7201 0
      vertex 154.48 4.7201 0
      vertex 154.721 4.99547 0
    endloop
  endfacet
  facet normal 0 0 -1
    outer loop
      vertex 208.795 4.47861 0
      vertex 154.205 4.47861 0
      vertex 154.48 4.7201 0
    endloop
  endfacet
  facet normal 0 0 -1
    outer loop
      vertex 209.1 4.27513 0
      vertex 153.9 4.27513 0
      vertex 154.205 4.47861 0
    endloop
  endfacet
  facet normal 0 0 -1
    outer loop
      vertex 209.428 4.11314 0
      vertex 153.572 4.11314 0
      vertex 153.9 4.27513 0
    endloop
  endfacet
  facet normal 0 0 -1
    outer loop
      vertex 209.775 3.99541 0
      vertex 153.225 3.99541 0
      vertex 153.572 4.11314 0
    endloop
  endfacet
  facet normal 0 0 -1
    outer loop
      vertex 210.135 3.92395 0
      vertex 152.865 3.92395 0
      vertex 153.225 3.99541 0
    endloop
  endfacet
  facet normal 0 0 -1
    outer loop
      vertex 240 0 0
      vertex 152.5 3.9 0
      vertex 152.865 3.92395 0
    endloop
  endfacet
  facet normal -0 0 -1
    outer loop
      vertex 149.724 55.3345 0
      vertex 0 0 0
      vertex 149.7 55.7 0
    endloop
  endfacet
  facet normal -0 0 -1
    outer loop
      vertex 149.724 6.33453 0
      vertex 0 0 0
      vertex 149.7 6.7 0
    endloop
  endfacet
  facet normal -0 0 -1
    outer loop
      vertex 149.795 5.97531 0
      vertex 0 0 0
      vertex 149.724 6.33453 0
    endloop
  endfacet
  facet normal -0 0 -1
    outer loop
      vertex 149.913 5.62849 0
      vertex 0 0 0
      vertex 149.795 5.97531 0
    endloop
  endfacet
  facet normal -0 0 -1
    outer loop
      vertex 150.075 5.3 0
      vertex 0 0 0
      vertex 149.913 5.62849 0
    endloop
  endfacet
  facet normal -0 0 -1
    outer loop
      vertex 150.279 4.99547 0
      vertex 0 0 0
      vertex 150.075 5.3 0
    endloop
  endfacet
  facet normal -0 0 -1
    outer loop
      vertex 150.52 4.7201 0
      vertex 0 0 0
      vertex 150.279 4.99547 0
    endloop
  endfacet
  facet normal -0 0 -1
    outer loop
      vertex 150.795 4.47861 0
      vertex 0 0 0
      vertex 150.52 4.7201 0
    endloop
  endfacet
  facet normal -0 0 -1
    outer loop
      vertex 151.1 4.27513 0
      vertex 0 0 0
      vertex 150.795 4.47861 0
    endloop
  endfacet
  facet normal -0 0 -1
    outer loop
      vertex 151.428 4.11314 0
      vertex 0 0 0
      vertex 151.1 4.27513 0
    endloop
  endfacet
  facet normal -0 0 -1
    outer loop
      vertex 151.775 3.99541 0
      vertex 0 0 0
      vertex 151.428 4.11314 0
    endloop
  endfacet
  facet normal -0 0 -1
    outer loop
      vertex 152.135 3.92395 0
      vertex 0 0 0
      vertex 151.775 3.99541 0
    endloop
  endfacet
  facet normal -0 0 -1
    outer loop
      vertex 152.5 3.9 0
      vertex 0 0 0
      vertex 152.135 3.92395 0
    endloop
  endfacet
  facet normal 0 0 -1
    outer loop
      vertex 0 0 0
      vertex 152.5 3.9 0
      vertex 240 0 0
    endloop
  endfacet
  facet normal 0 0 -1
    outer loop
      vertex 213.276 56.0655 0
      vertex 240 0 0
      vertex 213.3 55.7 0
    endloop
  endfacet
  facet normal 0 0 -1
    outer loop
      vertex 240 0 0
      vertex 213.276 56.0655 0
      vertex 240 145 0
    endloop
  endfacet
  facet normal 0 0 -1
    outer loop
      vertex 213.205 56.4247 0
      vertex 240 145 0
      vertex 213.276 56.0655 0
    endloop
  endfacet
  facet normal 0 0 -1
    outer loop
      vertex 213.087 56.7715 0
      vertex 240 145 0
      vertex 213.205 56.4247 0
    endloop
  endfacet
  facet normal 0 0 -1
    outer loop
      vertex 212.925 57.1 0
      vertex 240 145 0
      vertex 213.087 56.7715 0
    endloop
  endfacet
  facet normal 0 0 -1
    outer loop
      vertex 212.721 57.4045 0
      vertex 240 145 0
      vertex 212.925 57.1 0
    endloop
  endfacet
  facet normal 0 0 -1
    outer loop
      vertex 212.48 57.6799 0
      vertex 240 145 0
      vertex 212.721 57.4045 0
    endloop
  endfacet
  facet normal 0 0 -1
    outer loop
      vertex 212.205 57.9214 0
      vertex 240 145 0
      vertex 212.48 57.6799 0
    endloop
  endfacet
  facet normal 0 0 -1
    outer loop
      vertex 211.9 58.1249 0
      vertex 240 145 0
      vertex 212.205 57.9214 0
    endloop
  endfacet
  facet normal 0 0 -1
    outer loop
      vertex 211.572 58.2869 0
      vertex 240 145 0
      vertex 211.9 58.1249 0
    endloop
  endfacet
  facet normal 0 0 -1
    outer loop
      vertex 211.225 58.4046 0
      vertex 240 145 0
      vertex 211.572 58.2869 0
    endloop
  endfacet
  facet normal 0 0 -1
    outer loop
      vertex 210.865 58.476 0
      vertex 240 145 0
      vertex 211.225 58.4046 0
    endloop
  endfacet
  facet normal 0 0 -1
    outer loop
      vertex 210.5 58.5 0
      vertex 240 145 0
      vertex 210.865 58.476 0
    endloop
  endfacet
  facet normal 0 0 -1
    outer loop
      vertex 210.135 58.476 0
      vertex 240 145 0
      vertex 210.5 58.5 0
    endloop
  endfacet
  facet normal 0 0 -1
    outer loop
      vertex 209.775 58.4046 0
      vertex 240 145 0
      vertex 210.135 58.476 0
    endloop
  endfacet
  facet normal 0 0 -1
    outer loop
      vertex 209.428 58.2869 0
      vertex 240 145 0
      vertex 209.775 58.4046 0
    endloop
  endfacet
  facet normal 0 0 -1
    outer loop
      vertex 153.572 58.2869 0
      vertex 209.428 58.2869 0
      vertex 209.1 58.1249 0
    endloop
  endfacet
  facet normal 0 0 -1
    outer loop
      vertex 153.9 58.1249 0
      vertex 209.1 58.1249 0
      vertex 208.795 57.9214 0
    endloop
  endfacet
  facet normal 0 0 -1
    outer loop
      vertex 154.205 57.9214 0
      vertex 208.795 57.9214 0
      vertex 208.52 57.6799 0
    endloop
  endfacet
  facet normal 0 0 -1
    outer loop
      vertex 154.48 57.6799 0
      vertex 208.52 57.6799 0
      vertex 208.279 57.4045 0
    endloop
  endfacet
  facet normal 0 0 -1
    outer loop
      vertex 154.721 57.4045 0
      vertex 208.279 57.4045 0
      vertex 208.075 57.1 0
    endloop
  endfacet
  facet normal 0 0 -1
    outer loop
      vertex 154.925 57.1 0
      vertex 208.075 57.1 0
      vertex 207.913 56.7715 0
    endloop
  endfacet
  facet normal 0 0 -1
    outer loop
      vertex 207.724 55.3345 0
      vertex 155.3 55.7 0
      vertex 207.7 55.7 0
    endloop
  endfacet
  facet normal 0 0 -1
    outer loop
      vertex 207.7 55.7 0
      vertex 155.3 55.7 0
      vertex 207.724 56.0655 0
    endloop
  endfacet
  facet normal 0 0 -1
    outer loop
      vertex 155.276 56.0655 0
      vertex 207.724 56.0655 0
      vertex 155.3 55.7 0
    endloop
  endfacet
  facet normal 0 0 -1
    outer loop
      vertex 207.724 56.0655 0
      vertex 155.276 56.0655 0
      vertex 207.795 56.4247 0
    endloop
  endfacet
  facet normal 0 0 -1
    outer loop
      vertex 155.205 56.4247 0
      vertex 207.795 56.4247 0
      vertex 155.276 56.0655 0
    endloop
  endfacet
  facet normal 0 0 -1
    outer loop
      vertex 207.795 56.4247 0
      vertex 155.205 56.4247 0
      vertex 207.913 56.7715 0
    endloop
  endfacet
  facet normal 0 0 -1
    outer loop
      vertex 155.087 56.7715 0
      vertex 207.913 56.7715 0
      vertex 155.205 56.4247 0
    endloop
  endfacet
  facet normal 0 0 -1
    outer loop
      vertex 154.925 57.1 0
      vertex 207.913 56.7715 0
      vertex 155.087 56.7715 0
    endloop
  endfacet
  facet normal 0 0 -1
    outer loop
      vertex 208.075 57.1 0
      vertex 154.925 57.1 0
      vertex 154.721 57.4045 0
    endloop
  endfacet
  facet normal 0 0 -1
    outer loop
      vertex 208.279 57.4045 0
      vertex 154.721 57.4045 0
      vertex 154.48 57.6799 0
    endloop
  endfacet
  facet normal 0 0 -1
    outer loop
      vertex 208.52 57.6799 0
      vertex 154.48 57.6799 0
      vertex 154.205 57.9214 0
    endloop
  endfacet
  facet normal 0 0 -1
    outer loop
      vertex 208.795 57.9214 0
      vertex 154.205 57.9214 0
      vertex 153.9 58.1249 0
    endloop
  endfacet
  facet normal 0 0 -1
    outer loop
      vertex 209.1 58.1249 0
      vertex 153.9 58.1249 0
      vertex 153.572 58.2869 0
    endloop
  endfacet
  facet normal 0 0 -1
    outer loop
      vertex 209.428 58.2869 0
      vertex 153.572 58.2869 0
      vertex 240 145 0
    endloop
  endfacet
  facet normal 0 0 -1
    outer loop
      vertex 153.225 58.4046 0
      vertex 240 145 0
      vertex 153.572 58.2869 0
    endloop
  endfacet
  facet normal 0 0 -1
    outer loop
      vertex 152.865 58.476 0
      vertex 240 145 0
      vertex 153.225 58.4046 0
    endloop
  endfacet
  facet normal 0 0 -1
    outer loop
      vertex 152.5 58.5 0
      vertex 240 145 0
      vertex 152.865 58.476 0
    endloop
  endfacet
  facet normal 0 0 -1
    outer loop
      vertex 152.135 58.476 0
      vertex 240 145 0
      vertex 152.5 58.5 0
    endloop
  endfacet
  facet normal 0 0 -1
    outer loop
      vertex 151.775 58.4046 0
      vertex 240 145 0
      vertex 152.135 58.476 0
    endloop
  endfacet
  facet normal 0 0 -1
    outer loop
      vertex 0 145 0
      vertex 151.775 58.4046 0
      vertex 151.428 58.2869 0
    endloop
  endfacet
  facet normal 0 0 -1
    outer loop
      vertex 0 145 0
      vertex 151.428 58.2869 0
      vertex 151.1 58.1249 0
    endloop
  endfacet
  facet normal 0 0 -1
    outer loop
      vertex 0 145 0
      vertex 151.1 58.1249 0
      vertex 150.795 57.9214 0
    endloop
  endfacet
  facet normal 0 0 -1
    outer loop
      vertex 0 145 0
      vertex 150.795 57.9214 0
      vertex 150.52 57.6799 0
    endloop
  endfacet
  facet normal 0 0 -1
    outer loop
      vertex 0 0 0
      vertex 149.724 56.0655 0
      vertex 149.7 55.7 0
    endloop
  endfacet
  facet normal 0 0 -1
    outer loop
      vertex 0 145 0
      vertex 149.724 56.0655 0
      vertex 0 0 0
    endloop
  endfacet
  facet normal 0 0 -1
    outer loop
      vertex 149.724 56.0655 0
      vertex 0 145 0
      vertex 149.795 56.4247 0
    endloop
  endfacet
  facet normal 0 0 -1
    outer loop
      vertex 149.795 56.4247 0
      vertex 0 145 0
      vertex 149.913 56.7715 0
    endloop
  endfacet
  facet normal 0 0 -1
    outer loop
      vertex 149.913 56.7715 0
      vertex 0 145 0
      vertex 150.075 57.1 0
    endloop
  endfacet
  facet normal 0 0 -1
    outer loop
      vertex 150.075 57.1 0
      vertex 0 145 0
      vertex 150.279 57.4045 0
    endloop
  endfacet
  facet normal 0 0 -1
    outer loop
      vertex 150.279 57.4045 0
      vertex 0 145 0
      vertex 150.52 57.6799 0
    endloop
  endfacet
  facet normal 0 0 -1
    outer loop
      vertex 151.775 58.4046 0
      vertex 0 145 0
      vertex 240 145 0
    endloop
  endfacet
  facet normal 0 -1 0
    outer loop
      vertex 9 115 4
      vertex 9 115 21.6
      vertex 7 115 21.6
    endloop
  endfacet
  facet normal 0 -1 0
    outer loop
      vertex 9 115 21.6
      vertex 19 115 20
      vertex 83 115 21.6
    endloop
  endfacet
  facet normal 0 -1 0
    outer loop
      vertex 73 115 20
      vertex 83 115 21.6
      vertex 19 115 20
    endloop
  endfacet
  facet normal 0 -1 0
    outer loop
      vertex 9 115 4
      vertex 7 115 21.6
      vertex 7 115 4
    endloop
  endfacet
  facet normal 0 -1 0
    outer loop
      vertex 9 115 21.6
      vertex 9 115 4
      vertex 19 115 20
    endloop
  endfacet
  facet normal 0 -1 0
    outer loop
      vertex 9 115 4
      vertex 19 115 4
      vertex 19 115 20
    endloop
  endfacet
  facet normal 0 -1 0
    outer loop
      vertex 9 115 3
      vertex 19 115 4
      vertex 9 115 4
    endloop
  endfacet
  facet normal 0 -1 -0
    outer loop
      vertex 19 115 4
      vertex 9 115 3
      vertex 73 115 4
    endloop
  endfacet
  facet normal 0 -1 0
    outer loop
      vertex 83 115 3
      vertex 73 115 4
      vertex 9 115 3
    endloop
  endfacet
  facet normal 0 -1 0
    outer loop
      vertex 73 115 4
      vertex 83 115 3
      vertex 83 115 4
    endloop
  endfacet
  facet normal 0 -1 0
    outer loop
      vertex 83 115 4
      vertex 83 115 21.6
      vertex 73 115 20
    endloop
  endfacet
  facet normal 0 -1 0
    outer loop
      vertex 83 115 4
      vertex 73 115 20
      vertex 73 115 4
    endloop
  endfacet
  facet normal 0 -1 0
    outer loop
      vertex 83 115 21.6
      vertex 83 115 4
      vertex 85 115 21.6
    endloop
  endfacet
  facet normal 0 -1 -0
    outer loop
      vertex 85 115 21.6
      vertex 83 115 4
      vertex 85 115 4
    endloop
  endfacet
  facet normal 0 -1 0
    outer loop
      vertex 9 115 23
      vertex 9 115 40.6
      vertex 7 115 40.6
    endloop
  endfacet
  facet normal 0 -1 0
    outer loop
      vertex 9 115 40.6
      vertex 19 115 39
      vertex 83 115 40.6
    endloop
  endfacet
  facet normal 0 -1 0
    outer loop
      vertex 73 115 39
      vertex 83 115 40.6
      vertex 19 115 39
    endloop
  endfacet
  facet normal 0 -1 0
    outer loop
      vertex 9 115 23
      vertex 7 115 40.6
      vertex 7 115 23
    endloop
  endfacet
  facet normal 0 -1 0
    outer loop
      vertex 9 115 40.6
      vertex 9 115 23
      vertex 19 115 39
    endloop
  endfacet
  facet normal 0 -1 0
    outer loop
      vertex 9 115 23
      vertex 19 115 23
      vertex 19 115 39
    endloop
  endfacet
  facet normal 0 -1 0
    outer loop
      vertex 9 115 21.6
      vertex 19 115 23
      vertex 9 115 23
    endloop
  endfacet
  facet normal 0 -1 -0
    outer loop
      vertex 19 115 23
      vertex 9 115 21.6
      vertex 73 115 23
    endloop
  endfacet
  facet normal 0 -1 0
    outer loop
      vertex 83 115 21.6
      vertex 73 115 23
      vertex 9 115 21.6
    endloop
  endfacet
  facet normal 0 -1 0
    outer loop
      vertex 73 115 23
      vertex 83 115 21.6
      vertex 83 115 23
    endloop
  endfacet
  facet normal 0 -1 0
    outer loop
      vertex 83 115 23
      vertex 83 115 40.6
      vertex 73 115 39
    endloop
  endfacet
  facet normal 0 -1 0
    outer loop
      vertex 83 115 23
      vertex 73 115 39
      vertex 73 115 23
    endloop
  endfacet
  facet normal 0 -1 0
    outer loop
      vertex 83 115 40.6
      vertex 83 115 23
      vertex 85 115 40.6
    endloop
  endfacet
  facet normal 0 -1 -0
    outer loop
      vertex 85 115 40.6
      vertex 83 115 23
      vertex 85 115 23
    endloop
  endfacet
  facet normal 0 -1 0
    outer loop
      vertex 9 115 42
      vertex 9 115 59.6
      vertex 7 115 59.6
    endloop
  endfacet
  facet normal 0 -1 0
    outer loop
      vertex 9 115 59.6
      vertex 19 115 58
      vertex 83 115 59.6
    endloop
  endfacet
  facet normal 0 -1 0
    outer loop
      vertex 73 115 58
      vertex 83 115 59.6
      vertex 19 115 58
    endloop
  endfacet
  facet normal 0 -1 0
    outer loop
      vertex 9 115 42
      vertex 7 115 59.6
      vertex 7 115 42
    endloop
  endfacet
  facet normal 0 -1 0
    outer loop
      vertex 9 115 59.6
      vertex 9 115 42
      vertex 19 115 58
    endloop
  endfacet
  facet normal 0 -1 0
    outer loop
      vertex 9 115 42
      vertex 19 115 42
      vertex 19 115 58
    endloop
  endfacet
  facet normal 0 -1 0
    outer loop
      vertex 9 115 40.6
      vertex 19 115 42
      vertex 9 115 42
    endloop
  endfacet
  facet normal 0 -1 -0
    outer loop
      vertex 19 115 42
      vertex 9 115 40.6
      vertex 73 115 42
    endloop
  endfacet
  facet normal 0 -1 0
    outer loop
      vertex 83 115 40.6
      vertex 73 115 42
      vertex 9 115 40.6
    endloop
  endfacet
  facet normal 0 -1 0
    outer loop
      vertex 73 115 42
      vertex 83 115 40.6
      vertex 83 115 42
    endloop
  endfacet
  facet normal 0 -1 0
    outer loop
      vertex 83 115 42
      vertex 83 115 59.6
      vertex 73 115 58
    endloop
  endfacet
  facet normal 0 -1 0
    outer loop
      vertex 83 115 42
      vertex 73 115 58
      vertex 73 115 42
    endloop
  endfacet
  facet normal 0 -1 0
    outer loop
      vertex 83 115 59.6
      vertex 83 115 42
      vertex 85 115 59.6
    endloop
  endfacet
  facet normal 0 -1 -0
    outer loop
      vertex 85 115 59.6
      vertex 83 115 42
      vertex 85 115 42
    endloop
  endfacet
  facet normal 0 -1 0
    outer loop
      vertex 9 115 61
      vertex 9 115 78.6
      vertex 7 115 78.6
    endloop
  endfacet
  facet normal 0 -1 0
    outer loop
      vertex 9 115 78.6
      vertex 19 115 77
      vertex 83 115 78.6
    endloop
  endfacet
  facet normal 0 -1 0
    outer loop
      vertex 73 115 77
      vertex 83 115 78.6
      vertex 19 115 77
    endloop
  endfacet
  facet normal 0 -1 0
    outer loop
      vertex 9 115 61
      vertex 7 115 78.6
      vertex 7 115 61
    endloop
  endfacet
  facet normal 0 -1 0
    outer loop
      vertex 9 115 78.6
      vertex 9 115 61
      vertex 19 115 77
    endloop
  endfacet
  facet normal 0 -1 0
    outer loop
      vertex 9 115 61
      vertex 19 115 61
      vertex 19 115 77
    endloop
  endfacet
  facet normal 0 -1 0
    outer loop
      vertex 9 115 59.6
      vertex 19 115 61
      vertex 9 115 61
    endloop
  endfacet
  facet normal 0 -1 -0
    outer loop
      vertex 19 115 61
      vertex 9 115 59.6
      vertex 73 115 61
    endloop
  endfacet
  facet normal 0 -1 0
    outer loop
      vertex 83 115 59.6
      vertex 73 115 61
      vertex 9 115 59.6
    endloop
  endfacet
  facet normal 0 -1 0
    outer loop
      vertex 73 115 61
      vertex 83 115 59.6
      vertex 83 115 61
    endloop
  endfacet
  facet normal 0 -1 0
    outer loop
      vertex 83 115 61
      vertex 83 115 78.6
      vertex 73 115 77
    endloop
  endfacet
  facet normal 0 -1 0
    outer loop
      vertex 83 115 61
      vertex 73 115 77
      vertex 73 115 61
    endloop
  endfacet
  facet normal 0 -1 0
    outer loop
      vertex 83 115 78.6
      vertex 83 115 61
      vertex 85 115 78.6
    endloop
  endfacet
  facet normal 0 -1 -0
    outer loop
      vertex 85 115 78.6
      vertex 83 115 61
      vertex 85 115 61
    endloop
  endfacet
  facet normal 0 -1 0
    outer loop
      vertex 19 115 96
      vertex 7 115 102
      vertex 7 115 99
    endloop
  endfacet
  facet normal 0 -1 0
    outer loop
      vertex 7 115 102
      vertex 19 115 96
      vertex 85 115 102
    endloop
  endfacet
  facet normal 0 -1 0
    outer loop
      vertex 73 115 96
      vertex 85 115 102
      vertex 19 115 96
    endloop
  endfacet
  facet normal 0 -1 0
    outer loop
      vertex 9 115 80
      vertex 7 115 99
      vertex 7 115 80
    endloop
  endfacet
  facet normal 0 -1 0
    outer loop
      vertex 7 115 99
      vertex 9 115 80
      vertex 19 115 96
    endloop
  endfacet
  facet normal 0 -1 0
    outer loop
      vertex 9 115 80
      vertex 19 115 80
      vertex 19 115 96
    endloop
  endfacet
  facet normal 0 -1 0
    outer loop
      vertex 9 115 78.6
      vertex 19 115 80
      vertex 9 115 80
    endloop
  endfacet
  facet normal 0 -1 -0
    outer loop
      vertex 19 115 80
      vertex 9 115 78.6
      vertex 73 115 80
    endloop
  endfacet
  facet normal 0 -1 0
    outer loop
      vertex 83 115 78.6
      vertex 73 115 80
      vertex 9 115 78.6
    endloop
  endfacet
  facet normal 0 -1 0
    outer loop
      vertex 73 115 80
      vertex 83 115 78.6
      vertex 83 115 80
    endloop
  endfacet
  facet normal 0 -1 -0
    outer loop
      vertex 85 115 102
      vertex 73 115 96
      vertex 85 115 99
    endloop
  endfacet
  facet normal 0 -1 0
    outer loop
      vertex 83 115 80
      vertex 73 115 96
      vertex 73 115 80
    endloop
  endfacet
  facet normal 0 -1 0
    outer loop
      vertex 73 115 96
      vertex 83 115 80
      vertex 85 115 99
    endloop
  endfacet
  facet normal 0 -1 -0
    outer loop
      vertex 85 115 99
      vertex 83 115 80
      vertex 85 115 80
    endloop
  endfacet
  facet normal 0 1 0
    outer loop
      vertex 88 118 20
      vertex 73 118 4
      vertex 73 118 20
    endloop
  endfacet
  facet normal 0 1 0
    outer loop
      vertex 73 118 4
      vertex 88 118 3
      vertex 19 118 4
    endloop
  endfacet
  facet normal 0 1 -0
    outer loop
      vertex 88 118 3
      vertex 73 118 4
      vertex 88 118 20
    endloop
  endfacet
  facet normal 0 1 0
    outer loop
      vertex 19 118 20
      vertex 19 118 4
      vertex 7 118 20
    endloop
  endfacet
  facet normal 0 1 0
    outer loop
      vertex 19 118 39
      vertex 19 118 23
      vertex 7 118 39
    endloop
  endfacet
  facet normal 0 1 0
    outer loop
      vertex 19 118 58
      vertex 19 118 42
      vertex 7 118 58
    endloop
  endfacet
  facet normal 0 1 0
    outer loop
      vertex 19 118 77
      vertex 19 118 61
      vertex 7 118 77
    endloop
  endfacet
  facet normal 0 1 -0
    outer loop
      vertex 88 118 80
      vertex 85 118 99
      vertex 88 118 99
    endloop
  endfacet
  facet normal 0 1 0
    outer loop
      vertex 85 118 99
      vertex 73 118 96
      vertex 7 118 99
    endloop
  endfacet
  facet normal 0 1 -0
    outer loop
      vertex 19 118 96
      vertex 7 118 99
      vertex 73 118 96
    endloop
  endfacet
  facet normal 0 1 0
    outer loop
      vertex 85 118 99
      vertex 88 118 80
      vertex 73 118 96
    endloop
  endfacet
  facet normal 0 1 0
    outer loop
      vertex 73 118 96
      vertex 88 118 80
      vertex 73 118 80
    endloop
  endfacet
  facet normal 0 1 -0
    outer loop
      vertex 85 118 99
      vertex 7 118 102
      vertex 85 118 102
    endloop
  endfacet
  facet normal 0 1 0
    outer loop
      vertex 7 118 102
      vertex 85 118 99
      vertex 7 118 99
    endloop
  endfacet
  facet normal 0 1 0
    outer loop
      vertex 7 118 80
      vertex 7 118 99
      vertex 19 118 96
    endloop
  endfacet
  facet normal 0 1 0
    outer loop
      vertex 7 118 80
      vertex 19 118 96
      vertex 19 118 80
    endloop
  endfacet
  facet normal 0 1 0
    outer loop
      vertex 7 118 99
      vertex 7 118 80
      vertex 4 118 99
    endloop
  endfacet
  facet normal 0 1 -0
    outer loop
      vertex 7 118 77
      vertex 4 118 99
      vertex 7 118 80
    endloop
  endfacet
  facet normal 0 1 0
    outer loop
      vertex 7 118 61
      vertex 7 118 77
      vertex 19 118 61
    endloop
  endfacet
  facet normal 0 1 -0
    outer loop
      vertex 7 118 61
      vertex 4 118 99
      vertex 7 118 77
    endloop
  endfacet
  facet normal 0 1 -0
    outer loop
      vertex 7 118 58
      vertex 4 118 99
      vertex 7 118 61
    endloop
  endfacet
  facet normal 0 1 0
    outer loop
      vertex 7 118 42
      vertex 7 118 58
      vertex 19 118 42
    endloop
  endfacet
  facet normal 0 1 -0
    outer loop
      vertex 7 118 42
      vertex 4 118 99
      vertex 7 118 58
    endloop
  endfacet
  facet normal 0 1 0
    outer loop
      vertex 4 118 3
      vertex 7 118 42
      vertex 7 118 39
    endloop
  endfacet
  facet normal 0 1 0
    outer loop
      vertex 7 118 23
      vertex 7 118 39
      vertex 19 118 23
    endloop
  endfacet
  facet normal 0 1 0
    outer loop
      vertex 4 118 3
      vertex 7 118 39
      vertex 7 118 23
    endloop
  endfacet
  facet normal 0 1 0
    outer loop
      vertex 4 118 3
      vertex 7 118 23
      vertex 7 118 20
    endloop
  endfacet
  facet normal 0 1 0
    outer loop
      vertex 7 118 42
      vertex 4 118 3
      vertex 4 118 99
    endloop
  endfacet
  facet normal 0 1 0
    outer loop
      vertex 19 118 4
      vertex 4 118 3
      vertex 7 118 20
    endloop
  endfacet
  facet normal 0 1 0
    outer loop
      vertex 4 118 3
      vertex 19 118 4
      vertex 88 118 3
    endloop
  endfacet
  facet normal 0 1 -0
    outer loop
      vertex 88 118 23
      vertex 73 118 39
      vertex 88 118 39
    endloop
  endfacet
  facet normal 0 1 0
    outer loop
      vertex 73 118 39
      vertex 88 118 23
      vertex 73 118 23
    endloop
  endfacet
  facet normal 0 1 -0
    outer loop
      vertex 88 118 42
      vertex 73 118 58
      vertex 88 118 58
    endloop
  endfacet
  facet normal 0 1 0
    outer loop
      vertex 73 118 58
      vertex 88 118 42
      vertex 73 118 42
    endloop
  endfacet
  facet normal 0 1 -0
    outer loop
      vertex 88 118 61
      vertex 73 118 77
      vertex 88 118 77
    endloop
  endfacet
  facet normal 0 1 0
    outer loop
      vertex 73 118 77
      vertex 88 118 61
      vertex 73 118 61
    endloop
  endfacet
  facet normal 0 -1 0
    outer loop
      vertex 88 118 20
      vertex 90 118 23
      vertex 88 118 23
    endloop
  endfacet
  facet normal 0 -1 -0
    outer loop
      vertex 90 118 23
      vertex 88 118 20
      vertex 90 118 20
    endloop
  endfacet
  facet normal 0 -1 0
    outer loop
      vertex 88 118 58
      vertex 90 118 61
      vertex 88 118 61
    endloop
  endfacet
  facet normal 0 -1 -0
    outer loop
      vertex 90 118 61
      vertex 88 118 58
      vertex 90 118 58
    endloop
  endfacet
  facet normal 0 -1 0
    outer loop
      vertex 88 118 39
      vertex 90 118 42
      vertex 88 118 42
    endloop
  endfacet
  facet normal 0 -1 -0
    outer loop
      vertex 90 118 42
      vertex 88 118 39
      vertex 90 118 39
    endloop
  endfacet
  facet normal 0 -1 0
    outer loop
      vertex 88 118 77
      vertex 90 118 80
      vertex 88 118 80
    endloop
  endfacet
  facet normal 0 -1 -0
    outer loop
      vertex 90 118 80
      vertex 88 118 77
      vertex 90 118 77
    endloop
  endfacet
  facet normal 0 0 1
    outer loop
      vertex 90 142 23
      vertex 88 118 23
      vertex 90 118 23
    endloop
  endfacet
  facet normal 0 0 1
    outer loop
      vertex 90 142 23
      vertex 73 118 23
      vertex 88 118 23
    endloop
  endfacet
  facet normal 0 0 1
    outer loop
      vertex 73 118 23
      vertex 19 118 23
      vertex 73 115 23
    endloop
  endfacet
  facet normal -0 0 1
    outer loop
      vertex 7 142 23
      vertex 73 118 23
      vertex 90 142 23
    endloop
  endfacet
  facet normal 0 0 1
    outer loop
      vertex 73 118 23
      vertex 7 142 23
      vertex 19 118 23
    endloop
  endfacet
  facet normal 0 0 1
    outer loop
      vertex 19 118 23
      vertex 7 142 23
      vertex 7 118 23
    endloop
  endfacet
  facet normal 0 0 1
    outer loop
      vertex 73 115 23
      vertex 19 118 23
      vertex 19 115 23
    endloop
  endfacet
  facet normal 0 0 -1
    outer loop
      vertex 73 115 20
      vertex 19 115 20
      vertex 73 118 20
    endloop
  endfacet
  facet normal 0 0 -1
    outer loop
      vertex 88 118 20
      vertex 90 142 20
      vertex 90 118 20
    endloop
  endfacet
  facet normal 0 0 -1
    outer loop
      vertex 73 118 20
      vertex 90 142 20
      vertex 88 118 20
    endloop
  endfacet
  facet normal 0 0 -1
    outer loop
      vertex 19 118 20
      vertex 73 118 20
      vertex 19 115 20
    endloop
  endfacet
  facet normal 0 0 -1
    outer loop
      vertex 7 142 20
      vertex 73 118 20
      vertex 19 118 20
    endloop
  endfacet
  facet normal 0 0 -1
    outer loop
      vertex 7 142 20
      vertex 19 118 20
      vertex 7 118 20
    endloop
  endfacet
  facet normal 0 0 -1
    outer loop
      vertex 73 118 20
      vertex 7 142 20
      vertex 90 142 20
    endloop
  endfacet
  facet normal 0 0 1
    outer loop
      vertex 90 142 42
      vertex 88 118 42
      vertex 90 118 42
    endloop
  endfacet
  facet normal 0 0 1
    outer loop
      vertex 90 142 42
      vertex 73 118 42
      vertex 88 118 42
    endloop
  endfacet
  facet normal 0 0 1
    outer loop
      vertex 73 118 42
      vertex 19 118 42
      vertex 73 115 42
    endloop
  endfacet
  facet normal -0 0 1
    outer loop
      vertex 7 142 42
      vertex 73 118 42
      vertex 90 142 42
    endloop
  endfacet
  facet normal 0 0 1
    outer loop
      vertex 73 118 42
      vertex 7 142 42
      vertex 19 118 42
    endloop
  endfacet
  facet normal 0 0 1
    outer loop
      vertex 19 118 42
      vertex 7 142 42
      vertex 7 118 42
    endloop
  endfacet
  facet normal 0 0 1
    outer loop
      vertex 73 115 42
      vertex 19 118 42
      vertex 19 115 42
    endloop
  endfacet
  facet normal 0 0 -1
    outer loop
      vertex 73 115 39
      vertex 19 115 39
      vertex 73 118 39
    endloop
  endfacet
  facet normal 0 0 -1
    outer loop
      vertex 88 118 39
      vertex 90 142 39
      vertex 90 118 39
    endloop
  endfacet
  facet normal 0 0 -1
    outer loop
      vertex 73 118 39
      vertex 90 142 39
      vertex 88 118 39
    endloop
  endfacet
  facet normal 0 0 -1
    outer loop
      vertex 19 118 39
      vertex 73 118 39
      vertex 19 115 39
    endloop
  endfacet
  facet normal 0 0 -1
    outer loop
      vertex 7 142 39
      vertex 73 118 39
      vertex 19 118 39
    endloop
  endfacet
  facet normal 0 0 -1
    outer loop
      vertex 7 142 39
      vertex 19 118 39
      vertex 7 118 39
    endloop
  endfacet
  facet normal 0 0 -1
    outer loop
      vertex 73 118 39
      vertex 7 142 39
      vertex 90 142 39
    endloop
  endfacet
  facet normal 0 0 1
    outer loop
      vertex 90 142 61
      vertex 88 118 61
      vertex 90 118 61
    endloop
  endfacet
  facet normal 0 0 1
    outer loop
      vertex 90 142 61
      vertex 73 118 61
      vertex 88 118 61
    endloop
  endfacet
  facet normal 0 0 1
    outer loop
      vertex 73 118 61
      vertex 19 118 61
      vertex 73 115 61
    endloop
  endfacet
  facet normal -0 0 1
    outer loop
      vertex 7 142 61
      vertex 73 118 61
      vertex 90 142 61
    endloop
  endfacet
  facet normal 0 0 1
    outer loop
      vertex 73 118 61
      vertex 7 142 61
      vertex 19 118 61
    endloop
  endfacet
  facet normal 0 0 1
    outer loop
      vertex 19 118 61
      vertex 7 142 61
      vertex 7 118 61
    endloop
  endfacet
  facet normal 0 0 1
    outer loop
      vertex 73 115 61
      vertex 19 118 61
      vertex 19 115 61
    endloop
  endfacet
  facet normal 0 0 -1
    outer loop
      vertex 73 115 58
      vertex 19 115 58
      vertex 73 118 58
    endloop
  endfacet
  facet normal 0 0 -1
    outer loop
      vertex 88 118 58
      vertex 90 142 58
      vertex 90 118 58
    endloop
  endfacet
  facet normal 0 0 -1
    outer loop
      vertex 73 118 58
      vertex 90 142 58
      vertex 88 118 58
    endloop
  endfacet
  facet normal 0 0 -1
    outer loop
      vertex 19 118 58
      vertex 73 118 58
      vertex 19 115 58
    endloop
  endfacet
  facet normal 0 0 -1
    outer loop
      vertex 7 142 58
      vertex 73 118 58
      vertex 19 118 58
    endloop
  endfacet
  facet normal 0 0 -1
    outer loop
      vertex 7 142 58
      vertex 19 118 58
      vertex 7 118 58
    endloop
  endfacet
  facet normal 0 0 -1
    outer loop
      vertex 73 118 58
      vertex 7 142 58
      vertex 90 142 58
    endloop
  endfacet
  facet normal 0 0 1
    outer loop
      vertex 90 142 80
      vertex 88 118 80
      vertex 90 118 80
    endloop
  endfacet
  facet normal 0 0 1
    outer loop
      vertex 90 142 80
      vertex 73 118 80
      vertex 88 118 80
    endloop
  endfacet
  facet normal 0 0 1
    outer loop
      vertex 73 118 80
      vertex 19 118 80
      vertex 73 115 80
    endloop
  endfacet
  facet normal -0 0 1
    outer loop
      vertex 7 142 80
      vertex 73 118 80
      vertex 90 142 80
    endloop
  endfacet
  facet normal 0 0 1
    outer loop
      vertex 73 118 80
      vertex 7 142 80
      vertex 19 118 80
    endloop
  endfacet
  facet normal 0 0 1
    outer loop
      vertex 19 118 80
      vertex 7 142 80
      vertex 7 118 80
    endloop
  endfacet
  facet normal 0 0 1
    outer loop
      vertex 73 115 80
      vertex 19 118 80
      vertex 19 115 80
    endloop
  endfacet
  facet normal 0 0 -1
    outer loop
      vertex 73 115 77
      vertex 19 115 77
      vertex 73 118 77
    endloop
  endfacet
  facet normal 0 0 -1
    outer loop
      vertex 88 118 77
      vertex 90 142 77
      vertex 90 118 77
    endloop
  endfacet
  facet normal 0 0 -1
    outer loop
      vertex 73 118 77
      vertex 90 142 77
      vertex 88 118 77
    endloop
  endfacet
  facet normal 0 0 -1
    outer loop
      vertex 19 118 77
      vertex 73 118 77
      vertex 19 115 77
    endloop
  endfacet
  facet normal 0 0 -1
    outer loop
      vertex 7 142 77
      vertex 73 118 77
      vertex 19 118 77
    endloop
  endfacet
  facet normal 0 0 -1
    outer loop
      vertex 7 142 77
      vertex 19 118 77
      vertex 7 118 77
    endloop
  endfacet
  facet normal 0 0 -1
    outer loop
      vertex 73 118 77
      vertex 7 142 77
      vertex 90 142 77
    endloop
  endfacet
  facet normal -0 0 1
    outer loop
      vertex 7 118 102
      vertex 85 115 102
      vertex 85 118 102
    endloop
  endfacet
  facet normal 0 0 1
    outer loop
      vertex 85 115 102
      vertex 7 118 102
      vertex 7 115 102
    endloop
  endfacet
  facet normal 0 0 -1
    outer loop
      vertex 19 115 96
      vertex 73 118 96
      vertex 73 115 96
    endloop
  endfacet
  facet normal -0 0 -1
    outer loop
      vertex 73 118 96
      vertex 19 115 96
      vertex 19 118 96
    endloop
  endfacet
  facet normal -1 0 0
    outer loop
      vertex 7 115 99
      vertex 7 118 102
      vertex 7 118 99
    endloop
  endfacet
  facet normal -1 -0 0
    outer loop
      vertex 7 118 102
      vertex 7 115 99
      vertex 7 115 102
    endloop
  endfacet
  facet normal 1 0 0
    outer loop
      vertex 7 115 99
      vertex 7 113.5 88
      vertex 7 115 80
    endloop
  endfacet
  facet normal 1 0 0
    outer loop
      vertex 7 115 99
      vertex 7 112 88
      vertex 7 113.5 88
    endloop
  endfacet
  facet normal 1 -0 0
    outer loop
      vertex 7 11.98 99
      vertex 7 112 88
      vertex 7 115 99
    endloop
  endfacet
  facet normal 1 0 0
    outer loop
      vertex 7 11.98 80
      vertex 7 112 88
      vertex 7 11.98 99
    endloop
  endfacet
  facet normal 1 0 0
    outer loop
      vertex 7 112 88
      vertex 7 11.98 80
      vertex 7 112 80
    endloop
  endfacet
  facet normal 1 0 0
    outer loop
      vertex 7 115 80
      vertex 7 113.5 88
      vertex 7 113.5 80
    endloop
  endfacet
  facet normal 1 0 0
    outer loop
      vertex 7 115 21.6
      vertex 7 113.5 12
      vertex 7 115 4
    endloop
  endfacet
  facet normal 1 0 0
    outer loop
      vertex 7 115 21.6
      vertex 7 112 12
      vertex 7 113.5 12
    endloop
  endfacet
  facet normal 1 -0 0
    outer loop
      vertex 7 11.98 21.6
      vertex 7 112 12
      vertex 7 115 21.6
    endloop
  endfacet
  facet normal 1 0 0
    outer loop
      vertex 7 11.98 4
      vertex 7 112 12
      vertex 7 11.98 21.6
    endloop
  endfacet
  facet normal 1 0 0
    outer loop
      vertex 7 112 12
      vertex 7 11.98 4
      vertex 7 112 4
    endloop
  endfacet
  facet normal 1 0 0
    outer loop
      vertex 7 115 4
      vertex 7 113.5 12
      vertex 7 113.5 4
    endloop
  endfacet
  facet normal 1 0 0
    outer loop
      vertex 7 115 40.6
      vertex 7 113.5 31
      vertex 7 115 23
    endloop
  endfacet
  facet normal 1 0 0
    outer loop
      vertex 7 115 40.6
      vertex 7 112 31
      vertex 7 113.5 31
    endloop
  endfacet
  facet normal 1 -0 0
    outer loop
      vertex 7 11.98 40.6
      vertex 7 112 31
      vertex 7 115 40.6
    endloop
  endfacet
  facet normal 1 0 0
    outer loop
      vertex 7 11.98 23
      vertex 7 112 31
      vertex 7 11.98 40.6
    endloop
  endfacet
  facet normal 1 0 0
    outer loop
      vertex 7 112 31
      vertex 7 11.98 23
      vertex 7 112 23
    endloop
  endfacet
  facet normal 1 0 0
    outer loop
      vertex 7 115 23
      vertex 7 113.5 31
      vertex 7 113.5 23
    endloop
  endfacet
  facet normal 1 0 0
    outer loop
      vertex 7 115 59.6
      vertex 7 113.5 50
      vertex 7 115 42
    endloop
  endfacet
  facet normal 1 0 0
    outer loop
      vertex 7 115 59.6
      vertex 7 112 50
      vertex 7 113.5 50
    endloop
  endfacet
  facet normal 1 -0 0
    outer loop
      vertex 7 11.98 59.6
      vertex 7 112 50
      vertex 7 115 59.6
    endloop
  endfacet
  facet normal 1 0 0
    outer loop
      vertex 7 11.98 42
      vertex 7 112 50
      vertex 7 11.98 59.6
    endloop
  endfacet
  facet normal 1 0 0
    outer loop
      vertex 7 112 50
      vertex 7 11.98 42
      vertex 7 112 42
    endloop
  endfacet
  facet normal 1 0 0
    outer loop
      vertex 7 115 42
      vertex 7 113.5 50
      vertex 7 113.5 42
    endloop
  endfacet
  facet normal 1 0 0
    outer loop
      vertex 7 115 78.6
      vertex 7 113.5 69
      vertex 7 115 61
    endloop
  endfacet
  facet normal 1 0 0
    outer loop
      vertex 7 115 78.6
      vertex 7 112 69
      vertex 7 113.5 69
    endloop
  endfacet
  facet normal 1 -0 0
    outer loop
      vertex 7 11.98 78.6
      vertex 7 112 69
      vertex 7 115 78.6
    endloop
  endfacet
  facet normal 1 0 0
    outer loop
      vertex 7 11.98 61
      vertex 7 112 69
      vertex 7 11.98 78.6
    endloop
  endfacet
  facet normal 1 0 0
    outer loop
      vertex 7 112 69
      vertex 7 11.98 61
      vertex 7 112 61
    endloop
  endfacet
  facet normal 1 0 0
    outer loop
      vertex 7 115 61
      vertex 7 113.5 69
      vertex 7 113.5 61
    endloop
  endfacet
  facet normal 1 -0 0
    outer loop
      vertex 85 115 102
      vertex 85 118 99
      vertex 85 118 102
    endloop
  endfacet
  facet normal 1 0 0
    outer loop
      vertex 85 118 99
      vertex 85 115 102
      vertex 85 115 99
    endloop
  endfacet
  facet normal -1 0 0
    outer loop
      vertex 85 112 80
      vertex 85 11.98 80
      vertex 85 112 88
    endloop
  endfacet
  facet normal -1 0 0
    outer loop
      vertex 85 113.5 88
      vertex 85 115 80
      vertex 85 113.5 80
    endloop
  endfacet
  facet normal -1 0 0
    outer loop
      vertex 85 115 80
      vertex 85 113.5 88
      vertex 85 115 99
    endloop
  endfacet
  facet normal -1 0 0
    outer loop
      vertex 85 112 88
      vertex 85 115 99
      vertex 85 113.5 88
    endloop
  endfacet
  facet normal -1 0 0
    outer loop
      vertex 85 11.98 99
      vertex 85 112 88
      vertex 85 11.98 80
    endloop
  endfacet
  facet normal -1 0 0
    outer loop
      vertex 85 112 88
      vertex 85 11.98 99
      vertex 85 115 99
    endloop
  endfacet
  facet normal -1 0 0
    outer loop
      vertex 85 112 4
      vertex 85 11.98 4
      vertex 85 112 12
    endloop
  endfacet
  facet normal -1 0 0
    outer loop
      vertex 85 113.5 12
      vertex 85 115 4
      vertex 85 113.5 4
    endloop
  endfacet
  facet normal -1 0 0
    outer loop
      vertex 85 115 4
      vertex 85 113.5 12
      vertex 85 115 21.6
    endloop
  endfacet
  facet normal -1 0 0
    outer loop
      vertex 85 112 12
      vertex 85 115 21.6
      vertex 85 113.5 12
    endloop
  endfacet
  facet normal -1 0 0
    outer loop
      vertex 85 11.98 21.6
      vertex 85 112 12
      vertex 85 11.98 4
    endloop
  endfacet
  facet normal -1 0 0
    outer loop
      vertex 85 112 12
      vertex 85 11.98 21.6
      vertex 85 115 21.6
    endloop
  endfacet
  facet normal -1 0 0
    outer loop
      vertex 85 112 42
      vertex 85 11.98 42
      vertex 85 112 50
    endloop
  endfacet
  facet normal -1 0 0
    outer loop
      vertex 85 113.5 50
      vertex 85 115 42
      vertex 85 113.5 42
    endloop
  endfacet
  facet normal -1 0 0
    outer loop
      vertex 85 115 42
      vertex 85 113.5 50
      vertex 85 115 59.6
    endloop
  endfacet
  facet normal -1 0 0
    outer loop
      vertex 85 112 50
      vertex 85 115 59.6
      vertex 85 113.5 50
    endloop
  endfacet
  facet normal -1 0 0
    outer loop
      vertex 85 11.98 59.6
      vertex 85 112 50
      vertex 85 11.98 42
    endloop
  endfacet
  facet normal -1 0 0
    outer loop
      vertex 85 112 50
      vertex 85 11.98 59.6
      vertex 85 115 59.6
    endloop
  endfacet
  facet normal -1 0 0
    outer loop
      vertex 85 112 23
      vertex 85 11.98 23
      vertex 85 112 31
    endloop
  endfacet
  facet normal -1 0 0
    outer loop
      vertex 85 113.5 31
      vertex 85 115 23
      vertex 85 113.5 23
    endloop
  endfacet
  facet normal -1 0 0
    outer loop
      vertex 85 115 23
      vertex 85 113.5 31
      vertex 85 115 40.6
    endloop
  endfacet
  facet normal -1 0 0
    outer loop
      vertex 85 112 31
      vertex 85 115 40.6
      vertex 85 113.5 31
    endloop
  endfacet
  facet normal -1 0 0
    outer loop
      vertex 85 11.98 40.6
      vertex 85 112 31
      vertex 85 11.98 23
    endloop
  endfacet
  facet normal -1 0 0
    outer loop
      vertex 85 112 31
      vertex 85 11.98 40.6
      vertex 85 115 40.6
    endloop
  endfacet
  facet normal -1 0 0
    outer loop
      vertex 85 112 61
      vertex 85 11.98 61
      vertex 85 112 69
    endloop
  endfacet
  facet normal -1 0 0
    outer loop
      vertex 85 113.5 69
      vertex 85 115 61
      vertex 85 113.5 61
    endloop
  endfacet
  facet normal -1 0 0
    outer loop
      vertex 85 115 61
      vertex 85 113.5 69
      vertex 85 115 78.6
    endloop
  endfacet
  facet normal -1 0 0
    outer loop
      vertex 85 112 69
      vertex 85 115 78.6
      vertex 85 113.5 69
    endloop
  endfacet
  facet normal -1 0 0
    outer loop
      vertex 85 11.98 78.6
      vertex 85 112 69
      vertex 85 11.98 61
    endloop
  endfacet
  facet normal -1 0 0
    outer loop
      vertex 85 112 69
      vertex 85 11.98 78.6
      vertex 85 115 78.6
    endloop
  endfacet
  facet normal -1 0 0
    outer loop
      vertex 7 118 20
      vertex 7 142 23
      vertex 7 142 20
    endloop
  endfacet
  facet normal -1 -0 0
    outer loop
      vertex 7 142 23
      vertex 7 118 20
      vertex 7 118 23
    endloop
  endfacet
  facet normal 1 -0 0
    outer loop
      vertex 90 118 23
      vertex 90 142 20
      vertex 90 142 23
    endloop
  endfacet
  facet normal 1 0 0
    outer loop
      vertex 90 142 20
      vertex 90 118 23
      vertex 90 118 20
    endloop
  endfacet
  facet normal -1 0 0
    outer loop
      vertex 7 118 39
      vertex 7 142 42
      vertex 7 142 39
    endloop
  endfacet
  facet normal -1 -0 0
    outer loop
      vertex 7 142 42
      vertex 7 118 39
      vertex 7 118 42
    endloop
  endfacet
  facet normal 1 -0 0
    outer loop
      vertex 90 118 42
      vertex 90 142 39
      vertex 90 142 42
    endloop
  endfacet
  facet normal 1 0 0
    outer loop
      vertex 90 142 39
      vertex 90 118 42
      vertex 90 118 39
    endloop
  endfacet
  facet normal -1 0 0
    outer loop
      vertex 7 118 58
      vertex 7 142 61
      vertex 7 142 58
    endloop
  endfacet
  facet normal -1 -0 0
    outer loop
      vertex 7 142 61
      vertex 7 118 58
      vertex 7 118 61
    endloop
  endfacet
  facet normal 1 -0 0
    outer loop
      vertex 90 118 61
      vertex 90 142 58
      vertex 90 142 61
    endloop
  endfacet
  facet normal 1 0 0
    outer loop
      vertex 90 142 58
      vertex 90 118 61
      vertex 90 118 58
    endloop
  endfacet
  facet normal -1 0 0
    outer loop
      vertex 7 118 77
      vertex 7 142 80
      vertex 7 142 77
    endloop
  endfacet
  facet normal -1 -0 0
    outer loop
      vertex 7 142 80
      vertex 7 118 77
      vertex 7 118 80
    endloop
  endfacet
  facet normal 1 -0 0
    outer loop
      vertex 90 118 80
      vertex 90 142 77
      vertex 90 142 80
    endloop
  endfacet
  facet normal 1 0 0
    outer loop
      vertex 90 142 77
      vertex 90 118 80
      vertex 90 118 77
    endloop
  endfacet
  facet normal -1 0 0
    outer loop
      vertex 4 20 79
      vertex 4 96 88
      vertex 4 96 79
    endloop
  endfacet
  facet normal -1 -0 0
    outer loop
      vertex 4 96 88
      vertex 4 20 79
      vertex 4 20 88
    endloop
  endfacet
  facet normal -1 0 0
    outer loop
      vertex 4 20 66
      vertex 4 96 75
      vertex 4 96 66
    endloop
  endfacet
  facet normal -1 -0 0
    outer loop
      vertex 4 96 75
      vertex 4 20 66
      vertex 4 20 75
    endloop
  endfacet
  facet normal -1 0 0
    outer loop
      vertex 4 20 53
      vertex 4 96 62
      vertex 4 96 53
    endloop
  endfacet
  facet normal -1 -0 0
    outer loop
      vertex 4 96 62
      vertex 4 20 53
      vertex 4 20 62
    endloop
  endfacet
  facet normal -1 0 0
    outer loop
      vertex 4 20 40
      vertex 4 96 49
      vertex 4 96 40
    endloop
  endfacet
  facet normal -1 -0 0
    outer loop
      vertex 4 96 49
      vertex 4 20 40
      vertex 4 20 49
    endloop
  endfacet
  facet normal -1 0 0
    outer loop
      vertex 4 20 27
      vertex 4 96 36
      vertex 4 96 27
    endloop
  endfacet
  facet normal -1 -0 0
    outer loop
      vertex 4 96 36
      vertex 4 20 27
      vertex 4 20 36
    endloop
  endfacet
  facet normal -1 0 0
    outer loop
      vertex 4 20 14
      vertex 4 96 23
      vertex 4 96 14
    endloop
  endfacet
  facet normal -1 -0 0
    outer loop
      vertex 4 96 23
      vertex 4 20 14
      vertex 4 20 23
    endloop
  endfacet
  facet normal -1 0 0
    outer loop
      vertex 4 96 14
      vertex 4 118 3
      vertex 4 96 10
    endloop
  endfacet
  facet normal -1 0 0
    outer loop
      vertex 4 4 3
      vertex 4 96 10
      vertex 4 118 3
    endloop
  endfacet
  facet normal -1 0 0
    outer loop
      vertex 4 4 3
      vertex 4 20 14
      vertex 4 20 10
    endloop
  endfacet
  facet normal -1 -0 0
    outer loop
      vertex 4 20 14
      vertex 4 4 3
      vertex 4 20 23
    endloop
  endfacet
  facet normal -1 -0 0
    outer loop
      vertex 4 20 23
      vertex 4 4 3
      vertex 4 20 27
    endloop
  endfacet
  facet normal -1 -0 0
    outer loop
      vertex 4 20 27
      vertex 4 4 3
      vertex 4 20 36
    endloop
  endfacet
  facet normal -1 -0 0
    outer loop
      vertex 4 20 36
      vertex 4 4 3
      vertex 4 20 40
    endloop
  endfacet
  facet normal -1 -0 0
    outer loop
      vertex 4 20 40
      vertex 4 4 3
      vertex 4 20 49
    endloop
  endfacet
  facet normal -1 -0 0
    outer loop
      vertex 4 20 49
      vertex 4 4 3
      vertex 4 20 53
    endloop
  endfacet
  facet normal -1 0 0
    outer loop
      vertex 4 4 99
      vertex 4 20 53
      vertex 4 4 3
    endloop
  endfacet
  facet normal -1 0 0
    outer loop
      vertex 4 20 53
      vertex 4 4 99
      vertex 4 20 62
    endloop
  endfacet
  facet normal -1 0 0
    outer loop
      vertex 4 20 62
      vertex 4 4 99
      vertex 4 20 66
    endloop
  endfacet
  facet normal -1 0 0
    outer loop
      vertex 4 20 66
      vertex 4 4 99
      vertex 4 20 75
    endloop
  endfacet
  facet normal -1 0 0
    outer loop
      vertex 4 20 75
      vertex 4 4 99
      vertex 4 20 79
    endloop
  endfacet
  facet normal -1 0 0
    outer loop
      vertex 4 20 79
      vertex 4 4 99
      vertex 4 20 88
    endloop
  endfacet
  facet normal -1 -0 0
    outer loop
      vertex 4 96 10
      vertex 4 4 3
      vertex 4 20 10
    endloop
  endfacet
  facet normal -1 0 0
    outer loop
      vertex 4 96 23
      vertex 4 118 3
      vertex 4 96 14
    endloop
  endfacet
  facet normal -1 0 0
    outer loop
      vertex 4 96 27
      vertex 4 118 3
      vertex 4 96 23
    endloop
  endfacet
  facet normal -1 0 0
    outer loop
      vertex 4 96 36
      vertex 4 118 3
      vertex 4 96 27
    endloop
  endfacet
  facet normal -1 0 0
    outer loop
      vertex 4 96 40
      vertex 4 118 3
      vertex 4 96 36
    endloop
  endfacet
  facet normal -1 0 0
    outer loop
      vertex 4 96 49
      vertex 4 118 3
      vertex 4 96 40
    endloop
  endfacet
  facet normal -1 0 0
    outer loop
      vertex 4 118 3
      vertex 4 96 49
      vertex 4 118 99
    endloop
  endfacet
  facet normal -1 0 0
    outer loop
      vertex 4 96 53
      vertex 4 118 99
      vertex 4 96 49
    endloop
  endfacet
  facet normal -1 0 0
    outer loop
      vertex 4 96 62
      vertex 4 118 99
      vertex 4 96 53
    endloop
  endfacet
  facet normal -1 0 0
    outer loop
      vertex 4 96 66
      vertex 4 118 99
      vertex 4 96 62
    endloop
  endfacet
  facet normal -1 0 0
    outer loop
      vertex 4 96 75
      vertex 4 118 99
      vertex 4 96 66
    endloop
  endfacet
  facet normal -1 0 0
    outer loop
      vertex 4 96 79
      vertex 4 118 99
      vertex 4 96 75
    endloop
  endfacet
  facet normal -1 0 0
    outer loop
      vertex 4 96 88
      vertex 4 118 99
      vertex 4 96 79
    endloop
  endfacet
  facet normal -1 0 0
    outer loop
      vertex 4 96 92
      vertex 4 118 99
      vertex 4 96 88
    endloop
  endfacet
  facet normal -1 0 0
    outer loop
      vertex 4 4 99
      vertex 4 96 92
      vertex 4 20 92
    endloop
  endfacet
  facet normal -1 0 0
    outer loop
      vertex 4 96 92
      vertex 4 4 99
      vertex 4 118 99
    endloop
  endfacet
  facet normal -1 0 0
    outer loop
      vertex 4 20 88
      vertex 4 4 99
      vertex 4 20 92
    endloop
  endfacet
  facet normal -0 0 1
    outer loop
      vertex 4 118 99
      vertex 7 115 99
      vertex 7 118 99
    endloop
  endfacet
  facet normal 0 0 1
    outer loop
      vertex 7 115 99
      vertex 4 118 99
      vertex 7 11.98 99
    endloop
  endfacet
  facet normal 0 0 1
    outer loop
      vertex 4 4 99
      vertex 7 11.98 99
      vertex 4 118 99
    endloop
  endfacet
  facet normal 0 0 1
    outer loop
      vertex 7 11.98 99
      vertex 4 4 99
      vertex 5.8 4 99
    endloop
  endfacet
  facet normal 0 0 1
    outer loop
      vertex 6.4 7.99 3
      vertex 5.8 4 3
      vertex 6.4 4 3
    endloop
  endfacet
  facet normal 0 0 1
    outer loop
      vertex 83 115 3
      vertex 9 115 3
      vertex 83 4 3
    endloop
  endfacet
  facet normal -0 0 1
    outer loop
      vertex 109 127 3
      vertex 117 78 3
      vertex 117 127 3
    endloop
  endfacet
  facet normal 0 0 1
    outer loop
      vertex 117 78 3
      vertex 109 127 3
      vertex 109 78 3
    endloop
  endfacet
  facet normal 0 0 1
    outer loop
      vertex 157.696 52.7 3
      vertex 205.304 52.7 3
      vertex 158.043 53.4039 3
    endloop
  endfacet
  facet normal 0 0 1
    outer loop
      vertex 205.74 10.3526 3
      vertex 158.449 7.48316 3
      vertex 158.5 6.7 3
    endloop
  endfacet
  facet normal 0 0 1
    outer loop
      vertex 205.304 52.7 3
      vertex 157.696 52.7 3
      vertex 205.74 52.0474 3
    endloop
  endfacet
  facet normal 0 0 1
    outer loop
      vertex 205.74 10.3526 3
      vertex 158.296 8.25291 3
      vertex 158.449 7.48316 3
    endloop
  endfacet
  facet normal 0 0 1
    outer loop
      vertex 157.26 52.0474 3
      vertex 205.74 52.0474 3
      vertex 157.696 52.7 3
    endloop
  endfacet
  facet normal 0 0 1
    outer loop
      vertex 205.74 10.3526 3
      vertex 158.043 8.9961 3
      vertex 158.296 8.25291 3
    endloop
  endfacet
  facet normal 0 0 1
    outer loop
      vertex 205.74 52.0474 3
      vertex 157.26 52.0474 3
      vertex 205.74 10.3526 3
    endloop
  endfacet
  facet normal 0 0 1
    outer loop
      vertex 205.74 10.3526 3
      vertex 157.696 9.7 3
      vertex 158.043 8.9961 3
    endloop
  endfacet
  facet normal 0 0 1
    outer loop
      vertex 157.26 10.3526 3
      vertex 205.74 10.3526 3
      vertex 157.26 52.0474 3
    endloop
  endfacet
  facet normal 0 0 1
    outer loop
      vertex 205.74 10.3526 3
      vertex 157.26 10.3526 3
      vertex 157.696 9.7 3
    endloop
  endfacet
  facet normal -0 0 1
    outer loop
      vertex 156.743 51.4574 3
      vertex 157.26 10.3526 3
      vertex 157.26 52.0474 3
    endloop
  endfacet
  facet normal 0 0 1
    outer loop
      vertex 156.743 51.4574 3
      vertex 156.743 10.9426 3
      vertex 157.26 10.3526 3
    endloop
  endfacet
  facet normal -0 0 1
    outer loop
      vertex 156.153 50.9399 3
      vertex 156.743 10.9426 3
      vertex 156.743 51.4574 3
    endloop
  endfacet
  facet normal 0 0 1
    outer loop
      vertex 156.153 50.9399 3
      vertex 156.153 11.4601 3
      vertex 156.743 10.9426 3
    endloop
  endfacet
  facet normal -0 0 1
    outer loop
      vertex 155.5 50.5038 3
      vertex 156.153 11.4601 3
      vertex 156.153 50.9399 3
    endloop
  endfacet
  facet normal 0 0 1
    outer loop
      vertex 155.5 50.5038 3
      vertex 155.5 11.8962 3
      vertex 156.153 11.4601 3
    endloop
  endfacet
  facet normal -0 0 1
    outer loop
      vertex 154.796 50.1567 3
      vertex 155.5 11.8962 3
      vertex 155.5 50.5038 3
    endloop
  endfacet
  facet normal 0 0 1
    outer loop
      vertex 154.796 50.1567 3
      vertex 154.796 12.2433 3
      vertex 155.5 11.8962 3
    endloop
  endfacet
  facet normal -0 0 1
    outer loop
      vertex 154.053 49.9044 3
      vertex 154.796 12.2433 3
      vertex 154.796 50.1567 3
    endloop
  endfacet
  facet normal 0 0 1
    outer loop
      vertex 154.053 49.9044 3
      vertex 154.053 12.4956 3
      vertex 154.796 12.2433 3
    endloop
  endfacet
  facet normal -0 0 1
    outer loop
      vertex 153.283 49.7513 3
      vertex 154.053 12.4956 3
      vertex 154.053 49.9044 3
    endloop
  endfacet
  facet normal 0 0 1
    outer loop
      vertex 153.283 49.7513 3
      vertex 153.283 12.6487 3
      vertex 154.053 12.4956 3
    endloop
  endfacet
  facet normal -0 0 1
    outer loop
      vertex 152.5 49.7 3
      vertex 153.283 12.6487 3
      vertex 153.283 49.7513 3
    endloop
  endfacet
  facet normal 0 0 1
    outer loop
      vertex 152.5 49.7 3
      vertex 152.5 12.7 3
      vertex 153.283 12.6487 3
    endloop
  endfacet
  facet normal 0 0 1
    outer loop
      vertex 151.717 49.7513 3
      vertex 152.5 12.7 3
      vertex 152.5 49.7 3
    endloop
  endfacet
  facet normal 0 0 1
    outer loop
      vertex 151.717 49.7513 3
      vertex 151.717 12.6487 3
      vertex 152.5 12.7 3
    endloop
  endfacet
  facet normal 0 0 1
    outer loop
      vertex 150.947 49.9044 3
      vertex 151.717 12.6487 3
      vertex 151.717 49.7513 3
    endloop
  endfacet
  facet normal 0 0 1
    outer loop
      vertex 150.947 49.9044 3
      vertex 150.947 12.4956 3
      vertex 151.717 12.6487 3
    endloop
  endfacet
  facet normal 0 0 1
    outer loop
      vertex 150.204 50.1567 3
      vertex 150.947 12.4956 3
      vertex 150.947 49.9044 3
    endloop
  endfacet
  facet normal 0 0 1
    outer loop
      vertex 150.204 50.1567 3
      vertex 150.204 12.2433 3
      vertex 150.947 12.4956 3
    endloop
  endfacet
  facet normal 0 0 1
    outer loop
      vertex 149.5 50.5038 3
      vertex 150.204 12.2433 3
      vertex 150.204 50.1567 3
    endloop
  endfacet
  facet normal 0 0 1
    outer loop
      vertex 149.5 50.5038 3
      vertex 149.5 11.8962 3
      vertex 150.204 12.2433 3
    endloop
  endfacet
  facet normal 0 0 1
    outer loop
      vertex 148.847 50.9399 3
      vertex 149.5 11.8962 3
      vertex 149.5 50.5038 3
    endloop
  endfacet
  facet normal 0 0 1
    outer loop
      vertex 148.847 50.9399 3
      vertex 148.847 11.4601 3
      vertex 149.5 11.8962 3
    endloop
  endfacet
  facet normal 0 0 1
    outer loop
      vertex 148.257 51.4574 3
      vertex 148.847 11.4601 3
      vertex 148.847 50.9399 3
    endloop
  endfacet
  facet normal 0 0 1
    outer loop
      vertex 148.257 51.4574 3
      vertex 148.257 10.9426 3
      vertex 148.847 11.4601 3
    endloop
  endfacet
  facet normal 0 0 1
    outer loop
      vertex 147.74 52.0474 3
      vertex 148.257 10.9426 3
      vertex 148.257 51.4574 3
    endloop
  endfacet
  facet normal 0 0 1
    outer loop
      vertex 147.74 52.0474 3
      vertex 147.74 10.3526 3
      vertex 148.257 10.9426 3
    endloop
  endfacet
  facet normal 0 0 1
    outer loop
      vertex 105 66 3
      vertex 147.74 52.0474 3
      vertex 147.304 52.7 3
    endloop
  endfacet
  facet normal 0 0 1
    outer loop
      vertex 147.74 52.0474 3
      vertex 105 66 3
      vertex 147.74 10.3526 3
    endloop
  endfacet
  facet normal 0 0 1
    outer loop
      vertex 105 66 3
      vertex 147.304 52.7 3
      vertex 146.957 53.4039 3
    endloop
  endfacet
  facet normal 0 0 1
    outer loop
      vertex 93 3 3
      vertex 147.74 10.3526 3
      vertex 105 66 3
    endloop
  endfacet
  facet normal 0 0 1
    outer loop
      vertex 117 70 3
      vertex 146.957 53.4039 3
      vertex 146.704 54.1471 3
    endloop
  endfacet
  facet normal 0 0 1
    outer loop
      vertex 147.74 10.3526 3
      vertex 93 3 3
      vertex 147.304 9.7 3
    endloop
  endfacet
  facet normal 0 0 1
    outer loop
      vertex 117 70 3
      vertex 146.704 54.1471 3
      vertex 146.551 54.9168 3
    endloop
  endfacet
  facet normal 0 0 1
    outer loop
      vertex 147.304 9.7 3
      vertex 93 3 3
      vertex 146.957 8.9961 3
    endloop
  endfacet
  facet normal 0 0 1
    outer loop
      vertex 117 70 3
      vertex 146.551 54.9168 3
      vertex 146.5 55.7 3
    endloop
  endfacet
  facet normal 0 0 1
    outer loop
      vertex 146.957 8.9961 3
      vertex 93 3 3
      vertex 146.704 8.25291 3
    endloop
  endfacet
  facet normal -0 0 1
    outer loop
      vertex 196 127 3
      vertex 204 78 3
      vertex 204 127 3
    endloop
  endfacet
  facet normal 0 0 1
    outer loop
      vertex 204 78 3
      vertex 196 127 3
      vertex 196 78 3
    endloop
  endfacet
  facet normal -0 0 1
    outer loop
      vertex 216.296 54.1471 3
      vertex 237 3 3
      vertex 216.449 54.9168 3
    endloop
  endfacet
  facet normal 0 0 1
    outer loop
      vertex 237 3 3
      vertex 216.449 7.48316 3
      vertex 216.5 6.7 3
    endloop
  endfacet
  facet normal -0 0 1
    outer loop
      vertex 216.043 53.4039 3
      vertex 237 3 3
      vertex 216.296 54.1471 3
    endloop
  endfacet
  facet normal 0 0 1
    outer loop
      vertex 237 3 3
      vertex 216.296 8.25291 3
      vertex 216.449 7.48316 3
    endloop
  endfacet
  facet normal -0 0 1
    outer loop
      vertex 215.696 52.7 3
      vertex 237 3 3
      vertex 216.043 53.4039 3
    endloop
  endfacet
  facet normal 0 0 1
    outer loop
      vertex 237 3 3
      vertex 216.043 8.9961 3
      vertex 216.296 8.25291 3
    endloop
  endfacet
  facet normal -0 0 1
    outer loop
      vertex 215.26 52.0474 3
      vertex 237 3 3
      vertex 215.696 52.7 3
    endloop
  endfacet
  facet normal 0 0 1
    outer loop
      vertex 237 3 3
      vertex 215.696 9.7 3
      vertex 216.043 8.9961 3
    endloop
  endfacet
  facet normal -0 0 1
    outer loop
      vertex 214.743 51.4574 3
      vertex 237 3 3
      vertex 215.26 52.0474 3
    endloop
  endfacet
  facet normal 0 0 1
    outer loop
      vertex 237 3 3
      vertex 215.26 10.3526 3
      vertex 215.696 9.7 3
    endloop
  endfacet
  facet normal -0 0 1
    outer loop
      vertex 214.743 10.9426 3
      vertex 237 3 3
      vertex 214.743 51.4574 3
    endloop
  endfacet
  facet normal 0 0 1
    outer loop
      vertex 237 3 3
      vertex 214.743 10.9426 3
      vertex 215.26 10.3526 3
    endloop
  endfacet
  facet normal -0 0 1
    outer loop
      vertex 214.153 50.9399 3
      vertex 214.743 10.9426 3
      vertex 214.743 51.4574 3
    endloop
  endfacet
  facet normal 0 0 1
    outer loop
      vertex 214.153 50.9399 3
      vertex 214.153 11.4601 3
      vertex 214.743 10.9426 3
    endloop
  endfacet
  facet normal -0 0 1
    outer loop
      vertex 213.5 50.5038 3
      vertex 214.153 11.4601 3
      vertex 214.153 50.9399 3
    endloop
  endfacet
  facet normal 0 0 1
    outer loop
      vertex 213.5 50.5038 3
      vertex 213.5 11.8962 3
      vertex 214.153 11.4601 3
    endloop
  endfacet
  facet normal -0 0 1
    outer loop
      vertex 212.796 50.1567 3
      vertex 213.5 11.8962 3
      vertex 213.5 50.5038 3
    endloop
  endfacet
  facet normal 0 0 1
    outer loop
      vertex 212.796 50.1567 3
      vertex 212.796 12.2433 3
      vertex 213.5 11.8962 3
    endloop
  endfacet
  facet normal -0 0 1
    outer loop
      vertex 212.053 49.9044 3
      vertex 212.796 12.2433 3
      vertex 212.796 50.1567 3
    endloop
  endfacet
  facet normal 0 0 1
    outer loop
      vertex 212.053 49.9044 3
      vertex 212.053 12.4956 3
      vertex 212.796 12.2433 3
    endloop
  endfacet
  facet normal -0 0 1
    outer loop
      vertex 211.283 49.7513 3
      vertex 212.053 12.4956 3
      vertex 212.053 49.9044 3
    endloop
  endfacet
  facet normal 0 0 1
    outer loop
      vertex 211.283 49.7513 3
      vertex 211.283 12.6487 3
      vertex 212.053 12.4956 3
    endloop
  endfacet
  facet normal -0 0 1
    outer loop
      vertex 210.5 49.7 3
      vertex 211.283 12.6487 3
      vertex 211.283 49.7513 3
    endloop
  endfacet
  facet normal 0 0 1
    outer loop
      vertex 210.5 49.7 3
      vertex 210.5 12.7 3
      vertex 211.283 12.6487 3
    endloop
  endfacet
  facet normal 0 0 1
    outer loop
      vertex 209.717 49.7513 3
      vertex 210.5 12.7 3
      vertex 210.5 49.7 3
    endloop
  endfacet
  facet normal 0 0 1
    outer loop
      vertex 209.717 49.7513 3
      vertex 209.717 12.6487 3
      vertex 210.5 12.7 3
    endloop
  endfacet
  facet normal 0 0 1
    outer loop
      vertex 208.947 49.9044 3
      vertex 209.717 12.6487 3
      vertex 209.717 49.7513 3
    endloop
  endfacet
  facet normal 0 0 1
    outer loop
      vertex 208.947 49.9044 3
      vertex 208.947 12.4956 3
      vertex 209.717 12.6487 3
    endloop
  endfacet
  facet normal 0 0 1
    outer loop
      vertex 208.204 50.1567 3
      vertex 208.947 12.4956 3
      vertex 208.947 49.9044 3
    endloop
  endfacet
  facet normal 0 0 1
    outer loop
      vertex 208.204 50.1567 3
      vertex 208.204 12.2433 3
      vertex 208.947 12.4956 3
    endloop
  endfacet
  facet normal 0 0 1
    outer loop
      vertex 207.5 50.5038 3
      vertex 208.204 12.2433 3
      vertex 208.204 50.1567 3
    endloop
  endfacet
  facet normal 0 0 1
    outer loop
      vertex 207.5 50.5038 3
      vertex 207.5 11.8962 3
      vertex 208.204 12.2433 3
    endloop
  endfacet
  facet normal 0 0 1
    outer loop
      vertex 206.847 50.9399 3
      vertex 207.5 11.8962 3
      vertex 207.5 50.5038 3
    endloop
  endfacet
  facet normal 0 0 1
    outer loop
      vertex 206.847 50.9399 3
      vertex 206.847 11.4601 3
      vertex 207.5 11.8962 3
    endloop
  endfacet
  facet normal 0 0 1
    outer loop
      vertex 206.257 51.4574 3
      vertex 206.847 11.4601 3
      vertex 206.847 50.9399 3
    endloop
  endfacet
  facet normal 0 0 1
    outer loop
      vertex 206.257 51.4574 3
      vertex 206.257 10.9426 3
      vertex 206.847 11.4601 3
    endloop
  endfacet
  facet normal 0 0 1
    outer loop
      vertex 205.74 52.0474 3
      vertex 206.257 10.9426 3
      vertex 206.257 51.4574 3
    endloop
  endfacet
  facet normal 0 0 1
    outer loop
      vertex 205.74 52.0474 3
      vertex 205.74 10.3526 3
      vertex 206.257 10.9426 3
    endloop
  endfacet
  facet normal 0 0 1
    outer loop
      vertex 204.704 54.1471 3
      vertex 158.296 54.1471 3
      vertex 204.957 53.4039 3
    endloop
  endfacet
  facet normal 0 0 1
    outer loop
      vertex 158.043 53.4039 3
      vertex 204.957 53.4039 3
      vertex 158.296 54.1471 3
    endloop
  endfacet
  facet normal 0 0 1
    outer loop
      vertex 158.296 54.1471 3
      vertex 204.704 54.1471 3
      vertex 158.449 54.9168 3
    endloop
  endfacet
  facet normal 0 0 1
    outer loop
      vertex 204.957 53.4039 3
      vertex 158.043 53.4039 3
      vertex 205.304 52.7 3
    endloop
  endfacet
  facet normal 0 0 1
    outer loop
      vertex 204.551 54.9168 3
      vertex 158.449 54.9168 3
      vertex 204.704 54.1471 3
    endloop
  endfacet
  facet normal 0 0 1
    outer loop
      vertex 205.74 10.3526 3
      vertex 158.5 6.7 3
      vertex 205.304 9.7 3
    endloop
  endfacet
  facet normal 0 0 1
    outer loop
      vertex 196 70 3
      vertex 158.449 54.9168 3
      vertex 204.551 54.9168 3
    endloop
  endfacet
  facet normal 0 0 1
    outer loop
      vertex 205.304 9.7 3
      vertex 158.5 6.7 3
      vertex 204.957 8.9961 3
    endloop
  endfacet
  facet normal 0 0 1
    outer loop
      vertex 196 70 3
      vertex 204.551 54.9168 3
      vertex 204.5 55.7 3
    endloop
  endfacet
  facet normal 0 0 1
    outer loop
      vertex 204.957 8.9961 3
      vertex 158.5 6.7 3
      vertex 204.704 8.25291 3
    endloop
  endfacet
  facet normal -0 0 1
    outer loop
      vertex 216.449 56.4832 3
      vertex 237 3 3
      vertex 237 142 3
    endloop
  endfacet
  facet normal 0 0 1
    outer loop
      vertex 237 3 3
      vertex 216.449 56.4832 3
      vertex 216.5 55.7 3
    endloop
  endfacet
  facet normal 0 0 1
    outer loop
      vertex 237 142 3
      vertex 216.296 57.2529 3
      vertex 216.449 56.4832 3
    endloop
  endfacet
  facet normal 0 0 1
    outer loop
      vertex 237 142 3
      vertex 216.043 57.9961 3
      vertex 216.296 57.2529 3
    endloop
  endfacet
  facet normal 0 0 1
    outer loop
      vertex 237 142 3
      vertex 215.696 58.7 3
      vertex 216.043 57.9961 3
    endloop
  endfacet
  facet normal 0 0 1
    outer loop
      vertex 237 142 3
      vertex 215.26 59.3526 3
      vertex 215.696 58.7 3
    endloop
  endfacet
  facet normal -0 0 1
    outer loop
      vertex 211 66 3
      vertex 215.26 59.3526 3
      vertex 237 142 3
    endloop
  endfacet
  facet normal 0 0 1
    outer loop
      vertex 215.26 59.3526 3
      vertex 211 66 3
      vertex 214.743 59.9426 3
    endloop
  endfacet
  facet normal 0 0 1
    outer loop
      vertex 214.743 59.9426 3
      vertex 211 66 3
      vertex 214.153 60.4601 3
    endloop
  endfacet
  facet normal 0 0 1
    outer loop
      vertex 214.153 60.4601 3
      vertex 211 66 3
      vertex 213.5 60.8962 3
    endloop
  endfacet
  facet normal 0 0 1
    outer loop
      vertex 213.5 60.8962 3
      vertex 211 66 3
      vertex 212.796 61.2433 3
    endloop
  endfacet
  facet normal 0 0 1
    outer loop
      vertex 212.796 61.2433 3
      vertex 211 66 3
      vertex 212.053 61.4956 3
    endloop
  endfacet
  facet normal 0 0 1
    outer loop
      vertex 211 66 3
      vertex 237 142 3
      vertex 211 139 3
    endloop
  endfacet
  facet normal 0 0 1
    outer loop
      vertex 237 142 3
      vertex 208 139 3
      vertex 211 139 3
    endloop
  endfacet
  facet normal -0 0 1
    outer loop
      vertex 204 78 3
      vertex 208 66 3
      vertex 208 139 3
    endloop
  endfacet
  facet normal -0 0 1
    outer loop
      vertex 204 70 3
      vertex 208 66 3
      vertex 204 78 3
    endloop
  endfacet
  facet normal 0 -0 1
    outer loop
      vertex 206.257 59.9426 3
      vertex 208 66 3
      vertex 204 70 3
    endloop
  endfacet
  facet normal 0 0 1
    outer loop
      vertex 208 66 3
      vertex 206.847 60.4601 3
      vertex 207.5 60.8962 3
    endloop
  endfacet
  facet normal 0 0 1
    outer loop
      vertex 208 66 3
      vertex 206.257 59.9426 3
      vertex 206.847 60.4601 3
    endloop
  endfacet
  facet normal 0 0 1
    outer loop
      vertex 206.257 59.9426 3
      vertex 204 70 3
      vertex 205.74 59.3526 3
    endloop
  endfacet
  facet normal -0 0 1
    outer loop
      vertex 196 70 3
      vertex 205.74 59.3526 3
      vertex 204 70 3
    endloop
  endfacet
  facet normal 0 0 1
    outer loop
      vertex 205.74 59.3526 3
      vertex 196 70 3
      vertex 205.304 58.7 3
    endloop
  endfacet
  facet normal 0 0 1
    outer loop
      vertex 205.304 58.7 3
      vertex 196 70 3
      vertex 204.957 57.9961 3
    endloop
  endfacet
  facet normal 0 0 1
    outer loop
      vertex 204 78 3
      vertex 208 139 3
      vertex 204 127 3
    endloop
  endfacet
  facet normal 0 0 1
    outer loop
      vertex 204 127 3
      vertex 208 139 3
      vertex 204 135 3
    endloop
  endfacet
  facet normal 0 0 1
    outer loop
      vertex 208 139 3
      vertex 196 135 3
      vertex 204 135 3
    endloop
  endfacet
  facet normal 0 0 1
    outer loop
      vertex 117 127 3
      vertex 196 127 3
      vertex 196 135 3
    endloop
  endfacet
  facet normal 0 0 1
    outer loop
      vertex 196 127 3
      vertex 153.283 61.6487 3
      vertex 196 78 3
    endloop
  endfacet
  facet normal 0 -0 1
    outer loop
      vertex 154.796 61.2433 3
      vertex 196 78 3
      vertex 154.053 61.4956 3
    endloop
  endfacet
  facet normal 0 0 1
    outer loop
      vertex 196 70 3
      vertex 158.449 56.4832 3
      vertex 158.5 55.7 3
    endloop
  endfacet
  facet normal 0 0 1
    outer loop
      vertex 196 70 3
      vertex 158.296 57.2529 3
      vertex 158.449 56.4832 3
    endloop
  endfacet
  facet normal 0 0 1
    outer loop
      vertex 196 70 3
      vertex 158.043 57.9961 3
      vertex 158.296 57.2529 3
    endloop
  endfacet
  facet normal 0 0 1
    outer loop
      vertex 196 70 3
      vertex 157.696 58.7 3
      vertex 158.043 57.9961 3
    endloop
  endfacet
  facet normal 0 0 1
    outer loop
      vertex 196 70 3
      vertex 157.26 59.3526 3
      vertex 157.696 58.7 3
    endloop
  endfacet
  facet normal 0 0 1
    outer loop
      vertex 196 78 3
      vertex 157.26 59.3526 3
      vertex 196 70 3
    endloop
  endfacet
  facet normal 0 -0 1
    outer loop
      vertex 157.26 59.3526 3
      vertex 196 78 3
      vertex 156.743 59.9426 3
    endloop
  endfacet
  facet normal 0 -0 1
    outer loop
      vertex 156.743 59.9426 3
      vertex 196 78 3
      vertex 156.153 60.4601 3
    endloop
  endfacet
  facet normal 0 -0 1
    outer loop
      vertex 156.153 60.4601 3
      vertex 196 78 3
      vertex 155.5 60.8962 3
    endloop
  endfacet
  facet normal 0 -0 1
    outer loop
      vertex 155.5 60.8962 3
      vertex 196 78 3
      vertex 154.796 61.2433 3
    endloop
  endfacet
  facet normal 0 0 1
    outer loop
      vertex 196 78 3
      vertex 153.283 61.6487 3
      vertex 154.053 61.4956 3
    endloop
  endfacet
  facet normal 0 0 1
    outer loop
      vertex 196 127 3
      vertex 117 127 3
      vertex 153.283 61.6487 3
    endloop
  endfacet
  facet normal 0 0 1
    outer loop
      vertex 153.283 61.6487 3
      vertex 117 127 3
      vertex 152.5 61.7 3
    endloop
  endfacet
  facet normal 0 0 1
    outer loop
      vertex 152.5 61.7 3
      vertex 117 127 3
      vertex 151.717 61.6487 3
    endloop
  endfacet
  facet normal -0 0 1
    outer loop
      vertex 117 78 3
      vertex 151.717 61.6487 3
      vertex 117 127 3
    endloop
  endfacet
  facet normal 0 0 1
    outer loop
      vertex 151.717 61.6487 3
      vertex 117 78 3
      vertex 150.947 61.4956 3
    endloop
  endfacet
  facet normal 0 0 1
    outer loop
      vertex 150.947 61.4956 3
      vertex 117 78 3
      vertex 150.204 61.2433 3
    endloop
  endfacet
  facet normal 0 0 1
    outer loop
      vertex 150.204 61.2433 3
      vertex 117 78 3
      vertex 149.5 60.8962 3
    endloop
  endfacet
  facet normal 0 0 1
    outer loop
      vertex 149.5 60.8962 3
      vertex 117 78 3
      vertex 148.847 60.4601 3
    endloop
  endfacet
  facet normal 0 0 1
    outer loop
      vertex 148.847 60.4601 3
      vertex 117 78 3
      vertex 148.257 59.9426 3
    endloop
  endfacet
  facet normal 0 0 1
    outer loop
      vertex 146.957 57.9961 3
      vertex 117 70 3
      vertex 146.704 57.2529 3
    endloop
  endfacet
  facet normal 0 0 1
    outer loop
      vertex 147.304 58.7 3
      vertex 117 70 3
      vertex 146.957 57.9961 3
    endloop
  endfacet
  facet normal 0 0 1
    outer loop
      vertex 147.74 59.3526 3
      vertex 117 70 3
      vertex 147.304 58.7 3
    endloop
  endfacet
  facet normal 0 0 1
    outer loop
      vertex 148.257 59.9426 3
      vertex 117 70 3
      vertex 147.74 59.3526 3
    endloop
  endfacet
  facet normal -0 0 1
    outer loop
      vertex 117 70 3
      vertex 148.257 59.9426 3
      vertex 117 78 3
    endloop
  endfacet
  facet normal 0 0 1
    outer loop
      vertex 117 127 3
      vertex 196 135 3
      vertex 117 135 3
    endloop
  endfacet
  facet normal 0 0 1
    outer loop
      vertex 208 139 3
      vertex 117 135 3
      vertex 196 135 3
    endloop
  endfacet
  facet normal 0 0 1
    outer loop
      vertex 105 139 3
      vertex 208 139 3
      vertex 237 142 3
    endloop
  endfacet
  facet normal 0 0 1
    outer loop
      vertex 208 139 3
      vertex 105 139 3
      vertex 117 135 3
    endloop
  endfacet
  facet normal 0 0 1
    outer loop
      vertex 105 139 3
      vertex 109 127 3
      vertex 109 135 3
    endloop
  endfacet
  facet normal 0 0 1
    outer loop
      vertex 109 127 3
      vertex 105 139 3
      vertex 109 78 3
    endloop
  endfacet
  facet normal 0 0 1
    outer loop
      vertex 105 66 3
      vertex 109 78 3
      vertex 105 139 3
    endloop
  endfacet
  facet normal 0 0 1
    outer loop
      vertex 117 135 3
      vertex 105 139 3
      vertex 109 135 3
    endloop
  endfacet
  facet normal 0 0 1
    outer loop
      vertex 237 142 3
      vertex 102 139 3
      vertex 105 139 3
    endloop
  endfacet
  facet normal 0 0 1
    outer loop
      vertex 102 139 3
      vertex 93 112 3
      vertex 102 66 3
    endloop
  endfacet
  facet normal -0 0 1
    outer loop
      vertex 88 118 3
      vertex 93 112 3
      vertex 102 139 3
    endloop
  endfacet
  facet normal 0 0 1
    outer loop
      vertex 88 4 3
      vertex 90 112 3
      vertex 88 118 3
    endloop
  endfacet
  facet normal 0 0 1
    outer loop
      vertex 93 112 3
      vertex 88 118 3
      vertex 90 112 3
    endloop
  endfacet
  facet normal 0 0 1
    outer loop
      vertex 3 142 3
      vertex 88 118 3
      vertex 102 139 3
    endloop
  endfacet
  facet normal 0 0 1
    outer loop
      vertex 3 3 3
      vertex 4 118 3
      vertex 3 142 3
    endloop
  endfacet
  facet normal 0 0 1
    outer loop
      vertex 88 118 3
      vertex 3 142 3
      vertex 4 118 3
    endloop
  endfacet
  facet normal -0 0 1
    outer loop
      vertex 3 142 3
      vertex 102 139 3
      vertex 237 142 3
    endloop
  endfacet
  facet normal -0 0 1
    outer loop
      vertex 216.449 54.9168 3
      vertex 237 3 3
      vertex 216.5 55.7 3
    endloop
  endfacet
  facet normal -0 0 1
    outer loop
      vertex 216.449 5.91684 3
      vertex 237 3 3
      vertex 216.5 6.7 3
    endloop
  endfacet
  facet normal -0 0 1
    outer loop
      vertex 216.296 5.14709 3
      vertex 237 3 3
      vertex 216.449 5.91684 3
    endloop
  endfacet
  facet normal -0 0 1
    outer loop
      vertex 216.043 4.4039 3
      vertex 237 3 3
      vertex 216.296 5.14709 3
    endloop
  endfacet
  facet normal -0 0 1
    outer loop
      vertex 215.696 3.7 3
      vertex 237 3 3
      vertex 216.043 4.4039 3
    endloop
  endfacet
  facet normal -0 0 1
    outer loop
      vertex 215.26 3.04743 3
      vertex 237 3 3
      vertex 215.696 3.7 3
    endloop
  endfacet
  facet normal 0 0 1
    outer loop
      vertex 237 3 3
      vertex 215.26 3.04743 3
      vertex 215.219 3 3
    endloop
  endfacet
  facet normal 0 0 1
    outer loop
      vertex 212.053 61.4956 3
      vertex 211 66 3
      vertex 211.283 61.6487 3
    endloop
  endfacet
  facet normal 0 0 1
    outer loop
      vertex 211 66 3
      vertex 210.5 61.7 3
      vertex 211.283 61.6487 3
    endloop
  endfacet
  facet normal 0 0 1
    outer loop
      vertex 211 66 3
      vertex 209.717 61.6487 3
      vertex 210.5 61.7 3
    endloop
  endfacet
  facet normal -0 0 1
    outer loop
      vertex 208 66 3
      vertex 209.717 61.6487 3
      vertex 211 66 3
    endloop
  endfacet
  facet normal 0 0 1
    outer loop
      vertex 209.717 61.6487 3
      vertex 208 66 3
      vertex 208.947 61.4956 3
    endloop
  endfacet
  facet normal 0 0 1
    outer loop
      vertex 208.947 61.4956 3
      vertex 208 66 3
      vertex 208.204 61.2433 3
    endloop
  endfacet
  facet normal 0 0 1
    outer loop
      vertex 208.204 61.2433 3
      vertex 208 66 3
      vertex 207.5 60.8962 3
    endloop
  endfacet
  facet normal 0 0 1
    outer loop
      vertex 204.957 57.9961 3
      vertex 196 70 3
      vertex 204.704 57.2529 3
    endloop
  endfacet
  facet normal 0 0 1
    outer loop
      vertex 204.704 57.2529 3
      vertex 196 70 3
      vertex 204.551 56.4832 3
    endloop
  endfacet
  facet normal 0 0 1
    outer loop
      vertex 204.551 56.4832 3
      vertex 196 70 3
      vertex 204.5 55.7 3
    endloop
  endfacet
  facet normal 0 0 1
    outer loop
      vertex 158.449 54.9168 3
      vertex 196 70 3
      vertex 158.5 55.7 3
    endloop
  endfacet
  facet normal 0 0 1
    outer loop
      vertex 204.704 8.25291 3
      vertex 158.5 6.7 3
      vertex 204.551 7.48316 3
    endloop
  endfacet
  facet normal 0 0 1
    outer loop
      vertex 204.551 7.48316 3
      vertex 158.5 6.7 3
      vertex 204.5 6.7 3
    endloop
  endfacet
  facet normal 0 0 1
    outer loop
      vertex 204.5 6.7 3
      vertex 158.5 6.7 3
      vertex 204.551 5.91684 3
    endloop
  endfacet
  facet normal 0 0 1
    outer loop
      vertex 158.449 5.91684 3
      vertex 204.551 5.91684 3
      vertex 158.5 6.7 3
    endloop
  endfacet
  facet normal 0 0 1
    outer loop
      vertex 204.551 5.91684 3
      vertex 158.449 5.91684 3
      vertex 204.704 5.14709 3
    endloop
  endfacet
  facet normal 0 0 1
    outer loop
      vertex 158.296 5.14709 3
      vertex 204.704 5.14709 3
      vertex 158.449 5.91684 3
    endloop
  endfacet
  facet normal 0 0 1
    outer loop
      vertex 204.704 5.14709 3
      vertex 158.296 5.14709 3
      vertex 204.957 4.4039 3
    endloop
  endfacet
  facet normal 0 0 1
    outer loop
      vertex 158.043 4.4039 3
      vertex 204.957 4.4039 3
      vertex 158.296 5.14709 3
    endloop
  endfacet
  facet normal 0 0 1
    outer loop
      vertex 204.957 4.4039 3
      vertex 158.043 4.4039 3
      vertex 205.304 3.7 3
    endloop
  endfacet
  facet normal 0 0 1
    outer loop
      vertex 157.696 3.7 3
      vertex 205.304 3.7 3
      vertex 158.043 4.4039 3
    endloop
  endfacet
  facet normal 0 0 1
    outer loop
      vertex 205.304 3.7 3
      vertex 157.696 3.7 3
      vertex 205.74 3.04743 3
    endloop
  endfacet
  facet normal 0 0 1
    outer loop
      vertex 157.26 3.04743 3
      vertex 205.74 3.04743 3
      vertex 157.696 3.7 3
    endloop
  endfacet
  facet normal 0 0 1
    outer loop
      vertex 205.74 3.04743 3
      vertex 157.26 3.04743 3
      vertex 205.781 3 3
    endloop
  endfacet
  facet normal 0 0 1
    outer loop
      vertex 205.781 3 3
      vertex 157.26 3.04743 3
      vertex 157.219 3 3
    endloop
  endfacet
  facet normal 0 0 1
    outer loop
      vertex 146.704 57.2529 3
      vertex 117 70 3
      vertex 146.551 56.4832 3
    endloop
  endfacet
  facet normal 0 0 1
    outer loop
      vertex 146.551 56.4832 3
      vertex 117 70 3
      vertex 146.5 55.7 3
    endloop
  endfacet
  facet normal 0 0 1
    outer loop
      vertex 146.957 53.4039 3
      vertex 117 70 3
      vertex 105 66 3
    endloop
  endfacet
  facet normal 0 0 1
    outer loop
      vertex 146.704 8.25291 3
      vertex 93 3 3
      vertex 146.551 7.48316 3
    endloop
  endfacet
  facet normal 0 0 1
    outer loop
      vertex 146.551 7.48316 3
      vertex 93 3 3
      vertex 146.5 6.7 3
    endloop
  endfacet
  facet normal 0 0 1
    outer loop
      vertex 146.5 6.7 3
      vertex 93 3 3
      vertex 146.551 5.91684 3
    endloop
  endfacet
  facet normal 0 0 1
    outer loop
      vertex 105 66 3
      vertex 117 70 3
      vertex 109 70 3
    endloop
  endfacet
  facet normal 0 0 1
    outer loop
      vertex 146.551 5.91684 3
      vertex 93 3 3
      vertex 146.704 5.14709 3
    endloop
  endfacet
  facet normal 0 0 1
    outer loop
      vertex 109 78 3
      vertex 105 66 3
      vertex 109 70 3
    endloop
  endfacet
  facet normal 0 0 1
    outer loop
      vertex 146.704 5.14709 3
      vertex 93 3 3
      vertex 146.957 4.4039 3
    endloop
  endfacet
  facet normal 0 0 1
    outer loop
      vertex 146.957 4.4039 3
      vertex 93 3 3
      vertex 147.304 3.7 3
    endloop
  endfacet
  facet normal 0 0 1
    outer loop
      vertex 93 3 3
      vertex 105 66 3
      vertex 102 66 3
    endloop
  endfacet
  facet normal 0 0 1
    outer loop
      vertex 147.74 3.04743 3
      vertex 93 3 3
      vertex 147.781 3 3
    endloop
  endfacet
  facet normal 0 0 1
    outer loop
      vertex 147.304 3.7 3
      vertex 93 3 3
      vertex 147.74 3.04743 3
    endloop
  endfacet
  facet normal 0 0 1
    outer loop
      vertex 93 3 3
      vertex 102 66 3
      vertex 93 112 3
    endloop
  endfacet
  facet normal 0 0 1
    outer loop
      vertex 90 112 3
      vertex 88 4 3
      vertex 90 3 3
    endloop
  endfacet
  facet normal -0 0 1
    outer loop
      vertex 86.2 4 3
      vertex 90 3 3
      vertex 88 4 3
    endloop
  endfacet
  facet normal 0 0 1
    outer loop
      vertex 85.6 4 3
      vertex 86.2 4 3
      vertex 85.6 7.99 3
    endloop
  endfacet
  facet normal -0 0 1
    outer loop
      vertex 85.6 4 3
      vertex 90 3 3
      vertex 86.2 4 3
    endloop
  endfacet
  facet normal -0 0 1
    outer loop
      vertex 83 4 3
      vertex 90 3 3
      vertex 85.6 4 3
    endloop
  endfacet
  facet normal 0 0 1
    outer loop
      vertex 9 4 3
      vertex 83 4 3
      vertex 9 115 3
    endloop
  endfacet
  facet normal 0 0 1
    outer loop
      vertex 3 3 3
      vertex 83 4 3
      vertex 9 4 3
    endloop
  endfacet
  facet normal 0 0 1
    outer loop
      vertex 3 3 3
      vertex 9 4 3
      vertex 6.4 4 3
    endloop
  endfacet
  facet normal 0 0 1
    outer loop
      vertex 3 3 3
      vertex 6.4 4 3
      vertex 5.8 4 3
    endloop
  endfacet
  facet normal 0 0 1
    outer loop
      vertex 3 3 3
      vertex 5.8 4 3
      vertex 4 4 3
    endloop
  endfacet
  facet normal 0 0 1
    outer loop
      vertex 83 4 3
      vertex 3 3 3
      vertex 90 3 3
    endloop
  endfacet
  facet normal 0 0 1
    outer loop
      vertex 4 118 3
      vertex 3 3 3
      vertex 4 4 3
    endloop
  endfacet
  facet normal 0 -1 0
    outer loop
      vertex 4 4 3
      vertex 5.8 4 99
      vertex 4 4 99
    endloop
  endfacet
  facet normal 0 -1 -0
    outer loop
      vertex 5.8 4 99
      vertex 4 4 3
      vertex 5.8 4 3
    endloop
  endfacet
  facet normal 0.988882 -0.148704 0
    outer loop
      vertex 7 11.98 99
      vertex 6.4 7.99 79.7
      vertex 7 11.98 80
    endloop
  endfacet
  facet normal 0.988882 -0.148704 0
    outer loop
      vertex 5.8 4 99
      vertex 6.4 7.99 78.6
      vertex 6.4 7.99 79.7
    endloop
  endfacet
  facet normal 0.988882 -0.148704 0
    outer loop
      vertex 6.4 7.99 78.6
      vertex 5.8 4 99
      vertex 6.4 7.99 60.7
    endloop
  endfacet
  facet normal 0.988882 -0.148704 0
    outer loop
      vertex 6.4 7.99 60.7
      vertex 5.8 4 99
      vertex 6.4 7.99 59.6
    endloop
  endfacet
  facet normal 0.988882 -0.148704 0
    outer loop
      vertex 6.4 7.99 59.6
      vertex 5.8 4 99
      vertex 6.4 7.99 41.7
    endloop
  endfacet
  facet normal 0.988882 -0.148704 0
    outer loop
      vertex 5.8 4 3
      vertex 6.4 7.99 41.7
      vertex 5.8 4 99
    endloop
  endfacet
  facet normal 0.988882 -0.148704 0
    outer loop
      vertex 6.4 7.99 40.6
      vertex 5.8 4 3
      vertex 6.4 7.99 22.7
    endloop
  endfacet
  facet normal 0.988882 -0.148704 0
    outer loop
      vertex 6.4 7.99 22.7
      vertex 5.8 4 3
      vertex 6.4 7.99 21.6
    endloop
  endfacet
  facet normal 0.988882 -0.148704 0
    outer loop
      vertex 6.4 7.99 21.6
      vertex 5.8 4 3
      vertex 6.4 7.99 3.7
    endloop
  endfacet
  facet normal 0.988882 -0.148704 2.2811e-17
    outer loop
      vertex 5.8 4 99
      vertex 6.4 7.99 79.7
      vertex 7 11.98 99
    endloop
  endfacet
  facet normal 0.988882 -0.148704 0
    outer loop
      vertex 6.4 7.99 41.7
      vertex 5.8 4 3
      vertex 6.4 7.99 40.6
    endloop
  endfacet
  facet normal 0.988882 -0.148704 0
    outer loop
      vertex 6.4 7.99 3.7
      vertex 5.8 4 3
      vertex 6.4 7.99 3
    endloop
  endfacet
  facet normal 0.988882 -0.148704 0
    outer loop
      vertex 6.4 7.99 78.6
      vertex 7 11.98 61
      vertex 7 11.98 78.6
    endloop
  endfacet
  facet normal 0.988882 -0.148704 0
    outer loop
      vertex 7 11.98 61
      vertex 6.4 7.99 78.6
      vertex 6.4 7.99 60.7
    endloop
  endfacet
  facet normal 0.988882 -0.148704 0
    outer loop
      vertex 6.4 7.99 59.6
      vertex 7 11.98 42
      vertex 7 11.98 59.6
    endloop
  endfacet
  facet normal 0.988882 -0.148704 0
    outer loop
      vertex 7 11.98 42
      vertex 6.4 7.99 59.6
      vertex 6.4 7.99 41.7
    endloop
  endfacet
  facet normal 0.988882 -0.148704 0
    outer loop
      vertex 6.4 7.99 40.6
      vertex 7 11.98 23
      vertex 7 11.98 40.6
    endloop
  endfacet
  facet normal 0.988882 -0.148704 0
    outer loop
      vertex 7 11.98 23
      vertex 6.4 7.99 40.6
      vertex 6.4 7.99 22.7
    endloop
  endfacet
  facet normal 0.988882 -0.148704 0
    outer loop
      vertex 6.4 7.99 21.6
      vertex 7 11.98 4
      vertex 7 11.98 21.6
    endloop
  endfacet
  facet normal 0.988882 -0.148704 0
    outer loop
      vertex 7 11.98 4
      vertex 6.4 7.99 21.6
      vertex 6.4 7.99 3.7
    endloop
  endfacet
  facet normal -0 0 1
    outer loop
      vertex 85 11.98 99
      vertex 88 4 99
      vertex 88 118 99
    endloop
  endfacet
  facet normal 0 0 1
    outer loop
      vertex 85 115 99
      vertex 88 118 99
      vertex 85 118 99
    endloop
  endfacet
  facet normal 0 0 1
    outer loop
      vertex 85 11.98 99
      vertex 88 118 99
      vertex 85 115 99
    endloop
  endfacet
  facet normal 0 0 1
    outer loop
      vertex 88 4 99
      vertex 85 11.98 99
      vertex 86.2 4 99
    endloop
  endfacet
  facet normal 1 -0 0
    outer loop
      vertex 88 4 99
      vertex 88 118 80
      vertex 88 118 99
    endloop
  endfacet
  facet normal 1 0 0
    outer loop
      vertex 88 118 80
      vertex 88 4 99
      vertex 88 118 77
    endloop
  endfacet
  facet normal 1 0 0
    outer loop
      vertex 88 118 77
      vertex 88 4 99
      vertex 88 118 61
    endloop
  endfacet
  facet normal 1 0 0
    outer loop
      vertex 88 118 61
      vertex 88 4 99
      vertex 88 118 58
    endloop
  endfacet
  facet normal 1 0 0
    outer loop
      vertex 88 4 3
      vertex 88 118 58
      vertex 88 4 99
    endloop
  endfacet
  facet normal 1 0 0
    outer loop
      vertex 88 118 58
      vertex 88 4 3
      vertex 88 118 42
    endloop
  endfacet
  facet normal 1 0 0
    outer loop
      vertex 88 118 42
      vertex 88 4 3
      vertex 88 118 39
    endloop
  endfacet
  facet normal 1 0 0
    outer loop
      vertex 88 118 39
      vertex 88 4 3
      vertex 88 118 23
    endloop
  endfacet
  facet normal 1 0 0
    outer loop
      vertex 88 118 23
      vertex 88 4 3
      vertex 88 118 20
    endloop
  endfacet
  facet normal 1 0 0
    outer loop
      vertex 88 118 20
      vertex 88 4 3
      vertex 88 118 3
    endloop
  endfacet
  facet normal 0 -1 0
    outer loop
      vertex 86.2 4 3
      vertex 88 4 99
      vertex 86.2 4 99
    endloop
  endfacet
  facet normal 0 -1 -0
    outer loop
      vertex 88 4 99
      vertex 86.2 4 3
      vertex 88 4 3
    endloop
  endfacet
  facet normal -0.988882 -0.148704 0
    outer loop
      vertex 86.2 4 3
      vertex 85.6 7.99 3.7
      vertex 85.6 7.99 3
    endloop
  endfacet
  facet normal -0.988882 -0.148704 0
    outer loop
      vertex 85.6 7.99 3.7
      vertex 86.2 4 3
      vertex 85.6 7.99 21.6
    endloop
  endfacet
  facet normal -0.988882 -0.148704 0
    outer loop
      vertex 85.6 7.99 21.6
      vertex 86.2 4 3
      vertex 85.6 7.99 22.7
    endloop
  endfacet
  facet normal -0.988882 -0.148704 0
    outer loop
      vertex 85.6 7.99 22.7
      vertex 86.2 4 3
      vertex 85.6 7.99 40.6
    endloop
  endfacet
  facet normal -0.988882 -0.148704 0
    outer loop
      vertex 85.6 7.99 40.6
      vertex 86.2 4 3
      vertex 85.6 7.99 41.7
    endloop
  endfacet
  facet normal -0.988882 -0.148704 0
    outer loop
      vertex 85.6 7.99 41.7
      vertex 86.2 4 3
      vertex 85.6 7.99 59.6
    endloop
  endfacet
  facet normal -0.988882 -0.148704 -0
    outer loop
      vertex 86.2 4 99
      vertex 85.6 7.99 59.6
      vertex 86.2 4 3
    endloop
  endfacet
  facet normal -0.988882 -0.148704 0
    outer loop
      vertex 85.6 7.99 59.6
      vertex 86.2 4 99
      vertex 85.6 7.99 60.7
    endloop
  endfacet
  facet normal -0.988882 -0.148704 0
    outer loop
      vertex 85.6 7.99 60.7
      vertex 86.2 4 99
      vertex 85.6 7.99 78.6
    endloop
  endfacet
  facet normal -0.988882 -0.148704 -0
    outer loop
      vertex 85.6 7.99 21.6
      vertex 85 11.98 4
      vertex 85.6 7.99 3.7
    endloop
  endfacet
  facet normal -0.988882 -0.148704 0
    outer loop
      vertex 85 11.98 4
      vertex 85.6 7.99 21.6
      vertex 85 11.98 21.6
    endloop
  endfacet
  facet normal -0.988882 -0.148704 -0
    outer loop
      vertex 85.6 7.99 40.6
      vertex 85 11.98 23
      vertex 85.6 7.99 22.7
    endloop
  endfacet
  facet normal -0.988882 -0.148704 0
    outer loop
      vertex 85 11.98 23
      vertex 85.6 7.99 40.6
      vertex 85 11.98 40.6
    endloop
  endfacet
  facet normal -0.988882 -0.148704 -0
    outer loop
      vertex 85.6 7.99 59.6
      vertex 85 11.98 42
      vertex 85.6 7.99 41.7
    endloop
  endfacet
  facet normal -0.988882 -0.148704 0
    outer loop
      vertex 85 11.98 42
      vertex 85.6 7.99 59.6
      vertex 85 11.98 59.6
    endloop
  endfacet
  facet normal -0.988882 -0.148704 -0
    outer loop
      vertex 85.6 7.99 78.6
      vertex 85 11.98 61
      vertex 85.6 7.99 60.7
    endloop
  endfacet
  facet normal -0.988882 -0.148704 0
    outer loop
      vertex 85 11.98 61
      vertex 85.6 7.99 78.6
      vertex 85 11.98 78.6
    endloop
  endfacet
  facet normal -0.988882 -0.148704 0
    outer loop
      vertex 85.6 7.99 79.7
      vertex 85 11.98 99
      vertex 85 11.98 80
    endloop
  endfacet
  facet normal -0.988882 -0.148704 3.64976e-16
    outer loop
      vertex 85.6 7.99 79.7
      vertex 86.2 4 99
      vertex 85 11.98 99
    endloop
  endfacet
  facet normal -0.988882 -0.148704 0
    outer loop
      vertex 85.6 7.99 78.6
      vertex 86.2 4 99
      vertex 85.6 7.99 79.7
    endloop
  endfacet
  facet normal 0 0.0653981 -0.997859
    outer loop
      vertex 240 45 44
      vertex 244 47.8716 44.1882
      vertex 244 45 44
    endloop
  endfacet
  facet normal 0 0.0653981 -0.997859
    outer loop
      vertex 244 47.8716 44.1882
      vertex 240 45 44
      vertex 240 47.8716 44.1882
    endloop
  endfacet
  facet normal -0 0.0653981 0.997859
    outer loop
      vertex 240 47.8716 87.8118
      vertex 244 45 88
      vertex 244 47.8716 87.8118
    endloop
  endfacet
  facet normal 0 0.0653981 0.997859
    outer loop
      vertex 244 45 88
      vertex 240 47.8716 87.8118
      vertex 240 45 88
    endloop
  endfacet
  facet normal 0 -0.997859 -0.0653981
    outer loop
      vertex 240 23.1882 63.1284
      vertex 244 23 66
      vertex 240 23 66
    endloop
  endfacet
  facet normal 0 -0.997859 -0.0653981
    outer loop
      vertex 244 23 66
      vertex 240 23.1882 63.1284
      vertex 244 23.1882 63.1284
    endloop
  endfacet
  facet normal 0 0.751844 0.659341
    outer loop
      vertex 244 62.4538 79.3928
      vertex 240 60.5564 81.5564
      vertex 244 60.5564 81.5564
    endloop
  endfacet
  facet normal 0 0.751844 0.659341
    outer loop
      vertex 240 60.5564 81.5564
      vertex 244 62.4538 79.3928
      vertex 240 62.4538 79.3928
    endloop
  endfacet
  facet normal 0 0.946921 0.321467
    outer loop
      vertex 244 66.2504 71.694
      vertex 240 65.3253 74.419
      vertex 244 65.3253 74.419
    endloop
  endfacet
  facet normal 0 0.946921 0.321467
    outer loop
      vertex 240 65.3253 74.419
      vertex 244 66.2504 71.694
      vertex 240 66.2504 71.694
    endloop
  endfacet
  facet normal 0 -0.555566 -0.831472
    outer loop
      vertex 240 31.6072 48.5462
      vertex 244 34 46.9474
      vertex 244 31.6072 48.5462
    endloop
  endfacet
  facet normal -0 -0.555566 -0.831472
    outer loop
      vertex 244 34 46.9474
      vertex 240 31.6072 48.5462
      vertex 240 34 46.9474
    endloop
  endfacet
  facet normal 0 0.442258 -0.896888
    outer loop
      vertex 240 53.419 45.6747
      vertex 244 56 46.9474
      vertex 244 53.419 45.6747
    endloop
  endfacet
  facet normal 0 0.442258 -0.896888
    outer loop
      vertex 244 56 46.9474
      vertex 240 53.419 45.6747
      vertex 240 56 46.9474
    endloop
  endfacet
  facet normal 0 0.195087 -0.980786
    outer loop
      vertex 240 47.8716 44.1882
      vertex 244 50.694 44.7496
      vertex 244 47.8716 44.1882
    endloop
  endfacet
  facet normal 0 0.195087 -0.980786
    outer loop
      vertex 244 50.694 44.7496
      vertex 240 47.8716 44.1882
      vertex 240 50.694 44.7496
    endloop
  endfacet
  facet normal 0 0.555582 -0.831462
    outer loop
      vertex 240 56 46.9474
      vertex 244 58.3927 48.5462
      vertex 244 56 46.9474
    endloop
  endfacet
  facet normal 0 0.555582 -0.831462
    outer loop
      vertex 244 58.3927 48.5462
      vertex 240 56 46.9474
      vertex 240 58.3927 48.5462
    endloop
  endfacet
  facet normal 0 0.946921 -0.321467
    outer loop
      vertex 244 65.3253 57.581
      vertex 240 66.2504 60.306
      vertex 244 66.2504 60.306
    endloop
  endfacet
  facet normal 0 0.946921 -0.321467
    outer loop
      vertex 240 66.2504 60.306
      vertex 244 65.3253 57.581
      vertex 240 65.3253 57.581
    endloop
  endfacet
  facet normal -0 0.442258 0.896888
    outer loop
      vertex 240 56 85.0526
      vertex 244 53.419 86.3253
      vertex 244 56 85.0526
    endloop
  endfacet
  facet normal 0 0.442258 0.896888
    outer loop
      vertex 244 53.419 86.3253
      vertex 240 56 85.0526
      vertex 240 53.419 86.3253
    endloop
  endfacet
  facet normal -0 0.321467 0.946921
    outer loop
      vertex 240 53.419 86.3253
      vertex 244 50.694 87.2504
      vertex 244 53.419 86.3253
    endloop
  endfacet
  facet normal 0 0.321467 0.946921
    outer loop
      vertex 244 50.694 87.2504
      vertex 240 53.419 86.3253
      vertex 240 50.694 87.2504
    endloop
  endfacet
  facet normal 0 0.896888 0.442258
    outer loop
      vertex 244 65.3253 74.419
      vertex 240 64.0526 77
      vertex 244 64.0526 77
    endloop
  endfacet
  facet normal 0 0.896888 0.442258
    outer loop
      vertex 240 64.0526 77
      vertex 244 65.3253 74.419
      vertex 240 65.3253 74.419
    endloop
  endfacet
  facet normal 0 0.980786 0.195087
    outer loop
      vertex 244 66.8118 68.8716
      vertex 240 66.2504 71.694
      vertex 244 66.2504 71.694
    endloop
  endfacet
  facet normal 0 0.980786 0.195087
    outer loop
      vertex 240 66.2504 71.694
      vertex 244 66.8118 68.8716
      vertex 240 66.8118 68.8716
    endloop
  endfacet
  facet normal 0 -0.195087 -0.980786
    outer loop
      vertex 240 39.306 44.7496
      vertex 244 42.1284 44.1882
      vertex 244 39.306 44.7496
    endloop
  endfacet
  facet normal -0 -0.195087 -0.980786
    outer loop
      vertex 244 42.1284 44.1882
      vertex 240 39.306 44.7496
      vertex 240 42.1284 44.1882
    endloop
  endfacet
  facet normal 0 -0.980786 -0.195087
    outer loop
      vertex 240 23.7496 60.306
      vertex 244 23.1882 63.1284
      vertex 240 23.1882 63.1284
    endloop
  endfacet
  facet normal 0 -0.980786 -0.195087
    outer loop
      vertex 244 23.1882 63.1284
      vertex 240 23.7496 60.306
      vertex 244 23.7496 60.306
    endloop
  endfacet
  facet normal 0 -0.896888 -0.442258
    outer loop
      vertex 240 25.9474 55
      vertex 244 24.6747 57.581
      vertex 240 24.6747 57.581
    endloop
  endfacet
  facet normal 0 -0.896888 -0.442258
    outer loop
      vertex 244 24.6747 57.581
      vertex 240 25.9474 55
      vertex 244 25.9474 55
    endloop
  endfacet
  facet normal 0 0.321467 -0.946921
    outer loop
      vertex 240 50.694 44.7496
      vertex 244 53.419 45.6747
      vertex 244 50.694 44.7496
    endloop
  endfacet
  facet normal 0 0.321467 -0.946921
    outer loop
      vertex 244 53.419 45.6747
      vertex 240 50.694 44.7496
      vertex 240 53.419 45.6747
    endloop
  endfacet
  facet normal 0 0.659323 -0.751859
    outer loop
      vertex 240 58.3927 48.5462
      vertex 244 60.5564 50.4436
      vertex 244 58.3927 48.5462
    endloop
  endfacet
  facet normal 0 0.659323 -0.751859
    outer loop
      vertex 244 60.5564 50.4436
      vertex 240 58.3927 48.5462
      vertex 240 60.5564 50.4436
    endloop
  endfacet
  facet normal 0 0.980786 -0.195087
    outer loop
      vertex 244 66.2504 60.306
      vertex 240 66.8118 63.1284
      vertex 244 66.8118 63.1284
    endloop
  endfacet
  facet normal 0 0.980786 -0.195087
    outer loop
      vertex 240 66.8118 63.1284
      vertex 244 66.2504 60.306
      vertex 240 66.2504 60.306
    endloop
  endfacet
  facet normal 0 0.896888 -0.442258
    outer loop
      vertex 244 64.0526 55
      vertex 240 65.3253 57.581
      vertex 244 65.3253 57.581
    endloop
  endfacet
  facet normal 0 0.896888 -0.442258
    outer loop
      vertex 240 65.3253 57.581
      vertex 244 64.0526 55
      vertex 240 64.0526 55
    endloop
  endfacet
  facet normal 0 0.751844 -0.659341
    outer loop
      vertex 244 60.5564 50.4436
      vertex 240 62.4538 52.6072
      vertex 244 62.4538 52.6072
    endloop
  endfacet
  facet normal 0 0.751844 -0.659341
    outer loop
      vertex 240 62.4538 52.6072
      vertex 244 60.5564 50.4436
      vertex 240 60.5564 50.4436
    endloop
  endfacet
  facet normal -0 0.555582 0.831462
    outer loop
      vertex 240 58.3927 83.4538
      vertex 244 56 85.0526
      vertex 244 58.3927 83.4538
    endloop
  endfacet
  facet normal 0 0.555582 0.831462
    outer loop
      vertex 244 56 85.0526
      vertex 240 58.3927 83.4538
      vertex 240 56 85.0526
    endloop
  endfacet
  facet normal -0 0.659323 0.751859
    outer loop
      vertex 240 60.5564 81.5564
      vertex 244 58.3927 83.4538
      vertex 244 60.5564 81.5564
    endloop
  endfacet
  facet normal 0 0.659323 0.751859
    outer loop
      vertex 244 58.3927 83.4538
      vertex 240 60.5564 81.5564
      vertex 240 58.3927 83.4538
    endloop
  endfacet
  facet normal -0 0.195087 0.980786
    outer loop
      vertex 240 50.694 87.2504
      vertex 244 47.8716 87.8118
      vertex 244 50.694 87.2504
    endloop
  endfacet
  facet normal 0 0.195087 0.980786
    outer loop
      vertex 244 47.8716 87.8118
      vertex 240 50.694 87.2504
      vertex 240 47.8716 87.8118
    endloop
  endfacet
  facet normal 0 0.831472 0.555566
    outer loop
      vertex 244 64.0526 77
      vertex 240 62.4538 79.3928
      vertex 244 62.4538 79.3928
    endloop
  endfacet
  facet normal 0 0.831472 0.555566
    outer loop
      vertex 240 62.4538 79.3928
      vertex 244 64.0526 77
      vertex 240 64.0526 77
    endloop
  endfacet
  facet normal 0 0.997859 0.0653981
    outer loop
      vertex 244 67 66
      vertex 240 66.8118 68.8716
      vertex 244 66.8118 68.8716
    endloop
  endfacet
  facet normal 0 0.997859 0.0653981
    outer loop
      vertex 240 66.8118 68.8716
      vertex 244 67 66
      vertex 240 67 66
    endloop
  endfacet
  facet normal 0 -0.0653981 -0.997859
    outer loop
      vertex 240 42.1284 44.1882
      vertex 244 45 44
      vertex 244 42.1284 44.1882
    endloop
  endfacet
  facet normal -0 -0.0653981 -0.997859
    outer loop
      vertex 244 45 44
      vertex 240 42.1284 44.1882
      vertex 240 45 44
    endloop
  endfacet
  facet normal 0 -0.831472 -0.555566
    outer loop
      vertex 240 27.5462 52.6072
      vertex 244 25.9474 55
      vertex 240 25.9474 55
    endloop
  endfacet
  facet normal 0 -0.831472 -0.555566
    outer loop
      vertex 244 25.9474 55
      vertex 240 27.5462 52.6072
      vertex 244 27.5462 52.6072
    endloop
  endfacet
  facet normal 0 -0.659341 -0.751844
    outer loop
      vertex 240 29.4436 50.4436
      vertex 244 31.6072 48.5462
      vertex 244 29.4436 50.4436
    endloop
  endfacet
  facet normal -0 -0.659341 -0.751844
    outer loop
      vertex 244 31.6072 48.5462
      vertex 240 29.4436 50.4436
      vertex 240 31.6072 48.5462
    endloop
  endfacet
  facet normal 0 0.997859 -0.0653981
    outer loop
      vertex 244 66.8118 63.1284
      vertex 240 67 66
      vertex 244 67 66
    endloop
  endfacet
  facet normal 0 0.997859 -0.0653981
    outer loop
      vertex 240 67 66
      vertex 244 66.8118 63.1284
      vertex 240 66.8118 63.1284
    endloop
  endfacet
  facet normal 0 0.831472 -0.555566
    outer loop
      vertex 244 62.4538 52.6072
      vertex 240 64.0526 55
      vertex 244 64.0526 55
    endloop
  endfacet
  facet normal 0 0.831472 -0.555566
    outer loop
      vertex 240 64.0526 55
      vertex 244 62.4538 52.6072
      vertex 240 62.4538 52.6072
    endloop
  endfacet
  facet normal 0 -0.442258 -0.896888
    outer loop
      vertex 240 34 46.9474
      vertex 244 36.581 45.6747
      vertex 244 34 46.9474
    endloop
  endfacet
  facet normal -0 -0.442258 -0.896888
    outer loop
      vertex 244 36.581 45.6747
      vertex 240 34 46.9474
      vertex 240 36.581 45.6747
    endloop
  endfacet
  facet normal 1 0 0
    outer loop
      vertex 244 63 66
      vertex 244 67 66
      vertex 244 66.8118 68.8716
    endloop
  endfacet
  facet normal 1 0 0
    outer loop
      vertex 244 62.846 68.3495
      vertex 244 66.8118 68.8716
      vertex 244 66.2504 71.694
    endloop
  endfacet
  facet normal 1 0 0
    outer loop
      vertex 244 67 66
      vertex 244 63 66
      vertex 244 66.8118 63.1284
    endloop
  endfacet
  facet normal 1 0 0
    outer loop
      vertex 244 62.3867 70.6587
      vertex 244 66.2504 71.694
      vertex 244 65.3253 74.419
    endloop
  endfacet
  facet normal 1 -0 0
    outer loop
      vertex 244 62.846 63.6505
      vertex 244 66.8118 63.1284
      vertex 244 63 66
    endloop
  endfacet
  facet normal 1 0 0
    outer loop
      vertex 244 61.6298 72.8883
      vertex 244 65.3253 74.419
      vertex 244 64.0526 77
    endloop
  endfacet
  facet normal 1 0 0
    outer loop
      vertex 244 66.8118 63.1284
      vertex 244 62.846 63.6505
      vertex 244 66.2504 60.306
    endloop
  endfacet
  facet normal 1 -0 0
    outer loop
      vertex 244 62.3867 61.3413
      vertex 244 66.2504 60.306
      vertex 244 62.846 63.6505
    endloop
  endfacet
  facet normal 1 0 0
    outer loop
      vertex 244 66.8118 68.8716
      vertex 244 62.846 68.3495
      vertex 244 63 66
    endloop
  endfacet
  facet normal 1 0 0
    outer loop
      vertex 244 60.5885 75
      vertex 244 64.0526 77
      vertex 244 62.4538 79.3928
    endloop
  endfacet
  facet normal 1 0 0
    outer loop
      vertex 244 66.2504 71.694
      vertex 244 62.3867 70.6587
      vertex 244 62.846 68.3495
    endloop
  endfacet
  facet normal 1 0 0
    outer loop
      vertex 244 65.3253 74.419
      vertex 244 61.6298 72.8883
      vertex 244 62.3867 70.6587
    endloop
  endfacet
  facet normal 1 0 0
    outer loop
      vertex 244 64.0526 77
      vertex 244 60.5885 75
      vertex 244 61.6298 72.8883
    endloop
  endfacet
  facet normal 1 0 0
    outer loop
      vertex 244 59.2804 76.9577
      vertex 244 62.4538 79.3928
      vertex 244 60.5564 81.5564
    endloop
  endfacet
  facet normal 1 0 0
    outer loop
      vertex 244 62.4538 79.3928
      vertex 244 59.2804 76.9577
      vertex 244 60.5885 75
    endloop
  endfacet
  facet normal 1 0 0
    outer loop
      vertex 244 57.7279 78.7279
      vertex 244 60.5564 81.5564
      vertex 244 58.3927 83.4538
    endloop
  endfacet
  facet normal 1 0 0
    outer loop
      vertex 244 60.5564 81.5564
      vertex 244 57.7279 78.7279
      vertex 244 59.2804 76.9577
    endloop
  endfacet
  facet normal 1 0 0
    outer loop
      vertex 244 55.9577 80.2804
      vertex 244 58.3927 83.4538
      vertex 244 56 85.0526
    endloop
  endfacet
  facet normal 1 0 0
    outer loop
      vertex 244 58.3927 83.4538
      vertex 244 55.9577 80.2804
      vertex 244 57.7279 78.7279
    endloop
  endfacet
  facet normal 1 0 0
    outer loop
      vertex 244 56 85.0526
      vertex 244 54 81.5885
      vertex 244 55.9577 80.2804
    endloop
  endfacet
  facet normal 1 0 0
    outer loop
      vertex 244 53.419 86.3253
      vertex 244 54 81.5885
      vertex 244 56 85.0526
    endloop
  endfacet
  facet normal 1 0 0
    outer loop
      vertex 244 53.419 86.3253
      vertex 244 51.8883 82.6298
      vertex 244 54 81.5885
    endloop
  endfacet
  facet normal 1 0 0
    outer loop
      vertex 244 50.694 87.2504
      vertex 244 51.8883 82.6298
      vertex 244 53.419 86.3253
    endloop
  endfacet
  facet normal 1 0 0
    outer loop
      vertex 244 50.694 87.2504
      vertex 244 49.6587 83.3867
      vertex 244 51.8883 82.6298
    endloop
  endfacet
  facet normal 1 0 0
    outer loop
      vertex 244 47.8716 87.8118
      vertex 244 49.6587 83.3867
      vertex 244 50.694 87.2504
    endloop
  endfacet
  facet normal 1 0 0
    outer loop
      vertex 244 47.8716 87.8118
      vertex 244 47.3495 83.846
      vertex 244 49.6587 83.3867
    endloop
  endfacet
  facet normal 1 0 0
    outer loop
      vertex 244 45 88
      vertex 244 47.3495 83.846
      vertex 244 47.8716 87.8118
    endloop
  endfacet
  facet normal 1 0 0
    outer loop
      vertex 244 45 88
      vertex 244 45 84
      vertex 244 47.3495 83.846
    endloop
  endfacet
  facet normal 1 0 0
    outer loop
      vertex 244 45 88
      vertex 244 42.6505 83.846
      vertex 244 45 84
    endloop
  endfacet
  facet normal 1 -0 0
    outer loop
      vertex 244 42.1284 87.8118
      vertex 244 42.6505 83.846
      vertex 244 45 88
    endloop
  endfacet
  facet normal 1 0 0
    outer loop
      vertex 244 42.1284 87.8118
      vertex 244 40.3413 83.3867
      vertex 244 42.6505 83.846
    endloop
  endfacet
  facet normal 1 -0 0
    outer loop
      vertex 244 39.306 87.2504
      vertex 244 40.3413 83.3867
      vertex 244 42.1284 87.8118
    endloop
  endfacet
  facet normal 1 0 0
    outer loop
      vertex 244 39.306 87.2504
      vertex 244 38.1117 82.6298
      vertex 244 40.3413 83.3867
    endloop
  endfacet
  facet normal 1 -0 0
    outer loop
      vertex 244 36.581 86.3253
      vertex 244 38.1117 82.6298
      vertex 244 39.306 87.2504
    endloop
  endfacet
  facet normal 1 0 0
    outer loop
      vertex 244 36.581 86.3253
      vertex 244 36 81.5885
      vertex 244 38.1117 82.6298
    endloop
  endfacet
  facet normal 1 -0 0
    outer loop
      vertex 244 34 85.0526
      vertex 244 36 81.5885
      vertex 244 36.581 86.3253
    endloop
  endfacet
  facet normal 1 0 0
    outer loop
      vertex 244 36 81.5885
      vertex 244 34 85.0526
      vertex 244 34.0423 80.2804
    endloop
  endfacet
  facet normal 1 -0 0
    outer loop
      vertex 244 31.6072 83.4538
      vertex 244 34.0423 80.2804
      vertex 244 34 85.0526
    endloop
  endfacet
  facet normal 1 0 0
    outer loop
      vertex 244 34.0423 80.2804
      vertex 244 31.6072 83.4538
      vertex 244 32.2721 78.7279
    endloop
  endfacet
  facet normal 1 -0 0
    outer loop
      vertex 244 29.4436 81.5564
      vertex 244 32.2721 78.7279
      vertex 244 31.6072 83.4538
    endloop
  endfacet
  facet normal 1 0 0
    outer loop
      vertex 244 32.2721 78.7279
      vertex 244 29.4436 81.5564
      vertex 244 30.7196 76.9577
    endloop
  endfacet
  facet normal 1 -0 0
    outer loop
      vertex 244 27.5462 79.3928
      vertex 244 30.7196 76.9577
      vertex 244 29.4436 81.5564
    endloop
  endfacet
  facet normal 1 0 0
    outer loop
      vertex 244 30.7196 76.9577
      vertex 244 27.5462 79.3928
      vertex 244 29.4115 75
    endloop
  endfacet
  facet normal 1 -0 0
    outer loop
      vertex 244 25.9474 77
      vertex 244 29.4115 75
      vertex 244 27.5462 79.3928
    endloop
  endfacet
  facet normal 1 0 0
    outer loop
      vertex 244 29.4115 75
      vertex 244 25.9474 77
      vertex 244 28.3702 72.8883
    endloop
  endfacet
  facet normal 1 -0 0
    outer loop
      vertex 244 24.6747 74.419
      vertex 244 28.3702 72.8883
      vertex 244 25.9474 77
    endloop
  endfacet
  facet normal 1 0 0
    outer loop
      vertex 244 28.3702 72.8883
      vertex 244 24.6747 74.419
      vertex 244 27.6133 70.6587
    endloop
  endfacet
  facet normal 1 -0 0
    outer loop
      vertex 244 23.7496 71.694
      vertex 244 27.6133 70.6587
      vertex 244 24.6747 74.419
    endloop
  endfacet
  facet normal 1 0 0
    outer loop
      vertex 244 66.2504 60.306
      vertex 244 62.3867 61.3413
      vertex 244 65.3253 57.581
    endloop
  endfacet
  facet normal 1 -0 0
    outer loop
      vertex 244 61.6298 59.1117
      vertex 244 65.3253 57.581
      vertex 244 62.3867 61.3413
    endloop
  endfacet
  facet normal 1 0 0
    outer loop
      vertex 244 65.3253 57.581
      vertex 244 61.6298 59.1117
      vertex 244 64.0526 55
    endloop
  endfacet
  facet normal 1 -0 0
    outer loop
      vertex 244 60.5885 57
      vertex 244 64.0526 55
      vertex 244 61.6298 59.1117
    endloop
  endfacet
  facet normal 1 0 0
    outer loop
      vertex 244 64.0526 55
      vertex 244 60.5885 57
      vertex 244 62.4538 52.6072
    endloop
  endfacet
  facet normal 1 -0 0
    outer loop
      vertex 244 59.2804 55.0423
      vertex 244 62.4538 52.6072
      vertex 244 60.5885 57
    endloop
  endfacet
  facet normal 1 0 0
    outer loop
      vertex 244 62.4538 52.6072
      vertex 244 59.2804 55.0423
      vertex 244 60.5564 50.4436
    endloop
  endfacet
  facet normal 1 -0 0
    outer loop
      vertex 244 57.7279 53.2721
      vertex 244 60.5564 50.4436
      vertex 244 59.2804 55.0423
    endloop
  endfacet
  facet normal 1 0 0
    outer loop
      vertex 244 60.5564 50.4436
      vertex 244 57.7279 53.2721
      vertex 244 58.3927 48.5462
    endloop
  endfacet
  facet normal 1 -0 0
    outer loop
      vertex 244 55.9577 51.7196
      vertex 244 58.3927 48.5462
      vertex 244 57.7279 53.2721
    endloop
  endfacet
  facet normal 1 0 0
    outer loop
      vertex 244 58.3927 48.5462
      vertex 244 55.9577 51.7196
      vertex 244 56 46.9474
    endloop
  endfacet
  facet normal 1 -0 0
    outer loop
      vertex 244 54 50.4115
      vertex 244 56 46.9474
      vertex 244 55.9577 51.7196
    endloop
  endfacet
  facet normal 1 0 0
    outer loop
      vertex 244 54 50.4115
      vertex 244 53.419 45.6747
      vertex 244 56 46.9474
    endloop
  endfacet
  facet normal 1 -0 0
    outer loop
      vertex 244 51.8883 49.3702
      vertex 244 53.419 45.6747
      vertex 244 54 50.4115
    endloop
  endfacet
  facet normal 1 0 0
    outer loop
      vertex 244 51.8883 49.3702
      vertex 244 50.694 44.7496
      vertex 244 53.419 45.6747
    endloop
  endfacet
  facet normal 1 -0 0
    outer loop
      vertex 244 49.6587 48.6133
      vertex 244 50.694 44.7496
      vertex 244 51.8883 49.3702
    endloop
  endfacet
  facet normal 1 0 0
    outer loop
      vertex 244 49.6587 48.6133
      vertex 244 47.8716 44.1882
      vertex 244 50.694 44.7496
    endloop
  endfacet
  facet normal 1 -0 0
    outer loop
      vertex 244 47.3495 48.154
      vertex 244 47.8716 44.1882
      vertex 244 49.6587 48.6133
    endloop
  endfacet
  facet normal 1 -0 0
    outer loop
      vertex 244 45 48
      vertex 244 47.8716 44.1882
      vertex 244 47.3495 48.154
    endloop
  endfacet
  facet normal 1 0 0
    outer loop
      vertex 244 45 48
      vertex 244 45 44
      vertex 244 47.8716 44.1882
    endloop
  endfacet
  facet normal 1 0 0
    outer loop
      vertex 244 42.6505 48.154
      vertex 244 45 44
      vertex 244 45 48
    endloop
  endfacet
  facet normal 1 0 0
    outer loop
      vertex 244 42.6505 48.154
      vertex 244 42.1284 44.1882
      vertex 244 45 44
    endloop
  endfacet
  facet normal 1 0 0
    outer loop
      vertex 244 40.3413 48.6133
      vertex 244 42.1284 44.1882
      vertex 244 42.6505 48.154
    endloop
  endfacet
  facet normal 1 0 0
    outer loop
      vertex 244 40.3413 48.6133
      vertex 244 39.306 44.7496
      vertex 244 42.1284 44.1882
    endloop
  endfacet
  facet normal 1 0 0
    outer loop
      vertex 244 38.1117 49.3702
      vertex 244 39.306 44.7496
      vertex 244 40.3413 48.6133
    endloop
  endfacet
  facet normal 1 0 0
    outer loop
      vertex 244 38.1117 49.3702
      vertex 244 36.581 45.6747
      vertex 244 39.306 44.7496
    endloop
  endfacet
  facet normal 1 0 0
    outer loop
      vertex 244 36 50.4115
      vertex 244 36.581 45.6747
      vertex 244 38.1117 49.3702
    endloop
  endfacet
  facet normal 1 0 0
    outer loop
      vertex 244 34 46.9474
      vertex 244 36 50.4115
      vertex 244 34.0423 51.7196
    endloop
  endfacet
  facet normal 1 0 0
    outer loop
      vertex 244 36 50.4115
      vertex 244 34 46.9474
      vertex 244 36.581 45.6747
    endloop
  endfacet
  facet normal 1 0 0
    outer loop
      vertex 244 31.6072 48.5462
      vertex 244 34.0423 51.7196
      vertex 244 32.2721 53.2721
    endloop
  endfacet
  facet normal 1 0 0
    outer loop
      vertex 244 34.0423 51.7196
      vertex 244 31.6072 48.5462
      vertex 244 34 46.9474
    endloop
  endfacet
  facet normal 1 0 0
    outer loop
      vertex 244 29.4436 50.4436
      vertex 244 32.2721 53.2721
      vertex 244 30.7196 55.0423
    endloop
  endfacet
  facet normal 1 0 0
    outer loop
      vertex 244 32.2721 53.2721
      vertex 244 29.4436 50.4436
      vertex 244 31.6072 48.5462
    endloop
  endfacet
  facet normal 1 0 0
    outer loop
      vertex 244 27.5462 52.6072
      vertex 244 30.7196 55.0423
      vertex 244 29.4115 57
    endloop
  endfacet
  facet normal 1 0 0
    outer loop
      vertex 244 25.9474 55
      vertex 244 29.4115 57
      vertex 244 28.3702 59.1117
    endloop
  endfacet
  facet normal 1 0 0
    outer loop
      vertex 244 24.6747 57.581
      vertex 244 28.3702 59.1117
      vertex 244 27.6133 61.3413
    endloop
  endfacet
  facet normal 1 0 0
    outer loop
      vertex 244 30.7196 55.0423
      vertex 244 27.5462 52.6072
      vertex 244 29.4436 50.4436
    endloop
  endfacet
  facet normal 1 0 0
    outer loop
      vertex 244 23.7496 60.306
      vertex 244 27.6133 61.3413
      vertex 244 27.154 63.6505
    endloop
  endfacet
  facet normal 1 0 0
    outer loop
      vertex 244 23.1882 63.1284
      vertex 244 27.154 63.6505
      vertex 244 27 66
    endloop
  endfacet
  facet normal 1 0 0
    outer loop
      vertex 244 27.6133 70.6587
      vertex 244 23.7496 71.694
      vertex 244 27.154 68.3495
    endloop
  endfacet
  facet normal 1 0 0
    outer loop
      vertex 244 29.4115 57
      vertex 244 25.9474 55
      vertex 244 27.5462 52.6072
    endloop
  endfacet
  facet normal 1 -0 0
    outer loop
      vertex 244 23.1882 68.8716
      vertex 244 27.154 68.3495
      vertex 244 23.7496 71.694
    endloop
  endfacet
  facet normal 1 0 0
    outer loop
      vertex 244 28.3702 59.1117
      vertex 244 24.6747 57.581
      vertex 244 25.9474 55
    endloop
  endfacet
  facet normal 1 0 0
    outer loop
      vertex 244 27.154 68.3495
      vertex 244 23.1882 68.8716
      vertex 244 27 66
    endloop
  endfacet
  facet normal 1 0 0
    outer loop
      vertex 244 27.6133 61.3413
      vertex 244 23.7496 60.306
      vertex 244 24.6747 57.581
    endloop
  endfacet
  facet normal 1 0 0
    outer loop
      vertex 244 23 66
      vertex 244 27 66
      vertex 244 23.1882 68.8716
    endloop
  endfacet
  facet normal 1 0 0
    outer loop
      vertex 244 27.154 63.6505
      vertex 244 23.1882 63.1284
      vertex 244 23.7496 60.306
    endloop
  endfacet
  facet normal 1 0 0
    outer loop
      vertex 244 27 66
      vertex 244 23 66
      vertex 244 23.1882 63.1284
    endloop
  endfacet
  facet normal 0 -0.751844 0.659341
    outer loop
      vertex 240 27.5462 79.3928
      vertex 244 29.4436 81.5564
      vertex 240 29.4436 81.5564
    endloop
  endfacet
  facet normal 0 -0.751844 0.659341
    outer loop
      vertex 244 29.4436 81.5564
      vertex 240 27.5462 79.3928
      vertex 244 27.5462 79.3928
    endloop
  endfacet
  facet normal 0 -0.442258 0.896888
    outer loop
      vertex 240 36.581 86.3253
      vertex 244 34 85.0526
      vertex 244 36.581 86.3253
    endloop
  endfacet
  facet normal 0 -0.442258 0.896888
    outer loop
      vertex 244 34 85.0526
      vertex 240 36.581 86.3253
      vertex 240 34 85.0526
    endloop
  endfacet
  facet normal 0 -0.659341 0.751844
    outer loop
      vertex 240 31.6072 83.4538
      vertex 244 29.4436 81.5564
      vertex 244 31.6072 83.4538
    endloop
  endfacet
  facet normal 0 -0.659341 0.751844
    outer loop
      vertex 244 29.4436 81.5564
      vertex 240 31.6072 83.4538
      vertex 240 29.4436 81.5564
    endloop
  endfacet
  facet normal 0 -0.321467 0.946921
    outer loop
      vertex 240 39.306 87.2504
      vertex 244 36.581 86.3253
      vertex 244 39.306 87.2504
    endloop
  endfacet
  facet normal 0 -0.321467 0.946921
    outer loop
      vertex 244 36.581 86.3253
      vertex 240 39.306 87.2504
      vertex 240 36.581 86.3253
    endloop
  endfacet
  facet normal 0 -0.946921 -0.321467
    outer loop
      vertex 240 24.6747 57.581
      vertex 244 23.7496 60.306
      vertex 240 23.7496 60.306
    endloop
  endfacet
  facet normal 0 -0.946921 -0.321467
    outer loop
      vertex 244 23.7496 60.306
      vertex 240 24.6747 57.581
      vertex 244 24.6747 57.581
    endloop
  endfacet
  facet normal 0 -0.751844 -0.659341
    outer loop
      vertex 240 29.4436 50.4436
      vertex 244 27.5462 52.6072
      vertex 240 27.5462 52.6072
    endloop
  endfacet
  facet normal 0 -0.751844 -0.659341
    outer loop
      vertex 244 27.5462 52.6072
      vertex 240 29.4436 50.4436
      vertex 244 29.4436 50.4436
    endloop
  endfacet
  facet normal 0 -0.321467 -0.946921
    outer loop
      vertex 240 36.581 45.6747
      vertex 244 39.306 44.7496
      vertex 244 36.581 45.6747
    endloop
  endfacet
  facet normal -0 -0.321467 -0.946921
    outer loop
      vertex 244 39.306 44.7496
      vertex 240 36.581 45.6747
      vertex 240 39.306 44.7496
    endloop
  endfacet
  facet normal 0 -0.997859 0.0653981
    outer loop
      vertex 240 23 66
      vertex 244 23.1882 68.8716
      vertex 240 23.1882 68.8716
    endloop
  endfacet
  facet normal 0 -0.997859 0.0653981
    outer loop
      vertex 244 23.1882 68.8716
      vertex 240 23 66
      vertex 244 23 66
    endloop
  endfacet
  facet normal 0 -0.980786 0.195087
    outer loop
      vertex 240 23.1882 68.8716
      vertex 244 23.7496 71.694
      vertex 240 23.7496 71.694
    endloop
  endfacet
  facet normal 0 -0.980786 0.195087
    outer loop
      vertex 244 23.7496 71.694
      vertex 240 23.1882 68.8716
      vertex 244 23.1882 68.8716
    endloop
  endfacet
  facet normal 0 -0.555566 0.831472
    outer loop
      vertex 240 34 85.0526
      vertex 244 31.6072 83.4538
      vertex 244 34 85.0526
    endloop
  endfacet
  facet normal 0 -0.555566 0.831472
    outer loop
      vertex 244 31.6072 83.4538
      vertex 240 34 85.0526
      vertex 240 31.6072 83.4538
    endloop
  endfacet
  facet normal 0 -0.195087 0.980786
    outer loop
      vertex 240 42.1284 87.8118
      vertex 244 39.306 87.2504
      vertex 244 42.1284 87.8118
    endloop
  endfacet
  facet normal 0 -0.195087 0.980786
    outer loop
      vertex 244 39.306 87.2504
      vertex 240 42.1284 87.8118
      vertex 240 39.306 87.2504
    endloop
  endfacet
  facet normal 0 -0.0653981 0.997859
    outer loop
      vertex 240 45 88
      vertex 244 42.1284 87.8118
      vertex 244 45 88
    endloop
  endfacet
  facet normal 0 -0.0653981 0.997859
    outer loop
      vertex 244 42.1284 87.8118
      vertex 240 45 88
      vertex 240 42.1284 87.8118
    endloop
  endfacet
  facet normal 0 -0.831472 0.555566
    outer loop
      vertex 240 25.9474 77
      vertex 244 27.5462 79.3928
      vertex 240 27.5462 79.3928
    endloop
  endfacet
  facet normal 0 -0.831472 0.555566
    outer loop
      vertex 244 27.5462 79.3928
      vertex 240 25.9474 77
      vertex 244 25.9474 77
    endloop
  endfacet
  facet normal 0 -0.946921 0.321467
    outer loop
      vertex 240 23.7496 71.694
      vertex 244 24.6747 74.419
      vertex 240 24.6747 74.419
    endloop
  endfacet
  facet normal 0 -0.946921 0.321467
    outer loop
      vertex 244 24.6747 74.419
      vertex 240 23.7496 71.694
      vertex 244 23.7496 71.694
    endloop
  endfacet
  facet normal 0 -0.896888 0.442258
    outer loop
      vertex 240 24.6747 74.419
      vertex 244 25.9474 77
      vertex 240 25.9474 77
    endloop
  endfacet
  facet normal 0 -0.896888 0.442258
    outer loop
      vertex 244 25.9474 77
      vertex 240 24.6747 74.419
      vertex 244 24.6747 74.419
    endloop
  endfacet
  facet normal 0 -0.555572 0.831468
    outer loop
      vertex 237 55.9577 51.7196
      vertex 244 54 50.4115
      vertex 244 55.9577 51.7196
    endloop
  endfacet
  facet normal 0 -0.555572 0.831468
    outer loop
      vertex 244 54 50.4115
      vertex 237 55.9577 51.7196
      vertex 237 54 50.4115
    endloop
  endfacet
  facet normal 0 -0.946923 -0.32146
    outer loop
      vertex 237 62.3867 70.6587
      vertex 244 61.6298 72.8883
      vertex 237 61.6298 72.8883
    endloop
  endfacet
  facet normal 0 -0.946923 -0.32146
    outer loop
      vertex 244 61.6298 72.8883
      vertex 237 62.3867 70.6587
      vertex 244 62.3867 70.6587
    endloop
  endfacet
  facet normal 0 -0.442263 -0.896885
    outer loop
      vertex 237 51.8883 82.6298
      vertex 244 54 81.5885
      vertex 244 51.8883 82.6298
    endloop
  endfacet
  facet normal -0 -0.442263 -0.896885
    outer loop
      vertex 244 54 81.5885
      vertex 237 51.8883 82.6298
      vertex 237 54 81.5885
    endloop
  endfacet
  facet normal 0 -0.442263 0.896885
    outer loop
      vertex 237 54 50.4115
      vertex 244 51.8883 49.3702
      vertex 244 54 50.4115
    endloop
  endfacet
  facet normal 0 -0.442263 0.896885
    outer loop
      vertex 244 51.8883 49.3702
      vertex 237 54 50.4115
      vertex 237 51.8883 49.3702
    endloop
  endfacet
  facet normal 0 -0.997859 0.0654055
    outer loop
      vertex 237 62.846 63.6505
      vertex 244 63 66
      vertex 237 63 66
    endloop
  endfacet
  facet normal 0 -0.997859 0.0654055
    outer loop
      vertex 244 63 66
      vertex 237 62.846 63.6505
      vertex 244 62.846 63.6505
    endloop
  endfacet
  facet normal 0 -0.831468 0.555572
    outer loop
      vertex 237 59.2804 55.0423
      vertex 244 60.5885 57
      vertex 237 60.5885 57
    endloop
  endfacet
  facet normal 0 -0.831468 0.555572
    outer loop
      vertex 244 60.5885 57
      vertex 237 59.2804 55.0423
      vertex 244 59.2804 55.0423
    endloop
  endfacet
  facet normal 0 -0.0654055 -0.997859
    outer loop
      vertex 237 45 84
      vertex 244 47.3495 83.846
      vertex 244 45 84
    endloop
  endfacet
  facet normal -0 -0.0654055 -0.997859
    outer loop
      vertex 244 47.3495 83.846
      vertex 237 45 84
      vertex 237 47.3495 83.846
    endloop
  endfacet
  facet normal 0 -0.659364 -0.751824
    outer loop
      vertex 237 55.9577 80.2804
      vertex 244 57.7279 78.7279
      vertex 244 55.9577 80.2804
    endloop
  endfacet
  facet normal -0 -0.659364 -0.751824
    outer loop
      vertex 244 57.7279 78.7279
      vertex 237 55.9577 80.2804
      vertex 237 57.7279 78.7279
    endloop
  endfacet
  facet normal 0 -0.896885 -0.442263
    outer loop
      vertex 237 61.6298 72.8883
      vertex 244 60.5885 75
      vertex 237 60.5885 75
    endloop
  endfacet
  facet normal 0 -0.896885 -0.442263
    outer loop
      vertex 244 60.5885 75
      vertex 237 61.6298 72.8883
      vertex 244 61.6298 72.8883
    endloop
  endfacet
  facet normal 0 -0.997859 -0.0654055
    outer loop
      vertex 237 63 66
      vertex 244 62.846 68.3495
      vertex 237 62.846 68.3495
    endloop
  endfacet
  facet normal 0 -0.997859 -0.0654055
    outer loop
      vertex 244 62.846 68.3495
      vertex 237 63 66
      vertex 244 63 66
    endloop
  endfacet
  facet normal 0 0.831468 0.555572
    outer loop
      vertex 244 30.7196 55.0423
      vertex 237 29.4115 57
      vertex 244 29.4115 57
    endloop
  endfacet
  facet normal 0 0.831468 0.555572
    outer loop
      vertex 237 29.4115 57
      vertex 244 30.7196 55.0423
      vertex 237 30.7196 55.0423
    endloop
  endfacet
  facet normal 0 -0.195079 0.980788
    outer loop
      vertex 237 49.6587 48.6133
      vertex 244 47.3495 48.154
      vertex 244 49.6587 48.6133
    endloop
  endfacet
  facet normal 0 -0.195079 0.980788
    outer loop
      vertex 244 47.3495 48.154
      vertex 237 49.6587 48.6133
      vertex 237 47.3495 48.154
    endloop
  endfacet
  facet normal 0 -0.32146 0.946923
    outer loop
      vertex 237 51.8883 49.3702
      vertex 244 49.6587 48.6133
      vertex 244 51.8883 49.3702
    endloop
  endfacet
  facet normal 0 -0.32146 0.946923
    outer loop
      vertex 244 49.6587 48.6133
      vertex 237 51.8883 49.3702
      vertex 237 49.6587 48.6133
    endloop
  endfacet
  facet normal 0 -0.751824 0.659364
    outer loop
      vertex 237 57.7279 53.2721
      vertex 244 59.2804 55.0423
      vertex 237 59.2804 55.0423
    endloop
  endfacet
  facet normal 0 -0.751824 0.659364
    outer loop
      vertex 244 59.2804 55.0423
      vertex 237 57.7279 53.2721
      vertex 244 57.7279 53.2721
    endloop
  endfacet
  facet normal 0 -0.946923 0.32146
    outer loop
      vertex 237 61.6298 59.1117
      vertex 244 62.3867 61.3413
      vertex 237 62.3867 61.3413
    endloop
  endfacet
  facet normal 0 -0.946923 0.32146
    outer loop
      vertex 244 62.3867 61.3413
      vertex 237 61.6298 59.1117
      vertex 244 61.6298 59.1117
    endloop
  endfacet
  facet normal 0 -0.896885 0.442263
    outer loop
      vertex 237 60.5885 57
      vertex 244 61.6298 59.1117
      vertex 237 61.6298 59.1117
    endloop
  endfacet
  facet normal 0 -0.896885 0.442263
    outer loop
      vertex 244 61.6298 59.1117
      vertex 237 60.5885 57
      vertex 244 60.5885 57
    endloop
  endfacet
  facet normal 0 -0.32146 -0.946923
    outer loop
      vertex 237 49.6587 83.3867
      vertex 244 51.8883 82.6298
      vertex 244 49.6587 83.3867
    endloop
  endfacet
  facet normal -0 -0.32146 -0.946923
    outer loop
      vertex 244 51.8883 82.6298
      vertex 237 49.6587 83.3867
      vertex 237 51.8883 82.6298
    endloop
  endfacet
  facet normal 0 -0.195079 -0.980788
    outer loop
      vertex 237 47.3495 83.846
      vertex 244 49.6587 83.3867
      vertex 244 47.3495 83.846
    endloop
  endfacet
  facet normal -0 -0.195079 -0.980788
    outer loop
      vertex 244 49.6587 83.3867
      vertex 237 47.3495 83.846
      vertex 237 49.6587 83.3867
    endloop
  endfacet
  facet normal 0 -0.555572 -0.831468
    outer loop
      vertex 237 54 81.5885
      vertex 244 55.9577 80.2804
      vertex 244 54 81.5885
    endloop
  endfacet
  facet normal -0 -0.555572 -0.831468
    outer loop
      vertex 244 55.9577 80.2804
      vertex 237 54 81.5885
      vertex 237 55.9577 80.2804
    endloop
  endfacet
  facet normal 0 -0.980788 -0.195079
    outer loop
      vertex 237 62.846 68.3495
      vertex 244 62.3867 70.6587
      vertex 237 62.3867 70.6587
    endloop
  endfacet
  facet normal 0 -0.980788 -0.195079
    outer loop
      vertex 244 62.3867 70.6587
      vertex 237 62.846 68.3495
      vertex 244 62.846 68.3495
    endloop
  endfacet
  facet normal 0 -0.831468 -0.555572
    outer loop
      vertex 237 60.5885 75
      vertex 244 59.2804 76.9577
      vertex 237 59.2804 76.9577
    endloop
  endfacet
  facet normal 0 -0.831468 -0.555572
    outer loop
      vertex 244 59.2804 76.9577
      vertex 237 60.5885 75
      vertex 244 60.5885 75
    endloop
  endfacet
  facet normal 0 -0.751824 -0.659364
    outer loop
      vertex 237 59.2804 76.9577
      vertex 244 57.7279 78.7279
      vertex 237 57.7279 78.7279
    endloop
  endfacet
  facet normal 0 -0.751824 -0.659364
    outer loop
      vertex 244 57.7279 78.7279
      vertex 237 59.2804 76.9577
      vertex 244 59.2804 76.9577
    endloop
  endfacet
  facet normal 0 -0.0654055 0.997859
    outer loop
      vertex 237 47.3495 48.154
      vertex 244 45 48
      vertex 244 47.3495 48.154
    endloop
  endfacet
  facet normal 0 -0.0654055 0.997859
    outer loop
      vertex 244 45 48
      vertex 237 47.3495 48.154
      vertex 237 45 48
    endloop
  endfacet
  facet normal -0 0.0654055 0.997859
    outer loop
      vertex 237 45 48
      vertex 244 42.6505 48.154
      vertex 244 45 48
    endloop
  endfacet
  facet normal 0 0.0654055 0.997859
    outer loop
      vertex 244 42.6505 48.154
      vertex 237 45 48
      vertex 237 42.6505 48.154
    endloop
  endfacet
  facet normal -0 0.195079 0.980788
    outer loop
      vertex 237 42.6505 48.154
      vertex 244 40.3413 48.6133
      vertex 244 42.6505 48.154
    endloop
  endfacet
  facet normal 0 0.195079 0.980788
    outer loop
      vertex 244 40.3413 48.6133
      vertex 237 42.6505 48.154
      vertex 237 40.3413 48.6133
    endloop
  endfacet
  facet normal -0 0.555572 0.831468
    outer loop
      vertex 237 36 50.4115
      vertex 244 34.0423 51.7196
      vertex 244 36 50.4115
    endloop
  endfacet
  facet normal 0 0.555572 0.831468
    outer loop
      vertex 244 34.0423 51.7196
      vertex 237 36 50.4115
      vertex 237 34.0423 51.7196
    endloop
  endfacet
  facet normal 0 0.997859 0.0654055
    outer loop
      vertex 244 27.154 63.6505
      vertex 237 27 66
      vertex 244 27 66
    endloop
  endfacet
  facet normal 0 0.997859 0.0654055
    outer loop
      vertex 237 27 66
      vertex 244 27.154 63.6505
      vertex 237 27.154 63.6505
    endloop
  endfacet
  facet normal 0 0.980788 0.195079
    outer loop
      vertex 244 27.6133 61.3413
      vertex 237 27.154 63.6505
      vertex 244 27.154 63.6505
    endloop
  endfacet
  facet normal 0 0.980788 0.195079
    outer loop
      vertex 237 27.154 63.6505
      vertex 244 27.6133 61.3413
      vertex 237 27.6133 61.3413
    endloop
  endfacet
  facet normal 0 -0.659364 0.751824
    outer loop
      vertex 237 57.7279 53.2721
      vertex 244 55.9577 51.7196
      vertex 244 57.7279 53.2721
    endloop
  endfacet
  facet normal 0 -0.659364 0.751824
    outer loop
      vertex 244 55.9577 51.7196
      vertex 237 57.7279 53.2721
      vertex 237 55.9577 51.7196
    endloop
  endfacet
  facet normal 0 -0.980788 0.195079
    outer loop
      vertex 237 62.3867 61.3413
      vertex 244 62.846 63.6505
      vertex 237 62.846 63.6505
    endloop
  endfacet
  facet normal 0 -0.980788 0.195079
    outer loop
      vertex 244 62.846 63.6505
      vertex 237 62.3867 61.3413
      vertex 244 62.3867 61.3413
    endloop
  endfacet
  facet normal -0 0.442263 0.896885
    outer loop
      vertex 237 38.1117 49.3702
      vertex 244 36 50.4115
      vertex 244 38.1117 49.3702
    endloop
  endfacet
  facet normal 0 0.442263 0.896885
    outer loop
      vertex 244 36 50.4115
      vertex 237 38.1117 49.3702
      vertex 237 36 50.4115
    endloop
  endfacet
  facet normal -0 0.32146 0.946923
    outer loop
      vertex 237 40.3413 48.6133
      vertex 244 38.1117 49.3702
      vertex 244 40.3413 48.6133
    endloop
  endfacet
  facet normal 0 0.32146 0.946923
    outer loop
      vertex 244 38.1117 49.3702
      vertex 237 40.3413 48.6133
      vertex 237 38.1117 49.3702
    endloop
  endfacet
  facet normal -0 0.659364 0.751824
    outer loop
      vertex 237 34.0423 51.7196
      vertex 244 32.2721 53.2721
      vertex 244 34.0423 51.7196
    endloop
  endfacet
  facet normal 0 0.659364 0.751824
    outer loop
      vertex 244 32.2721 53.2721
      vertex 237 34.0423 51.7196
      vertex 237 32.2721 53.2721
    endloop
  endfacet
  facet normal 0 0.442263 -0.896885
    outer loop
      vertex 237 36 81.5885
      vertex 244 38.1117 82.6298
      vertex 244 36 81.5885
    endloop
  endfacet
  facet normal 0 0.442263 -0.896885
    outer loop
      vertex 244 38.1117 82.6298
      vertex 237 36 81.5885
      vertex 237 38.1117 82.6298
    endloop
  endfacet
  facet normal 0 0.555572 -0.831468
    outer loop
      vertex 237 34.0423 80.2804
      vertex 244 36 81.5885
      vertex 244 34.0423 80.2804
    endloop
  endfacet
  facet normal 0 0.555572 -0.831468
    outer loop
      vertex 244 36 81.5885
      vertex 237 34.0423 80.2804
      vertex 237 36 81.5885
    endloop
  endfacet
  facet normal 0 0.32146 -0.946923
    outer loop
      vertex 237 38.1117 82.6298
      vertex 244 40.3413 83.3867
      vertex 244 38.1117 82.6298
    endloop
  endfacet
  facet normal 0 0.32146 -0.946923
    outer loop
      vertex 244 40.3413 83.3867
      vertex 237 38.1117 82.6298
      vertex 237 40.3413 83.3867
    endloop
  endfacet
  facet normal 0 0.659364 -0.751824
    outer loop
      vertex 237 32.2721 78.7279
      vertex 244 34.0423 80.2804
      vertex 244 32.2721 78.7279
    endloop
  endfacet
  facet normal 0 0.659364 -0.751824
    outer loop
      vertex 244 34.0423 80.2804
      vertex 237 32.2721 78.7279
      vertex 237 34.0423 80.2804
    endloop
  endfacet
  facet normal 0 0.896885 0.442263
    outer loop
      vertex 244 29.4115 57
      vertex 237 28.3702 59.1117
      vertex 244 28.3702 59.1117
    endloop
  endfacet
  facet normal 0 0.896885 0.442263
    outer loop
      vertex 237 28.3702 59.1117
      vertex 244 29.4115 57
      vertex 237 29.4115 57
    endloop
  endfacet
  facet normal 0 0.946923 0.32146
    outer loop
      vertex 244 28.3702 59.1117
      vertex 237 27.6133 61.3413
      vertex 244 27.6133 61.3413
    endloop
  endfacet
  facet normal 0 0.946923 0.32146
    outer loop
      vertex 237 27.6133 61.3413
      vertex 244 28.3702 59.1117
      vertex 237 28.3702 59.1117
    endloop
  endfacet
  facet normal 0 0.751824 0.659364
    outer loop
      vertex 244 32.2721 53.2721
      vertex 237 30.7196 55.0423
      vertex 244 30.7196 55.0423
    endloop
  endfacet
  facet normal 0 0.751824 0.659364
    outer loop
      vertex 237 30.7196 55.0423
      vertex 244 32.2721 53.2721
      vertex 237 32.2721 53.2721
    endloop
  endfacet
  facet normal 0 0.946923 -0.32146
    outer loop
      vertex 244 27.6133 70.6587
      vertex 237 28.3702 72.8883
      vertex 244 28.3702 72.8883
    endloop
  endfacet
  facet normal 0 0.946923 -0.32146
    outer loop
      vertex 237 28.3702 72.8883
      vertex 244 27.6133 70.6587
      vertex 237 27.6133 70.6587
    endloop
  endfacet
  facet normal 0 0.831468 -0.555572
    outer loop
      vertex 244 29.4115 75
      vertex 237 30.7196 76.9577
      vertex 244 30.7196 76.9577
    endloop
  endfacet
  facet normal 0 0.831468 -0.555572
    outer loop
      vertex 237 30.7196 76.9577
      vertex 244 29.4115 75
      vertex 237 29.4115 75
    endloop
  endfacet
  facet normal 0 0.980788 -0.195079
    outer loop
      vertex 244 27.154 68.3495
      vertex 237 27.6133 70.6587
      vertex 244 27.6133 70.6587
    endloop
  endfacet
  facet normal 0 0.980788 -0.195079
    outer loop
      vertex 237 27.6133 70.6587
      vertex 244 27.154 68.3495
      vertex 237 27.154 68.3495
    endloop
  endfacet
  facet normal 0 0.997859 -0.0654055
    outer loop
      vertex 244 27 66
      vertex 237 27.154 68.3495
      vertex 244 27.154 68.3495
    endloop
  endfacet
  facet normal 0 0.997859 -0.0654055
    outer loop
      vertex 237 27.154 68.3495
      vertex 244 27 66
      vertex 237 27 66
    endloop
  endfacet
  facet normal 0 0.195079 -0.980788
    outer loop
      vertex 237 40.3413 83.3867
      vertex 244 42.6505 83.846
      vertex 244 40.3413 83.3867
    endloop
  endfacet
  facet normal 0 0.195079 -0.980788
    outer loop
      vertex 244 42.6505 83.846
      vertex 237 40.3413 83.3867
      vertex 237 42.6505 83.846
    endloop
  endfacet
  facet normal 0 0.0654055 -0.997859
    outer loop
      vertex 237 42.6505 83.846
      vertex 244 45 84
      vertex 244 42.6505 83.846
    endloop
  endfacet
  facet normal 0 0.0654055 -0.997859
    outer loop
      vertex 244 45 84
      vertex 237 42.6505 83.846
      vertex 237 45 84
    endloop
  endfacet
  facet normal 0 0.751824 -0.659364
    outer loop
      vertex 244 30.7196 76.9577
      vertex 237 32.2721 78.7279
      vertex 244 32.2721 78.7279
    endloop
  endfacet
  facet normal 0 0.751824 -0.659364
    outer loop
      vertex 237 32.2721 78.7279
      vertex 244 30.7196 76.9577
      vertex 237 30.7196 76.9577
    endloop
  endfacet
  facet normal 0 0.896885 -0.442263
    outer loop
      vertex 244 28.3702 72.8883
      vertex 237 29.4115 75
      vertex 244 29.4115 75
    endloop
  endfacet
  facet normal 0 0.896885 -0.442263
    outer loop
      vertex 237 29.4115 75
      vertex 244 28.3702 72.8883
      vertex 237 28.3702 72.8883
    endloop
  endfacet
  facet normal -1 0 0
    outer loop
      vertex 109 70 3
      vertex 109 78 8
      vertex 109 78 3
    endloop
  endfacet
  facet normal -1 -0 0
    outer loop
      vertex 109 78 8
      vertex 109 70 3
      vertex 109 70 8
    endloop
  endfacet
  facet normal -0 0 1
    outer loop
      vertex 109 78 8
      vertex 117 70 8
      vertex 117 78 8
    endloop
  endfacet
  facet normal 0 0 1
    outer loop
      vertex 117 70 8
      vertex 109 78 8
      vertex 109 70 8
    endloop
  endfacet
  facet normal 1 -0 0
    outer loop
      vertex 117 70 8
      vertex 117 78 3
      vertex 117 78 8
    endloop
  endfacet
  facet normal 1 0 0
    outer loop
      vertex 117 78 3
      vertex 117 70 8
      vertex 117 70 3
    endloop
  endfacet
  facet normal 0 -1 0
    outer loop
      vertex 109 70 3
      vertex 117 70 8
      vertex 109 70 8
    endloop
  endfacet
  facet normal 0 -1 -0
    outer loop
      vertex 117 70 8
      vertex 109 70 3
      vertex 117 70 3
    endloop
  endfacet
  facet normal 0 1 -0
    outer loop
      vertex 117 78 3
      vertex 109 78 8
      vertex 117 78 8
    endloop
  endfacet
  facet normal 0 1 0
    outer loop
      vertex 109 78 8
      vertex 117 78 3
      vertex 109 78 3
    endloop
  endfacet
  facet normal -1 0 0
    outer loop
      vertex 196 70 3
      vertex 196 78 8
      vertex 196 78 3
    endloop
  endfacet
  facet normal -1 -0 0
    outer loop
      vertex 196 78 8
      vertex 196 70 3
      vertex 196 70 8
    endloop
  endfacet
  facet normal -0 0 1
    outer loop
      vertex 196 78 8
      vertex 204 70 8
      vertex 204 78 8
    endloop
  endfacet
  facet normal 0 0 1
    outer loop
      vertex 204 70 8
      vertex 196 78 8
      vertex 196 70 8
    endloop
  endfacet
  facet normal 1 -0 0
    outer loop
      vertex 204 70 8
      vertex 204 78 3
      vertex 204 78 8
    endloop
  endfacet
  facet normal 1 0 0
    outer loop
      vertex 204 78 3
      vertex 204 70 8
      vertex 204 70 3
    endloop
  endfacet
  facet normal 0 -1 0
    outer loop
      vertex 196 70 3
      vertex 204 70 8
      vertex 196 70 8
    endloop
  endfacet
  facet normal 0 -1 -0
    outer loop
      vertex 204 70 8
      vertex 196 70 3
      vertex 204 70 3
    endloop
  endfacet
  facet normal 0 1 -0
    outer loop
      vertex 204 78 3
      vertex 196 78 8
      vertex 204 78 8
    endloop
  endfacet
  facet normal 0 1 0
    outer loop
      vertex 196 78 8
      vertex 204 78 3
      vertex 196 78 3
    endloop
  endfacet
  facet normal -1 0 0
    outer loop
      vertex 109 127 3
      vertex 109 135 8
      vertex 109 135 3
    endloop
  endfacet
  facet normal -1 -0 0
    outer loop
      vertex 109 135 8
      vertex 109 127 3
      vertex 109 127 8
    endloop
  endfacet
  facet normal -0 0 1
    outer loop
      vertex 109 135 8
      vertex 117 127 8
      vertex 117 135 8
    endloop
  endfacet
  facet normal 0 0 1
    outer loop
      vertex 117 127 8
      vertex 109 135 8
      vertex 109 127 8
    endloop
  endfacet
  facet normal 1 -0 0
    outer loop
      vertex 117 127 8
      vertex 117 135 3
      vertex 117 135 8
    endloop
  endfacet
  facet normal 1 0 0
    outer loop
      vertex 117 135 3
      vertex 117 127 8
      vertex 117 127 3
    endloop
  endfacet
  facet normal 0 1 -0
    outer loop
      vertex 117 135 3
      vertex 109 135 8
      vertex 117 135 8
    endloop
  endfacet
  facet normal 0 1 0
    outer loop
      vertex 109 135 8
      vertex 117 135 3
      vertex 109 135 3
    endloop
  endfacet
  facet normal 0 -1 0
    outer loop
      vertex 109 127 3
      vertex 117 127 8
      vertex 109 127 8
    endloop
  endfacet
  facet normal 0 -1 -0
    outer loop
      vertex 117 127 8
      vertex 109 127 3
      vertex 117 127 3
    endloop
  endfacet
  facet normal -1 0 0
    outer loop
      vertex 196 135 3
      vertex 196 130 6
      vertex 196 135 6
    endloop
  endfacet
  facet normal -1 0 0
    outer loop
      vertex 196 127 3
      vertex 196 130 6
      vertex 196 135 3
    endloop
  endfacet
  facet normal -1 0 0
    outer loop
      vertex 196 127 7.4
      vertex 196 130 6
      vertex 196 127 3
    endloop
  endfacet
  facet normal -1 0 0
    outer loop
      vertex 196 130 6
      vertex 196 127 7.4
      vertex 196 130 7.4
    endloop
  endfacet
  facet normal 1 -0 0
    outer loop
      vertex 204 127 7.4
      vertex 204 135 3
      vertex 204 135 7.4
    endloop
  endfacet
  facet normal 1 0 0
    outer loop
      vertex 204 135 3
      vertex 204 127 7.4
      vertex 204 127 3
    endloop
  endfacet
  facet normal 0 -1 0
    outer loop
      vertex 196 127 3
      vertex 204 127 7.4
      vertex 196 127 7.4
    endloop
  endfacet
  facet normal 0 -1 -0
    outer loop
      vertex 204 127 7.4
      vertex 196 127 3
      vertex 204 127 3
    endloop
  endfacet
  facet normal 0 1 0
    outer loop
      vertex 204 135 7.4
      vertex 202 135 6
      vertex 202 135 7.4
    endloop
  endfacet
  facet normal 0 1 -0
    outer loop
      vertex 204 135 3
      vertex 202 135 6
      vertex 204 135 7.4
    endloop
  endfacet
  facet normal 0 1 0
    outer loop
      vertex 196 135 3
      vertex 202 135 6
      vertex 204 135 3
    endloop
  endfacet
  facet normal 0 1 0
    outer loop
      vertex 202 135 6
      vertex 196 135 3
      vertex 196 135 6
    endloop
  endfacet
  facet normal -1 0 0
    outer loop
      vertex 102 66 3
      vertex 102 139 9
      vertex 102 139 3
    endloop
  endfacet
  facet normal -1 -0 0
    outer loop
      vertex 102 139 9
      vertex 102 66 3
      vertex 102 66 9
    endloop
  endfacet
  facet normal -0 0 1
    outer loop
      vertex 102 139 9
      vertex 104.5 66 9
      vertex 104.5 139 9
    endloop
  endfacet
  facet normal 0 0 1
    outer loop
      vertex 104.5 66 9
      vertex 102 139 9
      vertex 102 66 9
    endloop
  endfacet
  facet normal 1 -0 0
    outer loop
      vertex 105 66 9.2
      vertex 105 139 3
      vertex 105 139 9.2
    endloop
  endfacet
  facet normal 1 0 0
    outer loop
      vertex 105 139 3
      vertex 105 66 9.2
      vertex 105 66 3
    endloop
  endfacet
  facet normal 0 1 0
    outer loop
      vertex 105 139 9.2
      vertex 104.5 139 9
      vertex 104.5 139 9.2
    endloop
  endfacet
  facet normal 0 1 -0
    outer loop
      vertex 105 139 3
      vertex 104.5 139 9
      vertex 105 139 9.2
    endloop
  endfacet
  facet normal 0 1 0
    outer loop
      vertex 102 139 3
      vertex 104.5 139 9
      vertex 105 139 3
    endloop
  endfacet
  facet normal 0 1 0
    outer loop
      vertex 104.5 139 9
      vertex 102 139 3
      vertex 102 139 9
    endloop
  endfacet
  facet normal 0 -1 0
    outer loop
      vertex 102 66 9
      vertex 102 66 3
      vertex 104.5 66 9
    endloop
  endfacet
  facet normal 0 -1 0
    outer loop
      vertex 104.5 66 9
      vertex 105 66 9.2
      vertex 104.5 66 9.2
    endloop
  endfacet
  facet normal 0 -1 0
    outer loop
      vertex 105 66 3
      vertex 104.5 66 9
      vertex 102 66 3
    endloop
  endfacet
  facet normal 0 -1 0
    outer loop
      vertex 104.5 66 9
      vertex 105 66 3
      vertex 105 66 9.2
    endloop
  endfacet
  facet normal -1 0 0
    outer loop
      vertex 208 66 3
      vertex 208 139 9.2
      vertex 208 139 3
    endloop
  endfacet
  facet normal -1 -0 0
    outer loop
      vertex 208 139 9.2
      vertex 208 66 3
      vertex 208 66 9.2
    endloop
  endfacet
  facet normal -0 0 1
    outer loop
      vertex 208.5 139 9
      vertex 211 66 9
      vertex 211 139 9
    endloop
  endfacet
  facet normal 0 0 1
    outer loop
      vertex 211 66 9
      vertex 208.5 139 9
      vertex 208.5 66 9
    endloop
  endfacet
  facet normal 1 -0 0
    outer loop
      vertex 211 66 9
      vertex 211 139 3
      vertex 211 139 9
    endloop
  endfacet
  facet normal 1 0 0
    outer loop
      vertex 211 139 3
      vertex 211 66 9
      vertex 211 66 3
    endloop
  endfacet
  facet normal 0 -1 0
    outer loop
      vertex 208 66 9.2
      vertex 208.5 66 9
      vertex 208.5 66 9.2
    endloop
  endfacet
  facet normal 0 -1 0
    outer loop
      vertex 208 66 3
      vertex 208.5 66 9
      vertex 208 66 9.2
    endloop
  endfacet
  facet normal 0 -1 0
    outer loop
      vertex 211 66 3
      vertex 208.5 66 9
      vertex 208 66 3
    endloop
  endfacet
  facet normal 0 -1 0
    outer loop
      vertex 208.5 66 9
      vertex 211 66 3
      vertex 211 66 9
    endloop
  endfacet
  facet normal 0 1 0
    outer loop
      vertex 211 139 9
      vertex 211 139 3
      vertex 208.5 139 9
    endloop
  endfacet
  facet normal 0 1 -0
    outer loop
      vertex 208.5 139 9
      vertex 208 139 9.2
      vertex 208.5 139 9.2
    endloop
  endfacet
  facet normal 0 1 0
    outer loop
      vertex 208 139 3
      vertex 208.5 139 9
      vertex 211 139 3
    endloop
  endfacet
  facet normal 0 1 0
    outer loop
      vertex 208.5 139 9
      vertex 208 139 3
      vertex 208 139 9.2
    endloop
  endfacet
  facet normal -1 0 0
    outer loop
      vertex 104.5 66 9
      vertex 104.5 139 9.2
      vertex 104.5 139 9
    endloop
  endfacet
  facet normal -1 -0 0
    outer loop
      vertex 104.5 139 9.2
      vertex 104.5 66 9
      vertex 104.5 66 9.2
    endloop
  endfacet
  facet normal -0 0 1
    outer loop
      vertex 104.5 139 9.2
      vertex 105 66 9.2
      vertex 105 139 9.2
    endloop
  endfacet
  facet normal 0 0 1
    outer loop
      vertex 105 66 9.2
      vertex 104.5 139 9.2
      vertex 104.5 66 9.2
    endloop
  endfacet
  facet normal -0 0 1
    outer loop
      vertex 208 139 9.2
      vertex 208.5 66 9.2
      vertex 208.5 139 9.2
    endloop
  endfacet
  facet normal 0 0 1
    outer loop
      vertex 208.5 66 9.2
      vertex 208 139 9.2
      vertex 208 66 9.2
    endloop
  endfacet
  facet normal 1 -0 0
    outer loop
      vertex 208.5 66 9.2
      vertex 208.5 139 9
      vertex 208.5 139 9.2
    endloop
  endfacet
  facet normal 1 0 0
    outer loop
      vertex 208.5 139 9
      vertex 208.5 66 9.2
      vertex 208.5 66 9
    endloop
  endfacet
  facet normal 0.997886 0.0649832 0
    outer loop
      vertex 158.5 6.7 4
      vertex 158.449 7.48316 3
      vertex 158.449 7.48316 4
    endloop
  endfacet
  facet normal 0.997886 0.0649832 0
    outer loop
      vertex 158.449 7.48316 3
      vertex 158.5 6.7 4
      vertex 158.5 6.7 3
    endloop
  endfacet
  facet normal -0.997886 0.0649832 0
    outer loop
      vertex 146.5 6.7 3
      vertex 146.551 7.48316 4
      vertex 146.551 7.48316 3
    endloop
  endfacet
  facet normal -0.997886 0.0649832 0
    outer loop
      vertex 146.551 7.48316 4
      vertex 146.5 6.7 3
      vertex 146.5 6.7 4
    endloop
  endfacet
  facet normal 0.0653771 0.997861 -0
    outer loop
      vertex 153.283 12.6487 3
      vertex 152.5 12.7 4
      vertex 153.283 12.6487 4
    endloop
  endfacet
  facet normal 0.0653771 0.997861 0
    outer loop
      vertex 152.5 12.7 4
      vertex 153.283 12.6487 3
      vertex 152.5 12.7 3
    endloop
  endfacet
  facet normal 0.752103 0.659046 0
    outer loop
      vertex 157.26 10.3526 4
      vertex 156.743 10.9426 3
      vertex 156.743 10.9426 4
    endloop
  endfacet
  facet normal 0.752103 0.659046 0
    outer loop
      vertex 156.743 10.9426 3
      vertex 157.26 10.3526 4
      vertex 157.26 10.3526 3
    endloop
  endfacet
  facet normal -0.659406 0.751787 0
    outer loop
      vertex 148.847 11.4601 3
      vertex 148.257 10.9426 4
      vertex 148.847 11.4601 4
    endloop
  endfacet
  facet normal -0.659406 0.751787 0
    outer loop
      vertex 148.257 10.9426 4
      vertex 148.847 11.4601 3
      vertex 148.257 10.9426 3
    endloop
  endfacet
  facet normal -0.321537 0.946897 0
    outer loop
      vertex 150.947 12.4956 3
      vertex 150.204 12.2433 4
      vertex 150.947 12.4956 4
    endloop
  endfacet
  facet normal -0.321537 0.946897 0
    outer loop
      vertex 150.204 12.2433 4
      vertex 150.947 12.4956 3
      vertex 150.204 12.2433 3
    endloop
  endfacet
  facet normal 0.896936 0.44216 0
    outer loop
      vertex 158.043 8.9961 4
      vertex 157.696 9.7 3
      vertex 157.696 9.7 4
    endloop
  endfacet
  facet normal 0.896936 0.44216 0
    outer loop
      vertex 157.696 9.7 3
      vertex 158.043 8.9961 4
      vertex 158.043 8.9961 3
    endloop
  endfacet
  facet normal 0.831501 0.555523 0
    outer loop
      vertex 157.696 9.7 4
      vertex 157.26 10.3526 3
      vertex 157.26 10.3526 4
    endloop
  endfacet
  facet normal 0.831501 0.555523 0
    outer loop
      vertex 157.26 10.3526 3
      vertex 157.696 9.7 4
      vertex 157.696 9.7 3
    endloop
  endfacet
  facet normal 0.442212 0.89691 -0
    outer loop
      vertex 155.5 11.8962 3
      vertex 154.796 12.2433 4
      vertex 155.5 11.8962 4
    endloop
  endfacet
  facet normal 0.442212 0.89691 0
    outer loop
      vertex 154.796 12.2433 4
      vertex 155.5 11.8962 3
      vertex 154.796 12.2433 3
    endloop
  endfacet
  facet normal 0.321537 0.946897 -0
    outer loop
      vertex 154.796 12.2433 3
      vertex 154.053 12.4956 4
      vertex 154.796 12.2433 4
    endloop
  endfacet
  facet normal 0.321537 0.946897 0
    outer loop
      vertex 154.053 12.4956 4
      vertex 154.796 12.2433 3
      vertex 154.053 12.4956 3
    endloop
  endfacet
  facet normal 0.555376 0.831599 -0
    outer loop
      vertex 156.153 11.4601 3
      vertex 155.5 11.8962 4
      vertex 156.153 11.4601 4
    endloop
  endfacet
  facet normal 0.555376 0.831599 0
    outer loop
      vertex 155.5 11.8962 4
      vertex 156.153 11.4601 3
      vertex 155.5 11.8962 3
    endloop
  endfacet
  facet normal -0.896936 0.44216 0
    outer loop
      vertex 146.957 8.9961 3
      vertex 147.304 9.7 4
      vertex 147.304 9.7 3
    endloop
  endfacet
  facet normal -0.896936 0.44216 0
    outer loop
      vertex 147.304 9.7 4
      vertex 146.957 8.9961 3
      vertex 146.957 8.9961 4
    endloop
  endfacet
  facet normal -0.831501 0.555523 0
    outer loop
      vertex 147.304 9.7 3
      vertex 147.74 10.3526 4
      vertex 147.74 10.3526 3
    endloop
  endfacet
  facet normal -0.831501 0.555523 0
    outer loop
      vertex 147.74 10.3526 4
      vertex 147.304 9.7 3
      vertex 147.304 9.7 4
    endloop
  endfacet
  facet normal -0.94665 0.322263 0
    outer loop
      vertex 146.704 8.25291 3
      vertex 146.957 8.9961 4
      vertex 146.957 8.9961 3
    endloop
  endfacet
  facet normal -0.94665 0.322263 0
    outer loop
      vertex 146.957 8.9961 4
      vertex 146.704 8.25291 3
      vertex 146.704 8.25291 4
    endloop
  endfacet
  facet normal -0.442212 0.89691 0
    outer loop
      vertex 150.204 12.2433 3
      vertex 149.5 11.8962 4
      vertex 150.204 12.2433 4
    endloop
  endfacet
  facet normal -0.442212 0.89691 0
    outer loop
      vertex 149.5 11.8962 4
      vertex 150.204 12.2433 3
      vertex 149.5 11.8962 3
    endloop
  endfacet
  facet normal -0.195014 0.980801 0
    outer loop
      vertex 151.717 12.6487 3
      vertex 150.947 12.4956 4
      vertex 151.717 12.6487 4
    endloop
  endfacet
  facet normal -0.195014 0.980801 0
    outer loop
      vertex 150.947 12.4956 4
      vertex 151.717 12.6487 3
      vertex 150.947 12.4956 3
    endloop
  endfacet
  facet normal 0.94665 -0.322263 0
    outer loop
      vertex 158.043 4.4039 4
      vertex 158.296 5.14709 3
      vertex 158.296 5.14709 4
    endloop
  endfacet
  facet normal 0.94665 -0.322263 0
    outer loop
      vertex 158.296 5.14709 3
      vertex 158.043 4.4039 4
      vertex 158.043 4.4039 3
    endloop
  endfacet
  facet normal -0.896936 -0.44216 0
    outer loop
      vertex 147.304 3.7 3
      vertex 146.957 4.4039 4
      vertex 146.957 4.4039 3
    endloop
  endfacet
  facet normal -0.896936 -0.44216 0
    outer loop
      vertex 146.957 4.4039 4
      vertex 147.304 3.7 3
      vertex 147.304 3.7 4
    endloop
  endfacet
  facet normal -0.831489 -0.555541 0
    outer loop
      vertex 147.74 3.04743 3
      vertex 147.304 3.7 4
      vertex 147.304 3.7 3
    endloop
  endfacet
  facet normal -0.831489 -0.555541 0
    outer loop
      vertex 147.304 3.7 4
      vertex 147.74 3.04743 3
      vertex 147.74 3.04743 4
    endloop
  endfacet
  facet normal 0.94665 0.322263 0
    outer loop
      vertex 158.296 8.25291 4
      vertex 158.043 8.9961 3
      vertex 158.043 8.9961 4
    endloop
  endfacet
  facet normal 0.94665 0.322263 0
    outer loop
      vertex 158.043 8.9961 3
      vertex 158.296 8.25291 4
      vertex 158.296 8.25291 3
    endloop
  endfacet
  facet normal 0.980813 0.194952 0
    outer loop
      vertex 158.449 7.48316 4
      vertex 158.296 8.25291 3
      vertex 158.296 8.25291 4
    endloop
  endfacet
  facet normal 0.980813 0.194952 0
    outer loop
      vertex 158.296 8.25291 3
      vertex 158.449 7.48316 4
      vertex 158.449 7.48316 3
    endloop
  endfacet
  facet normal 0.195014 0.980801 -0
    outer loop
      vertex 154.053 12.4956 3
      vertex 153.283 12.6487 4
      vertex 154.053 12.4956 4
    endloop
  endfacet
  facet normal 0.195014 0.980801 0
    outer loop
      vertex 153.283 12.6487 4
      vertex 154.053 12.4956 3
      vertex 153.283 12.6487 3
    endloop
  endfacet
  facet normal 0.659406 0.751787 -0
    outer loop
      vertex 156.743 10.9426 3
      vertex 156.153 11.4601 4
      vertex 156.743 10.9426 4
    endloop
  endfacet
  facet normal 0.659406 0.751787 0
    outer loop
      vertex 156.153 11.4601 4
      vertex 156.743 10.9426 3
      vertex 156.153 11.4601 3
    endloop
  endfacet
  facet normal -0.752103 0.659046 0
    outer loop
      vertex 147.74 10.3526 3
      vertex 148.257 10.9426 4
      vertex 148.257 10.9426 3
    endloop
  endfacet
  facet normal -0.752103 0.659046 0
    outer loop
      vertex 148.257 10.9426 4
      vertex 147.74 10.3526 3
      vertex 147.74 10.3526 4
    endloop
  endfacet
  facet normal -0.980813 0.194952 0
    outer loop
      vertex 146.551 7.48316 3
      vertex 146.704 8.25291 4
      vertex 146.704 8.25291 3
    endloop
  endfacet
  facet normal -0.980813 0.194952 0
    outer loop
      vertex 146.704 8.25291 4
      vertex 146.551 7.48316 3
      vertex 146.551 7.48316 4
    endloop
  endfacet
  facet normal -0.555376 0.831599 0
    outer loop
      vertex 149.5 11.8962 3
      vertex 148.847 11.4601 4
      vertex 149.5 11.8962 4
    endloop
  endfacet
  facet normal -0.555376 0.831599 0
    outer loop
      vertex 148.847 11.4601 4
      vertex 149.5 11.8962 3
      vertex 148.847 11.4601 3
    endloop
  endfacet
  facet normal -0.0653771 0.997861 0
    outer loop
      vertex 152.5 12.7 3
      vertex 151.717 12.6487 4
      vertex 152.5 12.7 4
    endloop
  endfacet
  facet normal -0.0653771 0.997861 0
    outer loop
      vertex 151.717 12.6487 4
      vertex 152.5 12.7 3
      vertex 151.717 12.6487 3
    endloop
  endfacet
  facet normal 0.896936 -0.44216 0
    outer loop
      vertex 157.696 3.7 4
      vertex 158.043 4.4039 3
      vertex 158.043 4.4039 4
    endloop
  endfacet
  facet normal 0.896936 -0.44216 0
    outer loop
      vertex 158.043 4.4039 3
      vertex 157.696 3.7 4
      vertex 157.696 3.7 3
    endloop
  endfacet
  facet normal 0.756525 -0.653964 0
    outer loop
      vertex 157.219 3 4
      vertex 157.26 3.04743 3
      vertex 157.26 3.04743 4
    endloop
  endfacet
  facet normal 0.756525 -0.653964 0
    outer loop
      vertex 157.26 3.04743 3
      vertex 157.219 3 4
      vertex 157.219 3 3
    endloop
  endfacet
  facet normal 0.831489 -0.555541 0
    outer loop
      vertex 157.26 3.04743 4
      vertex 157.696 3.7 3
      vertex 157.696 3.7 4
    endloop
  endfacet
  facet normal 0.831489 -0.555541 0
    outer loop
      vertex 157.696 3.7 3
      vertex 157.26 3.04743 4
      vertex 157.26 3.04743 3
    endloop
  endfacet
  facet normal -0.756525 -0.653964 0
    outer loop
      vertex 147.781 3 3
      vertex 147.74 3.04743 4
      vertex 147.74 3.04743 3
    endloop
  endfacet
  facet normal -0.756525 -0.653964 0
    outer loop
      vertex 147.74 3.04743 4
      vertex 147.781 3 3
      vertex 147.781 3 4
    endloop
  endfacet
  facet normal -0.94665 -0.322263 0
    outer loop
      vertex 146.957 4.4039 3
      vertex 146.704 5.14709 4
      vertex 146.704 5.14709 3
    endloop
  endfacet
  facet normal -0.94665 -0.322263 0
    outer loop
      vertex 146.704 5.14709 4
      vertex 146.957 4.4039 3
      vertex 146.957 4.4039 4
    endloop
  endfacet
  facet normal -0.997886 -0.0649832 0
    outer loop
      vertex 146.551 5.91684 3
      vertex 146.5 6.7 4
      vertex 146.5 6.7 3
    endloop
  endfacet
  facet normal -0.997886 -0.0649832 0
    outer loop
      vertex 146.5 6.7 4
      vertex 146.551 5.91684 3
      vertex 146.551 5.91684 4
    endloop
  endfacet
  facet normal 0.980813 -0.194952 0
    outer loop
      vertex 158.296 5.14709 4
      vertex 158.449 5.91684 3
      vertex 158.449 5.91684 4
    endloop
  endfacet
  facet normal 0.980813 -0.194952 0
    outer loop
      vertex 158.449 5.91684 3
      vertex 158.296 5.14709 4
      vertex 158.296 5.14709 3
    endloop
  endfacet
  facet normal 0.997886 -0.0649832 0
    outer loop
      vertex 158.449 5.91684 4
      vertex 158.5 6.7 3
      vertex 158.5 6.7 4
    endloop
  endfacet
  facet normal 0.997886 -0.0649832 0
    outer loop
      vertex 158.5 6.7 3
      vertex 158.449 5.91684 4
      vertex 158.449 5.91684 3
    endloop
  endfacet
  facet normal -0.980813 -0.194952 0
    outer loop
      vertex 146.704 5.14709 3
      vertex 146.551 5.91684 4
      vertex 146.551 5.91684 3
    endloop
  endfacet
  facet normal -0.980813 -0.194952 0
    outer loop
      vertex 146.551 5.91684 4
      vertex 146.704 5.14709 3
      vertex 146.704 5.14709 4
    endloop
  endfacet
  facet normal 0.447024 0.0291109 0.894048
    outer loop
      vertex 158.5 6.7 4
      vertex 156.466 7.2221 5
      vertex 156.5 6.7 5
    endloop
  endfacet
  facet normal 0.447024 0.0291106 0.894048
    outer loop
      vertex 158.449 7.48316 4
      vertex 156.466 7.2221 5
      vertex 158.5 6.7 4
    endloop
  endfacet
  facet normal -0.447024 -0.0291109 0.894048
    outer loop
      vertex 148.5 6.7 5
      vertex 146.5 6.7 4
      vertex 148.534 6.1779 5
    endloop
  endfacet
  facet normal 0.439364 0.0873282 0.894054
    outer loop
      vertex 158.296 8.25291 4
      vertex 156.364 7.73528 5
      vertex 156.466 7.2221 5
    endloop
  endfacet
  facet normal 0.401916 0.198132 0.893984
    outer loop
      vertex 157.696 9.7 4
      vertex 156.196 8.23073 5
      vertex 158.043 8.9961 4
    endloop
  endfacet
  facet normal 0.401571 0.19853 0.894051
    outer loop
      vertex 156.196 8.23073 5
      vertex 157.696 9.7 4
      vertex 155.964 8.7 5
    endloop
  endfacet
  facet normal -0.0292876 0.447022 0.894044
    outer loop
      vertex 152.5 12.7 4
      vertex 151.978 10.6658 5
      vertex 152.5 10.7 5
    endloop
  endfacet
  facet normal -0.439364 -0.0873282 0.894054
    outer loop
      vertex 148.534 6.1779 5
      vertex 146.704 5.14709 4
      vertex 148.636 5.66472 5
    endloop
  endfacet
  facet normal -0.336735 -0.295322 0.894089
    outer loop
      vertex 149.327 4.26495 5
      vertex 148.8 3 4.3837
      vertex 149.672 3.87157 5
    endloop
  endfacet
  facet normal -0.336322 -0.295535 0.894174
    outer loop
      vertex 148.8 3 4.3837
      vertex 149.327 4.26495 5
      vertex 148.578 3 4.3002
    endloop
  endfacet
  facet normal 0.295189 -0.336881 0.894078
    outer loop
      vertex 155.328 3.87157 5
      vertex 155.825 3 4.50751
      vertex 156.2 3 4.3837
    endloop
  endfacet
  facet normal 0.295531 -0.336668 0.894045
    outer loop
      vertex 155.825 3 4.50751
      vertex 155.328 3.87157 5
      vertex 154.935 3.52659 5
    endloop
  endfacet
  facet normal -0.0874398 0.43934 0.894055
    outer loop
      vertex 151.978 10.6658 5
      vertex 150.947 12.4956 4
      vertex 151.465 10.5637 5
    endloop
  endfacet
  facet normal -0.447024 0.0291106 0.894048
    outer loop
      vertex 146.551 7.48316 4
      vertex 146.5 6.7 4
      vertex 148.534 7.2221 5
    endloop
  endfacet
  facet normal 0.295468 0.336597 0.894092
    outer loop
      vertex 156.743 10.9426 4
      vertex 154.935 9.87341 5
      vertex 155.328 9.52843 5
    endloop
  endfacet
  facet normal -0.424077 -0.144366 0.894045
    outer loop
      vertex 148.636 5.66472 5
      vertex 146.704 5.14709 4
      vertex 146.957 4.4039 4
    endloop
  endfacet
  facet normal -0.295531 -0.336668 0.894045
    outer loop
      vertex 149.672 3.87157 5
      vertex 149.175 3 4.50751
      vertex 150.065 3.52659 5
    endloop
  endfacet
  facet normal -0.295189 -0.336881 0.894078
    outer loop
      vertex 149.175 3 4.50751
      vertex 149.672 3.87157 5
      vertex 148.8 3 4.3837
    endloop
  endfacet
  facet normal 0.248828 -0.372525 0.894041
    outer loop
      vertex 154.935 3.52659 5
      vertex 154.636 3 4.8638
      vertex 155.082 3 4.73967
    endloop
  endfacet
  facet normal 0.248989 -0.372597 0.893966
    outer loop
      vertex 154.636 3 4.8638
      vertex 154.935 3.52659 5
      vertex 154.5 3.2359 5
    endloop
  endfacet
  facet normal 0.424383 -0.143902 0.893975
    outer loop
      vertex 156.364 5.66472 5
      vertex 156.196 5.16927 5
      vertex 158.043 4.4039 4
    endloop
  endfacet
  facet normal 0.424077 -0.144366 0.894045
    outer loop
      vertex 158.296 5.14709 4
      vertex 156.364 5.66472 5
      vertex 158.043 4.4039 4
    endloop
  endfacet
  facet normal 0.439364 -0.0873282 0.894054
    outer loop
      vertex 156.466 6.1779 5
      vertex 156.364 5.66472 5
      vertex 158.296 5.14709 4
    endloop
  endfacet
  facet normal 0.439363 -0.0873303 0.894055
    outer loop
      vertex 158.449 5.91684 4
      vertex 156.466 6.1779 5
      vertex 158.296 5.14709 4
    endloop
  endfacet
  facet normal 0.424077 0.144366 0.894045
    outer loop
      vertex 158.043 8.9961 4
      vertex 156.364 7.73528 5
      vertex 158.296 8.25291 4
    endloop
  endfacet
  facet normal 0.439363 0.0873303 0.894055
    outer loop
      vertex 158.296 8.25291 4
      vertex 156.466 7.2221 5
      vertex 158.449 7.48316 4
    endloop
  endfacet
  facet normal -0.439364 0.0873282 0.894054
    outer loop
      vertex 148.636 7.73528 5
      vertex 146.704 8.25291 4
      vertex 148.534 7.2221 5
    endloop
  endfacet
  facet normal -0.143876 0.424271 0.894032
    outer loop
      vertex 151.465 10.5637 5
      vertex 150.204 12.2433 4
      vertex 150.969 10.3955 5
    endloop
  endfacet
  facet normal 0.372376 0.249078 0.894034
    outer loop
      vertex 157.696 9.7 4
      vertex 155.673 9.13505 5
      vertex 155.964 8.7 5
    endloop
  endfacet
  facet normal 0.336727 0.295315 0.894094
    outer loop
      vertex 156.743 10.9426 4
      vertex 155.328 9.52843 5
      vertex 155.673 9.13505 5
    endloop
  endfacet
  facet normal 0.1981 0.401793 0.894046
    outer loop
      vertex 154.796 12.2433 4
      vertex 154.5 10.1641 5
      vertex 155.5 11.8962 4
    endloop
  endfacet
  facet normal 0.198228 0.401767 0.89403
    outer loop
      vertex 154.5 10.1641 5
      vertex 154.796 12.2433 4
      vertex 154.031 10.3955 5
    endloop
  endfacet
  facet normal 0.0292876 0.447022 0.894044
    outer loop
      vertex 153.283 12.6487 4
      vertex 152.5 12.7 4
      vertex 153.022 10.6658 5
    endloop
  endfacet
  facet normal 0.143876 0.424271 0.894032
    outer loop
      vertex 154.796 12.2433 4
      vertex 153.535 10.5637 5
      vertex 154.031 10.3955 5
    endloop
  endfacet
  facet normal -0.439363 -0.0873303 0.894055
    outer loop
      vertex 148.534 6.1779 5
      vertex 146.551 5.91684 4
      vertex 146.704 5.14709 4
    endloop
  endfacet
  facet normal -0.447024 -0.0291106 0.894048
    outer loop
      vertex 148.534 6.1779 5
      vertex 146.5 6.7 4
      vertex 146.551 5.91684 4
    endloop
  endfacet
  facet normal -0.196513 -0.398258 0.895976
    outer loop
      vertex 150.5 3.2359 5
      vertex 150.967 3 4.99757
      vertex 150.969 3.00448 5
    endloop
  endfacet
  facet normal -0.198322 -0.401818 0.893986
    outer loop
      vertex 150.967 3 4.99757
      vertex 150.5 3.2359 5
      vertex 150.364 3 4.8638
    endloop
  endfacet
  facet normal -0.145058 -0.420928 0.895421
    outer loop
      vertex 150.969 3.00448 5
      vertex 150.967 3 4.99757
      vertex 150.982 3 5
    endloop
  endfacet
  facet normal -0.401571 -0.19853 0.894051
    outer loop
      vertex 148.804 5.16927 5
      vertex 147.304 3.7 4
      vertex 149.036 4.7 5
    endloop
  endfacet
  facet normal -0.401916 -0.198132 0.893984
    outer loop
      vertex 147.304 3.7 4
      vertex 148.804 5.16927 5
      vertex 146.957 4.4039 4
    endloop
  endfacet
  facet normal 0.337182 -0.291471 0.895183
    outer loop
      vertex 157.26 3.04743 4
      vertex 156.422 3 4.3002
      vertex 157.219 3 4
    endloop
  endfacet
  facet normal 0.336988 -0.295084 0.894072
    outer loop
      vertex 156.422 3 4.3002
      vertex 157.26 3.04743 4
      vertex 155.673 4.26495 5
    endloop
  endfacet
  facet normal 0.372376 -0.249078 0.894034
    outer loop
      vertex 155.964 4.7 5
      vertex 155.673 4.26495 5
      vertex 157.696 3.7 4
    endloop
  endfacet
  facet normal 0.372456 -0.248848 0.894065
    outer loop
      vertex 157.696 3.7 4
      vertex 155.673 4.26495 5
      vertex 157.26 3.04743 4
    endloop
  endfacet
  facet normal 0.447024 -0.0291106 0.894048
    outer loop
      vertex 158.5 6.7 4
      vertex 156.466 6.1779 5
      vertex 158.449 5.91684 4
    endloop
  endfacet
  facet normal 0.447024 -0.0291109 0.894048
    outer loop
      vertex 156.5 6.7 5
      vertex 156.466 6.1779 5
      vertex 158.5 6.7 4
    endloop
  endfacet
  facet normal -0.447024 0.0291109 0.894048
    outer loop
      vertex 148.534 7.2221 5
      vertex 146.5 6.7 4
      vertex 148.5 6.7 5
    endloop
  endfacet
  facet normal -0.401571 0.19853 0.894051
    outer loop
      vertex 147.304 9.7 4
      vertex 148.804 8.23073 5
      vertex 149.036 8.7 5
    endloop
  endfacet
  facet normal -0.401916 0.198132 0.893984
    outer loop
      vertex 148.804 8.23073 5
      vertex 147.304 9.7 4
      vertex 146.957 8.9961 4
    endloop
  endfacet
  facet normal -0.336727 0.295315 0.894094
    outer loop
      vertex 149.672 9.52843 5
      vertex 148.257 10.9426 4
      vertex 149.327 9.13505 5
    endloop
  endfacet
  facet normal -0.295367 0.336747 0.894069
    outer loop
      vertex 148.847 11.4601 4
      vertex 148.257 10.9426 4
      vertex 150.065 9.87341 5
    endloop
  endfacet
  facet normal -0.336888 0.295206 0.894069
    outer loop
      vertex 148.257 10.9426 4
      vertex 147.74 10.3526 4
      vertex 149.327 9.13505 5
    endloop
  endfacet
  facet normal -0.372459 0.248839 0.894066
    outer loop
      vertex 147.74 10.3526 4
      vertex 147.304 9.7 4
      vertex 149.327 9.13505 5
    endloop
  endfacet
  facet normal -0.087362 0.439378 0.894044
    outer loop
      vertex 151.717 12.6487 4
      vertex 150.947 12.4956 4
      vertex 151.978 10.6658 5
    endloop
  endfacet
  facet normal -0.0292876 0.447022 0.894044
    outer loop
      vertex 152.5 12.7 4
      vertex 151.717 12.6487 4
      vertex 151.978 10.6658 5
    endloop
  endfacet
  facet normal 0.424383 0.143902 0.893975
    outer loop
      vertex 158.043 8.9961 4
      vertex 156.196 8.23073 5
      vertex 156.364 7.73528 5
    endloop
  endfacet
  facet normal 0.372459 0.248839 0.894066
    outer loop
      vertex 157.26 10.3526 4
      vertex 155.673 9.13505 5
      vertex 157.696 9.7 4
    endloop
  endfacet
  facet normal 0.336888 0.295206 0.894069
    outer loop
      vertex 156.743 10.9426 4
      vertex 155.673 9.13505 5
      vertex 157.26 10.3526 4
    endloop
  endfacet
  facet normal 0.0292876 0.447022 0.894044
    outer loop
      vertex 152.5 12.7 4
      vertex 152.5 10.7 5
      vertex 153.022 10.6658 5
    endloop
  endfacet
  facet normal 0.144034 0.424166 0.894057
    outer loop
      vertex 154.053 12.4956 4
      vertex 153.535 10.5637 5
      vertex 154.796 12.2433 4
    endloop
  endfacet
  facet normal 0.248776 0.372508 0.894063
    outer loop
      vertex 155.5 11.8962 4
      vertex 154.935 9.87341 5
      vertex 156.153 11.4601 4
    endloop
  endfacet
  facet normal 0.295367 0.336747 0.894069
    outer loop
      vertex 156.153 11.4601 4
      vertex 154.935 9.87341 5
      vertex 156.743 10.9426 4
    endloop
  endfacet
  facet normal -0.248989 -0.372597 0.893966
    outer loop
      vertex 150.065 3.52659 5
      vertex 150.364 3 4.8638
      vertex 150.5 3.2359 5
    endloop
  endfacet
  facet normal -0.248828 -0.372525 0.894041
    outer loop
      vertex 150.364 3 4.8638
      vertex 150.065 3.52659 5
      vertex 149.918 3 4.73967
    endloop
  endfacet
  facet normal -0.248869 -0.372511 0.894036
    outer loop
      vertex 150.065 3.52659 5
      vertex 149.661 3 4.66813
      vertex 149.918 3 4.73967
    endloop
  endfacet
  facet normal -0.295472 -0.336755 0.894032
    outer loop
      vertex 150.065 3.52659 5
      vertex 149.175 3 4.50751
      vertex 149.661 3 4.66813
    endloop
  endfacet
  facet normal -0.424383 -0.143902 0.893975
    outer loop
      vertex 148.636 5.66472 5
      vertex 146.957 4.4039 4
      vertex 148.804 5.16927 5
    endloop
  endfacet
  facet normal -0.372376 -0.249078 0.894034
    outer loop
      vertex 149.036 4.7 5
      vertex 147.304 3.7 4
      vertex 149.327 4.26495 5
    endloop
  endfacet
  facet normal 0.145058 -0.420928 0.895421
    outer loop
      vertex 154.031 3.00448 5
      vertex 154.018 3 5
      vertex 154.033 3 4.99757
    endloop
  endfacet
  facet normal 0.401916 -0.198132 0.893984
    outer loop
      vertex 156.196 5.16927 5
      vertex 157.696 3.7 4
      vertex 158.043 4.4039 4
    endloop
  endfacet
  facet normal 0.401571 -0.19853 0.894051
    outer loop
      vertex 157.696 3.7 4
      vertex 156.196 5.16927 5
      vertex 155.964 4.7 5
    endloop
  endfacet
  facet normal 0.336322 -0.295535 0.894174
    outer loop
      vertex 155.673 4.26495 5
      vertex 156.2 3 4.3837
      vertex 156.422 3 4.3002
    endloop
  endfacet
  facet normal 0.336735 -0.295322 0.894089
    outer loop
      vertex 156.2 3 4.3837
      vertex 155.673 4.26495 5
      vertex 155.328 3.87157 5
    endloop
  endfacet
  facet normal -0.439363 0.0873303 0.894055
    outer loop
      vertex 146.704 8.25291 4
      vertex 146.551 7.48316 4
      vertex 148.534 7.2221 5
    endloop
  endfacet
  facet normal -0.424383 0.143902 0.893975
    outer loop
      vertex 148.804 8.23073 5
      vertex 146.957 8.9961 4
      vertex 148.636 7.73528 5
    endloop
  endfacet
  facet normal -0.424077 0.144366 0.894045
    outer loop
      vertex 146.957 8.9961 4
      vertex 146.704 8.25291 4
      vertex 148.636 7.73528 5
    endloop
  endfacet
  facet normal -0.144034 0.424166 0.894057
    outer loop
      vertex 150.947 12.4956 4
      vertex 150.204 12.2433 4
      vertex 151.465 10.5637 5
    endloop
  endfacet
  facet normal -0.198228 0.401767 0.89403
    outer loop
      vertex 150.204 12.2433 4
      vertex 150.5 10.1641 5
      vertex 150.969 10.3955 5
    endloop
  endfacet
  facet normal -0.1981 0.401793 0.894046
    outer loop
      vertex 150.5 10.1641 5
      vertex 150.204 12.2433 4
      vertex 149.5 11.8962 4
    endloop
  endfacet
  facet normal -0.2489 0.372465 0.894046
    outer loop
      vertex 150.5 10.1641 5
      vertex 149.5 11.8962 4
      vertex 150.065 9.87341 5
    endloop
  endfacet
  facet normal -0.248776 0.372508 0.894063
    outer loop
      vertex 149.5 11.8962 4
      vertex 148.847 11.4601 4
      vertex 150.065 9.87341 5
    endloop
  endfacet
  facet normal -0.372376 0.249078 0.894034
    outer loop
      vertex 149.327 9.13505 5
      vertex 147.304 9.7 4
      vertex 149.036 8.7 5
    endloop
  endfacet
  facet normal -0.295468 0.336597 0.894092
    outer loop
      vertex 150.065 9.87341 5
      vertex 148.257 10.9426 4
      vertex 149.672 9.52843 5
    endloop
  endfacet
  facet normal 0.2489 0.372465 0.894046
    outer loop
      vertex 155.5 11.8962 4
      vertex 154.5 10.1641 5
      vertex 154.935 9.87341 5
    endloop
  endfacet
  facet normal 0.087362 0.439378 0.894044
    outer loop
      vertex 153.283 12.6487 4
      vertex 153.022 10.6658 5
      vertex 154.053 12.4956 4
    endloop
  endfacet
  facet normal 0.0874398 0.43934 0.894055
    outer loop
      vertex 154.053 12.4956 4
      vertex 153.022 10.6658 5
      vertex 153.535 10.5637 5
    endloop
  endfacet
  facet normal -0.372456 -0.248848 0.894065
    outer loop
      vertex 149.327 4.26495 5
      vertex 147.304 3.7 4
      vertex 147.74 3.04743 4
    endloop
  endfacet
  facet normal -0.336988 -0.295084 0.894072
    outer loop
      vertex 147.74 3.04743 4
      vertex 148.578 3 4.3002
      vertex 149.327 4.26495 5
    endloop
  endfacet
  facet normal -0.337182 -0.291471 0.895183
    outer loop
      vertex 148.578 3 4.3002
      vertex 147.74 3.04743 4
      vertex 147.781 3 4
    endloop
  endfacet
  facet normal 0.248869 -0.372511 0.894036
    outer loop
      vertex 155.339 3 4.66813
      vertex 154.935 3.52659 5
      vertex 155.082 3 4.73967
    endloop
  endfacet
  facet normal 0.295472 -0.336755 0.894032
    outer loop
      vertex 155.825 3 4.50751
      vertex 154.935 3.52659 5
      vertex 155.339 3 4.66813
    endloop
  endfacet
  facet normal 0.198322 -0.401818 0.893986
    outer loop
      vertex 154.5 3.2359 5
      vertex 154.033 3 4.99757
      vertex 154.636 3 4.8638
    endloop
  endfacet
  facet normal 0.196513 -0.398258 0.895976
    outer loop
      vertex 154.033 3 4.99757
      vertex 154.5 3.2359 5
      vertex 154.031 3.00448 5
    endloop
  endfacet
  facet normal 0.997886 0.064984 0
    outer loop
      vertex 156.5 6.7 13
      vertex 156.466 7.2221 5
      vertex 156.466 7.2221 13
    endloop
  endfacet
  facet normal 0.997886 0.064984 0
    outer loop
      vertex 156.466 7.2221 5
      vertex 156.5 6.7 13
      vertex 156.5 6.7 5
    endloop
  endfacet
  facet normal -0.997886 0.064984 0
    outer loop
      vertex 148.5 6.7 5
      vertex 148.534 7.2221 13
      vertex 148.534 7.2221 5
    endloop
  endfacet
  facet normal -0.997886 0.064984 0
    outer loop
      vertex 148.534 7.2221 13
      vertex 148.5 6.7 5
      vertex 148.5 6.7 13
    endloop
  endfacet
  facet normal 0.0653771 0.997861 -0
    outer loop
      vertex 153.022 10.6658 5
      vertex 152.5 10.7 13
      vertex 153.022 10.6658 13
    endloop
  endfacet
  facet normal 0.0653771 0.997861 0
    outer loop
      vertex 152.5 10.7 13
      vertex 153.022 10.6658 5
      vertex 152.5 10.7 5
    endloop
  endfacet
  facet normal 0.659701 0.751529 -0
    outer loop
      vertex 155.328 9.52843 5
      vertex 154.935 9.87341 13
      vertex 155.328 9.52843 13
    endloop
  endfacet
  facet normal 0.659701 0.751529 0
    outer loop
      vertex 154.935 9.87341 13
      vertex 155.328 9.52843 5
      vertex 154.935 9.87341 5
    endloop
  endfacet
  facet normal -0.659701 0.751529 0
    outer loop
      vertex 150.065 9.87341 5
      vertex 149.672 9.52843 13
      vertex 150.065 9.87341 13
    endloop
  endfacet
  facet normal -0.659701 0.751529 0
    outer loop
      vertex 149.672 9.52843 13
      vertex 150.065 9.87341 5
      vertex 149.672 9.52843 5
    endloop
  endfacet
  facet normal -0.32115 0.947028 0
    outer loop
      vertex 151.465 10.5637 5
      vertex 150.969 10.3955 13
      vertex 151.465 10.5637 13
    endloop
  endfacet
  facet normal -0.32115 0.947028 0
    outer loop
      vertex 150.969 10.3955 13
      vertex 151.465 10.5637 5
      vertex 150.969 10.3955 5
    endloop
  endfacet
  facet normal 0.896432 0.443182 0
    outer loop
      vertex 156.196 8.23073 13
      vertex 155.964 8.7 5
      vertex 155.964 8.7 13
    endloop
  endfacet
  facet normal 0.896432 0.443182 0
    outer loop
      vertex 155.964 8.7 5
      vertex 156.196 8.23073 13
      vertex 156.196 8.23073 5
    endloop
  endfacet
  facet normal 0.831197 0.555978 0
    outer loop
      vertex 155.964 8.7 13
      vertex 155.673 9.13505 5
      vertex 155.673 9.13505 13
    endloop
  endfacet
  facet normal 0.831197 0.555978 0
    outer loop
      vertex 155.673 9.13505 5
      vertex 155.964 8.7 13
      vertex 155.964 8.7 5
    endloop
  endfacet
  facet normal 0.442465 0.896786 -0
    outer loop
      vertex 154.5 10.1641 5
      vertex 154.031 10.3955 13
      vertex 154.5 10.1641 13
    endloop
  endfacet
  facet normal 0.442465 0.896786 0
    outer loop
      vertex 154.031 10.3955 13
      vertex 154.5 10.1641 5
      vertex 154.031 10.3955 5
    endloop
  endfacet
  facet normal 0.555613 0.831441 -0
    outer loop
      vertex 154.935 9.87341 5
      vertex 154.5 10.1641 13
      vertex 154.935 9.87341 13
    endloop
  endfacet
  facet normal 0.555613 0.831441 0
    outer loop
      vertex 154.5 10.1641 13
      vertex 154.935 9.87341 5
      vertex 154.5 10.1641 5
    endloop
  endfacet
  facet normal -0.896432 0.443182 0
    outer loop
      vertex 148.804 8.23073 5
      vertex 149.036 8.7 13
      vertex 149.036 8.7 5
    endloop
  endfacet
  facet normal -0.896432 0.443182 0
    outer loop
      vertex 149.036 8.7 13
      vertex 148.804 8.23073 5
      vertex 148.804 8.23073 13
    endloop
  endfacet
  facet normal -0.751826 0.659362 0
    outer loop
      vertex 149.327 9.13505 5
      vertex 149.672 9.52843 13
      vertex 149.672 9.52843 5
    endloop
  endfacet
  facet normal -0.751826 0.659362 0
    outer loop
      vertex 149.672 9.52843 13
      vertex 149.327 9.13505 5
      vertex 149.327 9.13505 13
    endloop
  endfacet
  facet normal 0 0 1
    outer loop
      vertex 153.9 6.7 13
      vertex 156.5 6.7 13
      vertex 156.466 7.2221 13
    endloop
  endfacet
  facet normal 0 0 1
    outer loop
      vertex 153.888 6.88274 13
      vertex 156.466 7.2221 13
      vertex 156.364 7.73528 13
    endloop
  endfacet
  facet normal 0 0 1
    outer loop
      vertex 156.5 6.7 13
      vertex 153.9 6.7 13
      vertex 156.466 6.1779 13
    endloop
  endfacet
  facet normal 0 0 1
    outer loop
      vertex 153.852 7.06235 13
      vertex 156.364 7.73528 13
      vertex 156.196 8.23073 13
    endloop
  endfacet
  facet normal -0 0 1
    outer loop
      vertex 153.888 6.51726 13
      vertex 156.466 6.1779 13
      vertex 153.9 6.7 13
    endloop
  endfacet
  facet normal 0 0 1
    outer loop
      vertex 153.793 7.23576 13
      vertex 156.196 8.23073 13
      vertex 155.964 8.7 13
    endloop
  endfacet
  facet normal 0 0 1
    outer loop
      vertex 156.466 6.1779 13
      vertex 153.888 6.51726 13
      vertex 156.364 5.66472 13
    endloop
  endfacet
  facet normal 0 0 1
    outer loop
      vertex 153.712 7.4 13
      vertex 155.964 8.7 13
      vertex 155.673 9.13505 13
    endloop
  endfacet
  facet normal -0 0 1
    outer loop
      vertex 153.852 6.33765 13
      vertex 156.364 5.66472 13
      vertex 153.888 6.51726 13
    endloop
  endfacet
  facet normal 0 0 1
    outer loop
      vertex 153.611 7.55227 13
      vertex 155.673 9.13505 13
      vertex 155.328 9.52843 13
    endloop
  endfacet
  facet normal 0 0 1
    outer loop
      vertex 156.364 5.66472 13
      vertex 153.852 6.33765 13
      vertex 156.196 5.16927 13
    endloop
  endfacet
  facet normal 0 0 1
    outer loop
      vertex 153.49 7.68995 13
      vertex 155.328 9.52843 13
      vertex 154.935 9.87341 13
    endloop
  endfacet
  facet normal -0 0 1
    outer loop
      vertex 153.793 6.16424 13
      vertex 156.196 5.16927 13
      vertex 153.852 6.33765 13
    endloop
  endfacet
  facet normal 0 0 1
    outer loop
      vertex 153.352 7.81069 13
      vertex 154.935 9.87341 13
      vertex 154.5 10.1641 13
    endloop
  endfacet
  facet normal 0 0 1
    outer loop
      vertex 156.196 5.16927 13
      vertex 153.793 6.16424 13
      vertex 155.964 4.7 13
    endloop
  endfacet
  facet normal 0 0 1
    outer loop
      vertex 153.2 7.91244 13
      vertex 154.5 10.1641 13
      vertex 154.031 10.3955 13
    endloop
  endfacet
  facet normal -0 0 1
    outer loop
      vertex 153.712 6 13
      vertex 155.964 4.7 13
      vertex 153.793 6.16424 13
    endloop
  endfacet
  facet normal 0 0 1
    outer loop
      vertex 155.964 4.7 13
      vertex 153.712 6 13
      vertex 155.673 4.26495 13
    endloop
  endfacet
  facet normal -0 0 1
    outer loop
      vertex 153.611 5.84773 13
      vertex 155.673 4.26495 13
      vertex 153.712 6 13
    endloop
  endfacet
  facet normal 0 0 1
    outer loop
      vertex 156.466 7.2221 13
      vertex 153.888 6.88274 13
      vertex 153.9 6.7 13
    endloop
  endfacet
  facet normal 0 0 1
    outer loop
      vertex 156.364 7.73528 13
      vertex 153.852 7.06235 13
      vertex 153.888 6.88274 13
    endloop
  endfacet
  facet normal 0 0 1
    outer loop
      vertex 156.196 8.23073 13
      vertex 153.793 7.23576 13
      vertex 153.852 7.06235 13
    endloop
  endfacet
  facet normal 0 0 1
    outer loop
      vertex 155.964 8.7 13
      vertex 153.712 7.4 13
      vertex 153.793 7.23576 13
    endloop
  endfacet
  facet normal 0 0 1
    outer loop
      vertex 155.673 9.13505 13
      vertex 153.611 7.55227 13
      vertex 153.712 7.4 13
    endloop
  endfacet
  facet normal 0 0 1
    outer loop
      vertex 153.036 7.99343 13
      vertex 154.031 10.3955 13
      vertex 153.535 10.5637 13
    endloop
  endfacet
  facet normal 0 0 1
    outer loop
      vertex 155.328 9.52843 13
      vertex 153.49 7.68995 13
      vertex 153.611 7.55227 13
    endloop
  endfacet
  facet normal 0 0 1
    outer loop
      vertex 154.935 9.87341 13
      vertex 153.352 7.81069 13
      vertex 153.49 7.68995 13
    endloop
  endfacet
  facet normal 0 0 1
    outer loop
      vertex 154.5 10.1641 13
      vertex 153.2 7.91244 13
      vertex 153.352 7.81069 13
    endloop
  endfacet
  facet normal 0 0 1
    outer loop
      vertex 154.031 10.3955 13
      vertex 153.036 7.99343 13
      vertex 153.2 7.91244 13
    endloop
  endfacet
  facet normal 0 0 1
    outer loop
      vertex 152.862 8.0523 13
      vertex 153.535 10.5637 13
      vertex 153.022 10.6658 13
    endloop
  endfacet
  facet normal 0 0 1
    outer loop
      vertex 153.535 10.5637 13
      vertex 152.862 8.0523 13
      vertex 153.036 7.99343 13
    endloop
  endfacet
  facet normal 0 0 1
    outer loop
      vertex 153.022 10.6658 13
      vertex 152.683 8.08802 13
      vertex 152.862 8.0523 13
    endloop
  endfacet
  facet normal 0 0 1
    outer loop
      vertex 152.5 10.7 13
      vertex 152.683 8.08802 13
      vertex 153.022 10.6658 13
    endloop
  endfacet
  facet normal 0 0 1
    outer loop
      vertex 152.5 10.7 13
      vertex 152.5 8.1 13
      vertex 152.683 8.08802 13
    endloop
  endfacet
  facet normal 0 0 1
    outer loop
      vertex 152.5 10.7 13
      vertex 152.317 8.08802 13
      vertex 152.5 8.1 13
    endloop
  endfacet
  facet normal -0 0 1
    outer loop
      vertex 151.978 10.6658 13
      vertex 152.317 8.08802 13
      vertex 152.5 10.7 13
    endloop
  endfacet
  facet normal 0 0 1
    outer loop
      vertex 152.317 8.08802 13
      vertex 151.978 10.6658 13
      vertex 152.138 8.0523 13
    endloop
  endfacet
  facet normal -0 0 1
    outer loop
      vertex 151.465 10.5637 13
      vertex 152.138 8.0523 13
      vertex 151.978 10.6658 13
    endloop
  endfacet
  facet normal 0 0 1
    outer loop
      vertex 152.138 8.0523 13
      vertex 151.465 10.5637 13
      vertex 151.964 7.99343 13
    endloop
  endfacet
  facet normal -0 0 1
    outer loop
      vertex 150.969 10.3955 13
      vertex 151.964 7.99343 13
      vertex 151.465 10.5637 13
    endloop
  endfacet
  facet normal 0 0 1
    outer loop
      vertex 151.964 7.99343 13
      vertex 150.969 10.3955 13
      vertex 151.8 7.91244 13
    endloop
  endfacet
  facet normal -0 0 1
    outer loop
      vertex 150.5 10.1641 13
      vertex 151.8 7.91244 13
      vertex 150.969 10.3955 13
    endloop
  endfacet
  facet normal 0 0 1
    outer loop
      vertex 151.8 7.91244 13
      vertex 150.5 10.1641 13
      vertex 151.648 7.81069 13
    endloop
  endfacet
  facet normal -0 0 1
    outer loop
      vertex 150.065 9.87341 13
      vertex 151.648 7.81069 13
      vertex 150.5 10.1641 13
    endloop
  endfacet
  facet normal 0 0 1
    outer loop
      vertex 151.648 7.81069 13
      vertex 150.065 9.87341 13
      vertex 151.51 7.68995 13
    endloop
  endfacet
  facet normal -0 0 1
    outer loop
      vertex 149.672 9.52843 13
      vertex 151.51 7.68995 13
      vertex 150.065 9.87341 13
    endloop
  endfacet
  facet normal 0 0 1
    outer loop
      vertex 151.51 7.68995 13
      vertex 149.672 9.52843 13
      vertex 151.389 7.55227 13
    endloop
  endfacet
  facet normal -0 0 1
    outer loop
      vertex 149.327 9.13505 13
      vertex 151.389 7.55227 13
      vertex 149.672 9.52843 13
    endloop
  endfacet
  facet normal 0 0 1
    outer loop
      vertex 151.389 7.55227 13
      vertex 149.327 9.13505 13
      vertex 151.288 7.4 13
    endloop
  endfacet
  facet normal -0 0 1
    outer loop
      vertex 149.036 8.7 13
      vertex 151.288 7.4 13
      vertex 149.327 9.13505 13
    endloop
  endfacet
  facet normal 0 0 1
    outer loop
      vertex 151.288 7.4 13
      vertex 149.036 8.7 13
      vertex 151.207 7.23576 13
    endloop
  endfacet
  facet normal 0 0 1
    outer loop
      vertex 151.1 6.7 13
      vertex 150.5 3.2359 13
      vertex 150.982 3 13
    endloop
  endfacet
  facet normal 0 0 1
    outer loop
      vertex 150.982 3 13
      vertex 150.5 3.2359 13
      vertex 150.969 3.00448 13
    endloop
  endfacet
  facet normal -0 0 1
    outer loop
      vertex 148.804 8.23073 13
      vertex 151.207 7.23576 13
      vertex 149.036 8.7 13
    endloop
  endfacet
  facet normal 0 0 1
    outer loop
      vertex 151.1 6.7 13
      vertex 150.065 3.52659 13
      vertex 150.5 3.2359 13
    endloop
  endfacet
  facet normal 0 0 1
    outer loop
      vertex 151.207 7.23576 13
      vertex 148.804 8.23073 13
      vertex 151.148 7.06235 13
    endloop
  endfacet
  facet normal 0 0 1
    outer loop
      vertex 151.1 6.7 13
      vertex 149.672 3.87157 13
      vertex 150.065 3.52659 13
    endloop
  endfacet
  facet normal -0 0 1
    outer loop
      vertex 148.636 7.73528 13
      vertex 151.148 7.06235 13
      vertex 148.804 8.23073 13
    endloop
  endfacet
  facet normal 0 0 1
    outer loop
      vertex 151.1 6.7 13
      vertex 149.327 4.26495 13
      vertex 149.672 3.87157 13
    endloop
  endfacet
  facet normal 0 0 1
    outer loop
      vertex 151.148 7.06235 13
      vertex 148.636 7.73528 13
      vertex 151.112 6.88274 13
    endloop
  endfacet
  facet normal 0 0 1
    outer loop
      vertex 151.1 6.7 13
      vertex 149.036 4.7 13
      vertex 149.327 4.26495 13
    endloop
  endfacet
  facet normal -0 0 1
    outer loop
      vertex 148.534 7.2221 13
      vertex 151.112 6.88274 13
      vertex 148.636 7.73528 13
    endloop
  endfacet
  facet normal 0 0 1
    outer loop
      vertex 151.1 6.7 13
      vertex 148.804 5.16927 13
      vertex 149.036 4.7 13
    endloop
  endfacet
  facet normal 0 0 1
    outer loop
      vertex 151.112 6.88274 13
      vertex 148.534 7.2221 13
      vertex 151.1 6.7 13
    endloop
  endfacet
  facet normal 0 0 1
    outer loop
      vertex 151.1 6.7 13
      vertex 148.636 5.66472 13
      vertex 148.804 5.16927 13
    endloop
  endfacet
  facet normal 0 0 1
    outer loop
      vertex 148.5 6.7 13
      vertex 151.1 6.7 13
      vertex 148.534 7.2221 13
    endloop
  endfacet
  facet normal 0 0 1
    outer loop
      vertex 151.1 6.7 13
      vertex 148.534 6.1779 13
      vertex 148.636 5.66472 13
    endloop
  endfacet
  facet normal 0 0 1
    outer loop
      vertex 151.1 6.7 13
      vertex 148.5 6.7 13
      vertex 148.534 6.1779 13
    endloop
  endfacet
  facet normal 0 0 1
    outer loop
      vertex 155.673 4.26495 13
      vertex 153.611 5.84773 13
      vertex 155.328 3.87157 13
    endloop
  endfacet
  facet normal -0 0 1
    outer loop
      vertex 153.49 5.71005 13
      vertex 155.328 3.87157 13
      vertex 153.611 5.84773 13
    endloop
  endfacet
  facet normal 0 0 1
    outer loop
      vertex 155.328 3.87157 13
      vertex 153.49 5.71005 13
      vertex 154.935 3.52659 13
    endloop
  endfacet
  facet normal -0 0 1
    outer loop
      vertex 153.352 5.5893 13
      vertex 154.935 3.52659 13
      vertex 153.49 5.71005 13
    endloop
  endfacet
  facet normal 0 0 1
    outer loop
      vertex 154.935 3.52659 13
      vertex 153.352 5.5893 13
      vertex 154.5 3.2359 13
    endloop
  endfacet
  facet normal -0 0 1
    outer loop
      vertex 153.2 5.48756 13
      vertex 154.5 3.2359 13
      vertex 153.352 5.5893 13
    endloop
  endfacet
  facet normal 0 0 1
    outer loop
      vertex 154.5 3.2359 13
      vertex 153.2 5.48756 13
      vertex 154.031 3.00448 13
    endloop
  endfacet
  facet normal -0 0 1
    outer loop
      vertex 153.036 5.40657 13
      vertex 154.031 3.00448 13
      vertex 153.2 5.48756 13
    endloop
  endfacet
  facet normal 0 0 1
    outer loop
      vertex 154.031 3.00448 13
      vertex 153.036 5.40657 13
      vertex 154.018 3 13
    endloop
  endfacet
  facet normal -0 0 1
    outer loop
      vertex 152.862 5.3477 13
      vertex 154.018 3 13
      vertex 153.036 5.40657 13
    endloop
  endfacet
  facet normal -0 0 1
    outer loop
      vertex 152.683 5.31198 13
      vertex 154.018 3 13
      vertex 152.862 5.3477 13
    endloop
  endfacet
  facet normal -0 0 1
    outer loop
      vertex 152.5 5.3 13
      vertex 154.018 3 13
      vertex 152.683 5.31198 13
    endloop
  endfacet
  facet normal 0 0 1
    outer loop
      vertex 150.982 3 13
      vertex 152.5 5.3 13
      vertex 152.317 5.31198 13
    endloop
  endfacet
  facet normal 0 0 1
    outer loop
      vertex 150.982 3 13
      vertex 152.317 5.31198 13
      vertex 152.138 5.3477 13
    endloop
  endfacet
  facet normal 0 0 1
    outer loop
      vertex 150.982 3 13
      vertex 152.138 5.3477 13
      vertex 151.964 5.40657 13
    endloop
  endfacet
  facet normal 0 0 1
    outer loop
      vertex 150.982 3 13
      vertex 151.964 5.40657 13
      vertex 151.8 5.48756 13
    endloop
  endfacet
  facet normal 0 0 1
    outer loop
      vertex 150.982 3 13
      vertex 151.8 5.48756 13
      vertex 151.648 5.5893 13
    endloop
  endfacet
  facet normal 0 0 1
    outer loop
      vertex 150.982 3 13
      vertex 151.648 5.5893 13
      vertex 151.51 5.71005 13
    endloop
  endfacet
  facet normal 0 0 1
    outer loop
      vertex 152.5 5.3 13
      vertex 150.982 3 13
      vertex 154.018 3 13
    endloop
  endfacet
  facet normal 0 0 1
    outer loop
      vertex 151.389 5.84773 13
      vertex 150.982 3 13
      vertex 151.51 5.71005 13
    endloop
  endfacet
  facet normal 0 0 1
    outer loop
      vertex 151.288 6 13
      vertex 150.982 3 13
      vertex 151.389 5.84773 13
    endloop
  endfacet
  facet normal 0 0 1
    outer loop
      vertex 151.207 6.16424 13
      vertex 150.982 3 13
      vertex 151.288 6 13
    endloop
  endfacet
  facet normal 0 0 1
    outer loop
      vertex 151.148 6.33765 13
      vertex 150.982 3 13
      vertex 151.207 6.16424 13
    endloop
  endfacet
  facet normal 0 0 1
    outer loop
      vertex 151.112 6.51726 13
      vertex 150.982 3 13
      vertex 151.148 6.33765 13
    endloop
  endfacet
  facet normal 0 0 1
    outer loop
      vertex 150.982 3 13
      vertex 151.112 6.51726 13
      vertex 151.1 6.7 13
    endloop
  endfacet
  facet normal -0.0653771 0.997861 0
    outer loop
      vertex 152.5 10.7 5
      vertex 151.978 10.6658 13
      vertex 152.5 10.7 13
    endloop
  endfacet
  facet normal -0.0653771 0.997861 0
    outer loop
      vertex 151.978 10.6658 13
      vertex 152.5 10.7 5
      vertex 151.978 10.6658 5
    endloop
  endfacet
  facet normal 0.947036 -0.321126 0
    outer loop
      vertex 156.196 5.16927 13
      vertex 156.364 5.66472 5
      vertex 156.364 5.66472 13
    endloop
  endfacet
  facet normal 0.947036 -0.321126 0
    outer loop
      vertex 156.364 5.66472 5
      vertex 156.196 5.16927 13
      vertex 156.196 5.16927 5
    endloop
  endfacet
  facet normal 0.442496 -0.89677 0
    outer loop
      vertex 154.031 3.00448 5
      vertex 154.5 3.2359 13
      vertex 154.031 3.00448 13
    endloop
  endfacet
  facet normal 0.442496 -0.89677 0
    outer loop
      vertex 154.5 3.2359 13
      vertex 154.031 3.00448 5
      vertex 154.5 3.2359 5
    endloop
  endfacet
  facet normal 0.555613 -0.831441 0
    outer loop
      vertex 154.5 3.2359 5
      vertex 154.935 3.52659 13
      vertex 154.5 3.2359 13
    endloop
  endfacet
  facet normal 0.555613 -0.831441 0
    outer loop
      vertex 154.935 3.52659 13
      vertex 154.5 3.2359 5
      vertex 154.935 3.52659 5
    endloop
  endfacet
  facet normal -0.659701 -0.751529 0
    outer loop
      vertex 149.672 3.87157 5
      vertex 150.065 3.52659 13
      vertex 149.672 3.87157 13
    endloop
  endfacet
  facet normal -0.659701 -0.751529 -0
    outer loop
      vertex 150.065 3.52659 13
      vertex 149.672 3.87157 5
      vertex 150.065 3.52659 5
    endloop
  endfacet
  facet normal -0.997886 -0.064984 0
    outer loop
      vertex 148.534 6.1779 5
      vertex 148.5 6.7 13
      vertex 148.5 6.7 5
    endloop
  endfacet
  facet normal -0.997886 -0.064984 0
    outer loop
      vertex 148.5 6.7 13
      vertex 148.534 6.1779 5
      vertex 148.534 6.1779 13
    endloop
  endfacet
  facet normal 0.947036 0.321126 0
    outer loop
      vertex 156.364 7.73528 13
      vertex 156.196 8.23073 5
      vertex 156.196 8.23073 13
    endloop
  endfacet
  facet normal 0.947036 0.321126 0
    outer loop
      vertex 156.196 8.23073 5
      vertex 156.364 7.73528 13
      vertex 156.364 7.73528 5
    endloop
  endfacet
  facet normal 0.980814 0.194947 0
    outer loop
      vertex 156.466 7.2221 13
      vertex 156.364 7.73528 5
      vertex 156.364 7.73528 13
    endloop
  endfacet
  facet normal 0.980814 0.194947 0
    outer loop
      vertex 156.364 7.73528 5
      vertex 156.466 7.2221 13
      vertex 156.466 7.2221 5
    endloop
  endfacet
  facet normal 0.751826 0.659362 0
    outer loop
      vertex 155.673 9.13505 13
      vertex 155.328 9.52843 5
      vertex 155.328 9.52843 13
    endloop
  endfacet
  facet normal 0.751826 0.659362 0
    outer loop
      vertex 155.328 9.52843 5
      vertex 155.673 9.13505 13
      vertex 155.673 9.13505 5
    endloop
  endfacet
  facet normal 0.32115 0.947028 -0
    outer loop
      vertex 154.031 10.3955 5
      vertex 153.535 10.5637 13
      vertex 154.031 10.3955 13
    endloop
  endfacet
  facet normal 0.32115 0.947028 0
    outer loop
      vertex 153.535 10.5637 13
      vertex 154.031 10.3955 5
      vertex 153.535 10.5637 5
    endloop
  endfacet
  facet normal 0.195197 0.980764 -0
    outer loop
      vertex 153.535 10.5637 5
      vertex 153.022 10.6658 13
      vertex 153.535 10.5637 13
    endloop
  endfacet
  facet normal 0.195197 0.980764 0
    outer loop
      vertex 153.022 10.6658 13
      vertex 153.535 10.5637 5
      vertex 153.022 10.6658 5
    endloop
  endfacet
  facet normal -0.831197 0.555978 0
    outer loop
      vertex 149.036 8.7 5
      vertex 149.327 9.13505 13
      vertex 149.327 9.13505 5
    endloop
  endfacet
  facet normal -0.831197 0.555978 0
    outer loop
      vertex 149.327 9.13505 13
      vertex 149.036 8.7 5
      vertex 149.036 8.7 13
    endloop
  endfacet
  facet normal -0.947036 0.321126 0
    outer loop
      vertex 148.636 7.73528 5
      vertex 148.804 8.23073 13
      vertex 148.804 8.23073 5
    endloop
  endfacet
  facet normal -0.947036 0.321126 0
    outer loop
      vertex 148.804 8.23073 13
      vertex 148.636 7.73528 5
      vertex 148.636 7.73528 13
    endloop
  endfacet
  facet normal -0.980814 0.194947 0
    outer loop
      vertex 148.534 7.2221 5
      vertex 148.636 7.73528 13
      vertex 148.636 7.73528 5
    endloop
  endfacet
  facet normal -0.980814 0.194947 0
    outer loop
      vertex 148.636 7.73528 13
      vertex 148.534 7.2221 5
      vertex 148.534 7.2221 13
    endloop
  endfacet
  facet normal -0.442465 0.896786 0
    outer loop
      vertex 150.969 10.3955 5
      vertex 150.5 10.1641 13
      vertex 150.969 10.3955 13
    endloop
  endfacet
  facet normal -0.442465 0.896786 0
    outer loop
      vertex 150.5 10.1641 13
      vertex 150.969 10.3955 5
      vertex 150.5 10.1641 5
    endloop
  endfacet
  facet normal -0.555613 0.831441 0
    outer loop
      vertex 150.5 10.1641 5
      vertex 150.065 9.87341 13
      vertex 150.5 10.1641 13
    endloop
  endfacet
  facet normal -0.555613 0.831441 0
    outer loop
      vertex 150.065 9.87341 13
      vertex 150.5 10.1641 5
      vertex 150.065 9.87341 5
    endloop
  endfacet
  facet normal -0.195197 0.980764 0
    outer loop
      vertex 151.978 10.6658 5
      vertex 151.465 10.5637 13
      vertex 151.978 10.6658 13
    endloop
  endfacet
  facet normal -0.195197 0.980764 0
    outer loop
      vertex 151.465 10.5637 13
      vertex 151.978 10.6658 5
      vertex 151.465 10.5637 5
    endloop
  endfacet
  facet normal 0.997886 -0.064984 0
    outer loop
      vertex 156.466 6.1779 13
      vertex 156.5 6.7 5
      vertex 156.5 6.7 13
    endloop
  endfacet
  facet normal 0.997886 -0.064984 0
    outer loop
      vertex 156.5 6.7 5
      vertex 156.466 6.1779 13
      vertex 156.466 6.1779 5
    endloop
  endfacet
  facet normal 0.325811 -0.945435 0
    outer loop
      vertex 154.018 3 5
      vertex 154.031 3.00448 13
      vertex 154.018 3 13
    endloop
  endfacet
  facet normal 0.325811 -0.945435 0
    outer loop
      vertex 154.031 3.00448 13
      vertex 154.018 3 5
      vertex 154.031 3.00448 5
    endloop
  endfacet
  facet normal 0.659701 -0.751529 0
    outer loop
      vertex 154.935 3.52659 5
      vertex 155.328 3.87157 13
      vertex 154.935 3.52659 13
    endloop
  endfacet
  facet normal 0.659701 -0.751529 0
    outer loop
      vertex 155.328 3.87157 13
      vertex 154.935 3.52659 5
      vertex 155.328 3.87157 5
    endloop
  endfacet
  facet normal 0.831197 -0.555978 0
    outer loop
      vertex 155.673 4.26495 13
      vertex 155.964 4.7 5
      vertex 155.964 4.7 13
    endloop
  endfacet
  facet normal 0.831197 -0.555978 0
    outer loop
      vertex 155.964 4.7 5
      vertex 155.673 4.26495 13
      vertex 155.673 4.26495 5
    endloop
  endfacet
  facet normal -0.555613 -0.831441 0
    outer loop
      vertex 150.065 3.52659 5
      vertex 150.5 3.2359 13
      vertex 150.065 3.52659 13
    endloop
  endfacet
  facet normal -0.555613 -0.831441 -0
    outer loop
      vertex 150.5 3.2359 13
      vertex 150.065 3.52659 5
      vertex 150.5 3.2359 5
    endloop
  endfacet
  facet normal -0.325811 -0.945435 0
    outer loop
      vertex 150.969 3.00448 5
      vertex 150.982 3 13
      vertex 150.969 3.00448 13
    endloop
  endfacet
  facet normal -0.325811 -0.945435 -0
    outer loop
      vertex 150.982 3 13
      vertex 150.969 3.00448 5
      vertex 150.982 3 5
    endloop
  endfacet
  facet normal -0.896432 -0.443182 0
    outer loop
      vertex 149.036 4.7 5
      vertex 148.804 5.16927 13
      vertex 148.804 5.16927 5
    endloop
  endfacet
  facet normal -0.896432 -0.443182 0
    outer loop
      vertex 148.804 5.16927 13
      vertex 149.036 4.7 5
      vertex 149.036 4.7 13
    endloop
  endfacet
  facet normal -0.751826 -0.659362 0
    outer loop
      vertex 149.672 3.87157 5
      vertex 149.327 4.26495 13
      vertex 149.327 4.26495 5
    endloop
  endfacet
  facet normal -0.751826 -0.659362 0
    outer loop
      vertex 149.327 4.26495 13
      vertex 149.672 3.87157 5
      vertex 149.672 3.87157 13
    endloop
  endfacet
  facet normal -0.980814 -0.194947 0
    outer loop
      vertex 148.636 5.66472 5
      vertex 148.534 6.1779 13
      vertex 148.534 6.1779 5
    endloop
  endfacet
  facet normal -0.980814 -0.194947 0
    outer loop
      vertex 148.534 6.1779 13
      vertex 148.636 5.66472 5
      vertex 148.636 5.66472 13
    endloop
  endfacet
  facet normal 0.751826 -0.659362 0
    outer loop
      vertex 155.328 3.87157 13
      vertex 155.673 4.26495 5
      vertex 155.673 4.26495 13
    endloop
  endfacet
  facet normal 0.751826 -0.659362 0
    outer loop
      vertex 155.673 4.26495 5
      vertex 155.328 3.87157 13
      vertex 155.328 3.87157 5
    endloop
  endfacet
  facet normal 0.980814 -0.194947 0
    outer loop
      vertex 156.364 5.66472 13
      vertex 156.466 6.1779 5
      vertex 156.466 6.1779 13
    endloop
  endfacet
  facet normal 0.980814 -0.194947 0
    outer loop
      vertex 156.466 6.1779 5
      vertex 156.364 5.66472 13
      vertex 156.364 5.66472 5
    endloop
  endfacet
  facet normal 0.896432 -0.443182 0
    outer loop
      vertex 155.964 4.7 13
      vertex 156.196 5.16927 5
      vertex 156.196 5.16927 13
    endloop
  endfacet
  facet normal 0.896432 -0.443182 0
    outer loop
      vertex 156.196 5.16927 5
      vertex 155.964 4.7 13
      vertex 155.964 4.7 5
    endloop
  endfacet
  facet normal -0.442496 -0.89677 0
    outer loop
      vertex 150.5 3.2359 5
      vertex 150.969 3.00448 13
      vertex 150.5 3.2359 13
    endloop
  endfacet
  facet normal -0.442496 -0.89677 -0
    outer loop
      vertex 150.969 3.00448 13
      vertex 150.5 3.2359 5
      vertex 150.969 3.00448 5
    endloop
  endfacet
  facet normal -0.831197 -0.555978 0
    outer loop
      vertex 149.327 4.26495 5
      vertex 149.036 4.7 13
      vertex 149.036 4.7 5
    endloop
  endfacet
  facet normal -0.831197 -0.555978 0
    outer loop
      vertex 149.036 4.7 13
      vertex 149.327 4.26495 5
      vertex 149.327 4.26495 13
    endloop
  endfacet
  facet normal -0.947036 -0.321126 0
    outer loop
      vertex 148.804 5.16927 5
      vertex 148.636 5.66472 13
      vertex 148.636 5.66472 5
    endloop
  endfacet
  facet normal -0.947036 -0.321126 0
    outer loop
      vertex 148.636 5.66472 13
      vertex 148.804 5.16927 5
      vertex 148.804 5.16927 13
    endloop
  endfacet
  facet normal 0.997886 0.0649832 0
    outer loop
      vertex 216.5 6.7 4
      vertex 216.449 7.48316 3
      vertex 216.449 7.48316 4
    endloop
  endfacet
  facet normal 0.997886 0.0649832 0
    outer loop
      vertex 216.449 7.48316 3
      vertex 216.5 6.7 4
      vertex 216.5 6.7 3
    endloop
  endfacet
  facet normal -0.997886 0.0649832 0
    outer loop
      vertex 204.5 6.7 3
      vertex 204.551 7.48316 4
      vertex 204.551 7.48316 3
    endloop
  endfacet
  facet normal -0.997886 0.0649832 0
    outer loop
      vertex 204.551 7.48316 4
      vertex 204.5 6.7 3
      vertex 204.5 6.7 4
    endloop
  endfacet
  facet normal 0.0653771 0.997861 -0
    outer loop
      vertex 211.283 12.6487 3
      vertex 210.5 12.7 4
      vertex 211.283 12.6487 4
    endloop
  endfacet
  facet normal 0.0653771 0.997861 0
    outer loop
      vertex 210.5 12.7 4
      vertex 211.283 12.6487 3
      vertex 210.5 12.7 3
    endloop
  endfacet
  facet normal -0.756525 -0.653964 0
    outer loop
      vertex 205.781 3 3
      vertex 205.74 3.04743 4
      vertex 205.74 3.04743 3
    endloop
  endfacet
  facet normal -0.756525 -0.653964 0
    outer loop
      vertex 205.74 3.04743 4
      vertex 205.781 3 3
      vertex 205.781 3 4
    endloop
  endfacet
  facet normal 0.752103 0.659046 0
    outer loop
      vertex 215.26 10.3526 4
      vertex 214.743 10.9426 3
      vertex 214.743 10.9426 4
    endloop
  endfacet
  facet normal 0.752103 0.659046 0
    outer loop
      vertex 214.743 10.9426 3
      vertex 215.26 10.3526 4
      vertex 215.26 10.3526 3
    endloop
  endfacet
  facet normal -0.659406 0.751787 0
    outer loop
      vertex 206.847 11.4601 3
      vertex 206.257 10.9426 4
      vertex 206.847 11.4601 4
    endloop
  endfacet
  facet normal -0.659406 0.751787 0
    outer loop
      vertex 206.257 10.9426 4
      vertex 206.847 11.4601 3
      vertex 206.257 10.9426 3
    endloop
  endfacet
  facet normal -0.321537 0.946897 0
    outer loop
      vertex 208.947 12.4956 3
      vertex 208.204 12.2433 4
      vertex 208.947 12.4956 4
    endloop
  endfacet
  facet normal -0.321537 0.946897 0
    outer loop
      vertex 208.204 12.2433 4
      vertex 208.947 12.4956 3
      vertex 208.204 12.2433 3
    endloop
  endfacet
  facet normal 0.896936 0.44216 0
    outer loop
      vertex 216.043 8.9961 4
      vertex 215.696 9.7 3
      vertex 215.696 9.7 4
    endloop
  endfacet
  facet normal 0.896936 0.44216 0
    outer loop
      vertex 215.696 9.7 3
      vertex 216.043 8.9961 4
      vertex 216.043 8.9961 3
    endloop
  endfacet
  facet normal 0.831501 0.555523 0
    outer loop
      vertex 215.696 9.7 4
      vertex 215.26 10.3526 3
      vertex 215.26 10.3526 4
    endloop
  endfacet
  facet normal 0.831501 0.555523 0
    outer loop
      vertex 215.26 10.3526 3
      vertex 215.696 9.7 4
      vertex 215.696 9.7 3
    endloop
  endfacet
  facet normal 0.442212 0.89691 -0
    outer loop
      vertex 213.5 11.8962 3
      vertex 212.796 12.2433 4
      vertex 213.5 11.8962 4
    endloop
  endfacet
  facet normal 0.442212 0.89691 0
    outer loop
      vertex 212.796 12.2433 4
      vertex 213.5 11.8962 3
      vertex 212.796 12.2433 3
    endloop
  endfacet
  facet normal 0.321537 0.946897 -0
    outer loop
      vertex 212.796 12.2433 3
      vertex 212.053 12.4956 4
      vertex 212.796 12.2433 4
    endloop
  endfacet
  facet normal 0.321537 0.946897 0
    outer loop
      vertex 212.053 12.4956 4
      vertex 212.796 12.2433 3
      vertex 212.053 12.4956 3
    endloop
  endfacet
  facet normal 0.555376 0.831599 -0
    outer loop
      vertex 214.153 11.4601 3
      vertex 213.5 11.8962 4
      vertex 214.153 11.4601 4
    endloop
  endfacet
  facet normal 0.555376 0.831599 0
    outer loop
      vertex 213.5 11.8962 4
      vertex 214.153 11.4601 3
      vertex 213.5 11.8962 3
    endloop
  endfacet
  facet normal -0.896936 0.44216 0
    outer loop
      vertex 204.957 8.9961 3
      vertex 205.304 9.7 4
      vertex 205.304 9.7 3
    endloop
  endfacet
  facet normal -0.896936 0.44216 0
    outer loop
      vertex 205.304 9.7 4
      vertex 204.957 8.9961 3
      vertex 204.957 8.9961 4
    endloop
  endfacet
  facet normal -0.94665 0.322263 0
    outer loop
      vertex 204.704 8.25291 3
      vertex 204.957 8.9961 4
      vertex 204.957 8.9961 3
    endloop
  endfacet
  facet normal -0.94665 0.322263 0
    outer loop
      vertex 204.957 8.9961 4
      vertex 204.704 8.25291 3
      vertex 204.704 8.25291 4
    endloop
  endfacet
  facet normal -0.442212 0.89691 0
    outer loop
      vertex 208.204 12.2433 3
      vertex 207.5 11.8962 4
      vertex 208.204 12.2433 4
    endloop
  endfacet
  facet normal -0.442212 0.89691 0
    outer loop
      vertex 207.5 11.8962 4
      vertex 208.204 12.2433 3
      vertex 207.5 11.8962 3
    endloop
  endfacet
  facet normal -0.195014 0.980801 0
    outer loop
      vertex 209.717 12.6487 3
      vertex 208.947 12.4956 4
      vertex 209.717 12.6487 4
    endloop
  endfacet
  facet normal -0.195014 0.980801 0
    outer loop
      vertex 208.947 12.4956 4
      vertex 209.717 12.6487 3
      vertex 208.947 12.4956 3
    endloop
  endfacet
  facet normal 0.94665 -0.322263 0
    outer loop
      vertex 216.043 4.4039 4
      vertex 216.296 5.14709 3
      vertex 216.296 5.14709 4
    endloop
  endfacet
  facet normal 0.94665 -0.322263 0
    outer loop
      vertex 216.296 5.14709 3
      vertex 216.043 4.4039 4
      vertex 216.043 4.4039 3
    endloop
  endfacet
  facet normal -0.896936 -0.44216 0
    outer loop
      vertex 205.304 3.7 3
      vertex 204.957 4.4039 4
      vertex 204.957 4.4039 3
    endloop
  endfacet
  facet normal -0.896936 -0.44216 0
    outer loop
      vertex 204.957 4.4039 4
      vertex 205.304 3.7 3
      vertex 205.304 3.7 4
    endloop
  endfacet
  facet normal 0.94665 0.322263 0
    outer loop
      vertex 216.296 8.25291 4
      vertex 216.043 8.9961 3
      vertex 216.043 8.9961 4
    endloop
  endfacet
  facet normal 0.94665 0.322263 0
    outer loop
      vertex 216.043 8.9961 3
      vertex 216.296 8.25291 4
      vertex 216.296 8.25291 3
    endloop
  endfacet
  facet normal 0.980813 0.194952 0
    outer loop
      vertex 216.449 7.48316 4
      vertex 216.296 8.25291 3
      vertex 216.296 8.25291 4
    endloop
  endfacet
  facet normal 0.980813 0.194952 0
    outer loop
      vertex 216.296 8.25291 3
      vertex 216.449 7.48316 4
      vertex 216.449 7.48316 3
    endloop
  endfacet
  facet normal 0.195014 0.980801 -0
    outer loop
      vertex 212.053 12.4956 3
      vertex 211.283 12.6487 4
      vertex 212.053 12.4956 4
    endloop
  endfacet
  facet normal 0.195014 0.980801 0
    outer loop
      vertex 211.283 12.6487 4
      vertex 212.053 12.4956 3
      vertex 211.283 12.6487 3
    endloop
  endfacet
  facet normal 0.659406 0.751787 -0
    outer loop
      vertex 214.743 10.9426 3
      vertex 214.153 11.4601 4
      vertex 214.743 10.9426 4
    endloop
  endfacet
  facet normal 0.659406 0.751787 0
    outer loop
      vertex 214.153 11.4601 4
      vertex 214.743 10.9426 3
      vertex 214.153 11.4601 3
    endloop
  endfacet
  facet normal -0.831501 0.555523 0
    outer loop
      vertex 205.304 9.7 3
      vertex 205.74 10.3526 4
      vertex 205.74 10.3526 3
    endloop
  endfacet
  facet normal -0.831501 0.555523 0
    outer loop
      vertex 205.74 10.3526 4
      vertex 205.304 9.7 3
      vertex 205.304 9.7 4
    endloop
  endfacet
  facet normal -0.752103 0.659046 0
    outer loop
      vertex 205.74 10.3526 3
      vertex 206.257 10.9426 4
      vertex 206.257 10.9426 3
    endloop
  endfacet
  facet normal -0.752103 0.659046 0
    outer loop
      vertex 206.257 10.9426 4
      vertex 205.74 10.3526 3
      vertex 205.74 10.3526 4
    endloop
  endfacet
  facet normal -0.980813 0.194952 0
    outer loop
      vertex 204.551 7.48316 3
      vertex 204.704 8.25291 4
      vertex 204.704 8.25291 3
    endloop
  endfacet
  facet normal -0.980813 0.194952 0
    outer loop
      vertex 204.704 8.25291 4
      vertex 204.551 7.48316 3
      vertex 204.551 7.48316 4
    endloop
  endfacet
  facet normal -0.555376 0.831599 0
    outer loop
      vertex 207.5 11.8962 3
      vertex 206.847 11.4601 4
      vertex 207.5 11.8962 4
    endloop
  endfacet
  facet normal -0.555376 0.831599 0
    outer loop
      vertex 206.847 11.4601 4
      vertex 207.5 11.8962 3
      vertex 206.847 11.4601 3
    endloop
  endfacet
  facet normal -0.0653771 0.997861 0
    outer loop
      vertex 210.5 12.7 3
      vertex 209.717 12.6487 4
      vertex 210.5 12.7 4
    endloop
  endfacet
  facet normal -0.0653771 0.997861 0
    outer loop
      vertex 209.717 12.6487 4
      vertex 210.5 12.7 3
      vertex 209.717 12.6487 3
    endloop
  endfacet
  facet normal 0.756525 -0.653964 0
    outer loop
      vertex 215.219 3 4
      vertex 215.26 3.04743 3
      vertex 215.26 3.04743 4
    endloop
  endfacet
  facet normal 0.756525 -0.653964 0
    outer loop
      vertex 215.26 3.04743 3
      vertex 215.219 3 4
      vertex 215.219 3 3
    endloop
  endfacet
  facet normal 0.896936 -0.44216 0
    outer loop
      vertex 215.696 3.7 4
      vertex 216.043 4.4039 3
      vertex 216.043 4.4039 4
    endloop
  endfacet
  facet normal 0.896936 -0.44216 0
    outer loop
      vertex 216.043 4.4039 3
      vertex 215.696 3.7 4
      vertex 215.696 3.7 3
    endloop
  endfacet
  facet normal -0.831489 -0.555541 0
    outer loop
      vertex 205.74 3.04743 3
      vertex 205.304 3.7 4
      vertex 205.304 3.7 3
    endloop
  endfacet
  facet normal -0.831489 -0.555541 0
    outer loop
      vertex 205.304 3.7 4
      vertex 205.74 3.04743 3
      vertex 205.74 3.04743 4
    endloop
  endfacet
  facet normal -0.94665 -0.322263 0
    outer loop
      vertex 204.957 4.4039 3
      vertex 204.704 5.14709 4
      vertex 204.704 5.14709 3
    endloop
  endfacet
  facet normal -0.94665 -0.322263 0
    outer loop
      vertex 204.704 5.14709 4
      vertex 204.957 4.4039 3
      vertex 204.957 4.4039 4
    endloop
  endfacet
  facet normal -0.997886 -0.0649832 0
    outer loop
      vertex 204.551 5.91684 3
      vertex 204.5 6.7 4
      vertex 204.5 6.7 3
    endloop
  endfacet
  facet normal -0.997886 -0.0649832 0
    outer loop
      vertex 204.5 6.7 4
      vertex 204.551 5.91684 3
      vertex 204.551 5.91684 4
    endloop
  endfacet
  facet normal 0.831489 -0.555541 0
    outer loop
      vertex 215.26 3.04743 4
      vertex 215.696 3.7 3
      vertex 215.696 3.7 4
    endloop
  endfacet
  facet normal 0.831489 -0.555541 0
    outer loop
      vertex 215.696 3.7 3
      vertex 215.26 3.04743 4
      vertex 215.26 3.04743 3
    endloop
  endfacet
  facet normal 0.980813 -0.194952 0
    outer loop
      vertex 216.296 5.14709 4
      vertex 216.449 5.91684 3
      vertex 216.449 5.91684 4
    endloop
  endfacet
  facet normal 0.980813 -0.194952 0
    outer loop
      vertex 216.449 5.91684 3
      vertex 216.296 5.14709 4
      vertex 216.296 5.14709 3
    endloop
  endfacet
  facet normal 0.997886 -0.0649832 0
    outer loop
      vertex 216.449 5.91684 4
      vertex 216.5 6.7 3
      vertex 216.5 6.7 4
    endloop
  endfacet
  facet normal 0.997886 -0.0649832 0
    outer loop
      vertex 216.5 6.7 3
      vertex 216.449 5.91684 4
      vertex 216.449 5.91684 3
    endloop
  endfacet
  facet normal -0.980813 -0.194952 0
    outer loop
      vertex 204.704 5.14709 3
      vertex 204.551 5.91684 4
      vertex 204.551 5.91684 3
    endloop
  endfacet
  facet normal -0.980813 -0.194952 0
    outer loop
      vertex 204.551 5.91684 4
      vertex 204.704 5.14709 3
      vertex 204.704 5.14709 4
    endloop
  endfacet
  facet normal 0.447024 0.0291109 0.894048
    outer loop
      vertex 216.5 6.7 4
      vertex 214.466 7.2221 5
      vertex 214.5 6.7 5
    endloop
  endfacet
  facet normal 0.447024 0.0291106 0.894048
    outer loop
      vertex 216.449 7.48316 4
      vertex 214.466 7.2221 5
      vertex 216.5 6.7 4
    endloop
  endfacet
  facet normal -0.447024 -0.0291109 0.894048
    outer loop
      vertex 206.5 6.7 5
      vertex 204.5 6.7 4
      vertex 206.534 6.1779 5
    endloop
  endfacet
  facet normal 0.439364 0.0873282 0.894054
    outer loop
      vertex 216.296 8.25291 4
      vertex 214.364 7.73528 5
      vertex 214.466 7.2221 5
    endloop
  endfacet
  facet normal 0.401916 0.198132 0.893984
    outer loop
      vertex 215.696 9.7 4
      vertex 214.196 8.23073 5
      vertex 216.043 8.9961 4
    endloop
  endfacet
  facet normal 0.401571 0.19853 0.894051
    outer loop
      vertex 214.196 8.23073 5
      vertex 215.696 9.7 4
      vertex 213.964 8.7 5
    endloop
  endfacet
  facet normal -0.0292876 0.447022 0.894044
    outer loop
      vertex 210.5 12.7 4
      vertex 209.978 10.6658 5
      vertex 210.5 10.7 5
    endloop
  endfacet
  facet normal -0.439364 -0.0873282 0.894054
    outer loop
      vertex 206.534 6.1779 5
      vertex 204.704 5.14709 4
      vertex 206.636 5.66472 5
    endloop
  endfacet
  facet normal -0.336735 -0.295322 0.894089
    outer loop
      vertex 207.327 4.26495 5
      vertex 206.8 3 4.3837
      vertex 207.672 3.87157 5
    endloop
  endfacet
  facet normal -0.336322 -0.295535 0.894174
    outer loop
      vertex 206.8 3 4.3837
      vertex 207.327 4.26495 5
      vertex 206.578 3 4.3002
    endloop
  endfacet
  facet normal 0.295189 -0.336881 0.894078
    outer loop
      vertex 213.328 3.87157 5
      vertex 213.825 3 4.50751
      vertex 214.2 3 4.3837
    endloop
  endfacet
  facet normal 0.295531 -0.336668 0.894045
    outer loop
      vertex 213.825 3 4.50751
      vertex 213.328 3.87157 5
      vertex 212.935 3.52659 5
    endloop
  endfacet
  facet normal -0.0874398 0.43934 0.894055
    outer loop
      vertex 209.978 10.6658 5
      vertex 208.947 12.4956 4
      vertex 209.465 10.5637 5
    endloop
  endfacet
  facet normal -0.447024 0.0291106 0.894048
    outer loop
      vertex 204.551 7.48316 4
      vertex 204.5 6.7 4
      vertex 206.534 7.2221 5
    endloop
  endfacet
  facet normal 0.295468 0.336597 0.894092
    outer loop
      vertex 214.743 10.9426 4
      vertex 212.935 9.87341 5
      vertex 213.328 9.52843 5
    endloop
  endfacet
  facet normal -0.424077 -0.144366 0.894045
    outer loop
      vertex 206.636 5.66472 5
      vertex 204.704 5.14709 4
      vertex 204.957 4.4039 4
    endloop
  endfacet
  facet normal -0.295531 -0.336668 0.894045
    outer loop
      vertex 207.672 3.87157 5
      vertex 207.175 3 4.50751
      vertex 208.065 3.52659 5
    endloop
  endfacet
  facet normal -0.295189 -0.336881 0.894078
    outer loop
      vertex 207.175 3 4.50751
      vertex 207.672 3.87157 5
      vertex 206.8 3 4.3837
    endloop
  endfacet
  facet normal 0.248828 -0.372525 0.894041
    outer loop
      vertex 212.935 3.52659 5
      vertex 212.636 3 4.8638
      vertex 213.082 3 4.73967
    endloop
  endfacet
  facet normal 0.248989 -0.372597 0.893966
    outer loop
      vertex 212.636 3 4.8638
      vertex 212.935 3.52659 5
      vertex 212.5 3.2359 5
    endloop
  endfacet
  facet normal 0.424383 -0.143902 0.893975
    outer loop
      vertex 214.364 5.66472 5
      vertex 214.196 5.16927 5
      vertex 216.043 4.4039 4
    endloop
  endfacet
  facet normal 0.424077 -0.144366 0.894045
    outer loop
      vertex 216.296 5.14709 4
      vertex 214.364 5.66472 5
      vertex 216.043 4.4039 4
    endloop
  endfacet
  facet normal 0.439364 -0.0873282 0.894054
    outer loop
      vertex 214.466 6.1779 5
      vertex 214.364 5.66472 5
      vertex 216.296 5.14709 4
    endloop
  endfacet
  facet normal 0.439363 -0.0873303 0.894055
    outer loop
      vertex 216.449 5.91684 4
      vertex 214.466 6.1779 5
      vertex 216.296 5.14709 4
    endloop
  endfacet
  facet normal 0.424077 0.144366 0.894045
    outer loop
      vertex 216.043 8.9961 4
      vertex 214.364 7.73528 5
      vertex 216.296 8.25291 4
    endloop
  endfacet
  facet normal 0.439363 0.0873303 0.894055
    outer loop
      vertex 216.296 8.25291 4
      vertex 214.466 7.2221 5
      vertex 216.449 7.48316 4
    endloop
  endfacet
  facet normal -0.439364 0.0873282 0.894054
    outer loop
      vertex 206.636 7.73528 5
      vertex 204.704 8.25291 4
      vertex 206.534 7.2221 5
    endloop
  endfacet
  facet normal -0.143876 0.424271 0.894032
    outer loop
      vertex 209.465 10.5637 5
      vertex 208.204 12.2433 4
      vertex 208.969 10.3955 5
    endloop
  endfacet
  facet normal 0.372376 0.249078 0.894034
    outer loop
      vertex 215.696 9.7 4
      vertex 213.673 9.13505 5
      vertex 213.964 8.7 5
    endloop
  endfacet
  facet normal 0.336727 0.295315 0.894094
    outer loop
      vertex 214.743 10.9426 4
      vertex 213.328 9.52843 5
      vertex 213.673 9.13505 5
    endloop
  endfacet
  facet normal 0.1981 0.401793 0.894046
    outer loop
      vertex 212.796 12.2433 4
      vertex 212.5 10.1641 5
      vertex 213.5 11.8962 4
    endloop
  endfacet
  facet normal 0.198228 0.401767 0.89403
    outer loop
      vertex 212.5 10.1641 5
      vertex 212.796 12.2433 4
      vertex 212.031 10.3955 5
    endloop
  endfacet
  facet normal 0.0292876 0.447022 0.894044
    outer loop
      vertex 211.283 12.6487 4
      vertex 210.5 12.7 4
      vertex 211.022 10.6658 5
    endloop
  endfacet
  facet normal 0.143876 0.424271 0.894032
    outer loop
      vertex 212.796 12.2433 4
      vertex 211.535 10.5637 5
      vertex 212.031 10.3955 5
    endloop
  endfacet
  facet normal -0.439363 -0.0873303 0.894055
    outer loop
      vertex 206.534 6.1779 5
      vertex 204.551 5.91684 4
      vertex 204.704 5.14709 4
    endloop
  endfacet
  facet normal -0.447024 -0.0291106 0.894048
    outer loop
      vertex 206.534 6.1779 5
      vertex 204.5 6.7 4
      vertex 204.551 5.91684 4
    endloop
  endfacet
  facet normal -0.145058 -0.420928 0.895421
    outer loop
      vertex 208.969 3.00448 5
      vertex 208.967 3 4.99757
      vertex 208.982 3 5
    endloop
  endfacet
  facet normal -0.401571 -0.19853 0.894051
    outer loop
      vertex 206.804 5.16927 5
      vertex 205.304 3.7 4
      vertex 207.036 4.7 5
    endloop
  endfacet
  facet normal -0.401916 -0.198132 0.893984
    outer loop
      vertex 205.304 3.7 4
      vertex 206.804 5.16927 5
      vertex 204.957 4.4039 4
    endloop
  endfacet
  facet normal 0.198322 -0.401818 0.893986
    outer loop
      vertex 212.5 3.2359 5
      vertex 212.033 3 4.99757
      vertex 212.636 3 4.8638
    endloop
  endfacet
  facet normal 0.196513 -0.398258 0.895976
    outer loop
      vertex 212.033 3 4.99757
      vertex 212.5 3.2359 5
      vertex 212.031 3.00448 5
    endloop
  endfacet
  facet normal 0.337182 -0.291471 0.895183
    outer loop
      vertex 215.26 3.04743 4
      vertex 214.422 3 4.3002
      vertex 215.219 3 4
    endloop
  endfacet
  facet normal 0.336988 -0.295084 0.894072
    outer loop
      vertex 214.422 3 4.3002
      vertex 215.26 3.04743 4
      vertex 213.673 4.26495 5
    endloop
  endfacet
  facet normal 0.372376 -0.249078 0.894034
    outer loop
      vertex 213.964 4.7 5
      vertex 213.673 4.26495 5
      vertex 215.696 3.7 4
    endloop
  endfacet
  facet normal 0.372456 -0.248848 0.894065
    outer loop
      vertex 215.696 3.7 4
      vertex 213.673 4.26495 5
      vertex 215.26 3.04743 4
    endloop
  endfacet
  facet normal 0.401916 -0.198132 0.893984
    outer loop
      vertex 214.196 5.16927 5
      vertex 215.696 3.7 4
      vertex 216.043 4.4039 4
    endloop
  endfacet
  facet normal 0.401571 -0.19853 0.894051
    outer loop
      vertex 215.696 3.7 4
      vertex 214.196 5.16927 5
      vertex 213.964 4.7 5
    endloop
  endfacet
  facet normal 0.447024 -0.0291106 0.894048
    outer loop
      vertex 216.5 6.7 4
      vertex 214.466 6.1779 5
      vertex 216.449 5.91684 4
    endloop
  endfacet
  facet normal 0.447024 -0.0291109 0.894048
    outer loop
      vertex 214.5 6.7 5
      vertex 214.466 6.1779 5
      vertex 216.5 6.7 4
    endloop
  endfacet
  facet normal -0.447024 0.0291109 0.894048
    outer loop
      vertex 206.534 7.2221 5
      vertex 204.5 6.7 4
      vertex 206.5 6.7 5
    endloop
  endfacet
  facet normal -0.401571 0.19853 0.894051
    outer loop
      vertex 205.304 9.7 4
      vertex 206.804 8.23073 5
      vertex 207.036 8.7 5
    endloop
  endfacet
  facet normal -0.401916 0.198132 0.893984
    outer loop
      vertex 206.804 8.23073 5
      vertex 205.304 9.7 4
      vertex 204.957 8.9961 4
    endloop
  endfacet
  facet normal -0.336727 0.295315 0.894094
    outer loop
      vertex 207.672 9.52843 5
      vertex 206.257 10.9426 4
      vertex 207.327 9.13505 5
    endloop
  endfacet
  facet normal -0.295367 0.336747 0.894069
    outer loop
      vertex 206.847 11.4601 4
      vertex 206.257 10.9426 4
      vertex 208.065 9.87341 5
    endloop
  endfacet
  facet normal -0.336888 0.295206 0.894069
    outer loop
      vertex 206.257 10.9426 4
      vertex 205.74 10.3526 4
      vertex 207.327 9.13505 5
    endloop
  endfacet
  facet normal -0.372459 0.248839 0.894066
    outer loop
      vertex 205.74 10.3526 4
      vertex 205.304 9.7 4
      vertex 207.327 9.13505 5
    endloop
  endfacet
  facet normal -0.087362 0.439378 0.894044
    outer loop
      vertex 209.717 12.6487 4
      vertex 208.947 12.4956 4
      vertex 209.978 10.6658 5
    endloop
  endfacet
  facet normal -0.0292876 0.447022 0.894044
    outer loop
      vertex 210.5 12.7 4
      vertex 209.717 12.6487 4
      vertex 209.978 10.6658 5
    endloop
  endfacet
  facet normal 0.424383 0.143902 0.893975
    outer loop
      vertex 216.043 8.9961 4
      vertex 214.196 8.23073 5
      vertex 214.364 7.73528 5
    endloop
  endfacet
  facet normal 0.372459 0.248839 0.894066
    outer loop
      vertex 215.26 10.3526 4
      vertex 213.673 9.13505 5
      vertex 215.696 9.7 4
    endloop
  endfacet
  facet normal 0.336888 0.295206 0.894069
    outer loop
      vertex 214.743 10.9426 4
      vertex 213.673 9.13505 5
      vertex 215.26 10.3526 4
    endloop
  endfacet
  facet normal 0.0292876 0.447022 0.894044
    outer loop
      vertex 210.5 12.7 4
      vertex 210.5 10.7 5
      vertex 211.022 10.6658 5
    endloop
  endfacet
  facet normal 0.144034 0.424166 0.894057
    outer loop
      vertex 212.053 12.4956 4
      vertex 211.535 10.5637 5
      vertex 212.796 12.2433 4
    endloop
  endfacet
  facet normal 0.248776 0.372508 0.894063
    outer loop
      vertex 213.5 11.8962 4
      vertex 212.935 9.87341 5
      vertex 214.153 11.4601 4
    endloop
  endfacet
  facet normal 0.295367 0.336747 0.894069
    outer loop
      vertex 214.153 11.4601 4
      vertex 212.935 9.87341 5
      vertex 214.743 10.9426 4
    endloop
  endfacet
  facet normal -0.248989 -0.372597 0.893966
    outer loop
      vertex 208.065 3.52659 5
      vertex 208.364 3 4.8638
      vertex 208.5 3.2359 5
    endloop
  endfacet
  facet normal -0.248828 -0.372525 0.894041
    outer loop
      vertex 208.364 3 4.8638
      vertex 208.065 3.52659 5
      vertex 207.918 3 4.73967
    endloop
  endfacet
  facet normal -0.196513 -0.398258 0.895976
    outer loop
      vertex 208.5 3.2359 5
      vertex 208.967 3 4.99757
      vertex 208.969 3.00448 5
    endloop
  endfacet
  facet normal -0.198322 -0.401818 0.893986
    outer loop
      vertex 208.967 3 4.99757
      vertex 208.5 3.2359 5
      vertex 208.364 3 4.8638
    endloop
  endfacet
  facet normal -0.248869 -0.372511 0.894036
    outer loop
      vertex 208.065 3.52659 5
      vertex 207.661 3 4.66813
      vertex 207.918 3 4.73967
    endloop
  endfacet
  facet normal -0.295472 -0.336755 0.894032
    outer loop
      vertex 208.065 3.52659 5
      vertex 207.175 3 4.50751
      vertex 207.661 3 4.66813
    endloop
  endfacet
  facet normal -0.424383 -0.143902 0.893975
    outer loop
      vertex 206.636 5.66472 5
      vertex 204.957 4.4039 4
      vertex 206.804 5.16927 5
    endloop
  endfacet
  facet normal -0.372376 -0.249078 0.894034
    outer loop
      vertex 207.036 4.7 5
      vertex 205.304 3.7 4
      vertex 207.327 4.26495 5
    endloop
  endfacet
  facet normal 0.145058 -0.420928 0.895421
    outer loop
      vertex 212.031 3.00448 5
      vertex 212.018 3 5
      vertex 212.033 3 4.99757
    endloop
  endfacet
  facet normal 0.336322 -0.295535 0.894174
    outer loop
      vertex 213.673 4.26495 5
      vertex 214.2 3 4.3837
      vertex 214.422 3 4.3002
    endloop
  endfacet
  facet normal 0.336735 -0.295322 0.894089
    outer loop
      vertex 214.2 3 4.3837
      vertex 213.673 4.26495 5
      vertex 213.328 3.87157 5
    endloop
  endfacet
  facet normal -0.439363 0.0873303 0.894055
    outer loop
      vertex 204.704 8.25291 4
      vertex 204.551 7.48316 4
      vertex 206.534 7.2221 5
    endloop
  endfacet
  facet normal -0.424383 0.143902 0.893975
    outer loop
      vertex 206.804 8.23073 5
      vertex 204.957 8.9961 4
      vertex 206.636 7.73528 5
    endloop
  endfacet
  facet normal -0.424077 0.144366 0.894045
    outer loop
      vertex 204.957 8.9961 4
      vertex 204.704 8.25291 4
      vertex 206.636 7.73528 5
    endloop
  endfacet
  facet normal -0.144034 0.424166 0.894057
    outer loop
      vertex 208.947 12.4956 4
      vertex 208.204 12.2433 4
      vertex 209.465 10.5637 5
    endloop
  endfacet
  facet normal -0.198228 0.401767 0.89403
    outer loop
      vertex 208.204 12.2433 4
      vertex 208.5 10.1641 5
      vertex 208.969 10.3955 5
    endloop
  endfacet
  facet normal -0.1981 0.401793 0.894046
    outer loop
      vertex 208.5 10.1641 5
      vertex 208.204 12.2433 4
      vertex 207.5 11.8962 4
    endloop
  endfacet
  facet normal -0.2489 0.372465 0.894046
    outer loop
      vertex 208.5 10.1641 5
      vertex 207.5 11.8962 4
      vertex 208.065 9.87341 5
    endloop
  endfacet
  facet normal -0.248776 0.372508 0.894063
    outer loop
      vertex 207.5 11.8962 4
      vertex 206.847 11.4601 4
      vertex 208.065 9.87341 5
    endloop
  endfacet
  facet normal -0.372376 0.249078 0.894034
    outer loop
      vertex 207.327 9.13505 5
      vertex 205.304 9.7 4
      vertex 207.036 8.7 5
    endloop
  endfacet
  facet normal -0.295468 0.336597 0.894092
    outer loop
      vertex 208.065 9.87341 5
      vertex 206.257 10.9426 4
      vertex 207.672 9.52843 5
    endloop
  endfacet
  facet normal 0.2489 0.372465 0.894046
    outer loop
      vertex 213.5 11.8962 4
      vertex 212.5 10.1641 5
      vertex 212.935 9.87341 5
    endloop
  endfacet
  facet normal 0.087362 0.439378 0.894044
    outer loop
      vertex 211.283 12.6487 4
      vertex 211.022 10.6658 5
      vertex 212.053 12.4956 4
    endloop
  endfacet
  facet normal 0.0874398 0.43934 0.894055
    outer loop
      vertex 212.053 12.4956 4
      vertex 211.022 10.6658 5
      vertex 211.535 10.5637 5
    endloop
  endfacet
  facet normal -0.372456 -0.248848 0.894065
    outer loop
      vertex 207.327 4.26495 5
      vertex 205.304 3.7 4
      vertex 205.74 3.04743 4
    endloop
  endfacet
  facet normal -0.336988 -0.295084 0.894072
    outer loop
      vertex 205.74 3.04743 4
      vertex 206.578 3 4.3002
      vertex 207.327 4.26495 5
    endloop
  endfacet
  facet normal -0.337182 -0.291471 0.895183
    outer loop
      vertex 206.578 3 4.3002
      vertex 205.74 3.04743 4
      vertex 205.781 3 4
    endloop
  endfacet
  facet normal 0.248869 -0.372511 0.894036
    outer loop
      vertex 213.339 3 4.66813
      vertex 212.935 3.52659 5
      vertex 213.082 3 4.73967
    endloop
  endfacet
  facet normal 0.295472 -0.336755 0.894032
    outer loop
      vertex 213.825 3 4.50751
      vertex 212.935 3.52659 5
      vertex 213.339 3 4.66813
    endloop
  endfacet
  facet normal 0.997886 0.064984 0
    outer loop
      vertex 214.5 6.7 13
      vertex 214.466 7.2221 5
      vertex 214.466 7.2221 13
    endloop
  endfacet
  facet normal 0.997886 0.064984 0
    outer loop
      vertex 214.466 7.2221 5
      vertex 214.5 6.7 13
      vertex 214.5 6.7 5
    endloop
  endfacet
  facet normal -0.997886 0.064984 0
    outer loop
      vertex 206.5 6.7 5
      vertex 206.534 7.2221 13
      vertex 206.534 7.2221 5
    endloop
  endfacet
  facet normal -0.997886 0.064984 0
    outer loop
      vertex 206.534 7.2221 13
      vertex 206.5 6.7 5
      vertex 206.5 6.7 13
    endloop
  endfacet
  facet normal 0.0653771 0.997861 -0
    outer loop
      vertex 211.022 10.6658 5
      vertex 210.5 10.7 13
      vertex 211.022 10.6658 13
    endloop
  endfacet
  facet normal 0.0653771 0.997861 0
    outer loop
      vertex 210.5 10.7 13
      vertex 211.022 10.6658 5
      vertex 210.5 10.7 5
    endloop
  endfacet
  facet normal 0.659701 0.751529 -0
    outer loop
      vertex 213.328 9.52843 5
      vertex 212.935 9.87341 13
      vertex 213.328 9.52843 13
    endloop
  endfacet
  facet normal 0.659701 0.751529 0
    outer loop
      vertex 212.935 9.87341 13
      vertex 213.328 9.52843 5
      vertex 212.935 9.87341 5
    endloop
  endfacet
  facet normal -0.659701 0.751529 0
    outer loop
      vertex 208.065 9.87341 5
      vertex 207.672 9.52843 13
      vertex 208.065 9.87341 13
    endloop
  endfacet
  facet normal -0.659701 0.751529 0
    outer loop
      vertex 207.672 9.52843 13
      vertex 208.065 9.87341 5
      vertex 207.672 9.52843 5
    endloop
  endfacet
  facet normal -0.32115 0.947028 0
    outer loop
      vertex 209.465 10.5637 5
      vertex 208.969 10.3955 13
      vertex 209.465 10.5637 13
    endloop
  endfacet
  facet normal -0.32115 0.947028 0
    outer loop
      vertex 208.969 10.3955 13
      vertex 209.465 10.5637 5
      vertex 208.969 10.3955 5
    endloop
  endfacet
  facet normal -0.980814 -0.194947 0
    outer loop
      vertex 206.636 5.66472 5
      vertex 206.534 6.1779 13
      vertex 206.534 6.1779 5
    endloop
  endfacet
  facet normal -0.980814 -0.194947 0
    outer loop
      vertex 206.534 6.1779 13
      vertex 206.636 5.66472 5
      vertex 206.636 5.66472 13
    endloop
  endfacet
  facet normal 0.896432 0.443182 0
    outer loop
      vertex 214.196 8.23073 13
      vertex 213.964 8.7 5
      vertex 213.964 8.7 13
    endloop
  endfacet
  facet normal 0.896432 0.443182 0
    outer loop
      vertex 213.964 8.7 5
      vertex 214.196 8.23073 13
      vertex 214.196 8.23073 5
    endloop
  endfacet
  facet normal 0.831197 0.555978 0
    outer loop
      vertex 213.964 8.7 13
      vertex 213.673 9.13505 5
      vertex 213.673 9.13505 13
    endloop
  endfacet
  facet normal 0.831197 0.555978 0
    outer loop
      vertex 213.673 9.13505 5
      vertex 213.964 8.7 13
      vertex 213.964 8.7 5
    endloop
  endfacet
  facet normal 0.442465 0.896786 -0
    outer loop
      vertex 212.5 10.1641 5
      vertex 212.031 10.3955 13
      vertex 212.5 10.1641 13
    endloop
  endfacet
  facet normal 0.442465 0.896786 0
    outer loop
      vertex 212.031 10.3955 13
      vertex 212.5 10.1641 5
      vertex 212.031 10.3955 5
    endloop
  endfacet
  facet normal 0.555613 0.831441 -0
    outer loop
      vertex 212.935 9.87341 5
      vertex 212.5 10.1641 13
      vertex 212.935 9.87341 13
    endloop
  endfacet
  facet normal 0.555613 0.831441 0
    outer loop
      vertex 212.5 10.1641 13
      vertex 212.935 9.87341 5
      vertex 212.5 10.1641 5
    endloop
  endfacet
  facet normal -0.831197 0.555978 0
    outer loop
      vertex 207.036 8.7 5
      vertex 207.327 9.13505 13
      vertex 207.327 9.13505 5
    endloop
  endfacet
  facet normal -0.831197 0.555978 0
    outer loop
      vertex 207.327 9.13505 13
      vertex 207.036 8.7 5
      vertex 207.036 8.7 13
    endloop
  endfacet
  facet normal -0.751826 0.659362 0
    outer loop
      vertex 207.327 9.13505 5
      vertex 207.672 9.52843 13
      vertex 207.672 9.52843 5
    endloop
  endfacet
  facet normal -0.751826 0.659362 0
    outer loop
      vertex 207.672 9.52843 13
      vertex 207.327 9.13505 5
      vertex 207.327 9.13505 13
    endloop
  endfacet
  facet normal 0 0 1
    outer loop
      vertex 211.9 6.7 13
      vertex 214.5 6.7 13
      vertex 214.466 7.2221 13
    endloop
  endfacet
  facet normal 0 0 1
    outer loop
      vertex 211.888 6.88274 13
      vertex 214.466 7.2221 13
      vertex 214.364 7.73528 13
    endloop
  endfacet
  facet normal 0 0 1
    outer loop
      vertex 214.5 6.7 13
      vertex 211.9 6.7 13
      vertex 214.466 6.1779 13
    endloop
  endfacet
  facet normal 0 0 1
    outer loop
      vertex 211.852 7.06235 13
      vertex 214.364 7.73528 13
      vertex 214.196 8.23073 13
    endloop
  endfacet
  facet normal -0 0 1
    outer loop
      vertex 211.888 6.51726 13
      vertex 214.466 6.1779 13
      vertex 211.9 6.7 13
    endloop
  endfacet
  facet normal 0 0 1
    outer loop
      vertex 211.793 7.23576 13
      vertex 214.196 8.23073 13
      vertex 213.964 8.7 13
    endloop
  endfacet
  facet normal 0 0 1
    outer loop
      vertex 214.466 6.1779 13
      vertex 211.888 6.51726 13
      vertex 214.364 5.66472 13
    endloop
  endfacet
  facet normal 0 0 1
    outer loop
      vertex 211.712 7.4 13
      vertex 213.964 8.7 13
      vertex 213.673 9.13505 13
    endloop
  endfacet
  facet normal -0 0 1
    outer loop
      vertex 211.852 6.33765 13
      vertex 214.364 5.66472 13
      vertex 211.888 6.51726 13
    endloop
  endfacet
  facet normal 0 0 1
    outer loop
      vertex 211.611 7.55227 13
      vertex 213.673 9.13505 13
      vertex 213.328 9.52843 13
    endloop
  endfacet
  facet normal 0 0 1
    outer loop
      vertex 214.364 5.66472 13
      vertex 211.852 6.33765 13
      vertex 214.196 5.16927 13
    endloop
  endfacet
  facet normal 0 0 1
    outer loop
      vertex 211.49 7.68995 13
      vertex 213.328 9.52843 13
      vertex 212.935 9.87341 13
    endloop
  endfacet
  facet normal -0 0 1
    outer loop
      vertex 211.793 6.16424 13
      vertex 214.196 5.16927 13
      vertex 211.852 6.33765 13
    endloop
  endfacet
  facet normal 0 0 1
    outer loop
      vertex 211.352 7.81069 13
      vertex 212.935 9.87341 13
      vertex 212.5 10.1641 13
    endloop
  endfacet
  facet normal 0 0 1
    outer loop
      vertex 214.196 5.16927 13
      vertex 211.793 6.16424 13
      vertex 213.964 4.7 13
    endloop
  endfacet
  facet normal 0 0 1
    outer loop
      vertex 211.2 7.91244 13
      vertex 212.5 10.1641 13
      vertex 212.031 10.3955 13
    endloop
  endfacet
  facet normal -0 0 1
    outer loop
      vertex 211.712 6 13
      vertex 213.964 4.7 13
      vertex 211.793 6.16424 13
    endloop
  endfacet
  facet normal 0 0 1
    outer loop
      vertex 213.964 4.7 13
      vertex 211.712 6 13
      vertex 213.673 4.26495 13
    endloop
  endfacet
  facet normal -0 0 1
    outer loop
      vertex 211.611 5.84773 13
      vertex 213.673 4.26495 13
      vertex 211.712 6 13
    endloop
  endfacet
  facet normal 0 0 1
    outer loop
      vertex 214.466 7.2221 13
      vertex 211.888 6.88274 13
      vertex 211.9 6.7 13
    endloop
  endfacet
  facet normal 0 0 1
    outer loop
      vertex 214.364 7.73528 13
      vertex 211.852 7.06235 13
      vertex 211.888 6.88274 13
    endloop
  endfacet
  facet normal 0 0 1
    outer loop
      vertex 214.196 8.23073 13
      vertex 211.793 7.23576 13
      vertex 211.852 7.06235 13
    endloop
  endfacet
  facet normal 0 0 1
    outer loop
      vertex 213.964 8.7 13
      vertex 211.712 7.4 13
      vertex 211.793 7.23576 13
    endloop
  endfacet
  facet normal 0 0 1
    outer loop
      vertex 213.673 9.13505 13
      vertex 211.611 7.55227 13
      vertex 211.712 7.4 13
    endloop
  endfacet
  facet normal 0 0 1
    outer loop
      vertex 211.036 7.99343 13
      vertex 212.031 10.3955 13
      vertex 211.535 10.5637 13
    endloop
  endfacet
  facet normal 0 0 1
    outer loop
      vertex 213.328 9.52843 13
      vertex 211.49 7.68995 13
      vertex 211.611 7.55227 13
    endloop
  endfacet
  facet normal 0 0 1
    outer loop
      vertex 212.935 9.87341 13
      vertex 211.352 7.81069 13
      vertex 211.49 7.68995 13
    endloop
  endfacet
  facet normal 0 0 1
    outer loop
      vertex 212.5 10.1641 13
      vertex 211.2 7.91244 13
      vertex 211.352 7.81069 13
    endloop
  endfacet
  facet normal 0 0 1
    outer loop
      vertex 212.031 10.3955 13
      vertex 211.036 7.99343 13
      vertex 211.2 7.91244 13
    endloop
  endfacet
  facet normal 0 0 1
    outer loop
      vertex 210.862 8.0523 13
      vertex 211.535 10.5637 13
      vertex 211.022 10.6658 13
    endloop
  endfacet
  facet normal 0 0 1
    outer loop
      vertex 211.535 10.5637 13
      vertex 210.862 8.0523 13
      vertex 211.036 7.99343 13
    endloop
  endfacet
  facet normal 0 0 1
    outer loop
      vertex 211.022 10.6658 13
      vertex 210.683 8.08802 13
      vertex 210.862 8.0523 13
    endloop
  endfacet
  facet normal 0 0 1
    outer loop
      vertex 210.5 10.7 13
      vertex 210.683 8.08802 13
      vertex 211.022 10.6658 13
    endloop
  endfacet
  facet normal 0 0 1
    outer loop
      vertex 210.5 10.7 13
      vertex 210.5 8.1 13
      vertex 210.683 8.08802 13
    endloop
  endfacet
  facet normal 0 0 1
    outer loop
      vertex 210.5 10.7 13
      vertex 210.317 8.08802 13
      vertex 210.5 8.1 13
    endloop
  endfacet
  facet normal -0 0 1
    outer loop
      vertex 209.978 10.6658 13
      vertex 210.317 8.08802 13
      vertex 210.5 10.7 13
    endloop
  endfacet
  facet normal 0 0 1
    outer loop
      vertex 210.317 8.08802 13
      vertex 209.978 10.6658 13
      vertex 210.138 8.0523 13
    endloop
  endfacet
  facet normal -0 0 1
    outer loop
      vertex 209.465 10.5637 13
      vertex 210.138 8.0523 13
      vertex 209.978 10.6658 13
    endloop
  endfacet
  facet normal 0 0 1
    outer loop
      vertex 210.138 8.0523 13
      vertex 209.465 10.5637 13
      vertex 209.964 7.99343 13
    endloop
  endfacet
  facet normal -0 0 1
    outer loop
      vertex 208.969 10.3955 13
      vertex 209.964 7.99343 13
      vertex 209.465 10.5637 13
    endloop
  endfacet
  facet normal 0 0 1
    outer loop
      vertex 209.964 7.99343 13
      vertex 208.969 10.3955 13
      vertex 209.8 7.91244 13
    endloop
  endfacet
  facet normal -0 0 1
    outer loop
      vertex 208.5 10.1641 13
      vertex 209.8 7.91244 13
      vertex 208.969 10.3955 13
    endloop
  endfacet
  facet normal 0 0 1
    outer loop
      vertex 209.8 7.91244 13
      vertex 208.5 10.1641 13
      vertex 209.648 7.81069 13
    endloop
  endfacet
  facet normal -0 0 1
    outer loop
      vertex 208.065 9.87341 13
      vertex 209.648 7.81069 13
      vertex 208.5 10.1641 13
    endloop
  endfacet
  facet normal 0 0 1
    outer loop
      vertex 209.648 7.81069 13
      vertex 208.065 9.87341 13
      vertex 209.51 7.68995 13
    endloop
  endfacet
  facet normal -0 0 1
    outer loop
      vertex 207.672 9.52843 13
      vertex 209.51 7.68995 13
      vertex 208.065 9.87341 13
    endloop
  endfacet
  facet normal 0 0 1
    outer loop
      vertex 209.51 7.68995 13
      vertex 207.672 9.52843 13
      vertex 209.389 7.55227 13
    endloop
  endfacet
  facet normal -0 0 1
    outer loop
      vertex 207.327 9.13505 13
      vertex 209.389 7.55227 13
      vertex 207.672 9.52843 13
    endloop
  endfacet
  facet normal 0 0 1
    outer loop
      vertex 209.389 7.55227 13
      vertex 207.327 9.13505 13
      vertex 209.288 7.4 13
    endloop
  endfacet
  facet normal -0 0 1
    outer loop
      vertex 207.036 8.7 13
      vertex 209.288 7.4 13
      vertex 207.327 9.13505 13
    endloop
  endfacet
  facet normal 0 0 1
    outer loop
      vertex 209.288 7.4 13
      vertex 207.036 8.7 13
      vertex 209.207 7.23576 13
    endloop
  endfacet
  facet normal 0 0 1
    outer loop
      vertex 209.1 6.7 13
      vertex 208.5 3.2359 13
      vertex 208.982 3 13
    endloop
  endfacet
  facet normal 0 0 1
    outer loop
      vertex 208.982 3 13
      vertex 208.5 3.2359 13
      vertex 208.969 3.00448 13
    endloop
  endfacet
  facet normal -0 0 1
    outer loop
      vertex 206.804 8.23073 13
      vertex 209.207 7.23576 13
      vertex 207.036 8.7 13
    endloop
  endfacet
  facet normal 0 0 1
    outer loop
      vertex 209.1 6.7 13
      vertex 208.065 3.52659 13
      vertex 208.5 3.2359 13
    endloop
  endfacet
  facet normal 0 0 1
    outer loop
      vertex 209.207 7.23576 13
      vertex 206.804 8.23073 13
      vertex 209.148 7.06235 13
    endloop
  endfacet
  facet normal 0 0 1
    outer loop
      vertex 209.1 6.7 13
      vertex 207.672 3.87157 13
      vertex 208.065 3.52659 13
    endloop
  endfacet
  facet normal -0 0 1
    outer loop
      vertex 206.636 7.73528 13
      vertex 209.148 7.06235 13
      vertex 206.804 8.23073 13
    endloop
  endfacet
  facet normal 0 0 1
    outer loop
      vertex 209.1 6.7 13
      vertex 207.327 4.26495 13
      vertex 207.672 3.87157 13
    endloop
  endfacet
  facet normal 0 0 1
    outer loop
      vertex 209.148 7.06235 13
      vertex 206.636 7.73528 13
      vertex 209.112 6.88274 13
    endloop
  endfacet
  facet normal 0 0 1
    outer loop
      vertex 209.1 6.7 13
      vertex 207.036 4.7 13
      vertex 207.327 4.26495 13
    endloop
  endfacet
  facet normal -0 0 1
    outer loop
      vertex 206.534 7.2221 13
      vertex 209.112 6.88274 13
      vertex 206.636 7.73528 13
    endloop
  endfacet
  facet normal 0 0 1
    outer loop
      vertex 209.1 6.7 13
      vertex 206.804 5.16927 13
      vertex 207.036 4.7 13
    endloop
  endfacet
  facet normal 0 0 1
    outer loop
      vertex 209.112 6.88274 13
      vertex 206.534 7.2221 13
      vertex 209.1 6.7 13
    endloop
  endfacet
  facet normal 0 0 1
    outer loop
      vertex 209.1 6.7 13
      vertex 206.636 5.66472 13
      vertex 206.804 5.16927 13
    endloop
  endfacet
  facet normal 0 0 1
    outer loop
      vertex 206.5 6.7 13
      vertex 209.1 6.7 13
      vertex 206.534 7.2221 13
    endloop
  endfacet
  facet normal 0 0 1
    outer loop
      vertex 209.1 6.7 13
      vertex 206.534 6.1779 13
      vertex 206.636 5.66472 13
    endloop
  endfacet
  facet normal 0 0 1
    outer loop
      vertex 209.1 6.7 13
      vertex 206.5 6.7 13
      vertex 206.534 6.1779 13
    endloop
  endfacet
  facet normal 0 0 1
    outer loop
      vertex 213.673 4.26495 13
      vertex 211.611 5.84773 13
      vertex 213.328 3.87157 13
    endloop
  endfacet
  facet normal -0 0 1
    outer loop
      vertex 211.49 5.71005 13
      vertex 213.328 3.87157 13
      vertex 211.611 5.84773 13
    endloop
  endfacet
  facet normal 0 0 1
    outer loop
      vertex 213.328 3.87157 13
      vertex 211.49 5.71005 13
      vertex 212.935 3.52659 13
    endloop
  endfacet
  facet normal -0 0 1
    outer loop
      vertex 211.352 5.5893 13
      vertex 212.935 3.52659 13
      vertex 211.49 5.71005 13
    endloop
  endfacet
  facet normal 0 0 1
    outer loop
      vertex 212.935 3.52659 13
      vertex 211.352 5.5893 13
      vertex 212.5 3.2359 13
    endloop
  endfacet
  facet normal -0 0 1
    outer loop
      vertex 211.2 5.48756 13
      vertex 212.5 3.2359 13
      vertex 211.352 5.5893 13
    endloop
  endfacet
  facet normal 0 0 1
    outer loop
      vertex 212.5 3.2359 13
      vertex 211.2 5.48756 13
      vertex 212.031 3.00448 13
    endloop
  endfacet
  facet normal -0 0 1
    outer loop
      vertex 211.036 5.40657 13
      vertex 212.031 3.00448 13
      vertex 211.2 5.48756 13
    endloop
  endfacet
  facet normal 0 0 1
    outer loop
      vertex 212.031 3.00448 13
      vertex 211.036 5.40657 13
      vertex 212.018 3 13
    endloop
  endfacet
  facet normal -0 0 1
    outer loop
      vertex 210.862 5.3477 13
      vertex 212.018 3 13
      vertex 211.036 5.40657 13
    endloop
  endfacet
  facet normal -0 0 1
    outer loop
      vertex 210.683 5.31198 13
      vertex 212.018 3 13
      vertex 210.862 5.3477 13
    endloop
  endfacet
  facet normal -0 0 1
    outer loop
      vertex 210.5 5.3 13
      vertex 212.018 3 13
      vertex 210.683 5.31198 13
    endloop
  endfacet
  facet normal 0 0 1
    outer loop
      vertex 208.982 3 13
      vertex 210.5 5.3 13
      vertex 210.317 5.31198 13
    endloop
  endfacet
  facet normal 0 0 1
    outer loop
      vertex 208.982 3 13
      vertex 210.317 5.31198 13
      vertex 210.138 5.3477 13
    endloop
  endfacet
  facet normal 0 0 1
    outer loop
      vertex 208.982 3 13
      vertex 210.138 5.3477 13
      vertex 209.964 5.40657 13
    endloop
  endfacet
  facet normal 0 0 1
    outer loop
      vertex 208.982 3 13
      vertex 209.964 5.40657 13
      vertex 209.8 5.48756 13
    endloop
  endfacet
  facet normal 0 0 1
    outer loop
      vertex 208.982 3 13
      vertex 209.8 5.48756 13
      vertex 209.648 5.5893 13
    endloop
  endfacet
  facet normal 0 0 1
    outer loop
      vertex 208.982 3 13
      vertex 209.648 5.5893 13
      vertex 209.51 5.71005 13
    endloop
  endfacet
  facet normal 0 0 1
    outer loop
      vertex 210.5 5.3 13
      vertex 208.982 3 13
      vertex 212.018 3 13
    endloop
  endfacet
  facet normal 0 0 1
    outer loop
      vertex 209.389 5.84773 13
      vertex 208.982 3 13
      vertex 209.51 5.71005 13
    endloop
  endfacet
  facet normal 0 0 1
    outer loop
      vertex 209.288 6 13
      vertex 208.982 3 13
      vertex 209.389 5.84773 13
    endloop
  endfacet
  facet normal 0 0 1
    outer loop
      vertex 209.207 6.16424 13
      vertex 208.982 3 13
      vertex 209.288 6 13
    endloop
  endfacet
  facet normal 0 0 1
    outer loop
      vertex 209.148 6.33765 13
      vertex 208.982 3 13
      vertex 209.207 6.16424 13
    endloop
  endfacet
  facet normal 0 0 1
    outer loop
      vertex 209.112 6.51726 13
      vertex 208.982 3 13
      vertex 209.148 6.33765 13
    endloop
  endfacet
  facet normal 0 0 1
    outer loop
      vertex 208.982 3 13
      vertex 209.112 6.51726 13
      vertex 209.1 6.7 13
    endloop
  endfacet
  facet normal -0.555613 0.831441 0
    outer loop
      vertex 208.5 10.1641 5
      vertex 208.065 9.87341 13
      vertex 208.5 10.1641 13
    endloop
  endfacet
  facet normal -0.555613 0.831441 0
    outer loop
      vertex 208.065 9.87341 13
      vertex 208.5 10.1641 5
      vertex 208.065 9.87341 5
    endloop
  endfacet
  facet normal -0.0653771 0.997861 0
    outer loop
      vertex 210.5 10.7 5
      vertex 209.978 10.6658 13
      vertex 210.5 10.7 13
    endloop
  endfacet
  facet normal -0.0653771 0.997861 0
    outer loop
      vertex 209.978 10.6658 13
      vertex 210.5 10.7 5
      vertex 209.978 10.6658 5
    endloop
  endfacet
  facet normal 0.947036 -0.321126 0
    outer loop
      vertex 214.196 5.16927 13
      vertex 214.364 5.66472 5
      vertex 214.364 5.66472 13
    endloop
  endfacet
  facet normal 0.947036 -0.321126 0
    outer loop
      vertex 214.364 5.66472 5
      vertex 214.196 5.16927 13
      vertex 214.196 5.16927 5
    endloop
  endfacet
  facet normal 0.325811 -0.945435 0
    outer loop
      vertex 212.018 3 5
      vertex 212.031 3.00448 13
      vertex 212.018 3 13
    endloop
  endfacet
  facet normal 0.325811 -0.945435 0
    outer loop
      vertex 212.031 3.00448 13
      vertex 212.018 3 5
      vertex 212.031 3.00448 5
    endloop
  endfacet
  facet normal 0.751826 -0.659362 0
    outer loop
      vertex 213.328 3.87157 13
      vertex 213.673 4.26495 5
      vertex 213.673 4.26495 13
    endloop
  endfacet
  facet normal 0.751826 -0.659362 0
    outer loop
      vertex 213.673 4.26495 5
      vertex 213.328 3.87157 13
      vertex 213.328 3.87157 5
    endloop
  endfacet
  facet normal 0.555613 -0.831441 0
    outer loop
      vertex 212.5 3.2359 5
      vertex 212.935 3.52659 13
      vertex 212.5 3.2359 13
    endloop
  endfacet
  facet normal 0.555613 -0.831441 0
    outer loop
      vertex 212.935 3.52659 13
      vertex 212.5 3.2359 5
      vertex 212.935 3.52659 5
    endloop
  endfacet
  facet normal 0.896432 -0.443182 0
    outer loop
      vertex 213.964 4.7 13
      vertex 214.196 5.16927 5
      vertex 214.196 5.16927 13
    endloop
  endfacet
  facet normal 0.896432 -0.443182 0
    outer loop
      vertex 214.196 5.16927 5
      vertex 213.964 4.7 13
      vertex 213.964 4.7 5
    endloop
  endfacet
  facet normal -0.659701 -0.751529 0
    outer loop
      vertex 207.672 3.87157 5
      vertex 208.065 3.52659 13
      vertex 207.672 3.87157 13
    endloop
  endfacet
  facet normal -0.659701 -0.751529 -0
    outer loop
      vertex 208.065 3.52659 13
      vertex 207.672 3.87157 5
      vertex 208.065 3.52659 5
    endloop
  endfacet
  facet normal -0.325811 -0.945435 0
    outer loop
      vertex 208.969 3.00448 5
      vertex 208.982 3 13
      vertex 208.969 3.00448 13
    endloop
  endfacet
  facet normal -0.325811 -0.945435 -0
    outer loop
      vertex 208.982 3 13
      vertex 208.969 3.00448 5
      vertex 208.982 3 5
    endloop
  endfacet
  facet normal -0.751826 -0.659362 0
    outer loop
      vertex 207.672 3.87157 5
      vertex 207.327 4.26495 13
      vertex 207.327 4.26495 5
    endloop
  endfacet
  facet normal -0.751826 -0.659362 0
    outer loop
      vertex 207.327 4.26495 13
      vertex 207.672 3.87157 5
      vertex 207.672 3.87157 13
    endloop
  endfacet
  facet normal -0.997886 -0.064984 0
    outer loop
      vertex 206.534 6.1779 5
      vertex 206.5 6.7 13
      vertex 206.5 6.7 5
    endloop
  endfacet
  facet normal -0.997886 -0.064984 0
    outer loop
      vertex 206.5 6.7 13
      vertex 206.534 6.1779 5
      vertex 206.534 6.1779 13
    endloop
  endfacet
  facet normal 0.947036 0.321126 0
    outer loop
      vertex 214.364 7.73528 13
      vertex 214.196 8.23073 5
      vertex 214.196 8.23073 13
    endloop
  endfacet
  facet normal 0.947036 0.321126 0
    outer loop
      vertex 214.196 8.23073 5
      vertex 214.364 7.73528 13
      vertex 214.364 7.73528 5
    endloop
  endfacet
  facet normal 0.980814 0.194947 0
    outer loop
      vertex 214.466 7.2221 13
      vertex 214.364 7.73528 5
      vertex 214.364 7.73528 13
    endloop
  endfacet
  facet normal 0.980814 0.194947 0
    outer loop
      vertex 214.364 7.73528 5
      vertex 214.466 7.2221 13
      vertex 214.466 7.2221 5
    endloop
  endfacet
  facet normal 0.195197 0.980764 -0
    outer loop
      vertex 211.535 10.5637 5
      vertex 211.022 10.6658 13
      vertex 211.535 10.5637 13
    endloop
  endfacet
  facet normal 0.195197 0.980764 0
    outer loop
      vertex 211.022 10.6658 13
      vertex 211.535 10.5637 5
      vertex 211.022 10.6658 5
    endloop
  endfacet
  facet normal -0.896432 0.443182 0
    outer loop
      vertex 206.804 8.23073 5
      vertex 207.036 8.7 13
      vertex 207.036 8.7 5
    endloop
  endfacet
  facet normal -0.896432 0.443182 0
    outer loop
      vertex 207.036 8.7 13
      vertex 206.804 8.23073 5
      vertex 206.804 8.23073 13
    endloop
  endfacet
  facet normal -0.947036 0.321126 0
    outer loop
      vertex 206.636 7.73528 5
      vertex 206.804 8.23073 13
      vertex 206.804 8.23073 5
    endloop
  endfacet
  facet normal -0.947036 0.321126 0
    outer loop
      vertex 206.804 8.23073 13
      vertex 206.636 7.73528 5
      vertex 206.636 7.73528 13
    endloop
  endfacet
  facet normal -0.980814 0.194947 0
    outer loop
      vertex 206.534 7.2221 5
      vertex 206.636 7.73528 13
      vertex 206.636 7.73528 5
    endloop
  endfacet
  facet normal -0.980814 0.194947 0
    outer loop
      vertex 206.636 7.73528 13
      vertex 206.534 7.2221 5
      vertex 206.534 7.2221 13
    endloop
  endfacet
  facet normal -0.195197 0.980764 0
    outer loop
      vertex 209.978 10.6658 5
      vertex 209.465 10.5637 13
      vertex 209.978 10.6658 13
    endloop
  endfacet
  facet normal -0.195197 0.980764 0
    outer loop
      vertex 209.465 10.5637 13
      vertex 209.978 10.6658 5
      vertex 209.465 10.5637 5
    endloop
  endfacet
  facet normal 0.997886 -0.064984 0
    outer loop
      vertex 214.466 6.1779 13
      vertex 214.5 6.7 5
      vertex 214.5 6.7 13
    endloop
  endfacet
  facet normal 0.997886 -0.064984 0
    outer loop
      vertex 214.5 6.7 5
      vertex 214.466 6.1779 13
      vertex 214.466 6.1779 5
    endloop
  endfacet
  facet normal 0.659701 -0.751529 0
    outer loop
      vertex 212.935 3.52659 5
      vertex 213.328 3.87157 13
      vertex 212.935 3.52659 13
    endloop
  endfacet
  facet normal 0.659701 -0.751529 0
    outer loop
      vertex 213.328 3.87157 13
      vertex 212.935 3.52659 5
      vertex 213.328 3.87157 5
    endloop
  endfacet
  facet normal 0.831197 -0.555978 0
    outer loop
      vertex 213.673 4.26495 13
      vertex 213.964 4.7 5
      vertex 213.964 4.7 13
    endloop
  endfacet
  facet normal 0.831197 -0.555978 0
    outer loop
      vertex 213.964 4.7 5
      vertex 213.673 4.26495 13
      vertex 213.673 4.26495 5
    endloop
  endfacet
  facet normal -0.555613 -0.831441 0
    outer loop
      vertex 208.065 3.52659 5
      vertex 208.5 3.2359 13
      vertex 208.065 3.52659 13
    endloop
  endfacet
  facet normal -0.555613 -0.831441 -0
    outer loop
      vertex 208.5 3.2359 13
      vertex 208.065 3.52659 5
      vertex 208.5 3.2359 5
    endloop
  endfacet
  facet normal -0.896432 -0.443182 0
    outer loop
      vertex 207.036 4.7 5
      vertex 206.804 5.16927 13
      vertex 206.804 5.16927 5
    endloop
  endfacet
  facet normal -0.896432 -0.443182 0
    outer loop
      vertex 206.804 5.16927 13
      vertex 207.036 4.7 5
      vertex 207.036 4.7 13
    endloop
  endfacet
  facet normal -0.947036 -0.321126 0
    outer loop
      vertex 206.804 5.16927 5
      vertex 206.636 5.66472 13
      vertex 206.636 5.66472 5
    endloop
  endfacet
  facet normal -0.947036 -0.321126 0
    outer loop
      vertex 206.636 5.66472 13
      vertex 206.804 5.16927 5
      vertex 206.804 5.16927 13
    endloop
  endfacet
  facet normal 0.751826 0.659362 0
    outer loop
      vertex 213.673 9.13505 13
      vertex 213.328 9.52843 5
      vertex 213.328 9.52843 13
    endloop
  endfacet
  facet normal 0.751826 0.659362 0
    outer loop
      vertex 213.328 9.52843 5
      vertex 213.673 9.13505 13
      vertex 213.673 9.13505 5
    endloop
  endfacet
  facet normal 0.32115 0.947028 -0
    outer loop
      vertex 212.031 10.3955 5
      vertex 211.535 10.5637 13
      vertex 212.031 10.3955 13
    endloop
  endfacet
  facet normal 0.32115 0.947028 0
    outer loop
      vertex 211.535 10.5637 13
      vertex 212.031 10.3955 5
      vertex 211.535 10.5637 5
    endloop
  endfacet
  facet normal -0.442465 0.896786 0
    outer loop
      vertex 208.969 10.3955 5
      vertex 208.5 10.1641 13
      vertex 208.969 10.3955 13
    endloop
  endfacet
  facet normal -0.442465 0.896786 0
    outer loop
      vertex 208.5 10.1641 13
      vertex 208.969 10.3955 5
      vertex 208.5 10.1641 5
    endloop
  endfacet
  facet normal 0.442496 -0.89677 0
    outer loop
      vertex 212.031 3.00448 5
      vertex 212.5 3.2359 13
      vertex 212.031 3.00448 13
    endloop
  endfacet
  facet normal 0.442496 -0.89677 0
    outer loop
      vertex 212.5 3.2359 13
      vertex 212.031 3.00448 5
      vertex 212.5 3.2359 5
    endloop
  endfacet
  facet normal 0.980814 -0.194947 0
    outer loop
      vertex 214.364 5.66472 13
      vertex 214.466 6.1779 5
      vertex 214.466 6.1779 13
    endloop
  endfacet
  facet normal 0.980814 -0.194947 0
    outer loop
      vertex 214.466 6.1779 5
      vertex 214.364 5.66472 13
      vertex 214.364 5.66472 5
    endloop
  endfacet
  facet normal -0.442496 -0.89677 0
    outer loop
      vertex 208.5 3.2359 5
      vertex 208.969 3.00448 13
      vertex 208.5 3.2359 13
    endloop
  endfacet
  facet normal -0.442496 -0.89677 -0
    outer loop
      vertex 208.969 3.00448 13
      vertex 208.5 3.2359 5
      vertex 208.969 3.00448 5
    endloop
  endfacet
  facet normal -0.831197 -0.555978 0
    outer loop
      vertex 207.327 4.26495 5
      vertex 207.036 4.7 13
      vertex 207.036 4.7 5
    endloop
  endfacet
  facet normal -0.831197 -0.555978 0
    outer loop
      vertex 207.036 4.7 13
      vertex 207.327 4.26495 5
      vertex 207.327 4.26495 13
    endloop
  endfacet
  facet normal 0.997887 0.0649798 0
    outer loop
      vertex 158.5 55.7 4
      vertex 158.449 56.4832 3
      vertex 158.449 56.4832 4
    endloop
  endfacet
  facet normal 0.997887 0.0649798 0
    outer loop
      vertex 158.449 56.4832 3
      vertex 158.5 55.7 4
      vertex 158.5 55.7 3
    endloop
  endfacet
  facet normal -0.997887 0.0649798 0
    outer loop
      vertex 146.5 55.7 3
      vertex 146.551 56.4832 4
      vertex 146.551 56.4832 3
    endloop
  endfacet
  facet normal -0.997887 0.0649798 0
    outer loop
      vertex 146.551 56.4832 4
      vertex 146.5 55.7 3
      vertex 146.5 55.7 4
    endloop
  endfacet
  facet normal 0.0653771 0.997861 -0
    outer loop
      vertex 153.283 61.6487 3
      vertex 152.5 61.7 4
      vertex 153.283 61.6487 4
    endloop
  endfacet
  facet normal 0.0653771 0.997861 0
    outer loop
      vertex 152.5 61.7 4
      vertex 153.283 61.6487 3
      vertex 152.5 61.7 3
    endloop
  endfacet
  facet normal -0.0653771 -0.997861 0
    outer loop
      vertex 151.717 49.7513 3
      vertex 152.5 49.7 4
      vertex 151.717 49.7513 4
    endloop
  endfacet
  facet normal -0.0653771 -0.997861 -0
    outer loop
      vertex 152.5 49.7 4
      vertex 151.717 49.7513 3
      vertex 152.5 49.7 3
    endloop
  endfacet
  facet normal 0.752103 0.659046 0
    outer loop
      vertex 157.26 59.3526 4
      vertex 156.743 59.9426 3
      vertex 156.743 59.9426 4
    endloop
  endfacet
  facet normal 0.752103 0.659046 0
    outer loop
      vertex 156.743 59.9426 3
      vertex 157.26 59.3526 4
      vertex 157.26 59.3526 3
    endloop
  endfacet
  facet normal -0.659406 0.751787 0
    outer loop
      vertex 148.847 60.4601 3
      vertex 148.257 59.9426 4
      vertex 148.847 60.4601 4
    endloop
  endfacet
  facet normal -0.659406 0.751787 0
    outer loop
      vertex 148.257 59.9426 4
      vertex 148.847 60.4601 3
      vertex 148.257 59.9426 3
    endloop
  endfacet
  facet normal -0.321537 0.946897 0
    outer loop
      vertex 150.947 61.4956 3
      vertex 150.204 61.2433 4
      vertex 150.947 61.4956 4
    endloop
  endfacet
  facet normal -0.321537 0.946897 0
    outer loop
      vertex 150.204 61.2433 4
      vertex 150.947 61.4956 3
      vertex 150.204 61.2433 3
    endloop
  endfacet
  facet normal 0.896936 0.44216 0
    outer loop
      vertex 158.043 57.9961 4
      vertex 157.696 58.7 3
      vertex 157.696 58.7 4
    endloop
  endfacet
  facet normal 0.896936 0.44216 0
    outer loop
      vertex 157.696 58.7 3
      vertex 158.043 57.9961 4
      vertex 158.043 57.9961 3
    endloop
  endfacet
  facet normal 0.831501 0.555523 0
    outer loop
      vertex 157.696 58.7 4
      vertex 157.26 59.3526 3
      vertex 157.26 59.3526 4
    endloop
  endfacet
  facet normal 0.831501 0.555523 0
    outer loop
      vertex 157.26 59.3526 3
      vertex 157.696 58.7 4
      vertex 157.696 58.7 3
    endloop
  endfacet
  facet normal 0.442212 0.89691 -0
    outer loop
      vertex 155.5 60.8962 3
      vertex 154.796 61.2433 4
      vertex 155.5 60.8962 4
    endloop
  endfacet
  facet normal 0.442212 0.89691 0
    outer loop
      vertex 154.796 61.2433 4
      vertex 155.5 60.8962 3
      vertex 154.796 61.2433 3
    endloop
  endfacet
  facet normal 0.321537 0.946897 -0
    outer loop
      vertex 154.796 61.2433 3
      vertex 154.053 61.4956 4
      vertex 154.796 61.2433 4
    endloop
  endfacet
  facet normal 0.321537 0.946897 0
    outer loop
      vertex 154.053 61.4956 4
      vertex 154.796 61.2433 3
      vertex 154.053 61.4956 3
    endloop
  endfacet
  facet normal 0.555376 0.831599 -0
    outer loop
      vertex 156.153 60.4601 3
      vertex 155.5 60.8962 4
      vertex 156.153 60.4601 4
    endloop
  endfacet
  facet normal 0.555376 0.831599 0
    outer loop
      vertex 155.5 60.8962 4
      vertex 156.153 60.4601 3
      vertex 155.5 60.8962 3
    endloop
  endfacet
  facet normal -0.896936 0.44216 0
    outer loop
      vertex 146.957 57.9961 3
      vertex 147.304 58.7 4
      vertex 147.304 58.7 3
    endloop
  endfacet
  facet normal -0.896936 0.44216 0
    outer loop
      vertex 147.304 58.7 4
      vertex 146.957 57.9961 3
      vertex 146.957 57.9961 4
    endloop
  endfacet
  facet normal -0.831501 0.555523 0
    outer loop
      vertex 147.304 58.7 3
      vertex 147.74 59.3526 4
      vertex 147.74 59.3526 3
    endloop
  endfacet
  facet normal -0.831501 0.555523 0
    outer loop
      vertex 147.74 59.3526 4
      vertex 147.304 58.7 3
      vertex 147.304 58.7 4
    endloop
  endfacet
  facet normal -0.946652 0.322259 0
    outer loop
      vertex 146.704 57.2529 3
      vertex 146.957 57.9961 4
      vertex 146.957 57.9961 3
    endloop
  endfacet
  facet normal -0.946652 0.322259 0
    outer loop
      vertex 146.957 57.9961 4
      vertex 146.704 57.2529 3
      vertex 146.704 57.2529 4
    endloop
  endfacet
  facet normal -0.442212 0.89691 0
    outer loop
      vertex 150.204 61.2433 3
      vertex 149.5 60.8962 4
      vertex 150.204 61.2433 4
    endloop
  endfacet
  facet normal -0.442212 0.89691 0
    outer loop
      vertex 149.5 60.8962 4
      vertex 150.204 61.2433 3
      vertex 149.5 60.8962 3
    endloop
  endfacet
  facet normal -0.195014 0.980801 0
    outer loop
      vertex 151.717 61.6487 3
      vertex 150.947 61.4956 4
      vertex 151.717 61.6487 4
    endloop
  endfacet
  facet normal -0.195014 0.980801 0
    outer loop
      vertex 150.947 61.4956 4
      vertex 151.717 61.6487 3
      vertex 150.947 61.4956 3
    endloop
  endfacet
  facet normal 0.659406 -0.751787 0
    outer loop
      vertex 156.153 50.9399 3
      vertex 156.743 51.4574 4
      vertex 156.153 50.9399 4
    endloop
  endfacet
  facet normal 0.659406 -0.751787 0
    outer loop
      vertex 156.743 51.4574 4
      vertex 156.153 50.9399 3
      vertex 156.743 51.4574 3
    endloop
  endfacet
  facet normal 0.442212 -0.89691 0
    outer loop
      vertex 154.796 50.1567 3
      vertex 155.5 50.5038 4
      vertex 154.796 50.1567 4
    endloop
  endfacet
  facet normal 0.442212 -0.89691 0
    outer loop
      vertex 155.5 50.5038 4
      vertex 154.796 50.1567 3
      vertex 155.5 50.5038 3
    endloop
  endfacet
  facet normal 0.946652 -0.322259 0
    outer loop
      vertex 158.043 53.4039 4
      vertex 158.296 54.1471 3
      vertex 158.296 54.1471 4
    endloop
  endfacet
  facet normal 0.946652 -0.322259 0
    outer loop
      vertex 158.296 54.1471 3
      vertex 158.043 53.4039 4
      vertex 158.043 53.4039 3
    endloop
  endfacet
  facet normal -0.442212 -0.89691 0
    outer loop
      vertex 149.5 50.5038 3
      vertex 150.204 50.1567 4
      vertex 149.5 50.5038 4
    endloop
  endfacet
  facet normal -0.442212 -0.89691 -0
    outer loop
      vertex 150.204 50.1567 4
      vertex 149.5 50.5038 3
      vertex 150.204 50.1567 3
    endloop
  endfacet
  facet normal -0.321537 -0.946897 0
    outer loop
      vertex 150.204 50.1567 3
      vertex 150.947 49.9044 4
      vertex 150.204 50.1567 4
    endloop
  endfacet
  facet normal -0.321537 -0.946897 -0
    outer loop
      vertex 150.947 49.9044 4
      vertex 150.204 50.1567 3
      vertex 150.947 49.9044 3
    endloop
  endfacet
  facet normal -0.896936 -0.44216 0
    outer loop
      vertex 147.304 52.7 3
      vertex 146.957 53.4039 4
      vertex 146.957 53.4039 3
    endloop
  endfacet
  facet normal -0.896936 -0.44216 0
    outer loop
      vertex 146.957 53.4039 4
      vertex 147.304 52.7 3
      vertex 147.304 52.7 4
    endloop
  endfacet
  facet normal -0.831501 -0.555523 0
    outer loop
      vertex 147.74 52.0474 3
      vertex 147.304 52.7 4
      vertex 147.304 52.7 3
    endloop
  endfacet
  facet normal -0.831501 -0.555523 0
    outer loop
      vertex 147.304 52.7 4
      vertex 147.74 52.0474 3
      vertex 147.74 52.0474 4
    endloop
  endfacet
  facet normal 0.946652 0.322259 0
    outer loop
      vertex 158.296 57.2529 4
      vertex 158.043 57.9961 3
      vertex 158.043 57.9961 4
    endloop
  endfacet
  facet normal 0.946652 0.322259 0
    outer loop
      vertex 158.043 57.9961 3
      vertex 158.296 57.2529 4
      vertex 158.296 57.2529 3
    endloop
  endfacet
  facet normal 0.98081 0.194964 0
    outer loop
      vertex 158.449 56.4832 4
      vertex 158.296 57.2529 3
      vertex 158.296 57.2529 4
    endloop
  endfacet
  facet normal 0.98081 0.194964 0
    outer loop
      vertex 158.296 57.2529 3
      vertex 158.449 56.4832 4
      vertex 158.449 56.4832 3
    endloop
  endfacet
  facet normal 0.195014 0.980801 -0
    outer loop
      vertex 154.053 61.4956 3
      vertex 153.283 61.6487 4
      vertex 154.053 61.4956 4
    endloop
  endfacet
  facet normal 0.195014 0.980801 0
    outer loop
      vertex 153.283 61.6487 4
      vertex 154.053 61.4956 3
      vertex 153.283 61.6487 3
    endloop
  endfacet
  facet normal 0.659406 0.751787 -0
    outer loop
      vertex 156.743 59.9426 3
      vertex 156.153 60.4601 4
      vertex 156.743 59.9426 4
    endloop
  endfacet
  facet normal 0.659406 0.751787 0
    outer loop
      vertex 156.153 60.4601 4
      vertex 156.743 59.9426 3
      vertex 156.153 60.4601 3
    endloop
  endfacet
  facet normal -0.752103 0.659046 0
    outer loop
      vertex 147.74 59.3526 3
      vertex 148.257 59.9426 4
      vertex 148.257 59.9426 3
    endloop
  endfacet
  facet normal -0.752103 0.659046 0
    outer loop
      vertex 148.257 59.9426 4
      vertex 147.74 59.3526 3
      vertex 147.74 59.3526 4
    endloop
  endfacet
  facet normal -0.98081 0.194964 0
    outer loop
      vertex 146.551 56.4832 3
      vertex 146.704 57.2529 4
      vertex 146.704 57.2529 3
    endloop
  endfacet
  facet normal -0.98081 0.194964 0
    outer loop
      vertex 146.704 57.2529 4
      vertex 146.551 56.4832 3
      vertex 146.551 56.4832 4
    endloop
  endfacet
  facet normal -0.555376 0.831599 0
    outer loop
      vertex 149.5 60.8962 3
      vertex 148.847 60.4601 4
      vertex 149.5 60.8962 4
    endloop
  endfacet
  facet normal -0.555376 0.831599 0
    outer loop
      vertex 148.847 60.4601 4
      vertex 149.5 60.8962 3
      vertex 148.847 60.4601 3
    endloop
  endfacet
  facet normal -0.0653771 0.997861 0
    outer loop
      vertex 152.5 61.7 3
      vertex 151.717 61.6487 4
      vertex 152.5 61.7 4
    endloop
  endfacet
  facet normal -0.0653771 0.997861 0
    outer loop
      vertex 151.717 61.6487 4
      vertex 152.5 61.7 3
      vertex 151.717 61.6487 3
    endloop
  endfacet
  facet normal 0.0653771 -0.997861 0
    outer loop
      vertex 152.5 49.7 3
      vertex 153.283 49.7513 4
      vertex 152.5 49.7 4
    endloop
  endfacet
  facet normal 0.0653771 -0.997861 0
    outer loop
      vertex 153.283 49.7513 4
      vertex 152.5 49.7 3
      vertex 153.283 49.7513 3
    endloop
  endfacet
  facet normal 0.321537 -0.946897 0
    outer loop
      vertex 154.053 49.9044 3
      vertex 154.796 50.1567 4
      vertex 154.053 49.9044 4
    endloop
  endfacet
  facet normal 0.321537 -0.946897 0
    outer loop
      vertex 154.796 50.1567 4
      vertex 154.053 49.9044 3
      vertex 154.796 50.1567 3
    endloop
  endfacet
  facet normal 0.555376 -0.831599 0
    outer loop
      vertex 155.5 50.5038 3
      vertex 156.153 50.9399 4
      vertex 155.5 50.5038 4
    endloop
  endfacet
  facet normal 0.555376 -0.831599 0
    outer loop
      vertex 156.153 50.9399 4
      vertex 155.5 50.5038 3
      vertex 156.153 50.9399 3
    endloop
  endfacet
  facet normal 0.896936 -0.44216 0
    outer loop
      vertex 157.696 52.7 4
      vertex 158.043 53.4039 3
      vertex 158.043 53.4039 4
    endloop
  endfacet
  facet normal 0.896936 -0.44216 0
    outer loop
      vertex 158.043 53.4039 3
      vertex 157.696 52.7 4
      vertex 157.696 52.7 3
    endloop
  endfacet
  facet normal 0.752103 -0.659046 0
    outer loop
      vertex 156.743 51.4574 4
      vertex 157.26 52.0474 3
      vertex 157.26 52.0474 4
    endloop
  endfacet
  facet normal 0.752103 -0.659046 0
    outer loop
      vertex 157.26 52.0474 3
      vertex 156.743 51.4574 4
      vertex 156.743 51.4574 3
    endloop
  endfacet
  facet normal 0.831501 -0.555523 0
    outer loop
      vertex 157.26 52.0474 4
      vertex 157.696 52.7 3
      vertex 157.696 52.7 4
    endloop
  endfacet
  facet normal 0.831501 -0.555523 0
    outer loop
      vertex 157.696 52.7 3
      vertex 157.26 52.0474 4
      vertex 157.26 52.0474 3
    endloop
  endfacet
  facet normal -0.659406 -0.751787 0
    outer loop
      vertex 148.257 51.4574 3
      vertex 148.847 50.9399 4
      vertex 148.257 51.4574 4
    endloop
  endfacet
  facet normal -0.659406 -0.751787 -0
    outer loop
      vertex 148.847 50.9399 4
      vertex 148.257 51.4574 3
      vertex 148.847 50.9399 3
    endloop
  endfacet
  facet normal -0.555376 -0.831599 0
    outer loop
      vertex 148.847 50.9399 3
      vertex 149.5 50.5038 4
      vertex 148.847 50.9399 4
    endloop
  endfacet
  facet normal -0.555376 -0.831599 -0
    outer loop
      vertex 149.5 50.5038 4
      vertex 148.847 50.9399 3
      vertex 149.5 50.5038 3
    endloop
  endfacet
  facet normal -0.195014 -0.980801 0
    outer loop
      vertex 150.947 49.9044 3
      vertex 151.717 49.7513 4
      vertex 150.947 49.9044 4
    endloop
  endfacet
  facet normal -0.195014 -0.980801 -0
    outer loop
      vertex 151.717 49.7513 4
      vertex 150.947 49.9044 3
      vertex 151.717 49.7513 3
    endloop
  endfacet
  facet normal -0.752103 -0.659046 0
    outer loop
      vertex 148.257 51.4574 3
      vertex 147.74 52.0474 4
      vertex 147.74 52.0474 3
    endloop
  endfacet
  facet normal -0.752103 -0.659046 0
    outer loop
      vertex 147.74 52.0474 4
      vertex 148.257 51.4574 3
      vertex 148.257 51.4574 4
    endloop
  endfacet
  facet normal -0.946652 -0.322259 0
    outer loop
      vertex 146.957 53.4039 3
      vertex 146.704 54.1471 4
      vertex 146.704 54.1471 3
    endloop
  endfacet
  facet normal -0.946652 -0.322259 0
    outer loop
      vertex 146.704 54.1471 4
      vertex 146.957 53.4039 3
      vertex 146.957 53.4039 4
    endloop
  endfacet
  facet normal -0.997887 -0.0649798 0
    outer loop
      vertex 146.551 54.9168 3
      vertex 146.5 55.7 4
      vertex 146.5 55.7 3
    endloop
  endfacet
  facet normal -0.997887 -0.0649798 0
    outer loop
      vertex 146.5 55.7 4
      vertex 146.551 54.9168 3
      vertex 146.551 54.9168 4
    endloop
  endfacet
  facet normal 0.195014 -0.980801 0
    outer loop
      vertex 153.283 49.7513 3
      vertex 154.053 49.9044 4
      vertex 153.283 49.7513 4
    endloop
  endfacet
  facet normal 0.195014 -0.980801 0
    outer loop
      vertex 154.053 49.9044 4
      vertex 153.283 49.7513 3
      vertex 154.053 49.9044 3
    endloop
  endfacet
  facet normal 0.98081 -0.194964 0
    outer loop
      vertex 158.296 54.1471 4
      vertex 158.449 54.9168 3
      vertex 158.449 54.9168 4
    endloop
  endfacet
  facet normal 0.98081 -0.194964 0
    outer loop
      vertex 158.449 54.9168 3
      vertex 158.296 54.1471 4
      vertex 158.296 54.1471 3
    endloop
  endfacet
  facet normal 0.997887 -0.0649798 0
    outer loop
      vertex 158.449 54.9168 4
      vertex 158.5 55.7 3
      vertex 158.5 55.7 4
    endloop
  endfacet
  facet normal 0.997887 -0.0649798 0
    outer loop
      vertex 158.5 55.7 3
      vertex 158.449 54.9168 4
      vertex 158.449 54.9168 3
    endloop
  endfacet
  facet normal -0.98081 -0.194964 0
    outer loop
      vertex 146.704 54.1471 3
      vertex 146.551 54.9168 4
      vertex 146.551 54.9168 3
    endloop
  endfacet
  facet normal -0.98081 -0.194964 0
    outer loop
      vertex 146.551 54.9168 4
      vertex 146.704 54.1471 3
      vertex 146.704 54.1471 4
    endloop
  endfacet
  facet normal 0.447024 0.0291109 0.894048
    outer loop
      vertex 158.5 55.7 4
      vertex 156.466 56.2221 5
      vertex 156.5 55.7 5
    endloop
  endfacet
  facet normal 0.447024 0.0291091 0.894048
    outer loop
      vertex 158.449 56.4832 4
      vertex 156.466 56.2221 5
      vertex 158.5 55.7 4
    endloop
  endfacet
  facet normal -0.447024 -0.0291109 0.894048
    outer loop
      vertex 148.5 55.7 5
      vertex 146.5 55.7 4
      vertex 148.534 55.1779 5
    endloop
  endfacet
  facet normal 0.439366 0.0873252 0.894054
    outer loop
      vertex 158.296 57.2529 4
      vertex 156.364 56.7353 5
      vertex 156.466 56.2221 5
    endloop
  endfacet
  facet normal 0.401914 0.198131 0.893985
    outer loop
      vertex 157.696 58.7 4
      vertex 156.196 57.2307 5
      vertex 158.043 57.9961 4
    endloop
  endfacet
  facet normal 0.401576 0.198521 0.89405
    outer loop
      vertex 156.196 57.2307 5
      vertex 157.696 58.7 4
      vertex 155.964 57.7 5
    endloop
  endfacet
  facet normal -0.0292876 -0.447022 0.894044
    outer loop
      vertex 152.5 51.7 5
      vertex 151.978 51.7342 5
      vertex 152.5 49.7 4
    endloop
  endfacet
  facet normal -0.0292876 0.447022 0.894044
    outer loop
      vertex 152.5 61.7 4
      vertex 151.978 59.6658 5
      vertex 152.5 59.7 5
    endloop
  endfacet
  facet normal -0.439366 -0.0873252 0.894054
    outer loop
      vertex 148.534 55.1779 5
      vertex 146.704 54.1471 4
      vertex 148.636 54.6647 5
    endloop
  endfacet
  facet normal -0.336732 -0.295304 0.894095
    outer loop
      vertex 149.327 53.265 5
      vertex 148.257 51.4574 4
      vertex 149.672 52.8716 5
    endloop
  endfacet
  facet normal 0.295475 -0.336584 0.894095
    outer loop
      vertex 155.328 52.8716 5
      vertex 154.935 52.5266 5
      vertex 156.743 51.4574 4
    endloop
  endfacet
  facet normal -0.0874398 0.43934 0.894055
    outer loop
      vertex 151.978 59.6658 5
      vertex 150.947 61.4956 4
      vertex 151.465 59.5637 5
    endloop
  endfacet
  facet normal -0.447024 0.0291091 0.894048
    outer loop
      vertex 146.551 56.4832 4
      vertex 146.5 55.7 4
      vertex 148.534 56.2221 5
    endloop
  endfacet
  facet normal 0.295475 0.336584 0.894095
    outer loop
      vertex 156.743 59.9426 4
      vertex 154.935 58.8734 5
      vertex 155.328 58.5284 5
    endloop
  endfacet
  facet normal -0.424079 -0.144365 0.894044
    outer loop
      vertex 148.636 54.6647 5
      vertex 146.704 54.1471 4
      vertex 146.957 53.4039 4
    endloop
  endfacet
  facet normal -0.295475 -0.336584 0.894095
    outer loop
      vertex 149.672 52.8716 5
      vertex 148.257 51.4574 4
      vertex 150.065 52.5266 5
    endloop
  endfacet
  facet normal 0.0292876 -0.447022 0.894044
    outer loop
      vertex 153.022 51.7342 5
      vertex 152.5 49.7 4
      vertex 153.283 49.7513 4
    endloop
  endfacet
  facet normal 0.1981 -0.401793 0.894046
    outer loop
      vertex 154.5 52.2359 5
      vertex 154.796 50.1567 4
      vertex 155.5 50.5038 4
    endloop
  endfacet
  facet normal 0.198228 -0.401767 0.89403
    outer loop
      vertex 154.796 50.1567 4
      vertex 154.5 52.2359 5
      vertex 154.031 52.0045 5
    endloop
  endfacet
  facet normal 0.424377 -0.143915 0.893976
    outer loop
      vertex 156.364 54.6647 5
      vertex 156.196 54.1693 5
      vertex 158.043 53.4039 4
    endloop
  endfacet
  facet normal 0.424079 -0.144365 0.894044
    outer loop
      vertex 158.296 54.1471 4
      vertex 156.364 54.6647 5
      vertex 158.043 53.4039 4
    endloop
  endfacet
  facet normal 0.439366 -0.0873252 0.894054
    outer loop
      vertex 156.466 55.1779 5
      vertex 156.364 54.6647 5
      vertex 158.296 54.1471 4
    endloop
  endfacet
  facet normal 0.439361 -0.0873355 0.894055
    outer loop
      vertex 158.449 54.9168 4
      vertex 156.466 55.1779 5
      vertex 158.296 54.1471 4
    endloop
  endfacet
  facet normal 0.424079 0.144365 0.894044
    outer loop
      vertex 158.043 57.9961 4
      vertex 156.364 56.7353 5
      vertex 158.296 57.2529 4
    endloop
  endfacet
  facet normal 0.439361 0.0873355 0.894055
    outer loop
      vertex 158.296 57.2529 4
      vertex 156.466 56.2221 5
      vertex 158.449 56.4832 4
    endloop
  endfacet
  facet normal -0.424377 0.143915 0.893976
    outer loop
      vertex 148.804 57.2307 5
      vertex 146.957 57.9961 4
      vertex 148.636 56.7353 5
    endloop
  endfacet
  facet normal -0.372455 0.248836 0.894068
    outer loop
      vertex 147.74 59.3526 4
      vertex 147.304 58.7 4
      vertex 149.327 58.135 5
    endloop
  endfacet
  facet normal -0.198228 0.401767 0.89403
    outer loop
      vertex 150.204 61.2433 4
      vertex 150.5 59.1641 5
      vertex 150.969 59.3955 5
    endloop
  endfacet
  facet normal -0.1981 0.401793 0.894046
    outer loop
      vertex 150.5 59.1641 5
      vertex 150.204 61.2433 4
      vertex 149.5 60.8962 4
    endloop
  endfacet
  facet normal 0.372364 0.249099 0.894033
    outer loop
      vertex 157.696 58.7 4
      vertex 155.673 58.135 5
      vertex 155.964 57.7 5
    endloop
  endfacet
  facet normal 0.336732 0.295304 0.894095
    outer loop
      vertex 156.743 59.9426 4
      vertex 155.328 58.5284 5
      vertex 155.673 58.135 5
    endloop
  endfacet
  facet normal 0.248907 0.372461 0.894046
    outer loop
      vertex 155.5 60.8962 4
      vertex 154.5 59.1641 5
      vertex 154.935 58.8734 5
    endloop
  endfacet
  facet normal 0.0292876 0.447022 0.894044
    outer loop
      vertex 153.283 61.6487 4
      vertex 152.5 61.7 4
      vertex 153.022 59.6658 5
    endloop
  endfacet
  facet normal 0.1981 0.401793 0.894046
    outer loop
      vertex 154.796 61.2433 4
      vertex 154.5 59.1641 5
      vertex 155.5 60.8962 4
    endloop
  endfacet
  facet normal 0.198228 0.401767 0.89403
    outer loop
      vertex 154.5 59.1641 5
      vertex 154.796 61.2433 4
      vertex 154.031 59.3955 5
    endloop
  endfacet
  facet normal -0.439361 -0.0873355 0.894055
    outer loop
      vertex 148.534 55.1779 5
      vertex 146.551 54.9168 4
      vertex 146.704 54.1471 4
    endloop
  endfacet
  facet normal -0.447024 -0.0291091 0.894048
    outer loop
      vertex 148.534 55.1779 5
      vertex 146.5 55.7 4
      vertex 146.551 54.9168 4
    endloop
  endfacet
  facet normal -0.143876 -0.424271 0.894032
    outer loop
      vertex 150.969 52.0045 5
      vertex 150.204 50.1567 4
      vertex 151.465 51.8363 5
    endloop
  endfacet
  facet normal -0.248907 -0.372461 0.894046
    outer loop
      vertex 150.065 52.5266 5
      vertex 149.5 50.5038 4
      vertex 150.5 52.2359 5
    endloop
  endfacet
  facet normal -0.401576 -0.198521 0.89405
    outer loop
      vertex 148.804 54.1693 5
      vertex 147.304 52.7 4
      vertex 149.036 53.7 5
    endloop
  endfacet
  facet normal -0.401914 -0.198131 0.893985
    outer loop
      vertex 147.304 52.7 4
      vertex 148.804 54.1693 5
      vertex 146.957 53.4039 4
    endloop
  endfacet
  facet normal 0.087362 -0.439378 0.894044
    outer loop
      vertex 154.053 49.9044 4
      vertex 153.022 51.7342 5
      vertex 153.283 49.7513 4
    endloop
  endfacet
  facet normal 0.143876 -0.424271 0.894032
    outer loop
      vertex 154.031 52.0045 5
      vertex 153.535 51.8363 5
      vertex 154.796 50.1567 4
    endloop
  endfacet
  facet normal 0.0292876 -0.447022 0.894044
    outer loop
      vertex 152.5 51.7 5
      vertex 152.5 49.7 4
      vertex 153.022 51.7342 5
    endloop
  endfacet
  facet normal 0.336884 -0.295202 0.894072
    outer loop
      vertex 157.26 52.0474 4
      vertex 155.673 53.265 5
      vertex 156.743 51.4574 4
    endloop
  endfacet
  facet normal 0.372364 -0.249099 0.894033
    outer loop
      vertex 155.964 53.7 5
      vertex 155.673 53.265 5
      vertex 157.696 52.7 4
    endloop
  endfacet
  facet normal 0.372455 -0.248836 0.894068
    outer loop
      vertex 157.696 52.7 4
      vertex 155.673 53.265 5
      vertex 157.26 52.0474 4
    endloop
  endfacet
  facet normal 0.447024 -0.0291091 0.894048
    outer loop
      vertex 158.5 55.7 4
      vertex 156.466 55.1779 5
      vertex 158.449 54.9168 4
    endloop
  endfacet
  facet normal 0.447024 -0.0291109 0.894048
    outer loop
      vertex 156.5 55.7 5
      vertex 156.466 55.1779 5
      vertex 158.5 55.7 4
    endloop
  endfacet
  facet normal -0.447024 0.0291109 0.894048
    outer loop
      vertex 148.534 56.2221 5
      vertex 146.5 55.7 4
      vertex 148.5 55.7 5
    endloop
  endfacet
  facet normal -0.424079 0.144365 0.894044
    outer loop
      vertex 146.957 57.9961 4
      vertex 146.704 57.2529 4
      vertex 148.636 56.7353 5
    endloop
  endfacet
  facet normal -0.401576 0.198521 0.89405
    outer loop
      vertex 147.304 58.7 4
      vertex 148.804 57.2307 5
      vertex 149.036 57.7 5
    endloop
  endfacet
  facet normal -0.401914 0.198131 0.893985
    outer loop
      vertex 148.804 57.2307 5
      vertex 147.304 58.7 4
      vertex 146.957 57.9961 4
    endloop
  endfacet
  facet normal -0.248907 0.372461 0.894046
    outer loop
      vertex 150.5 59.1641 5
      vertex 149.5 60.8962 4
      vertex 150.065 58.8734 5
    endloop
  endfacet
  facet normal -0.295475 0.336584 0.894095
    outer loop
      vertex 150.065 58.8734 5
      vertex 148.257 59.9426 4
      vertex 149.672 58.5284 5
    endloop
  endfacet
  facet normal -0.336884 0.295202 0.894072
    outer loop
      vertex 148.257 59.9426 4
      vertex 147.74 59.3526 4
      vertex 149.327 58.135 5
    endloop
  endfacet
  facet normal -0.087362 0.439378 0.894044
    outer loop
      vertex 151.717 61.6487 4
      vertex 150.947 61.4956 4
      vertex 151.978 59.6658 5
    endloop
  endfacet
  facet normal -0.0292876 0.447022 0.894044
    outer loop
      vertex 152.5 61.7 4
      vertex 151.717 61.6487 4
      vertex 151.978 59.6658 5
    endloop
  endfacet
  facet normal 0.424377 0.143915 0.893976
    outer loop
      vertex 158.043 57.9961 4
      vertex 156.196 57.2307 5
      vertex 156.364 56.7353 5
    endloop
  endfacet
  facet normal 0.372455 0.248836 0.894068
    outer loop
      vertex 157.26 59.3526 4
      vertex 155.673 58.135 5
      vertex 157.696 58.7 4
    endloop
  endfacet
  facet normal 0.336884 0.295202 0.894072
    outer loop
      vertex 156.743 59.9426 4
      vertex 155.673 58.135 5
      vertex 157.26 59.3526 4
    endloop
  endfacet
  facet normal 0.0292876 0.447022 0.894044
    outer loop
      vertex 152.5 61.7 4
      vertex 152.5 59.7 5
      vertex 153.022 59.6658 5
    endloop
  endfacet
  facet normal 0.144034 0.424166 0.894057
    outer loop
      vertex 154.053 61.4956 4
      vertex 153.535 59.5637 5
      vertex 154.796 61.2433 4
    endloop
  endfacet
  facet normal 0.0874398 0.43934 0.894055
    outer loop
      vertex 154.053 61.4956 4
      vertex 153.022 59.6658 5
      vertex 153.535 59.5637 5
    endloop
  endfacet
  facet normal 0.248775 0.372506 0.894064
    outer loop
      vertex 155.5 60.8962 4
      vertex 154.935 58.8734 5
      vertex 156.153 60.4601 4
    endloop
  endfacet
  facet normal 0.295366 0.336746 0.89407
    outer loop
      vertex 156.153 60.4601 4
      vertex 154.935 58.8734 5
      vertex 156.743 59.9426 4
    endloop
  endfacet
  facet normal -0.144034 -0.424166 0.894057
    outer loop
      vertex 151.465 51.8363 5
      vertex 150.204 50.1567 4
      vertex 150.947 49.9044 4
    endloop
  endfacet
  facet normal -0.0874398 -0.43934 0.894055
    outer loop
      vertex 151.465 51.8363 5
      vertex 150.947 49.9044 4
      vertex 151.978 51.7342 5
    endloop
  endfacet
  facet normal -0.198228 -0.401767 0.89403
    outer loop
      vertex 150.5 52.2359 5
      vertex 150.204 50.1567 4
      vertex 150.969 52.0045 5
    endloop
  endfacet
  facet normal -0.1981 -0.401793 0.894046
    outer loop
      vertex 150.204 50.1567 4
      vertex 150.5 52.2359 5
      vertex 149.5 50.5038 4
    endloop
  endfacet
  facet normal -0.248775 -0.372506 0.894064
    outer loop
      vertex 150.065 52.5266 5
      vertex 148.847 50.9399 4
      vertex 149.5 50.5038 4
    endloop
  endfacet
  facet normal -0.295366 -0.336746 0.89407
    outer loop
      vertex 150.065 52.5266 5
      vertex 148.257 51.4574 4
      vertex 148.847 50.9399 4
    endloop
  endfacet
  facet normal -0.424377 -0.143915 0.893976
    outer loop
      vertex 148.636 54.6647 5
      vertex 146.957 53.4039 4
      vertex 148.804 54.1693 5
    endloop
  endfacet
  facet normal -0.372364 -0.249099 0.894033
    outer loop
      vertex 149.036 53.7 5
      vertex 147.304 52.7 4
      vertex 149.327 53.265 5
    endloop
  endfacet
  facet normal 0.0874398 -0.43934 0.894055
    outer loop
      vertex 153.535 51.8363 5
      vertex 153.022 51.7342 5
      vertex 154.053 49.9044 4
    endloop
  endfacet
  facet normal 0.144034 -0.424166 0.894057
    outer loop
      vertex 154.796 50.1567 4
      vertex 153.535 51.8363 5
      vertex 154.053 49.9044 4
    endloop
  endfacet
  facet normal 0.401914 -0.198131 0.893985
    outer loop
      vertex 156.196 54.1693 5
      vertex 157.696 52.7 4
      vertex 158.043 53.4039 4
    endloop
  endfacet
  facet normal 0.401576 -0.198521 0.89405
    outer loop
      vertex 157.696 52.7 4
      vertex 156.196 54.1693 5
      vertex 155.964 53.7 5
    endloop
  endfacet
  facet normal 0.336732 -0.295304 0.894095
    outer loop
      vertex 155.673 53.265 5
      vertex 155.328 52.8716 5
      vertex 156.743 51.4574 4
    endloop
  endfacet
  facet normal -0.439361 0.0873355 0.894055
    outer loop
      vertex 146.704 57.2529 4
      vertex 146.551 56.4832 4
      vertex 148.534 56.2221 5
    endloop
  endfacet
  facet normal -0.439366 0.0873252 0.894054
    outer loop
      vertex 148.636 56.7353 5
      vertex 146.704 57.2529 4
      vertex 148.534 56.2221 5
    endloop
  endfacet
  facet normal -0.143876 0.424271 0.894032
    outer loop
      vertex 151.465 59.5637 5
      vertex 150.204 61.2433 4
      vertex 150.969 59.3955 5
    endloop
  endfacet
  facet normal -0.144034 0.424166 0.894057
    outer loop
      vertex 150.947 61.4956 4
      vertex 150.204 61.2433 4
      vertex 151.465 59.5637 5
    endloop
  endfacet
  facet normal -0.295366 0.336746 0.89407
    outer loop
      vertex 148.847 60.4601 4
      vertex 148.257 59.9426 4
      vertex 150.065 58.8734 5
    endloop
  endfacet
  facet normal -0.248775 0.372506 0.894064
    outer loop
      vertex 149.5 60.8962 4
      vertex 148.847 60.4601 4
      vertex 150.065 58.8734 5
    endloop
  endfacet
  facet normal -0.372364 0.249099 0.894033
    outer loop
      vertex 149.327 58.135 5
      vertex 147.304 58.7 4
      vertex 149.036 57.7 5
    endloop
  endfacet
  facet normal -0.336732 0.295304 0.894095
    outer loop
      vertex 149.672 58.5284 5
      vertex 148.257 59.9426 4
      vertex 149.327 58.135 5
    endloop
  endfacet
  facet normal 0.087362 0.439378 0.894044
    outer loop
      vertex 153.283 61.6487 4
      vertex 153.022 59.6658 5
      vertex 154.053 61.4956 4
    endloop
  endfacet
  facet normal 0.143876 0.424271 0.894032
    outer loop
      vertex 154.796 61.2433 4
      vertex 153.535 59.5637 5
      vertex 154.031 59.3955 5
    endloop
  endfacet
  facet normal -0.087362 -0.439378 0.894044
    outer loop
      vertex 151.978 51.7342 5
      vertex 150.947 49.9044 4
      vertex 151.717 49.7513 4
    endloop
  endfacet
  facet normal -0.0292876 -0.447022 0.894044
    outer loop
      vertex 151.978 51.7342 5
      vertex 151.717 49.7513 4
      vertex 152.5 49.7 4
    endloop
  endfacet
  facet normal -0.372455 -0.248836 0.894068
    outer loop
      vertex 149.327 53.265 5
      vertex 147.304 52.7 4
      vertex 147.74 52.0474 4
    endloop
  endfacet
  facet normal -0.336884 -0.295202 0.894072
    outer loop
      vertex 149.327 53.265 5
      vertex 147.74 52.0474 4
      vertex 148.257 51.4574 4
    endloop
  endfacet
  facet normal 0.248775 -0.372506 0.894064
    outer loop
      vertex 156.153 50.9399 4
      vertex 154.935 52.5266 5
      vertex 155.5 50.5038 4
    endloop
  endfacet
  facet normal 0.295366 -0.336746 0.89407
    outer loop
      vertex 156.743 51.4574 4
      vertex 154.935 52.5266 5
      vertex 156.153 50.9399 4
    endloop
  endfacet
  facet normal 0.248907 -0.372461 0.894046
    outer loop
      vertex 154.935 52.5266 5
      vertex 154.5 52.2359 5
      vertex 155.5 50.5038 4
    endloop
  endfacet
  facet normal 0.997886 0.064984 0
    outer loop
      vertex 156.5 55.7 13
      vertex 156.466 56.2221 5
      vertex 156.466 56.2221 13
    endloop
  endfacet
  facet normal 0.997886 0.064984 0
    outer loop
      vertex 156.466 56.2221 5
      vertex 156.5 55.7 13
      vertex 156.5 55.7 5
    endloop
  endfacet
  facet normal -0.997886 0.064984 0
    outer loop
      vertex 148.5 55.7 5
      vertex 148.534 56.2221 13
      vertex 148.534 56.2221 5
    endloop
  endfacet
  facet normal -0.997886 0.064984 0
    outer loop
      vertex 148.534 56.2221 13
      vertex 148.5 55.7 5
      vertex 148.5 55.7 13
    endloop
  endfacet
  facet normal 0.0653771 0.997861 -0
    outer loop
      vertex 153.022 59.6658 5
      vertex 152.5 59.7 13
      vertex 153.022 59.6658 13
    endloop
  endfacet
  facet normal 0.0653771 0.997861 0
    outer loop
      vertex 152.5 59.7 13
      vertex 153.022 59.6658 5
      vertex 152.5 59.7 5
    endloop
  endfacet
  facet normal 0.659722 0.75151 -0
    outer loop
      vertex 155.328 58.5284 5
      vertex 154.935 58.8734 13
      vertex 155.328 58.5284 13
    endloop
  endfacet
  facet normal 0.659722 0.75151 0
    outer loop
      vertex 154.935 58.8734 13
      vertex 155.328 58.5284 5
      vertex 154.935 58.8734 5
    endloop
  endfacet
  facet normal -0.659722 0.75151 0
    outer loop
      vertex 150.065 58.8734 5
      vertex 149.672 58.5284 13
      vertex 150.065 58.8734 13
    endloop
  endfacet
  facet normal -0.659722 0.75151 0
    outer loop
      vertex 149.672 58.5284 13
      vertex 150.065 58.8734 5
      vertex 149.672 58.5284 5
    endloop
  endfacet
  facet normal -0.32115 0.947028 0
    outer loop
      vertex 151.465 59.5637 5
      vertex 150.969 59.3955 13
      vertex 151.465 59.5637 13
    endloop
  endfacet
  facet normal -0.32115 0.947028 0
    outer loop
      vertex 150.969 59.3955 13
      vertex 151.465 59.5637 5
      vertex 150.969 59.3955 5
    endloop
  endfacet
  facet normal -0.980815 -0.19494 0
    outer loop
      vertex 148.636 54.6647 5
      vertex 148.534 55.1779 13
      vertex 148.534 55.1779 5
    endloop
  endfacet
  facet normal -0.980815 -0.19494 0
    outer loop
      vertex 148.534 55.1779 13
      vertex 148.636 54.6647 5
      vertex 148.636 54.6647 13
    endloop
  endfacet
  facet normal 0.896443 0.443159 0
    outer loop
      vertex 156.196 57.2307 13
      vertex 155.964 57.7 5
      vertex 155.964 57.7 13
    endloop
  endfacet
  facet normal 0.896443 0.443159 0
    outer loop
      vertex 155.964 57.7 5
      vertex 156.196 57.2307 13
      vertex 156.196 57.2307 5
    endloop
  endfacet
  facet normal 0.831167 0.556022 0
    outer loop
      vertex 155.964 57.7 13
      vertex 155.673 58.135 5
      vertex 155.673 58.135 13
    endloop
  endfacet
  facet normal 0.831167 0.556022 0
    outer loop
      vertex 155.673 58.135 5
      vertex 155.964 57.7 13
      vertex 155.964 57.7 5
    endloop
  endfacet
  facet normal 0.442465 0.896786 -0
    outer loop
      vertex 154.5 59.1641 5
      vertex 154.031 59.3955 13
      vertex 154.5 59.1641 13
    endloop
  endfacet
  facet normal 0.442465 0.896786 0
    outer loop
      vertex 154.031 59.3955 13
      vertex 154.5 59.1641 5
      vertex 154.031 59.3955 5
    endloop
  endfacet
  facet normal 0.555626 0.831432 -0
    outer loop
      vertex 154.935 58.8734 5
      vertex 154.5 59.1641 13
      vertex 154.935 58.8734 13
    endloop
  endfacet
  facet normal 0.555626 0.831432 0
    outer loop
      vertex 154.5 59.1641 13
      vertex 154.935 58.8734 5
      vertex 154.5 59.1641 5
    endloop
  endfacet
  facet normal -0.831167 0.556022 0
    outer loop
      vertex 149.036 57.7 5
      vertex 149.327 58.135 13
      vertex 149.327 58.135 5
    endloop
  endfacet
  facet normal -0.831167 0.556022 0
    outer loop
      vertex 149.327 58.135 13
      vertex 149.036 57.7 5
      vertex 149.036 57.7 13
    endloop
  endfacet
  facet normal -0.751842 0.659343 0
    outer loop
      vertex 149.327 58.135 5
      vertex 149.672 58.5284 13
      vertex 149.672 58.5284 5
    endloop
  endfacet
  facet normal -0.751842 0.659343 0
    outer loop
      vertex 149.672 58.5284 13
      vertex 149.327 58.135 5
      vertex 149.327 58.135 13
    endloop
  endfacet
  facet normal 0 0 1
    outer loop
      vertex 153.9 55.7 13
      vertex 156.5 55.7 13
      vertex 156.466 56.2221 13
    endloop
  endfacet
  facet normal 0 0 1
    outer loop
      vertex 153.888 55.8827 13
      vertex 156.466 56.2221 13
      vertex 156.364 56.7353 13
    endloop
  endfacet
  facet normal 0 0 1
    outer loop
      vertex 156.5 55.7 13
      vertex 153.9 55.7 13
      vertex 156.466 55.1779 13
    endloop
  endfacet
  facet normal 0 0 1
    outer loop
      vertex 153.852 56.0623 13
      vertex 156.364 56.7353 13
      vertex 156.196 57.2307 13
    endloop
  endfacet
  facet normal -0 0 1
    outer loop
      vertex 153.888 55.5173 13
      vertex 156.466 55.1779 13
      vertex 153.9 55.7 13
    endloop
  endfacet
  facet normal 0 0 1
    outer loop
      vertex 153.793 56.2358 13
      vertex 156.196 57.2307 13
      vertex 155.964 57.7 13
    endloop
  endfacet
  facet normal 0 0 1
    outer loop
      vertex 156.466 55.1779 13
      vertex 153.888 55.5173 13
      vertex 156.364 54.6647 13
    endloop
  endfacet
  facet normal 0 0 1
    outer loop
      vertex 153.712 56.4 13
      vertex 155.964 57.7 13
      vertex 155.673 58.135 13
    endloop
  endfacet
  facet normal -0 0 1
    outer loop
      vertex 153.852 55.3377 13
      vertex 156.364 54.6647 13
      vertex 153.888 55.5173 13
    endloop
  endfacet
  facet normal 0 0 1
    outer loop
      vertex 153.611 56.5523 13
      vertex 155.673 58.135 13
      vertex 155.328 58.5284 13
    endloop
  endfacet
  facet normal 0 0 1
    outer loop
      vertex 156.364 54.6647 13
      vertex 153.852 55.3377 13
      vertex 156.196 54.1693 13
    endloop
  endfacet
  facet normal 0 0 1
    outer loop
      vertex 153.49 56.6899 13
      vertex 155.328 58.5284 13
      vertex 154.935 58.8734 13
    endloop
  endfacet
  facet normal -0 0 1
    outer loop
      vertex 153.793 55.1642 13
      vertex 156.196 54.1693 13
      vertex 153.852 55.3377 13
    endloop
  endfacet
  facet normal 0 0 1
    outer loop
      vertex 153.352 56.8107 13
      vertex 154.935 58.8734 13
      vertex 154.5 59.1641 13
    endloop
  endfacet
  facet normal 0 0 1
    outer loop
      vertex 156.196 54.1693 13
      vertex 153.793 55.1642 13
      vertex 155.964 53.7 13
    endloop
  endfacet
  facet normal 0 0 1
    outer loop
      vertex 153.2 56.9124 13
      vertex 154.5 59.1641 13
      vertex 154.031 59.3955 13
    endloop
  endfacet
  facet normal -0 0 1
    outer loop
      vertex 153.712 55 13
      vertex 155.964 53.7 13
      vertex 153.793 55.1642 13
    endloop
  endfacet
  facet normal 0 0 1
    outer loop
      vertex 155.964 53.7 13
      vertex 153.712 55 13
      vertex 155.673 53.265 13
    endloop
  endfacet
  facet normal 0 0 1
    outer loop
      vertex 156.466 56.2221 13
      vertex 153.888 55.8827 13
      vertex 153.9 55.7 13
    endloop
  endfacet
  facet normal 0 0 1
    outer loop
      vertex 156.364 56.7353 13
      vertex 153.852 56.0623 13
      vertex 153.888 55.8827 13
    endloop
  endfacet
  facet normal 0 0 1
    outer loop
      vertex 156.196 57.2307 13
      vertex 153.793 56.2358 13
      vertex 153.852 56.0623 13
    endloop
  endfacet
  facet normal 0 0 1
    outer loop
      vertex 155.964 57.7 13
      vertex 153.712 56.4 13
      vertex 153.793 56.2358 13
    endloop
  endfacet
  facet normal 0 0 1
    outer loop
      vertex 155.673 58.135 13
      vertex 153.611 56.5523 13
      vertex 153.712 56.4 13
    endloop
  endfacet
  facet normal 0 0 1
    outer loop
      vertex 153.036 56.9934 13
      vertex 154.031 59.3955 13
      vertex 153.535 59.5637 13
    endloop
  endfacet
  facet normal 0 0 1
    outer loop
      vertex 155.328 58.5284 13
      vertex 153.49 56.6899 13
      vertex 153.611 56.5523 13
    endloop
  endfacet
  facet normal 0 0 1
    outer loop
      vertex 154.935 58.8734 13
      vertex 153.352 56.8107 13
      vertex 153.49 56.6899 13
    endloop
  endfacet
  facet normal 0 0 1
    outer loop
      vertex 154.5 59.1641 13
      vertex 153.2 56.9124 13
      vertex 153.352 56.8107 13
    endloop
  endfacet
  facet normal 0 0 1
    outer loop
      vertex 154.031 59.3955 13
      vertex 153.036 56.9934 13
      vertex 153.2 56.9124 13
    endloop
  endfacet
  facet normal 0 0 1
    outer loop
      vertex 152.862 57.0523 13
      vertex 153.535 59.5637 13
      vertex 153.022 59.6658 13
    endloop
  endfacet
  facet normal 0 0 1
    outer loop
      vertex 153.535 59.5637 13
      vertex 152.862 57.0523 13
      vertex 153.036 56.9934 13
    endloop
  endfacet
  facet normal 0 0 1
    outer loop
      vertex 153.022 59.6658 13
      vertex 152.683 57.088 13
      vertex 152.862 57.0523 13
    endloop
  endfacet
  facet normal 0 0 1
    outer loop
      vertex 152.5 59.7 13
      vertex 152.683 57.088 13
      vertex 153.022 59.6658 13
    endloop
  endfacet
  facet normal 0 0 1
    outer loop
      vertex 152.5 59.7 13
      vertex 152.5 57.1 13
      vertex 152.683 57.088 13
    endloop
  endfacet
  facet normal 0 0 1
    outer loop
      vertex 152.5 59.7 13
      vertex 152.317 57.088 13
      vertex 152.5 57.1 13
    endloop
  endfacet
  facet normal -0 0 1
    outer loop
      vertex 151.978 59.6658 13
      vertex 152.317 57.088 13
      vertex 152.5 59.7 13
    endloop
  endfacet
  facet normal 0 0 1
    outer loop
      vertex 152.317 57.088 13
      vertex 151.978 59.6658 13
      vertex 152.138 57.0523 13
    endloop
  endfacet
  facet normal -0 0 1
    outer loop
      vertex 151.465 59.5637 13
      vertex 152.138 57.0523 13
      vertex 151.978 59.6658 13
    endloop
  endfacet
  facet normal 0 0 1
    outer loop
      vertex 152.138 57.0523 13
      vertex 151.465 59.5637 13
      vertex 151.964 56.9934 13
    endloop
  endfacet
  facet normal -0 0 1
    outer loop
      vertex 150.969 59.3955 13
      vertex 151.964 56.9934 13
      vertex 151.465 59.5637 13
    endloop
  endfacet
  facet normal 0 0 1
    outer loop
      vertex 151.964 56.9934 13
      vertex 150.969 59.3955 13
      vertex 151.8 56.9124 13
    endloop
  endfacet
  facet normal -0 0 1
    outer loop
      vertex 150.5 59.1641 13
      vertex 151.8 56.9124 13
      vertex 150.969 59.3955 13
    endloop
  endfacet
  facet normal 0 0 1
    outer loop
      vertex 151.8 56.9124 13
      vertex 150.5 59.1641 13
      vertex 151.648 56.8107 13
    endloop
  endfacet
  facet normal -0 0 1
    outer loop
      vertex 150.065 58.8734 13
      vertex 151.648 56.8107 13
      vertex 150.5 59.1641 13
    endloop
  endfacet
  facet normal 0 0 1
    outer loop
      vertex 151.648 56.8107 13
      vertex 150.065 58.8734 13
      vertex 151.51 56.6899 13
    endloop
  endfacet
  facet normal -0 0 1
    outer loop
      vertex 149.672 58.5284 13
      vertex 151.51 56.6899 13
      vertex 150.065 58.8734 13
    endloop
  endfacet
  facet normal 0 0 1
    outer loop
      vertex 151.51 56.6899 13
      vertex 149.672 58.5284 13
      vertex 151.389 56.5523 13
    endloop
  endfacet
  facet normal 0 0 1
    outer loop
      vertex 151.389 56.5523 13
      vertex 149.327 58.135 13
      vertex 151.288 56.4 13
    endloop
  endfacet
  facet normal -0 0 1
    outer loop
      vertex 149.327 58.135 13
      vertex 151.389 56.5523 13
      vertex 149.672 58.5284 13
    endloop
  endfacet
  facet normal -0 0 1
    outer loop
      vertex 153.611 54.8477 13
      vertex 155.673 53.265 13
      vertex 153.712 55 13
    endloop
  endfacet
  facet normal 0 0 1
    outer loop
      vertex 155.673 53.265 13
      vertex 153.611 54.8477 13
      vertex 155.328 52.8716 13
    endloop
  endfacet
  facet normal -0 0 1
    outer loop
      vertex 153.49 54.71 13
      vertex 155.328 52.8716 13
      vertex 153.611 54.8477 13
    endloop
  endfacet
  facet normal 0 0 1
    outer loop
      vertex 155.328 52.8716 13
      vertex 153.49 54.71 13
      vertex 154.935 52.5266 13
    endloop
  endfacet
  facet normal -0 0 1
    outer loop
      vertex 153.352 54.5893 13
      vertex 154.935 52.5266 13
      vertex 153.49 54.71 13
    endloop
  endfacet
  facet normal 0 0 1
    outer loop
      vertex 154.935 52.5266 13
      vertex 153.352 54.5893 13
      vertex 154.5 52.2359 13
    endloop
  endfacet
  facet normal -0 0 1
    outer loop
      vertex 153.2 54.4876 13
      vertex 154.5 52.2359 13
      vertex 153.352 54.5893 13
    endloop
  endfacet
  facet normal 0 0 1
    outer loop
      vertex 154.5 52.2359 13
      vertex 153.2 54.4876 13
      vertex 154.031 52.0045 13
    endloop
  endfacet
  facet normal -0 0 1
    outer loop
      vertex 153.036 54.4066 13
      vertex 154.031 52.0045 13
      vertex 153.2 54.4876 13
    endloop
  endfacet
  facet normal 0 0 1
    outer loop
      vertex 154.031 52.0045 13
      vertex 153.036 54.4066 13
      vertex 153.535 51.8363 13
    endloop
  endfacet
  facet normal -0 0 1
    outer loop
      vertex 152.862 54.3477 13
      vertex 153.535 51.8363 13
      vertex 153.036 54.4066 13
    endloop
  endfacet
  facet normal 0 0 1
    outer loop
      vertex 153.535 51.8363 13
      vertex 152.862 54.3477 13
      vertex 153.022 51.7342 13
    endloop
  endfacet
  facet normal -0 0 1
    outer loop
      vertex 152.683 54.312 13
      vertex 153.022 51.7342 13
      vertex 152.862 54.3477 13
    endloop
  endfacet
  facet normal -0 0 1
    outer loop
      vertex 152.5 54.3 13
      vertex 153.022 51.7342 13
      vertex 152.683 54.312 13
    endloop
  endfacet
  facet normal 0 0 1
    outer loop
      vertex 152.5 54.3 13
      vertex 152.5 51.7 13
      vertex 153.022 51.7342 13
    endloop
  endfacet
  facet normal 0 0 1
    outer loop
      vertex 152.317 54.312 13
      vertex 152.5 51.7 13
      vertex 152.5 54.3 13
    endloop
  endfacet
  facet normal 0 0 1
    outer loop
      vertex 151.978 51.7342 13
      vertex 152.317 54.312 13
      vertex 152.138 54.3477 13
    endloop
  endfacet
  facet normal 0 0 1
    outer loop
      vertex 152.317 54.312 13
      vertex 151.978 51.7342 13
      vertex 152.5 51.7 13
    endloop
  endfacet
  facet normal 0 0 1
    outer loop
      vertex 151.465 51.8363 13
      vertex 152.138 54.3477 13
      vertex 151.964 54.4066 13
    endloop
  endfacet
  facet normal 0 0 1
    outer loop
      vertex 150.969 52.0045 13
      vertex 151.964 54.4066 13
      vertex 151.8 54.4876 13
    endloop
  endfacet
  facet normal 0 0 1
    outer loop
      vertex 150.5 52.2359 13
      vertex 151.8 54.4876 13
      vertex 151.648 54.5893 13
    endloop
  endfacet
  facet normal 0 0 1
    outer loop
      vertex 150.065 52.5266 13
      vertex 151.648 54.5893 13
      vertex 151.51 54.71 13
    endloop
  endfacet
  facet normal 0 0 1
    outer loop
      vertex 152.138 54.3477 13
      vertex 151.465 51.8363 13
      vertex 151.978 51.7342 13
    endloop
  endfacet
  facet normal 0 0 1
    outer loop
      vertex 149.672 52.8716 13
      vertex 151.51 54.71 13
      vertex 151.389 54.8477 13
    endloop
  endfacet
  facet normal 0 0 1
    outer loop
      vertex 149.327 53.265 13
      vertex 151.389 54.8477 13
      vertex 151.288 55 13
    endloop
  endfacet
  facet normal 0 0 1
    outer loop
      vertex 149.036 53.7 13
      vertex 151.288 55 13
      vertex 151.207 55.1642 13
    endloop
  endfacet
  facet normal 0 0 1
    outer loop
      vertex 148.804 54.1693 13
      vertex 151.207 55.1642 13
      vertex 151.148 55.3377 13
    endloop
  endfacet
  facet normal 0 0 1
    outer loop
      vertex 148.636 54.6647 13
      vertex 151.148 55.3377 13
      vertex 151.112 55.5173 13
    endloop
  endfacet
  facet normal 0 0 1
    outer loop
      vertex 151.964 54.4066 13
      vertex 150.969 52.0045 13
      vertex 151.465 51.8363 13
    endloop
  endfacet
  facet normal 0 0 1
    outer loop
      vertex 148.534 55.1779 13
      vertex 151.112 55.5173 13
      vertex 151.1 55.7 13
    endloop
  endfacet
  facet normal -0 0 1
    outer loop
      vertex 149.036 57.7 13
      vertex 151.288 56.4 13
      vertex 149.327 58.135 13
    endloop
  endfacet
  facet normal 0 0 1
    outer loop
      vertex 151.288 56.4 13
      vertex 149.036 57.7 13
      vertex 151.207 56.2358 13
    endloop
  endfacet
  facet normal 0 0 1
    outer loop
      vertex 151.8 54.4876 13
      vertex 150.5 52.2359 13
      vertex 150.969 52.0045 13
    endloop
  endfacet
  facet normal -0 0 1
    outer loop
      vertex 148.804 57.2307 13
      vertex 151.207 56.2358 13
      vertex 149.036 57.7 13
    endloop
  endfacet
  facet normal 0 0 1
    outer loop
      vertex 151.648 54.5893 13
      vertex 150.065 52.5266 13
      vertex 150.5 52.2359 13
    endloop
  endfacet
  facet normal 0 0 1
    outer loop
      vertex 151.207 56.2358 13
      vertex 148.804 57.2307 13
      vertex 151.148 56.0623 13
    endloop
  endfacet
  facet normal 0 0 1
    outer loop
      vertex 151.51 54.71 13
      vertex 149.672 52.8716 13
      vertex 150.065 52.5266 13
    endloop
  endfacet
  facet normal -0 0 1
    outer loop
      vertex 148.636 56.7353 13
      vertex 151.148 56.0623 13
      vertex 148.804 57.2307 13
    endloop
  endfacet
  facet normal 0 0 1
    outer loop
      vertex 151.389 54.8477 13
      vertex 149.327 53.265 13
      vertex 149.672 52.8716 13
    endloop
  endfacet
  facet normal 0 0 1
    outer loop
      vertex 151.148 56.0623 13
      vertex 148.636 56.7353 13
      vertex 151.112 55.8827 13
    endloop
  endfacet
  facet normal 0 0 1
    outer loop
      vertex 151.288 55 13
      vertex 149.036 53.7 13
      vertex 149.327 53.265 13
    endloop
  endfacet
  facet normal -0 0 1
    outer loop
      vertex 148.534 56.2221 13
      vertex 151.112 55.8827 13
      vertex 148.636 56.7353 13
    endloop
  endfacet
  facet normal 0 0 1
    outer loop
      vertex 151.207 55.1642 13
      vertex 148.804 54.1693 13
      vertex 149.036 53.7 13
    endloop
  endfacet
  facet normal 0 0 1
    outer loop
      vertex 151.112 55.8827 13
      vertex 148.534 56.2221 13
      vertex 151.1 55.7 13
    endloop
  endfacet
  facet normal 0 0 1
    outer loop
      vertex 151.148 55.3377 13
      vertex 148.636 54.6647 13
      vertex 148.804 54.1693 13
    endloop
  endfacet
  facet normal 0 0 1
    outer loop
      vertex 148.5 55.7 13
      vertex 151.1 55.7 13
      vertex 148.534 56.2221 13
    endloop
  endfacet
  facet normal 0 0 1
    outer loop
      vertex 151.112 55.5173 13
      vertex 148.534 55.1779 13
      vertex 148.636 54.6647 13
    endloop
  endfacet
  facet normal 0 0 1
    outer loop
      vertex 151.1 55.7 13
      vertex 148.5 55.7 13
      vertex 148.534 55.1779 13
    endloop
  endfacet
  facet normal -0.555626 0.831432 0
    outer loop
      vertex 150.5 59.1641 5
      vertex 150.065 58.8734 13
      vertex 150.5 59.1641 13
    endloop
  endfacet
  facet normal -0.555626 0.831432 0
    outer loop
      vertex 150.065 58.8734 13
      vertex 150.5 59.1641 5
      vertex 150.065 58.8734 5
    endloop
  endfacet
  facet normal -0.0653771 0.997861 0
    outer loop
      vertex 152.5 59.7 5
      vertex 151.978 59.6658 13
      vertex 152.5 59.7 13
    endloop
  endfacet
  facet normal -0.0653771 0.997861 0
    outer loop
      vertex 151.978 59.6658 13
      vertex 152.5 59.7 5
      vertex 151.978 59.6658 5
    endloop
  endfacet
  facet normal 0.947026 -0.321156 0
    outer loop
      vertex 156.196 54.1693 13
      vertex 156.364 54.6647 5
      vertex 156.364 54.6647 13
    endloop
  endfacet
  facet normal 0.947026 -0.321156 0
    outer loop
      vertex 156.364 54.6647 5
      vertex 156.196 54.1693 13
      vertex 156.196 54.1693 5
    endloop
  endfacet
  facet normal 0.32115 -0.947028 0
    outer loop
      vertex 153.535 51.8363 5
      vertex 154.031 52.0045 13
      vertex 153.535 51.8363 13
    endloop
  endfacet
  facet normal 0.32115 -0.947028 0
    outer loop
      vertex 154.031 52.0045 13
      vertex 153.535 51.8363 5
      vertex 154.031 52.0045 5
    endloop
  endfacet
  facet normal 0.751842 -0.659343 0
    outer loop
      vertex 155.328 52.8716 13
      vertex 155.673 53.265 5
      vertex 155.673 53.265 13
    endloop
  endfacet
  facet normal 0.751842 -0.659343 0
    outer loop
      vertex 155.673 53.265 5
      vertex 155.328 52.8716 13
      vertex 155.328 52.8716 5
    endloop
  endfacet
  facet normal 0.555626 -0.831432 0
    outer loop
      vertex 154.5 52.2359 5
      vertex 154.935 52.5266 13
      vertex 154.5 52.2359 13
    endloop
  endfacet
  facet normal 0.555626 -0.831432 0
    outer loop
      vertex 154.935 52.5266 13
      vertex 154.5 52.2359 5
      vertex 154.935 52.5266 5
    endloop
  endfacet
  facet normal 0.896443 -0.443159 0
    outer loop
      vertex 155.964 53.7 13
      vertex 156.196 54.1693 5
      vertex 156.196 54.1693 13
    endloop
  endfacet
  facet normal 0.896443 -0.443159 0
    outer loop
      vertex 156.196 54.1693 5
      vertex 155.964 53.7 13
      vertex 155.964 53.7 5
    endloop
  endfacet
  facet normal -0.659722 -0.75151 0
    outer loop
      vertex 149.672 52.8716 5
      vertex 150.065 52.5266 13
      vertex 149.672 52.8716 13
    endloop
  endfacet
  facet normal -0.659722 -0.75151 -0
    outer loop
      vertex 150.065 52.5266 13
      vertex 149.672 52.8716 5
      vertex 150.065 52.5266 5
    endloop
  endfacet
  facet normal -0.32115 -0.947028 0
    outer loop
      vertex 150.969 52.0045 5
      vertex 151.465 51.8363 13
      vertex 150.969 52.0045 13
    endloop
  endfacet
  facet normal -0.32115 -0.947028 -0
    outer loop
      vertex 151.465 51.8363 13
      vertex 150.969 52.0045 5
      vertex 151.465 51.8363 5
    endloop
  endfacet
  facet normal -0.751842 -0.659343 0
    outer loop
      vertex 149.672 52.8716 5
      vertex 149.327 53.265 13
      vertex 149.327 53.265 5
    endloop
  endfacet
  facet normal -0.751842 -0.659343 0
    outer loop
      vertex 149.327 53.265 13
      vertex 149.672 52.8716 5
      vertex 149.672 52.8716 13
    endloop
  endfacet
  facet normal -0.997886 -0.064984 0
    outer loop
      vertex 148.534 55.1779 5
      vertex 148.5 55.7 13
      vertex 148.5 55.7 5
    endloop
  endfacet
  facet normal -0.997886 -0.064984 0
    outer loop
      vertex 148.5 55.7 13
      vertex 148.534 55.1779 5
      vertex 148.534 55.1779 13
    endloop
  endfacet
  facet normal 0.947026 0.321156 0
    outer loop
      vertex 156.364 56.7353 13
      vertex 156.196 57.2307 5
      vertex 156.196 57.2307 13
    endloop
  endfacet
  facet normal 0.947026 0.321156 0
    outer loop
      vertex 156.196 57.2307 5
      vertex 156.364 56.7353 13
      vertex 156.364 56.7353 5
    endloop
  endfacet
  facet normal 0.980815 0.19494 0
    outer loop
      vertex 156.466 56.2221 13
      vertex 156.364 56.7353 5
      vertex 156.364 56.7353 13
    endloop
  endfacet
  facet normal 0.980815 0.19494 0
    outer loop
      vertex 156.364 56.7353 5
      vertex 156.466 56.2221 13
      vertex 156.466 56.2221 5
    endloop
  endfacet
  facet normal 0.195197 0.980764 -0
    outer loop
      vertex 153.535 59.5637 5
      vertex 153.022 59.6658 13
      vertex 153.535 59.5637 13
    endloop
  endfacet
  facet normal 0.195197 0.980764 0
    outer loop
      vertex 153.022 59.6658 13
      vertex 153.535 59.5637 5
      vertex 153.022 59.6658 5
    endloop
  endfacet
  facet normal -0.896443 0.443159 0
    outer loop
      vertex 148.804 57.2307 5
      vertex 149.036 57.7 13
      vertex 149.036 57.7 5
    endloop
  endfacet
  facet normal -0.896443 0.443159 0
    outer loop
      vertex 149.036 57.7 13
      vertex 148.804 57.2307 5
      vertex 148.804 57.2307 13
    endloop
  endfacet
  facet normal -0.980815 0.19494 0
    outer loop
      vertex 148.534 56.2221 5
      vertex 148.636 56.7353 13
      vertex 148.636 56.7353 5
    endloop
  endfacet
  facet normal -0.980815 0.19494 0
    outer loop
      vertex 148.636 56.7353 13
      vertex 148.534 56.2221 5
      vertex 148.534 56.2221 13
    endloop
  endfacet
  facet normal -0.442465 0.896786 0
    outer loop
      vertex 150.969 59.3955 5
      vertex 150.5 59.1641 13
      vertex 150.969 59.3955 13
    endloop
  endfacet
  facet normal -0.442465 0.896786 0
    outer loop
      vertex 150.5 59.1641 13
      vertex 150.969 59.3955 5
      vertex 150.5 59.1641 5
    endloop
  endfacet
  facet normal -0.195197 0.980764 0
    outer loop
      vertex 151.978 59.6658 5
      vertex 151.465 59.5637 13
      vertex 151.978 59.6658 13
    endloop
  endfacet
  facet normal -0.195197 0.980764 0
    outer loop
      vertex 151.465 59.5637 13
      vertex 151.978 59.6658 5
      vertex 151.465 59.5637 5
    endloop
  endfacet
  facet normal 0.997886 -0.064984 0
    outer loop
      vertex 156.466 55.1779 13
      vertex 156.5 55.7 5
      vertex 156.5 55.7 13
    endloop
  endfacet
  facet normal 0.997886 -0.064984 0
    outer loop
      vertex 156.5 55.7 5
      vertex 156.466 55.1779 13
      vertex 156.466 55.1779 5
    endloop
  endfacet
  facet normal 0.0653771 -0.997861 0
    outer loop
      vertex 152.5 51.7 5
      vertex 153.022 51.7342 13
      vertex 152.5 51.7 13
    endloop
  endfacet
  facet normal 0.0653771 -0.997861 0
    outer loop
      vertex 153.022 51.7342 13
      vertex 152.5 51.7 5
      vertex 153.022 51.7342 5
    endloop
  endfacet
  facet normal 0.659722 -0.75151 0
    outer loop
      vertex 154.935 52.5266 5
      vertex 155.328 52.8716 13
      vertex 154.935 52.5266 13
    endloop
  endfacet
  facet normal 0.659722 -0.75151 0
    outer loop
      vertex 155.328 52.8716 13
      vertex 154.935 52.5266 5
      vertex 155.328 52.8716 5
    endloop
  endfacet
  facet normal 0.831167 -0.556022 0
    outer loop
      vertex 155.673 53.265 13
      vertex 155.964 53.7 5
      vertex 155.964 53.7 13
    endloop
  endfacet
  facet normal 0.831167 -0.556022 0
    outer loop
      vertex 155.964 53.7 5
      vertex 155.673 53.265 13
      vertex 155.673 53.265 5
    endloop
  endfacet
  facet normal -0.555626 -0.831432 0
    outer loop
      vertex 150.065 52.5266 5
      vertex 150.5 52.2359 13
      vertex 150.065 52.5266 13
    endloop
  endfacet
  facet normal -0.555626 -0.831432 -0
    outer loop
      vertex 150.5 52.2359 13
      vertex 150.065 52.5266 5
      vertex 150.5 52.2359 5
    endloop
  endfacet
  facet normal -0.0653771 -0.997861 0
    outer loop
      vertex 151.978 51.7342 5
      vertex 152.5 51.7 13
      vertex 151.978 51.7342 13
    endloop
  endfacet
  facet normal -0.0653771 -0.997861 -0
    outer loop
      vertex 152.5 51.7 13
      vertex 151.978 51.7342 5
      vertex 152.5 51.7 5
    endloop
  endfacet
  facet normal -0.896443 -0.443159 0
    outer loop
      vertex 149.036 53.7 5
      vertex 148.804 54.1693 13
      vertex 148.804 54.1693 5
    endloop
  endfacet
  facet normal -0.896443 -0.443159 0
    outer loop
      vertex 148.804 54.1693 13
      vertex 149.036 53.7 5
      vertex 149.036 53.7 13
    endloop
  endfacet
  facet normal -0.947026 -0.321156 0
    outer loop
      vertex 148.804 54.1693 5
      vertex 148.636 54.6647 13
      vertex 148.636 54.6647 5
    endloop
  endfacet
  facet normal -0.947026 -0.321156 0
    outer loop
      vertex 148.636 54.6647 13
      vertex 148.804 54.1693 5
      vertex 148.804 54.1693 13
    endloop
  endfacet
  facet normal 0.751842 0.659343 0
    outer loop
      vertex 155.673 58.135 13
      vertex 155.328 58.5284 5
      vertex 155.328 58.5284 13
    endloop
  endfacet
  facet normal 0.751842 0.659343 0
    outer loop
      vertex 155.328 58.5284 5
      vertex 155.673 58.135 13
      vertex 155.673 58.135 5
    endloop
  endfacet
  facet normal 0.32115 0.947028 -0
    outer loop
      vertex 154.031 59.3955 5
      vertex 153.535 59.5637 13
      vertex 154.031 59.3955 13
    endloop
  endfacet
  facet normal 0.32115 0.947028 0
    outer loop
      vertex 153.535 59.5637 13
      vertex 154.031 59.3955 5
      vertex 153.535 59.5637 5
    endloop
  endfacet
  facet normal -0.947026 0.321156 0
    outer loop
      vertex 148.636 56.7353 5
      vertex 148.804 57.2307 13
      vertex 148.804 57.2307 5
    endloop
  endfacet
  facet normal -0.947026 0.321156 0
    outer loop
      vertex 148.804 57.2307 13
      vertex 148.636 56.7353 5
      vertex 148.636 56.7353 13
    endloop
  endfacet
  facet normal 0.195197 -0.980764 0
    outer loop
      vertex 153.022 51.7342 5
      vertex 153.535 51.8363 13
      vertex 153.022 51.7342 13
    endloop
  endfacet
  facet normal 0.195197 -0.980764 0
    outer loop
      vertex 153.535 51.8363 13
      vertex 153.022 51.7342 5
      vertex 153.535 51.8363 5
    endloop
  endfacet
  facet normal 0.442465 -0.896786 0
    outer loop
      vertex 154.031 52.0045 5
      vertex 154.5 52.2359 13
      vertex 154.031 52.0045 13
    endloop
  endfacet
  facet normal 0.442465 -0.896786 0
    outer loop
      vertex 154.5 52.2359 13
      vertex 154.031 52.0045 5
      vertex 154.5 52.2359 5
    endloop
  endfacet
  facet normal 0.980815 -0.19494 0
    outer loop
      vertex 156.364 54.6647 13
      vertex 156.466 55.1779 5
      vertex 156.466 55.1779 13
    endloop
  endfacet
  facet normal 0.980815 -0.19494 0
    outer loop
      vertex 156.466 55.1779 5
      vertex 156.364 54.6647 13
      vertex 156.364 54.6647 5
    endloop
  endfacet
  facet normal -0.442465 -0.896786 0
    outer loop
      vertex 150.5 52.2359 5
      vertex 150.969 52.0045 13
      vertex 150.5 52.2359 13
    endloop
  endfacet
  facet normal -0.442465 -0.896786 -0
    outer loop
      vertex 150.969 52.0045 13
      vertex 150.5 52.2359 5
      vertex 150.969 52.0045 5
    endloop
  endfacet
  facet normal -0.195197 -0.980764 0
    outer loop
      vertex 151.465 51.8363 5
      vertex 151.978 51.7342 13
      vertex 151.465 51.8363 13
    endloop
  endfacet
  facet normal -0.195197 -0.980764 -0
    outer loop
      vertex 151.978 51.7342 13
      vertex 151.465 51.8363 5
      vertex 151.978 51.7342 5
    endloop
  endfacet
  facet normal -0.831167 -0.556022 0
    outer loop
      vertex 149.327 53.265 5
      vertex 149.036 53.7 13
      vertex 149.036 53.7 5
    endloop
  endfacet
  facet normal -0.831167 -0.556022 0
    outer loop
      vertex 149.036 53.7 13
      vertex 149.327 53.265 5
      vertex 149.327 53.265 13
    endloop
  endfacet
  facet normal 0.997887 0.0649798 0
    outer loop
      vertex 216.5 55.7 4
      vertex 216.449 56.4832 3
      vertex 216.449 56.4832 4
    endloop
  endfacet
  facet normal 0.997887 0.0649798 0
    outer loop
      vertex 216.449 56.4832 3
      vertex 216.5 55.7 4
      vertex 216.5 55.7 3
    endloop
  endfacet
  facet normal -0.997887 0.0649798 0
    outer loop
      vertex 204.5 55.7 3
      vertex 204.551 56.4832 4
      vertex 204.551 56.4832 3
    endloop
  endfacet
  facet normal -0.997887 0.0649798 0
    outer loop
      vertex 204.551 56.4832 4
      vertex 204.5 55.7 3
      vertex 204.5 55.7 4
    endloop
  endfacet
  facet normal 0.0653771 0.997861 -0
    outer loop
      vertex 211.283 61.6487 3
      vertex 210.5 61.7 4
      vertex 211.283 61.6487 4
    endloop
  endfacet
  facet normal 0.0653771 0.997861 0
    outer loop
      vertex 210.5 61.7 4
      vertex 211.283 61.6487 3
      vertex 210.5 61.7 3
    endloop
  endfacet
  facet normal -0.0653771 -0.997861 0
    outer loop
      vertex 209.717 49.7513 3
      vertex 210.5 49.7 4
      vertex 209.717 49.7513 4
    endloop
  endfacet
  facet normal -0.0653771 -0.997861 -0
    outer loop
      vertex 210.5 49.7 4
      vertex 209.717 49.7513 3
      vertex 210.5 49.7 3
    endloop
  endfacet
  facet normal 0.752103 0.659046 0
    outer loop
      vertex 215.26 59.3526 4
      vertex 214.743 59.9426 3
      vertex 214.743 59.9426 4
    endloop
  endfacet
  facet normal 0.752103 0.659046 0
    outer loop
      vertex 214.743 59.9426 3
      vertex 215.26 59.3526 4
      vertex 215.26 59.3526 3
    endloop
  endfacet
  facet normal -0.659406 0.751787 0
    outer loop
      vertex 206.847 60.4601 3
      vertex 206.257 59.9426 4
      vertex 206.847 60.4601 4
    endloop
  endfacet
  facet normal -0.659406 0.751787 0
    outer loop
      vertex 206.257 59.9426 4
      vertex 206.847 60.4601 3
      vertex 206.257 59.9426 3
    endloop
  endfacet
  facet normal -0.321537 0.946897 0
    outer loop
      vertex 208.947 61.4956 3
      vertex 208.204 61.2433 4
      vertex 208.947 61.4956 4
    endloop
  endfacet
  facet normal -0.321537 0.946897 0
    outer loop
      vertex 208.204 61.2433 4
      vertex 208.947 61.4956 3
      vertex 208.204 61.2433 3
    endloop
  endfacet
  facet normal 0.896936 0.44216 0
    outer loop
      vertex 216.043 57.9961 4
      vertex 215.696 58.7 3
      vertex 215.696 58.7 4
    endloop
  endfacet
  facet normal 0.896936 0.44216 0
    outer loop
      vertex 215.696 58.7 3
      vertex 216.043 57.9961 4
      vertex 216.043 57.9961 3
    endloop
  endfacet
  facet normal 0.831501 0.555523 0
    outer loop
      vertex 215.696 58.7 4
      vertex 215.26 59.3526 3
      vertex 215.26 59.3526 4
    endloop
  endfacet
  facet normal 0.831501 0.555523 0
    outer loop
      vertex 215.26 59.3526 3
      vertex 215.696 58.7 4
      vertex 215.696 58.7 3
    endloop
  endfacet
  facet normal 0.442212 0.89691 -0
    outer loop
      vertex 213.5 60.8962 3
      vertex 212.796 61.2433 4
      vertex 213.5 60.8962 4
    endloop
  endfacet
  facet normal 0.442212 0.89691 0
    outer loop
      vertex 212.796 61.2433 4
      vertex 213.5 60.8962 3
      vertex 212.796 61.2433 3
    endloop
  endfacet
  facet normal 0.321537 0.946897 -0
    outer loop
      vertex 212.796 61.2433 3
      vertex 212.053 61.4956 4
      vertex 212.796 61.2433 4
    endloop
  endfacet
  facet normal 0.321537 0.946897 0
    outer loop
      vertex 212.053 61.4956 4
      vertex 212.796 61.2433 3
      vertex 212.053 61.4956 3
    endloop
  endfacet
  facet normal 0.555376 0.831599 -0
    outer loop
      vertex 214.153 60.4601 3
      vertex 213.5 60.8962 4
      vertex 214.153 60.4601 4
    endloop
  endfacet
  facet normal 0.555376 0.831599 0
    outer loop
      vertex 213.5 60.8962 4
      vertex 214.153 60.4601 3
      vertex 213.5 60.8962 3
    endloop
  endfacet
  facet normal -0.896936 0.44216 0
    outer loop
      vertex 204.957 57.9961 3
      vertex 205.304 58.7 4
      vertex 205.304 58.7 3
    endloop
  endfacet
  facet normal -0.896936 0.44216 0
    outer loop
      vertex 205.304 58.7 4
      vertex 204.957 57.9961 3
      vertex 204.957 57.9961 4
    endloop
  endfacet
  facet normal -0.831501 0.555523 0
    outer loop
      vertex 205.304 58.7 3
      vertex 205.74 59.3526 4
      vertex 205.74 59.3526 3
    endloop
  endfacet
  facet normal -0.831501 0.555523 0
    outer loop
      vertex 205.74 59.3526 4
      vertex 205.304 58.7 3
      vertex 205.304 58.7 4
    endloop
  endfacet
  facet normal -0.946652 0.322259 0
    outer loop
      vertex 204.704 57.2529 3
      vertex 204.957 57.9961 4
      vertex 204.957 57.9961 3
    endloop
  endfacet
  facet normal -0.946652 0.322259 0
    outer loop
      vertex 204.957 57.9961 4
      vertex 204.704 57.2529 3
      vertex 204.704 57.2529 4
    endloop
  endfacet
  facet normal -0.442212 0.89691 0
    outer loop
      vertex 208.204 61.2433 3
      vertex 207.5 60.8962 4
      vertex 208.204 61.2433 4
    endloop
  endfacet
  facet normal -0.442212 0.89691 0
    outer loop
      vertex 207.5 60.8962 4
      vertex 208.204 61.2433 3
      vertex 207.5 60.8962 3
    endloop
  endfacet
  facet normal -0.195014 0.980801 0
    outer loop
      vertex 209.717 61.6487 3
      vertex 208.947 61.4956 4
      vertex 209.717 61.6487 4
    endloop
  endfacet
  facet normal -0.195014 0.980801 0
    outer loop
      vertex 208.947 61.4956 4
      vertex 209.717 61.6487 3
      vertex 208.947 61.4956 3
    endloop
  endfacet
  facet normal 0.659406 -0.751787 0
    outer loop
      vertex 214.153 50.9399 3
      vertex 214.743 51.4574 4
      vertex 214.153 50.9399 4
    endloop
  endfacet
  facet normal 0.659406 -0.751787 0
    outer loop
      vertex 214.743 51.4574 4
      vertex 214.153 50.9399 3
      vertex 214.743 51.4574 3
    endloop
  endfacet
  facet normal 0.442212 -0.89691 0
    outer loop
      vertex 212.796 50.1567 3
      vertex 213.5 50.5038 4
      vertex 212.796 50.1567 4
    endloop
  endfacet
  facet normal 0.442212 -0.89691 0
    outer loop
      vertex 213.5 50.5038 4
      vertex 212.796 50.1567 3
      vertex 213.5 50.5038 3
    endloop
  endfacet
  facet normal 0.946652 -0.322259 0
    outer loop
      vertex 216.043 53.4039 4
      vertex 216.296 54.1471 3
      vertex 216.296 54.1471 4
    endloop
  endfacet
  facet normal 0.946652 -0.322259 0
    outer loop
      vertex 216.296 54.1471 3
      vertex 216.043 53.4039 4
      vertex 216.043 53.4039 3
    endloop
  endfacet
  facet normal -0.442212 -0.89691 0
    outer loop
      vertex 207.5 50.5038 3
      vertex 208.204 50.1567 4
      vertex 207.5 50.5038 4
    endloop
  endfacet
  facet normal -0.442212 -0.89691 -0
    outer loop
      vertex 208.204 50.1567 4
      vertex 207.5 50.5038 3
      vertex 208.204 50.1567 3
    endloop
  endfacet
  facet normal -0.321537 -0.946897 0
    outer loop
      vertex 208.204 50.1567 3
      vertex 208.947 49.9044 4
      vertex 208.204 50.1567 4
    endloop
  endfacet
  facet normal -0.321537 -0.946897 -0
    outer loop
      vertex 208.947 49.9044 4
      vertex 208.204 50.1567 3
      vertex 208.947 49.9044 3
    endloop
  endfacet
  facet normal -0.896936 -0.44216 0
    outer loop
      vertex 205.304 52.7 3
      vertex 204.957 53.4039 4
      vertex 204.957 53.4039 3
    endloop
  endfacet
  facet normal -0.896936 -0.44216 0
    outer loop
      vertex 204.957 53.4039 4
      vertex 205.304 52.7 3
      vertex 205.304 52.7 4
    endloop
  endfacet
  facet normal -0.831501 -0.555523 0
    outer loop
      vertex 205.74 52.0474 3
      vertex 205.304 52.7 4
      vertex 205.304 52.7 3
    endloop
  endfacet
  facet normal -0.831501 -0.555523 0
    outer loop
      vertex 205.304 52.7 4
      vertex 205.74 52.0474 3
      vertex 205.74 52.0474 4
    endloop
  endfacet
  facet normal 0.946652 0.322259 0
    outer loop
      vertex 216.296 57.2529 4
      vertex 216.043 57.9961 3
      vertex 216.043 57.9961 4
    endloop
  endfacet
  facet normal 0.946652 0.322259 0
    outer loop
      vertex 216.043 57.9961 3
      vertex 216.296 57.2529 4
      vertex 216.296 57.2529 3
    endloop
  endfacet
  facet normal 0.98081 0.194964 0
    outer loop
      vertex 216.449 56.4832 4
      vertex 216.296 57.2529 3
      vertex 216.296 57.2529 4
    endloop
  endfacet
  facet normal 0.98081 0.194964 0
    outer loop
      vertex 216.296 57.2529 3
      vertex 216.449 56.4832 4
      vertex 216.449 56.4832 3
    endloop
  endfacet
  facet normal 0.195014 0.980801 -0
    outer loop
      vertex 212.053 61.4956 3
      vertex 211.283 61.6487 4
      vertex 212.053 61.4956 4
    endloop
  endfacet
  facet normal 0.195014 0.980801 0
    outer loop
      vertex 211.283 61.6487 4
      vertex 212.053 61.4956 3
      vertex 211.283 61.6487 3
    endloop
  endfacet
  facet normal 0.659406 0.751787 -0
    outer loop
      vertex 214.743 59.9426 3
      vertex 214.153 60.4601 4
      vertex 214.743 59.9426 4
    endloop
  endfacet
  facet normal 0.659406 0.751787 0
    outer loop
      vertex 214.153 60.4601 4
      vertex 214.743 59.9426 3
      vertex 214.153 60.4601 3
    endloop
  endfacet
  facet normal -0.98081 0.194964 0
    outer loop
      vertex 204.551 56.4832 3
      vertex 204.704 57.2529 4
      vertex 204.704 57.2529 3
    endloop
  endfacet
  facet normal -0.98081 0.194964 0
    outer loop
      vertex 204.704 57.2529 4
      vertex 204.551 56.4832 3
      vertex 204.551 56.4832 4
    endloop
  endfacet
  facet normal -0.555376 0.831599 0
    outer loop
      vertex 207.5 60.8962 3
      vertex 206.847 60.4601 4
      vertex 207.5 60.8962 4
    endloop
  endfacet
  facet normal -0.555376 0.831599 0
    outer loop
      vertex 206.847 60.4601 4
      vertex 207.5 60.8962 3
      vertex 206.847 60.4601 3
    endloop
  endfacet
  facet normal -0.0653771 0.997861 0
    outer loop
      vertex 210.5 61.7 3
      vertex 209.717 61.6487 4
      vertex 210.5 61.7 4
    endloop
  endfacet
  facet normal -0.0653771 0.997861 0
    outer loop
      vertex 209.717 61.6487 4
      vertex 210.5 61.7 3
      vertex 209.717 61.6487 3
    endloop
  endfacet
  facet normal 0.0653771 -0.997861 0
    outer loop
      vertex 210.5 49.7 3
      vertex 211.283 49.7513 4
      vertex 210.5 49.7 4
    endloop
  endfacet
  facet normal 0.0653771 -0.997861 0
    outer loop
      vertex 211.283 49.7513 4
      vertex 210.5 49.7 3
      vertex 211.283 49.7513 3
    endloop
  endfacet
  facet normal 0.321537 -0.946897 0
    outer loop
      vertex 212.053 49.9044 3
      vertex 212.796 50.1567 4
      vertex 212.053 49.9044 4
    endloop
  endfacet
  facet normal 0.321537 -0.946897 0
    outer loop
      vertex 212.796 50.1567 4
      vertex 212.053 49.9044 3
      vertex 212.796 50.1567 3
    endloop
  endfacet
  facet normal 0.555376 -0.831599 0
    outer loop
      vertex 213.5 50.5038 3
      vertex 214.153 50.9399 4
      vertex 213.5 50.5038 4
    endloop
  endfacet
  facet normal 0.555376 -0.831599 0
    outer loop
      vertex 214.153 50.9399 4
      vertex 213.5 50.5038 3
      vertex 214.153 50.9399 3
    endloop
  endfacet
  facet normal 0.896936 -0.44216 0
    outer loop
      vertex 215.696 52.7 4
      vertex 216.043 53.4039 3
      vertex 216.043 53.4039 4
    endloop
  endfacet
  facet normal 0.896936 -0.44216 0
    outer loop
      vertex 216.043 53.4039 3
      vertex 215.696 52.7 4
      vertex 215.696 52.7 3
    endloop
  endfacet
  facet normal 0.752103 -0.659046 0
    outer loop
      vertex 214.743 51.4574 4
      vertex 215.26 52.0474 3
      vertex 215.26 52.0474 4
    endloop
  endfacet
  facet normal 0.752103 -0.659046 0
    outer loop
      vertex 215.26 52.0474 3
      vertex 214.743 51.4574 4
      vertex 214.743 51.4574 3
    endloop
  endfacet
  facet normal 0.831501 -0.555523 0
    outer loop
      vertex 215.26 52.0474 4
      vertex 215.696 52.7 3
      vertex 215.696 52.7 4
    endloop
  endfacet
  facet normal 0.831501 -0.555523 0
    outer loop
      vertex 215.696 52.7 3
      vertex 215.26 52.0474 4
      vertex 215.26 52.0474 3
    endloop
  endfacet
  facet normal -0.659406 -0.751787 0
    outer loop
      vertex 206.257 51.4574 3
      vertex 206.847 50.9399 4
      vertex 206.257 51.4574 4
    endloop
  endfacet
  facet normal -0.659406 -0.751787 -0
    outer loop
      vertex 206.847 50.9399 4
      vertex 206.257 51.4574 3
      vertex 206.847 50.9399 3
    endloop
  endfacet
  facet normal -0.555376 -0.831599 0
    outer loop
      vertex 206.847 50.9399 3
      vertex 207.5 50.5038 4
      vertex 206.847 50.9399 4
    endloop
  endfacet
  facet normal -0.555376 -0.831599 -0
    outer loop
      vertex 207.5 50.5038 4
      vertex 206.847 50.9399 3
      vertex 207.5 50.5038 3
    endloop
  endfacet
  facet normal -0.195014 -0.980801 0
    outer loop
      vertex 208.947 49.9044 3
      vertex 209.717 49.7513 4
      vertex 208.947 49.9044 4
    endloop
  endfacet
  facet normal -0.195014 -0.980801 -0
    outer loop
      vertex 209.717 49.7513 4
      vertex 208.947 49.9044 3
      vertex 209.717 49.7513 3
    endloop
  endfacet
  facet normal -0.752103 -0.659046 0
    outer loop
      vertex 206.257 51.4574 3
      vertex 205.74 52.0474 4
      vertex 205.74 52.0474 3
    endloop
  endfacet
  facet normal -0.752103 -0.659046 0
    outer loop
      vertex 205.74 52.0474 4
      vertex 206.257 51.4574 3
      vertex 206.257 51.4574 4
    endloop
  endfacet
  facet normal -0.946652 -0.322259 0
    outer loop
      vertex 204.957 53.4039 3
      vertex 204.704 54.1471 4
      vertex 204.704 54.1471 3
    endloop
  endfacet
  facet normal -0.946652 -0.322259 0
    outer loop
      vertex 204.704 54.1471 4
      vertex 204.957 53.4039 3
      vertex 204.957 53.4039 4
    endloop
  endfacet
  facet normal -0.997887 -0.0649798 0
    outer loop
      vertex 204.551 54.9168 3
      vertex 204.5 55.7 4
      vertex 204.5 55.7 3
    endloop
  endfacet
  facet normal -0.997887 -0.0649798 0
    outer loop
      vertex 204.5 55.7 4
      vertex 204.551 54.9168 3
      vertex 204.551 54.9168 4
    endloop
  endfacet
  facet normal -0.752103 0.659046 0
    outer loop
      vertex 205.74 59.3526 3
      vertex 206.257 59.9426 4
      vertex 206.257 59.9426 3
    endloop
  endfacet
  facet normal -0.752103 0.659046 0
    outer loop
      vertex 206.257 59.9426 4
      vertex 205.74 59.3526 3
      vertex 205.74 59.3526 4
    endloop
  endfacet
  facet normal 0.195014 -0.980801 0
    outer loop
      vertex 211.283 49.7513 3
      vertex 212.053 49.9044 4
      vertex 211.283 49.7513 4
    endloop
  endfacet
  facet normal 0.195014 -0.980801 0
    outer loop
      vertex 212.053 49.9044 4
      vertex 211.283 49.7513 3
      vertex 212.053 49.9044 3
    endloop
  endfacet
  facet normal 0.98081 -0.194964 0
    outer loop
      vertex 216.296 54.1471 4
      vertex 216.449 54.9168 3
      vertex 216.449 54.9168 4
    endloop
  endfacet
  facet normal 0.98081 -0.194964 0
    outer loop
      vertex 216.449 54.9168 3
      vertex 216.296 54.1471 4
      vertex 216.296 54.1471 3
    endloop
  endfacet
  facet normal 0.997887 -0.0649798 0
    outer loop
      vertex 216.449 54.9168 4
      vertex 216.5 55.7 3
      vertex 216.5 55.7 4
    endloop
  endfacet
  facet normal 0.997887 -0.0649798 0
    outer loop
      vertex 216.5 55.7 3
      vertex 216.449 54.9168 4
      vertex 216.449 54.9168 3
    endloop
  endfacet
  facet normal -0.98081 -0.194964 0
    outer loop
      vertex 204.704 54.1471 3
      vertex 204.551 54.9168 4
      vertex 204.551 54.9168 3
    endloop
  endfacet
  facet normal -0.98081 -0.194964 0
    outer loop
      vertex 204.551 54.9168 4
      vertex 204.704 54.1471 3
      vertex 204.704 54.1471 4
    endloop
  endfacet
  facet normal 0.447024 0.0291109 0.894048
    outer loop
      vertex 216.5 55.7 4
      vertex 214.466 56.2221 5
      vertex 214.5 55.7 5
    endloop
  endfacet
  facet normal 0.447024 0.0291091 0.894048
    outer loop
      vertex 216.449 56.4832 4
      vertex 214.466 56.2221 5
      vertex 216.5 55.7 4
    endloop
  endfacet
  facet normal -0.447024 -0.0291109 0.894048
    outer loop
      vertex 206.5 55.7 5
      vertex 204.5 55.7 4
      vertex 206.534 55.1779 5
    endloop
  endfacet
  facet normal 0.439366 0.0873252 0.894054
    outer loop
      vertex 216.296 57.2529 4
      vertex 214.364 56.7353 5
      vertex 214.466 56.2221 5
    endloop
  endfacet
  facet normal 0.401914 0.198131 0.893985
    outer loop
      vertex 215.696 58.7 4
      vertex 214.196 57.2307 5
      vertex 216.043 57.9961 4
    endloop
  endfacet
  facet normal 0.401576 0.198521 0.89405
    outer loop
      vertex 214.196 57.2307 5
      vertex 215.696 58.7 4
      vertex 213.964 57.7 5
    endloop
  endfacet
  facet normal -0.0292876 -0.447022 0.894044
    outer loop
      vertex 210.5 51.7 5
      vertex 209.978 51.7342 5
      vertex 210.5 49.7 4
    endloop
  endfacet
  facet normal -0.0292876 0.447022 0.894044
    outer loop
      vertex 210.5 61.7 4
      vertex 209.978 59.6658 5
      vertex 210.5 59.7 5
    endloop
  endfacet
  facet normal -0.439366 -0.0873252 0.894054
    outer loop
      vertex 206.534 55.1779 5
      vertex 204.704 54.1471 4
      vertex 206.636 54.6647 5
    endloop
  endfacet
  facet normal -0.336732 -0.295304 0.894095
    outer loop
      vertex 207.327 53.265 5
      vertex 206.257 51.4574 4
      vertex 207.672 52.8716 5
    endloop
  endfacet
  facet normal 0.295475 -0.336584 0.894095
    outer loop
      vertex 213.328 52.8716 5
      vertex 212.935 52.5266 5
      vertex 214.743 51.4574 4
    endloop
  endfacet
  facet normal -0.0874398 0.43934 0.894055
    outer loop
      vertex 209.978 59.6658 5
      vertex 208.947 61.4956 4
      vertex 209.465 59.5637 5
    endloop
  endfacet
  facet normal -0.447024 0.0291091 0.894048
    outer loop
      vertex 204.551 56.4832 4
      vertex 204.5 55.7 4
      vertex 206.534 56.2221 5
    endloop
  endfacet
  facet normal 0.295475 0.336584 0.894095
    outer loop
      vertex 214.743 59.9426 4
      vertex 212.935 58.8734 5
      vertex 213.328 58.5284 5
    endloop
  endfacet
  facet normal -0.424079 -0.144365 0.894044
    outer loop
      vertex 206.636 54.6647 5
      vertex 204.704 54.1471 4
      vertex 204.957 53.4039 4
    endloop
  endfacet
  facet normal -0.295475 -0.336584 0.894095
    outer loop
      vertex 207.672 52.8716 5
      vertex 206.257 51.4574 4
      vertex 208.065 52.5266 5
    endloop
  endfacet
  facet normal 0.0292876 -0.447022 0.894044
    outer loop
      vertex 211.022 51.7342 5
      vertex 210.5 49.7 4
      vertex 211.283 49.7513 4
    endloop
  endfacet
  facet normal 0.144034 -0.424166 0.894057
    outer loop
      vertex 212.796 50.1567 4
      vertex 211.535 51.8363 5
      vertex 212.053 49.9044 4
    endloop
  endfacet
  facet normal 0.248907 -0.372461 0.894046
    outer loop
      vertex 212.935 52.5266 5
      vertex 212.5 52.2359 5
      vertex 213.5 50.5038 4
    endloop
  endfacet
  facet normal 0.424377 -0.143915 0.893976
    outer loop
      vertex 214.364 54.6647 5
      vertex 214.196 54.1693 5
      vertex 216.043 53.4039 4
    endloop
  endfacet
  facet normal 0.424079 -0.144365 0.894044
    outer loop
      vertex 216.296 54.1471 4
      vertex 214.364 54.6647 5
      vertex 216.043 53.4039 4
    endloop
  endfacet
  facet normal 0.439366 -0.0873252 0.894054
    outer loop
      vertex 214.466 55.1779 5
      vertex 214.364 54.6647 5
      vertex 216.296 54.1471 4
    endloop
  endfacet
  facet normal 0.439361 -0.0873355 0.894055
    outer loop
      vertex 216.449 54.9168 4
      vertex 214.466 55.1779 5
      vertex 216.296 54.1471 4
    endloop
  endfacet
  facet normal 0.424079 0.144365 0.894044
    outer loop
      vertex 216.043 57.9961 4
      vertex 214.364 56.7353 5
      vertex 216.296 57.2529 4
    endloop
  endfacet
  facet normal 0.439361 0.0873355 0.894055
    outer loop
      vertex 216.296 57.2529 4
      vertex 214.466 56.2221 5
      vertex 216.449 56.4832 4
    endloop
  endfacet
  facet normal -0.439366 0.0873252 0.894054
    outer loop
      vertex 206.636 56.7353 5
      vertex 204.704 57.2529 4
      vertex 206.534 56.2221 5
    endloop
  endfacet
  facet normal -0.143876 0.424271 0.894032
    outer loop
      vertex 209.465 59.5637 5
      vertex 208.204 61.2433 4
      vertex 208.969 59.3955 5
    endloop
  endfacet
  facet normal 0.372364 0.249099 0.894033
    outer loop
      vertex 215.696 58.7 4
      vertex 213.673 58.135 5
      vertex 213.964 57.7 5
    endloop
  endfacet
  facet normal 0.336732 0.295304 0.894095
    outer loop
      vertex 214.743 59.9426 4
      vertex 213.328 58.5284 5
      vertex 213.673 58.135 5
    endloop
  endfacet
  facet normal 0.1981 0.401793 0.894046
    outer loop
      vertex 212.796 61.2433 4
      vertex 212.5 59.1641 5
      vertex 213.5 60.8962 4
    endloop
  endfacet
  facet normal 0.198228 0.401767 0.89403
    outer loop
      vertex 212.5 59.1641 5
      vertex 212.796 61.2433 4
      vertex 212.031 59.3955 5
    endloop
  endfacet
  facet normal 0.0292876 0.447022 0.894044
    outer loop
      vertex 211.283 61.6487 4
      vertex 210.5 61.7 4
      vertex 211.022 59.6658 5
    endloop
  endfacet
  facet normal 0.143876 0.424271 0.894032
    outer loop
      vertex 212.796 61.2433 4
      vertex 211.535 59.5637 5
      vertex 212.031 59.3955 5
    endloop
  endfacet
  facet normal -0.439361 -0.0873355 0.894055
    outer loop
      vertex 206.534 55.1779 5
      vertex 204.551 54.9168 4
      vertex 204.704 54.1471 4
    endloop
  endfacet
  facet normal -0.447024 -0.0291091 0.894048
    outer loop
      vertex 206.534 55.1779 5
      vertex 204.5 55.7 4
      vertex 204.551 54.9168 4
    endloop
  endfacet
  facet normal -0.143876 -0.424271 0.894032
    outer loop
      vertex 208.969 52.0045 5
      vertex 208.204 50.1567 4
      vertex 209.465 51.8363 5
    endloop
  endfacet
  facet normal -0.401576 -0.198521 0.89405
    outer loop
      vertex 206.804 54.1693 5
      vertex 205.304 52.7 4
      vertex 207.036 53.7 5
    endloop
  endfacet
  facet normal -0.401914 -0.198131 0.893985
    outer loop
      vertex 205.304 52.7 4
      vertex 206.804 54.1693 5
      vertex 204.957 53.4039 4
    endloop
  endfacet
  facet normal 0.087362 -0.439378 0.894044
    outer loop
      vertex 212.053 49.9044 4
      vertex 211.022 51.7342 5
      vertex 211.283 49.7513 4
    endloop
  endfacet
  facet normal 0.0874398 -0.43934 0.894055
    outer loop
      vertex 211.535 51.8363 5
      vertex 211.022 51.7342 5
      vertex 212.053 49.9044 4
    endloop
  endfacet
  facet normal 0.1981 -0.401793 0.894046
    outer loop
      vertex 212.5 52.2359 5
      vertex 212.796 50.1567 4
      vertex 213.5 50.5038 4
    endloop
  endfacet
  facet normal 0.198228 -0.401767 0.89403
    outer loop
      vertex 212.796 50.1567 4
      vertex 212.5 52.2359 5
      vertex 212.031 52.0045 5
    endloop
  endfacet
  facet normal 0.0292876 -0.447022 0.894044
    outer loop
      vertex 210.5 51.7 5
      vertex 210.5 49.7 4
      vertex 211.022 51.7342 5
    endloop
  endfacet
  facet normal 0.336884 -0.295202 0.894072
    outer loop
      vertex 215.26 52.0474 4
      vertex 213.673 53.265 5
      vertex 214.743 51.4574 4
    endloop
  endfacet
  facet normal 0.372364 -0.249099 0.894033
    outer loop
      vertex 213.964 53.7 5
      vertex 213.673 53.265 5
      vertex 215.696 52.7 4
    endloop
  endfacet
  facet normal 0.372455 -0.248836 0.894068
    outer loop
      vertex 215.696 52.7 4
      vertex 213.673 53.265 5
      vertex 215.26 52.0474 4
    endloop
  endfacet
  facet normal 0.447024 -0.0291091 0.894048
    outer loop
      vertex 216.5 55.7 4
      vertex 214.466 55.1779 5
      vertex 216.449 54.9168 4
    endloop
  endfacet
  facet normal 0.447024 -0.0291109 0.894048
    outer loop
      vertex 214.5 55.7 5
      vertex 214.466 55.1779 5
      vertex 216.5 55.7 4
    endloop
  endfacet
  facet normal -0.447024 0.0291109 0.894048
    outer loop
      vertex 206.534 56.2221 5
      vertex 204.5 55.7 4
      vertex 206.5 55.7 5
    endloop
  endfacet
  facet normal -0.401576 0.198521 0.89405
    outer loop
      vertex 205.304 58.7 4
      vertex 206.804 57.2307 5
      vertex 207.036 57.7 5
    endloop
  endfacet
  facet normal -0.401914 0.198131 0.893985
    outer loop
      vertex 206.804 57.2307 5
      vertex 205.304 58.7 4
      vertex 204.957 57.9961 4
    endloop
  endfacet
  facet normal -0.336732 0.295304 0.894095
    outer loop
      vertex 207.672 58.5284 5
      vertex 206.257 59.9426 4
      vertex 207.327 58.135 5
    endloop
  endfacet
  facet normal -0.295366 0.336746 0.89407
    outer loop
      vertex 206.847 60.4601 4
      vertex 206.257 59.9426 4
      vertex 208.065 58.8734 5
    endloop
  endfacet
  facet normal -0.336884 0.295202 0.894072
    outer loop
      vertex 206.257 59.9426 4
      vertex 205.74 59.3526 4
      vertex 207.327 58.135 5
    endloop
  endfacet
  facet normal -0.372455 0.248836 0.894068
    outer loop
      vertex 205.74 59.3526 4
      vertex 205.304 58.7 4
      vertex 207.327 58.135 5
    endloop
  endfacet
  facet normal -0.087362 0.439378 0.894044
    outer loop
      vertex 209.717 61.6487 4
      vertex 208.947 61.4956 4
      vertex 209.978 59.6658 5
    endloop
  endfacet
  facet normal -0.0292876 0.447022 0.894044
    outer loop
      vertex 210.5 61.7 4
      vertex 209.717 61.6487 4
      vertex 209.978 59.6658 5
    endloop
  endfacet
  facet normal 0.424377 0.143915 0.893976
    outer loop
      vertex 216.043 57.9961 4
      vertex 214.196 57.2307 5
      vertex 214.364 56.7353 5
    endloop
  endfacet
  facet normal 0.372455 0.248836 0.894068
    outer loop
      vertex 215.26 59.3526 4
      vertex 213.673 58.135 5
      vertex 215.696 58.7 4
    endloop
  endfacet
  facet normal 0.336884 0.295202 0.894072
    outer loop
      vertex 214.743 59.9426 4
      vertex 213.673 58.135 5
      vertex 215.26 59.3526 4
    endloop
  endfacet
  facet normal 0.0292876 0.447022 0.894044
    outer loop
      vertex 210.5 61.7 4
      vertex 210.5 59.7 5
      vertex 211.022 59.6658 5
    endloop
  endfacet
  facet normal 0.144034 0.424166 0.894057
    outer loop
      vertex 212.053 61.4956 4
      vertex 211.535 59.5637 5
      vertex 212.796 61.2433 4
    endloop
  endfacet
  facet normal 0.248775 0.372506 0.894064
    outer loop
      vertex 213.5 60.8962 4
      vertex 212.935 58.8734 5
      vertex 214.153 60.4601 4
    endloop
  endfacet
  facet normal 0.295366 0.336746 0.89407
    outer loop
      vertex 214.153 60.4601 4
      vertex 212.935 58.8734 5
      vertex 214.743 59.9426 4
    endloop
  endfacet
  facet normal -0.144034 -0.424166 0.894057
    outer loop
      vertex 209.465 51.8363 5
      vertex 208.204 50.1567 4
      vertex 208.947 49.9044 4
    endloop
  endfacet
  facet normal -0.0874398 -0.43934 0.894055
    outer loop
      vertex 209.465 51.8363 5
      vertex 208.947 49.9044 4
      vertex 209.978 51.7342 5
    endloop
  endfacet
  facet normal -0.248907 -0.372461 0.894046
    outer loop
      vertex 208.065 52.5266 5
      vertex 207.5 50.5038 4
      vertex 208.5 52.2359 5
    endloop
  endfacet
  facet normal -0.198228 -0.401767 0.89403
    outer loop
      vertex 208.5 52.2359 5
      vertex 208.204 50.1567 4
      vertex 208.969 52.0045 5
    endloop
  endfacet
  facet normal -0.1981 -0.401793 0.894046
    outer loop
      vertex 208.204 50.1567 4
      vertex 208.5 52.2359 5
      vertex 207.5 50.5038 4
    endloop
  endfacet
  facet normal -0.248775 -0.372506 0.894064
    outer loop
      vertex 208.065 52.5266 5
      vertex 206.847 50.9399 4
      vertex 207.5 50.5038 4
    endloop
  endfacet
  facet normal -0.295366 -0.336746 0.89407
    outer loop
      vertex 208.065 52.5266 5
      vertex 206.257 51.4574 4
      vertex 206.847 50.9399 4
    endloop
  endfacet
  facet normal -0.424377 -0.143915 0.893976
    outer loop
      vertex 206.636 54.6647 5
      vertex 204.957 53.4039 4
      vertex 206.804 54.1693 5
    endloop
  endfacet
  facet normal -0.372364 -0.249099 0.894033
    outer loop
      vertex 207.036 53.7 5
      vertex 205.304 52.7 4
      vertex 207.327 53.265 5
    endloop
  endfacet
  facet normal 0.143876 -0.424271 0.894032
    outer loop
      vertex 212.031 52.0045 5
      vertex 211.535 51.8363 5
      vertex 212.796 50.1567 4
    endloop
  endfacet
  facet normal 0.401914 -0.198131 0.893985
    outer loop
      vertex 214.196 54.1693 5
      vertex 215.696 52.7 4
      vertex 216.043 53.4039 4
    endloop
  endfacet
  facet normal 0.401576 -0.198521 0.89405
    outer loop
      vertex 215.696 52.7 4
      vertex 214.196 54.1693 5
      vertex 213.964 53.7 5
    endloop
  endfacet
  facet normal 0.336732 -0.295304 0.894095
    outer loop
      vertex 213.673 53.265 5
      vertex 213.328 52.8716 5
      vertex 214.743 51.4574 4
    endloop
  endfacet
  facet normal -0.439361 0.0873355 0.894055
    outer loop
      vertex 204.704 57.2529 4
      vertex 204.551 56.4832 4
      vertex 206.534 56.2221 5
    endloop
  endfacet
  facet normal -0.424377 0.143915 0.893976
    outer loop
      vertex 206.804 57.2307 5
      vertex 204.957 57.9961 4
      vertex 206.636 56.7353 5
    endloop
  endfacet
  facet normal -0.424079 0.144365 0.894044
    outer loop
      vertex 204.957 57.9961 4
      vertex 204.704 57.2529 4
      vertex 206.636 56.7353 5
    endloop
  endfacet
  facet normal -0.144034 0.424166 0.894057
    outer loop
      vertex 208.947 61.4956 4
      vertex 208.204 61.2433 4
      vertex 209.465 59.5637 5
    endloop
  endfacet
  facet normal -0.198228 0.401767 0.89403
    outer loop
      vertex 208.204 61.2433 4
      vertex 208.5 59.1641 5
      vertex 208.969 59.3955 5
    endloop
  endfacet
  facet normal -0.1981 0.401793 0.894046
    outer loop
      vertex 208.5 59.1641 5
      vertex 208.204 61.2433 4
      vertex 207.5 60.8962 4
    endloop
  endfacet
  facet normal -0.248907 0.372461 0.894046
    outer loop
      vertex 208.5 59.1641 5
      vertex 207.5 60.8962 4
      vertex 208.065 58.8734 5
    endloop
  endfacet
  facet normal -0.248775 0.372506 0.894064
    outer loop
      vertex 207.5 60.8962 4
      vertex 206.847 60.4601 4
      vertex 208.065 58.8734 5
    endloop
  endfacet
  facet normal -0.372364 0.249099 0.894033
    outer loop
      vertex 207.327 58.135 5
      vertex 205.304 58.7 4
      vertex 207.036 57.7 5
    endloop
  endfacet
  facet normal -0.295475 0.336584 0.894095
    outer loop
      vertex 208.065 58.8734 5
      vertex 206.257 59.9426 4
      vertex 207.672 58.5284 5
    endloop
  endfacet
  facet normal 0.248907 0.372461 0.894046
    outer loop
      vertex 213.5 60.8962 4
      vertex 212.5 59.1641 5
      vertex 212.935 58.8734 5
    endloop
  endfacet
  facet normal 0.087362 0.439378 0.894044
    outer loop
      vertex 211.283 61.6487 4
      vertex 211.022 59.6658 5
      vertex 212.053 61.4956 4
    endloop
  endfacet
  facet normal 0.0874398 0.43934 0.894055
    outer loop
      vertex 212.053 61.4956 4
      vertex 211.022 59.6658 5
      vertex 211.535 59.5637 5
    endloop
  endfacet
  facet normal -0.087362 -0.439378 0.894044
    outer loop
      vertex 209.978 51.7342 5
      vertex 208.947 49.9044 4
      vertex 209.717 49.7513 4
    endloop
  endfacet
  facet normal -0.0292876 -0.447022 0.894044
    outer loop
      vertex 209.978 51.7342 5
      vertex 209.717 49.7513 4
      vertex 210.5 49.7 4
    endloop
  endfacet
  facet normal -0.372455 -0.248836 0.894068
    outer loop
      vertex 207.327 53.265 5
      vertex 205.304 52.7 4
      vertex 205.74 52.0474 4
    endloop
  endfacet
  facet normal -0.336884 -0.295202 0.894072
    outer loop
      vertex 207.327 53.265 5
      vertex 205.74 52.0474 4
      vertex 206.257 51.4574 4
    endloop
  endfacet
  facet normal 0.248775 -0.372506 0.894064
    outer loop
      vertex 214.153 50.9399 4
      vertex 212.935 52.5266 5
      vertex 213.5 50.5038 4
    endloop
  endfacet
  facet normal 0.295366 -0.336746 0.89407
    outer loop
      vertex 214.743 51.4574 4
      vertex 212.935 52.5266 5
      vertex 214.153 50.9399 4
    endloop
  endfacet
  facet normal 0.555626 0.831432 -0
    outer loop
      vertex 212.935 58.8734 5
      vertex 212.5 59.1641 13
      vertex 212.935 58.8734 13
    endloop
  endfacet
  facet normal 0.555626 0.831432 0
    outer loop
      vertex 212.5 59.1641 13
      vertex 212.935 58.8734 5
      vertex 212.5 59.1641 5
    endloop
  endfacet
  facet normal -0.32115 0.947028 0
    outer loop
      vertex 209.465 59.5637 5
      vertex 208.969 59.3955 13
      vertex 209.465 59.5637 13
    endloop
  endfacet
  facet normal -0.32115 0.947028 0
    outer loop
      vertex 208.969 59.3955 13
      vertex 209.465 59.5637 5
      vertex 208.969 59.3955 5
    endloop
  endfacet
  facet normal -0.896443 0.443159 0
    outer loop
      vertex 206.804 57.2307 5
      vertex 207.036 57.7 13
      vertex 207.036 57.7 5
    endloop
  endfacet
  facet normal -0.896443 0.443159 0
    outer loop
      vertex 207.036 57.7 13
      vertex 206.804 57.2307 5
      vertex 206.804 57.2307 13
    endloop
  endfacet
  facet normal -0.896443 -0.443159 0
    outer loop
      vertex 207.036 53.7 5
      vertex 206.804 54.1693 13
      vertex 206.804 54.1693 5
    endloop
  endfacet
  facet normal -0.896443 -0.443159 0
    outer loop
      vertex 206.804 54.1693 13
      vertex 207.036 53.7 5
      vertex 207.036 53.7 13
    endloop
  endfacet
  facet normal 0.947026 0.321156 0
    outer loop
      vertex 214.364 56.7353 13
      vertex 214.196 57.2307 5
      vertex 214.196 57.2307 13
    endloop
  endfacet
  facet normal 0.947026 0.321156 0
    outer loop
      vertex 214.196 57.2307 5
      vertex 214.364 56.7353 13
      vertex 214.364 56.7353 5
    endloop
  endfacet
  facet normal 0.896443 0.443159 0
    outer loop
      vertex 214.196 57.2307 13
      vertex 213.964 57.7 5
      vertex 213.964 57.7 13
    endloop
  endfacet
  facet normal 0.896443 0.443159 0
    outer loop
      vertex 213.964 57.7 5
      vertex 214.196 57.2307 13
      vertex 214.196 57.2307 5
    endloop
  endfacet
  facet normal 0.831167 0.556022 0
    outer loop
      vertex 213.964 57.7 13
      vertex 213.673 58.135 5
      vertex 213.673 58.135 13
    endloop
  endfacet
  facet normal 0.831167 0.556022 0
    outer loop
      vertex 213.673 58.135 5
      vertex 213.964 57.7 13
      vertex 213.964 57.7 5
    endloop
  endfacet
  facet normal 0.751842 0.659343 0
    outer loop
      vertex 213.673 58.135 13
      vertex 213.328 58.5284 5
      vertex 213.328 58.5284 13
    endloop
  endfacet
  facet normal 0.751842 0.659343 0
    outer loop
      vertex 213.328 58.5284 5
      vertex 213.673 58.135 13
      vertex 213.673 58.135 5
    endloop
  endfacet
  facet normal 0.442465 0.896786 -0
    outer loop
      vertex 212.5 59.1641 5
      vertex 212.031 59.3955 13
      vertex 212.5 59.1641 13
    endloop
  endfacet
  facet normal 0.442465 0.896786 0
    outer loop
      vertex 212.031 59.3955 13
      vertex 212.5 59.1641 5
      vertex 212.031 59.3955 5
    endloop
  endfacet
  facet normal 0.0653771 0.997861 -0
    outer loop
      vertex 211.022 59.6658 5
      vertex 210.5 59.7 13
      vertex 211.022 59.6658 13
    endloop
  endfacet
  facet normal 0.0653771 0.997861 0
    outer loop
      vertex 210.5 59.7 13
      vertex 211.022 59.6658 5
      vertex 210.5 59.7 5
    endloop
  endfacet
  facet normal 0.195197 0.980764 -0
    outer loop
      vertex 211.535 59.5637 5
      vertex 211.022 59.6658 13
      vertex 211.535 59.5637 13
    endloop
  endfacet
  facet normal 0.195197 0.980764 0
    outer loop
      vertex 211.022 59.6658 13
      vertex 211.535 59.5637 5
      vertex 211.022 59.6658 5
    endloop
  endfacet
  facet normal -0.997886 0.064984 0
    outer loop
      vertex 206.5 55.7 5
      vertex 206.534 56.2221 13
      vertex 206.534 56.2221 5
    endloop
  endfacet
  facet normal -0.997886 0.064984 0
    outer loop
      vertex 206.534 56.2221 13
      vertex 206.5 55.7 5
      vertex 206.5 55.7 13
    endloop
  endfacet
  facet normal -0.980815 0.19494 0
    outer loop
      vertex 206.534 56.2221 5
      vertex 206.636 56.7353 13
      vertex 206.636 56.7353 5
    endloop
  endfacet
  facet normal -0.980815 0.19494 0
    outer loop
      vertex 206.636 56.7353 13
      vertex 206.534 56.2221 5
      vertex 206.534 56.2221 13
    endloop
  endfacet
  facet normal -0.751842 0.659343 0
    outer loop
      vertex 207.327 58.135 5
      vertex 207.672 58.5284 13
      vertex 207.672 58.5284 5
    endloop
  endfacet
  facet normal -0.751842 0.659343 0
    outer loop
      vertex 207.672 58.5284 13
      vertex 207.327 58.135 5
      vertex 207.327 58.135 13
    endloop
  endfacet
  facet normal -0.0653771 0.997861 0
    outer loop
      vertex 210.5 59.7 5
      vertex 209.978 59.6658 13
      vertex 210.5 59.7 13
    endloop
  endfacet
  facet normal -0.0653771 0.997861 0
    outer loop
      vertex 209.978 59.6658 13
      vertex 210.5 59.7 5
      vertex 209.978 59.6658 5
    endloop
  endfacet
  facet normal -0.659722 0.75151 0
    outer loop
      vertex 208.065 58.8734 5
      vertex 207.672 58.5284 13
      vertex 208.065 58.8734 13
    endloop
  endfacet
  facet normal -0.659722 0.75151 0
    outer loop
      vertex 207.672 58.5284 13
      vertex 208.065 58.8734 5
      vertex 207.672 58.5284 5
    endloop
  endfacet
  facet normal 0.997886 0.064984 0
    outer loop
      vertex 214.5 55.7 13
      vertex 214.466 56.2221 5
      vertex 214.466 56.2221 13
    endloop
  endfacet
  facet normal 0.997886 0.064984 0
    outer loop
      vertex 214.466 56.2221 5
      vertex 214.5 55.7 13
      vertex 214.5 55.7 5
    endloop
  endfacet
  facet normal 0.831167 -0.556022 0
    outer loop
      vertex 213.673 53.265 13
      vertex 213.964 53.7 5
      vertex 213.964 53.7 13
    endloop
  endfacet
  facet normal 0.831167 -0.556022 0
    outer loop
      vertex 213.964 53.7 5
      vertex 213.673 53.265 13
      vertex 213.673 53.265 5
    endloop
  endfacet
  facet normal 0.32115 -0.947028 0
    outer loop
      vertex 211.535 51.8363 5
      vertex 212.031 52.0045 13
      vertex 211.535 51.8363 13
    endloop
  endfacet
  facet normal 0.32115 -0.947028 0
    outer loop
      vertex 212.031 52.0045 13
      vertex 211.535 51.8363 5
      vertex 212.031 52.0045 5
    endloop
  endfacet
  facet normal 0.751842 -0.659343 0
    outer loop
      vertex 213.328 52.8716 13
      vertex 213.673 53.265 5
      vertex 213.673 53.265 13
    endloop
  endfacet
  facet normal 0.751842 -0.659343 0
    outer loop
      vertex 213.673 53.265 5
      vertex 213.328 52.8716 13
      vertex 213.328 52.8716 5
    endloop
  endfacet
  facet normal 0.555626 -0.831432 0
    outer loop
      vertex 212.5 52.2359 5
      vertex 212.935 52.5266 13
      vertex 212.5 52.2359 13
    endloop
  endfacet
  facet normal 0.555626 -0.831432 0
    outer loop
      vertex 212.935 52.5266 13
      vertex 212.5 52.2359 5
      vertex 212.935 52.5266 5
    endloop
  endfacet
  facet normal -0.555626 -0.831432 0
    outer loop
      vertex 208.065 52.5266 5
      vertex 208.5 52.2359 13
      vertex 208.065 52.5266 13
    endloop
  endfacet
  facet normal -0.555626 -0.831432 -0
    outer loop
      vertex 208.5 52.2359 13
      vertex 208.065 52.5266 5
      vertex 208.5 52.2359 5
    endloop
  endfacet
  facet normal -0.659722 -0.75151 0
    outer loop
      vertex 207.672 52.8716 5
      vertex 208.065 52.5266 13
      vertex 207.672 52.8716 13
    endloop
  endfacet
  facet normal -0.659722 -0.75151 -0
    outer loop
      vertex 208.065 52.5266 13
      vertex 207.672 52.8716 5
      vertex 208.065 52.5266 5
    endloop
  endfacet
  facet normal -0.997886 -0.064984 0
    outer loop
      vertex 206.534 55.1779 5
      vertex 206.5 55.7 13
      vertex 206.5 55.7 5
    endloop
  endfacet
  facet normal -0.997886 -0.064984 0
    outer loop
      vertex 206.5 55.7 13
      vertex 206.534 55.1779 5
      vertex 206.534 55.1779 13
    endloop
  endfacet
  facet normal 0.980815 0.19494 0
    outer loop
      vertex 214.466 56.2221 13
      vertex 214.364 56.7353 5
      vertex 214.364 56.7353 13
    endloop
  endfacet
  facet normal 0.980815 0.19494 0
    outer loop
      vertex 214.364 56.7353 5
      vertex 214.466 56.2221 13
      vertex 214.466 56.2221 5
    endloop
  endfacet
  facet normal 0.659722 0.75151 -0
    outer loop
      vertex 213.328 58.5284 5
      vertex 212.935 58.8734 13
      vertex 213.328 58.5284 13
    endloop
  endfacet
  facet normal 0.659722 0.75151 0
    outer loop
      vertex 212.935 58.8734 13
      vertex 213.328 58.5284 5
      vertex 212.935 58.8734 5
    endloop
  endfacet
  facet normal 0.32115 0.947028 -0
    outer loop
      vertex 212.031 59.3955 5
      vertex 211.535 59.5637 13
      vertex 212.031 59.3955 13
    endloop
  endfacet
  facet normal 0.32115 0.947028 0
    outer loop
      vertex 211.535 59.5637 13
      vertex 212.031 59.3955 5
      vertex 211.535 59.5637 5
    endloop
  endfacet
  facet normal 0 0 1
    outer loop
      vertex 211.9 55.7 13
      vertex 214.5 55.7 13
      vertex 214.466 56.2221 13
    endloop
  endfacet
  facet normal 0 0 1
    outer loop
      vertex 211.888 55.8827 13
      vertex 214.466 56.2221 13
      vertex 214.364 56.7353 13
    endloop
  endfacet
  facet normal 0 0 1
    outer loop
      vertex 214.5 55.7 13
      vertex 211.9 55.7 13
      vertex 214.466 55.1779 13
    endloop
  endfacet
  facet normal 0 0 1
    outer loop
      vertex 211.852 56.0623 13
      vertex 214.364 56.7353 13
      vertex 214.196 57.2307 13
    endloop
  endfacet
  facet normal -0 0 1
    outer loop
      vertex 211.888 55.5173 13
      vertex 214.466 55.1779 13
      vertex 211.9 55.7 13
    endloop
  endfacet
  facet normal 0 0 1
    outer loop
      vertex 211.793 56.2358 13
      vertex 214.196 57.2307 13
      vertex 213.964 57.7 13
    endloop
  endfacet
  facet normal 0 0 1
    outer loop
      vertex 214.466 55.1779 13
      vertex 211.888 55.5173 13
      vertex 214.364 54.6647 13
    endloop
  endfacet
  facet normal 0 0 1
    outer loop
      vertex 211.712 56.4 13
      vertex 213.964 57.7 13
      vertex 213.673 58.135 13
    endloop
  endfacet
  facet normal -0 0 1
    outer loop
      vertex 211.852 55.3377 13
      vertex 214.364 54.6647 13
      vertex 211.888 55.5173 13
    endloop
  endfacet
  facet normal 0 0 1
    outer loop
      vertex 211.611 56.5523 13
      vertex 213.673 58.135 13
      vertex 213.328 58.5284 13
    endloop
  endfacet
  facet normal 0 0 1
    outer loop
      vertex 214.364 54.6647 13
      vertex 211.852 55.3377 13
      vertex 214.196 54.1693 13
    endloop
  endfacet
  facet normal 0 0 1
    outer loop
      vertex 211.49 56.6899 13
      vertex 213.328 58.5284 13
      vertex 212.935 58.8734 13
    endloop
  endfacet
  facet normal -0 0 1
    outer loop
      vertex 211.793 55.1642 13
      vertex 214.196 54.1693 13
      vertex 211.852 55.3377 13
    endloop
  endfacet
  facet normal 0 0 1
    outer loop
      vertex 211.352 56.8107 13
      vertex 212.935 58.8734 13
      vertex 212.5 59.1641 13
    endloop
  endfacet
  facet normal 0 0 1
    outer loop
      vertex 214.196 54.1693 13
      vertex 211.793 55.1642 13
      vertex 213.964 53.7 13
    endloop
  endfacet
  facet normal 0 0 1
    outer loop
      vertex 211.2 56.9124 13
      vertex 212.5 59.1641 13
      vertex 212.031 59.3955 13
    endloop
  endfacet
  facet normal -0 0 1
    outer loop
      vertex 211.712 55 13
      vertex 213.964 53.7 13
      vertex 211.793 55.1642 13
    endloop
  endfacet
  facet normal 0 0 1
    outer loop
      vertex 213.964 53.7 13
      vertex 211.712 55 13
      vertex 213.673 53.265 13
    endloop
  endfacet
  facet normal 0 0 1
    outer loop
      vertex 214.466 56.2221 13
      vertex 211.888 55.8827 13
      vertex 211.9 55.7 13
    endloop
  endfacet
  facet normal 0 0 1
    outer loop
      vertex 214.364 56.7353 13
      vertex 211.852 56.0623 13
      vertex 211.888 55.8827 13
    endloop
  endfacet
  facet normal 0 0 1
    outer loop
      vertex 214.196 57.2307 13
      vertex 211.793 56.2358 13
      vertex 211.852 56.0623 13
    endloop
  endfacet
  facet normal 0 0 1
    outer loop
      vertex 213.964 57.7 13
      vertex 211.712 56.4 13
      vertex 211.793 56.2358 13
    endloop
  endfacet
  facet normal 0 0 1
    outer loop
      vertex 213.673 58.135 13
      vertex 211.611 56.5523 13
      vertex 211.712 56.4 13
    endloop
  endfacet
  facet normal 0 0 1
    outer loop
      vertex 211.036 56.9934 13
      vertex 212.031 59.3955 13
      vertex 211.535 59.5637 13
    endloop
  endfacet
  facet normal 0 0 1
    outer loop
      vertex 213.328 58.5284 13
      vertex 211.49 56.6899 13
      vertex 211.611 56.5523 13
    endloop
  endfacet
  facet normal 0 0 1
    outer loop
      vertex 212.935 58.8734 13
      vertex 211.352 56.8107 13
      vertex 211.49 56.6899 13
    endloop
  endfacet
  facet normal 0 0 1
    outer loop
      vertex 212.5 59.1641 13
      vertex 211.2 56.9124 13
      vertex 211.352 56.8107 13
    endloop
  endfacet
  facet normal 0 0 1
    outer loop
      vertex 212.031 59.3955 13
      vertex 211.036 56.9934 13
      vertex 211.2 56.9124 13
    endloop
  endfacet
  facet normal 0 0 1
    outer loop
      vertex 210.862 57.0523 13
      vertex 211.535 59.5637 13
      vertex 211.022 59.6658 13
    endloop
  endfacet
  facet normal 0 0 1
    outer loop
      vertex 211.535 59.5637 13
      vertex 210.862 57.0523 13
      vertex 211.036 56.9934 13
    endloop
  endfacet
  facet normal 0 0 1
    outer loop
      vertex 211.022 59.6658 13
      vertex 210.683 57.088 13
      vertex 210.862 57.0523 13
    endloop
  endfacet
  facet normal 0 0 1
    outer loop
      vertex 210.5 59.7 13
      vertex 210.683 57.088 13
      vertex 211.022 59.6658 13
    endloop
  endfacet
  facet normal 0 0 1
    outer loop
      vertex 210.5 59.7 13
      vertex 210.5 57.1 13
      vertex 210.683 57.088 13
    endloop
  endfacet
  facet normal 0 0 1
    outer loop
      vertex 210.5 59.7 13
      vertex 210.317 57.088 13
      vertex 210.5 57.1 13
    endloop
  endfacet
  facet normal -0 0 1
    outer loop
      vertex 209.978 59.6658 13
      vertex 210.317 57.088 13
      vertex 210.5 59.7 13
    endloop
  endfacet
  facet normal 0 0 1
    outer loop
      vertex 210.317 57.088 13
      vertex 209.978 59.6658 13
      vertex 210.138 57.0523 13
    endloop
  endfacet
  facet normal -0 0 1
    outer loop
      vertex 209.465 59.5637 13
      vertex 210.138 57.0523 13
      vertex 209.978 59.6658 13
    endloop
  endfacet
  facet normal 0 0 1
    outer loop
      vertex 210.138 57.0523 13
      vertex 209.465 59.5637 13
      vertex 209.964 56.9934 13
    endloop
  endfacet
  facet normal -0 0 1
    outer loop
      vertex 208.969 59.3955 13
      vertex 209.964 56.9934 13
      vertex 209.465 59.5637 13
    endloop
  endfacet
  facet normal 0 0 1
    outer loop
      vertex 209.964 56.9934 13
      vertex 208.969 59.3955 13
      vertex 209.8 56.9124 13
    endloop
  endfacet
  facet normal -0 0 1
    outer loop
      vertex 208.5 59.1641 13
      vertex 209.8 56.9124 13
      vertex 208.969 59.3955 13
    endloop
  endfacet
  facet normal 0 0 1
    outer loop
      vertex 209.8 56.9124 13
      vertex 208.5 59.1641 13
      vertex 209.648 56.8107 13
    endloop
  endfacet
  facet normal -0 0 1
    outer loop
      vertex 208.065 58.8734 13
      vertex 209.648 56.8107 13
      vertex 208.5 59.1641 13
    endloop
  endfacet
  facet normal 0 0 1
    outer loop
      vertex 209.648 56.8107 13
      vertex 208.065 58.8734 13
      vertex 209.51 56.6899 13
    endloop
  endfacet
  facet normal -0 0 1
    outer loop
      vertex 207.672 58.5284 13
      vertex 209.51 56.6899 13
      vertex 208.065 58.8734 13
    endloop
  endfacet
  facet normal 0 0 1
    outer loop
      vertex 209.51 56.6899 13
      vertex 207.672 58.5284 13
      vertex 209.389 56.5523 13
    endloop
  endfacet
  facet normal 0 0 1
    outer loop
      vertex 209.389 56.5523 13
      vertex 207.327 58.135 13
      vertex 209.288 56.4 13
    endloop
  endfacet
  facet normal -0 0 1
    outer loop
      vertex 207.327 58.135 13
      vertex 209.389 56.5523 13
      vertex 207.672 58.5284 13
    endloop
  endfacet
  facet normal -0 0 1
    outer loop
      vertex 211.611 54.8477 13
      vertex 213.673 53.265 13
      vertex 211.712 55 13
    endloop
  endfacet
  facet normal 0 0 1
    outer loop
      vertex 213.673 53.265 13
      vertex 211.611 54.8477 13
      vertex 213.328 52.8716 13
    endloop
  endfacet
  facet normal -0 0 1
    outer loop
      vertex 211.49 54.71 13
      vertex 213.328 52.8716 13
      vertex 211.611 54.8477 13
    endloop
  endfacet
  facet normal 0 0 1
    outer loop
      vertex 213.328 52.8716 13
      vertex 211.49 54.71 13
      vertex 212.935 52.5266 13
    endloop
  endfacet
  facet normal -0 0 1
    outer loop
      vertex 211.352 54.5893 13
      vertex 212.935 52.5266 13
      vertex 211.49 54.71 13
    endloop
  endfacet
  facet normal 0 0 1
    outer loop
      vertex 212.935 52.5266 13
      vertex 211.352 54.5893 13
      vertex 212.5 52.2359 13
    endloop
  endfacet
  facet normal -0 0 1
    outer loop
      vertex 211.2 54.4876 13
      vertex 212.5 52.2359 13
      vertex 211.352 54.5893 13
    endloop
  endfacet
  facet normal 0 0 1
    outer loop
      vertex 212.5 52.2359 13
      vertex 211.2 54.4876 13
      vertex 212.031 52.0045 13
    endloop
  endfacet
  facet normal -0 0 1
    outer loop
      vertex 211.036 54.4066 13
      vertex 212.031 52.0045 13
      vertex 211.2 54.4876 13
    endloop
  endfacet
  facet normal 0 0 1
    outer loop
      vertex 212.031 52.0045 13
      vertex 211.036 54.4066 13
      vertex 211.535 51.8363 13
    endloop
  endfacet
  facet normal -0 0 1
    outer loop
      vertex 210.862 54.3477 13
      vertex 211.535 51.8363 13
      vertex 211.036 54.4066 13
    endloop
  endfacet
  facet normal 0 0 1
    outer loop
      vertex 211.535 51.8363 13
      vertex 210.862 54.3477 13
      vertex 211.022 51.7342 13
    endloop
  endfacet
  facet normal -0 0 1
    outer loop
      vertex 210.683 54.312 13
      vertex 211.022 51.7342 13
      vertex 210.862 54.3477 13
    endloop
  endfacet
  facet normal -0 0 1
    outer loop
      vertex 210.5 54.3 13
      vertex 211.022 51.7342 13
      vertex 210.683 54.312 13
    endloop
  endfacet
  facet normal 0 0 1
    outer loop
      vertex 210.5 54.3 13
      vertex 210.5 51.7 13
      vertex 211.022 51.7342 13
    endloop
  endfacet
  facet normal 0 0 1
    outer loop
      vertex 210.317 54.312 13
      vertex 210.5 51.7 13
      vertex 210.5 54.3 13
    endloop
  endfacet
  facet normal 0 0 1
    outer loop
      vertex 209.978 51.7342 13
      vertex 210.317 54.312 13
      vertex 210.138 54.3477 13
    endloop
  endfacet
  facet normal 0 0 1
    outer loop
      vertex 210.317 54.312 13
      vertex 209.978 51.7342 13
      vertex 210.5 51.7 13
    endloop
  endfacet
  facet normal 0 0 1
    outer loop
      vertex 209.465 51.8363 13
      vertex 210.138 54.3477 13
      vertex 209.964 54.4066 13
    endloop
  endfacet
  facet normal 0 0 1
    outer loop
      vertex 208.969 52.0045 13
      vertex 209.964 54.4066 13
      vertex 209.8 54.4876 13
    endloop
  endfacet
  facet normal 0 0 1
    outer loop
      vertex 208.5 52.2359 13
      vertex 209.8 54.4876 13
      vertex 209.648 54.5893 13
    endloop
  endfacet
  facet normal 0 0 1
    outer loop
      vertex 208.065 52.5266 13
      vertex 209.648 54.5893 13
      vertex 209.51 54.71 13
    endloop
  endfacet
  facet normal 0 0 1
    outer loop
      vertex 210.138 54.3477 13
      vertex 209.465 51.8363 13
      vertex 209.978 51.7342 13
    endloop
  endfacet
  facet normal 0 0 1
    outer loop
      vertex 207.672 52.8716 13
      vertex 209.51 54.71 13
      vertex 209.389 54.8477 13
    endloop
  endfacet
  facet normal 0 0 1
    outer loop
      vertex 207.327 53.265 13
      vertex 209.389 54.8477 13
      vertex 209.288 55 13
    endloop
  endfacet
  facet normal 0 0 1
    outer loop
      vertex 207.036 53.7 13
      vertex 209.288 55 13
      vertex 209.207 55.1642 13
    endloop
  endfacet
  facet normal 0 0 1
    outer loop
      vertex 206.804 54.1693 13
      vertex 209.207 55.1642 13
      vertex 209.148 55.3377 13
    endloop
  endfacet
  facet normal 0 0 1
    outer loop
      vertex 206.636 54.6647 13
      vertex 209.148 55.3377 13
      vertex 209.112 55.5173 13
    endloop
  endfacet
  facet normal 0 0 1
    outer loop
      vertex 209.964 54.4066 13
      vertex 208.969 52.0045 13
      vertex 209.465 51.8363 13
    endloop
  endfacet
  facet normal 0 0 1
    outer loop
      vertex 206.534 55.1779 13
      vertex 209.112 55.5173 13
      vertex 209.1 55.7 13
    endloop
  endfacet
  facet normal -0 0 1
    outer loop
      vertex 207.036 57.7 13
      vertex 209.288 56.4 13
      vertex 207.327 58.135 13
    endloop
  endfacet
  facet normal 0 0 1
    outer loop
      vertex 209.288 56.4 13
      vertex 207.036 57.7 13
      vertex 209.207 56.2358 13
    endloop
  endfacet
  facet normal 0 0 1
    outer loop
      vertex 209.8 54.4876 13
      vertex 208.5 52.2359 13
      vertex 208.969 52.0045 13
    endloop
  endfacet
  facet normal -0 0 1
    outer loop
      vertex 206.804 57.2307 13
      vertex 209.207 56.2358 13
      vertex 207.036 57.7 13
    endloop
  endfacet
  facet normal 0 0 1
    outer loop
      vertex 209.648 54.5893 13
      vertex 208.065 52.5266 13
      vertex 208.5 52.2359 13
    endloop
  endfacet
  facet normal 0 0 1
    outer loop
      vertex 209.207 56.2358 13
      vertex 206.804 57.2307 13
      vertex 209.148 56.0623 13
    endloop
  endfacet
  facet normal 0 0 1
    outer loop
      vertex 209.51 54.71 13
      vertex 207.672 52.8716 13
      vertex 208.065 52.5266 13
    endloop
  endfacet
  facet normal -0 0 1
    outer loop
      vertex 206.636 56.7353 13
      vertex 209.148 56.0623 13
      vertex 206.804 57.2307 13
    endloop
  endfacet
  facet normal 0 0 1
    outer loop
      vertex 209.389 54.8477 13
      vertex 207.327 53.265 13
      vertex 207.672 52.8716 13
    endloop
  endfacet
  facet normal 0 0 1
    outer loop
      vertex 209.148 56.0623 13
      vertex 206.636 56.7353 13
      vertex 209.112 55.8827 13
    endloop
  endfacet
  facet normal 0 0 1
    outer loop
      vertex 209.288 55 13
      vertex 207.036 53.7 13
      vertex 207.327 53.265 13
    endloop
  endfacet
  facet normal -0 0 1
    outer loop
      vertex 206.534 56.2221 13
      vertex 209.112 55.8827 13
      vertex 206.636 56.7353 13
    endloop
  endfacet
  facet normal 0 0 1
    outer loop
      vertex 209.207 55.1642 13
      vertex 206.804 54.1693 13
      vertex 207.036 53.7 13
    endloop
  endfacet
  facet normal 0 0 1
    outer loop
      vertex 209.112 55.8827 13
      vertex 206.534 56.2221 13
      vertex 209.1 55.7 13
    endloop
  endfacet
  facet normal 0 0 1
    outer loop
      vertex 209.148 55.3377 13
      vertex 206.636 54.6647 13
      vertex 206.804 54.1693 13
    endloop
  endfacet
  facet normal 0 0 1
    outer loop
      vertex 206.5 55.7 13
      vertex 209.1 55.7 13
      vertex 206.534 56.2221 13
    endloop
  endfacet
  facet normal 0 0 1
    outer loop
      vertex 209.112 55.5173 13
      vertex 206.534 55.1779 13
      vertex 206.636 54.6647 13
    endloop
  endfacet
  facet normal 0 0 1
    outer loop
      vertex 209.1 55.7 13
      vertex 206.5 55.7 13
      vertex 206.534 55.1779 13
    endloop
  endfacet
  facet normal -0.831167 0.556022 0
    outer loop
      vertex 207.036 57.7 5
      vertex 207.327 58.135 13
      vertex 207.327 58.135 5
    endloop
  endfacet
  facet normal -0.831167 0.556022 0
    outer loop
      vertex 207.327 58.135 13
      vertex 207.036 57.7 5
      vertex 207.036 57.7 13
    endloop
  endfacet
  facet normal -0.195197 0.980764 0
    outer loop
      vertex 209.978 59.6658 5
      vertex 209.465 59.5637 13
      vertex 209.978 59.6658 13
    endloop
  endfacet
  facet normal -0.195197 0.980764 0
    outer loop
      vertex 209.465 59.5637 13
      vertex 209.978 59.6658 5
      vertex 209.465 59.5637 5
    endloop
  endfacet
  facet normal -0.442465 0.896786 0
    outer loop
      vertex 208.969 59.3955 5
      vertex 208.5 59.1641 13
      vertex 208.969 59.3955 13
    endloop
  endfacet
  facet normal -0.442465 0.896786 0
    outer loop
      vertex 208.5 59.1641 13
      vertex 208.969 59.3955 5
      vertex 208.5 59.1641 5
    endloop
  endfacet
  facet normal -0.555626 0.831432 0
    outer loop
      vertex 208.5 59.1641 5
      vertex 208.065 58.8734 13
      vertex 208.5 59.1641 13
    endloop
  endfacet
  facet normal -0.555626 0.831432 0
    outer loop
      vertex 208.065 58.8734 13
      vertex 208.5 59.1641 5
      vertex 208.065 58.8734 5
    endloop
  endfacet
  facet normal 0.997886 -0.064984 0
    outer loop
      vertex 214.466 55.1779 13
      vertex 214.5 55.7 5
      vertex 214.5 55.7 13
    endloop
  endfacet
  facet normal 0.997886 -0.064984 0
    outer loop
      vertex 214.5 55.7 5
      vertex 214.466 55.1779 13
      vertex 214.466 55.1779 5
    endloop
  endfacet
  facet normal 0.0653771 -0.997861 0
    outer loop
      vertex 210.5 51.7 5
      vertex 211.022 51.7342 13
      vertex 210.5 51.7 13
    endloop
  endfacet
  facet normal 0.0653771 -0.997861 0
    outer loop
      vertex 211.022 51.7342 13
      vertex 210.5 51.7 5
      vertex 211.022 51.7342 5
    endloop
  endfacet
  facet normal 0.947026 -0.321156 0
    outer loop
      vertex 214.196 54.1693 13
      vertex 214.364 54.6647 5
      vertex 214.364 54.6647 13
    endloop
  endfacet
  facet normal 0.947026 -0.321156 0
    outer loop
      vertex 214.364 54.6647 5
      vertex 214.196 54.1693 13
      vertex 214.196 54.1693 5
    endloop
  endfacet
  facet normal 0.195197 -0.980764 0
    outer loop
      vertex 211.022 51.7342 5
      vertex 211.535 51.8363 13
      vertex 211.022 51.7342 13
    endloop
  endfacet
  facet normal 0.195197 -0.980764 0
    outer loop
      vertex 211.535 51.8363 13
      vertex 211.022 51.7342 5
      vertex 211.535 51.8363 5
    endloop
  endfacet
  facet normal 0.659722 -0.75151 0
    outer loop
      vertex 212.935 52.5266 5
      vertex 213.328 52.8716 13
      vertex 212.935 52.5266 13
    endloop
  endfacet
  facet normal 0.659722 -0.75151 0
    outer loop
      vertex 213.328 52.8716 13
      vertex 212.935 52.5266 5
      vertex 213.328 52.8716 5
    endloop
  endfacet
  facet normal -0.0653771 -0.997861 0
    outer loop
      vertex 209.978 51.7342 5
      vertex 210.5 51.7 13
      vertex 209.978 51.7342 13
    endloop
  endfacet
  facet normal -0.0653771 -0.997861 -0
    outer loop
      vertex 210.5 51.7 13
      vertex 209.978 51.7342 5
      vertex 210.5 51.7 5
    endloop
  endfacet
  facet normal -0.32115 -0.947028 0
    outer loop
      vertex 208.969 52.0045 5
      vertex 209.465 51.8363 13
      vertex 208.969 52.0045 13
    endloop
  endfacet
  facet normal -0.32115 -0.947028 -0
    outer loop
      vertex 209.465 51.8363 13
      vertex 208.969 52.0045 5
      vertex 209.465 51.8363 5
    endloop
  endfacet
  facet normal -0.195197 -0.980764 0
    outer loop
      vertex 209.465 51.8363 5
      vertex 209.978 51.7342 13
      vertex 209.465 51.8363 13
    endloop
  endfacet
  facet normal -0.195197 -0.980764 -0
    outer loop
      vertex 209.978 51.7342 13
      vertex 209.465 51.8363 5
      vertex 209.978 51.7342 5
    endloop
  endfacet
  facet normal -0.442465 -0.896786 0
    outer loop
      vertex 208.5 52.2359 5
      vertex 208.969 52.0045 13
      vertex 208.5 52.2359 13
    endloop
  endfacet
  facet normal -0.442465 -0.896786 -0
    outer loop
      vertex 208.969 52.0045 13
      vertex 208.5 52.2359 5
      vertex 208.969 52.0045 5
    endloop
  endfacet
  facet normal -0.980815 -0.19494 0
    outer loop
      vertex 206.636 54.6647 5
      vertex 206.534 55.1779 13
      vertex 206.534 55.1779 5
    endloop
  endfacet
  facet normal -0.980815 -0.19494 0
    outer loop
      vertex 206.534 55.1779 13
      vertex 206.636 54.6647 5
      vertex 206.636 54.6647 13
    endloop
  endfacet
  facet normal -0.751842 -0.659343 0
    outer loop
      vertex 207.672 52.8716 5
      vertex 207.327 53.265 13
      vertex 207.327 53.265 5
    endloop
  endfacet
  facet normal -0.751842 -0.659343 0
    outer loop
      vertex 207.327 53.265 13
      vertex 207.672 52.8716 5
      vertex 207.672 52.8716 13
    endloop
  endfacet
  facet normal -0.947026 0.321156 0
    outer loop
      vertex 206.636 56.7353 5
      vertex 206.804 57.2307 13
      vertex 206.804 57.2307 5
    endloop
  endfacet
  facet normal -0.947026 0.321156 0
    outer loop
      vertex 206.804 57.2307 13
      vertex 206.636 56.7353 5
      vertex 206.636 56.7353 13
    endloop
  endfacet
  facet normal 0.980815 -0.19494 0
    outer loop
      vertex 214.364 54.6647 13
      vertex 214.466 55.1779 5
      vertex 214.466 55.1779 13
    endloop
  endfacet
  facet normal 0.980815 -0.19494 0
    outer loop
      vertex 214.466 55.1779 5
      vertex 214.364 54.6647 13
      vertex 214.364 54.6647 5
    endloop
  endfacet
  facet normal 0.896443 -0.443159 0
    outer loop
      vertex 213.964 53.7 13
      vertex 214.196 54.1693 5
      vertex 214.196 54.1693 13
    endloop
  endfacet
  facet normal 0.896443 -0.443159 0
    outer loop
      vertex 214.196 54.1693 5
      vertex 213.964 53.7 13
      vertex 213.964 53.7 5
    endloop
  endfacet
  facet normal 0.442465 -0.896786 0
    outer loop
      vertex 212.031 52.0045 5
      vertex 212.5 52.2359 13
      vertex 212.031 52.0045 13
    endloop
  endfacet
  facet normal 0.442465 -0.896786 0
    outer loop
      vertex 212.5 52.2359 13
      vertex 212.031 52.0045 5
      vertex 212.5 52.2359 5
    endloop
  endfacet
  facet normal -0.947026 -0.321156 0
    outer loop
      vertex 206.804 54.1693 5
      vertex 206.636 54.6647 13
      vertex 206.636 54.6647 5
    endloop
  endfacet
  facet normal -0.947026 -0.321156 0
    outer loop
      vertex 206.636 54.6647 13
      vertex 206.804 54.1693 5
      vertex 206.804 54.1693 13
    endloop
  endfacet
  facet normal -0.831167 -0.556022 0
    outer loop
      vertex 207.327 53.265 5
      vertex 207.036 53.7 13
      vertex 207.036 53.7 5
    endloop
  endfacet
  facet normal -0.831167 -0.556022 0
    outer loop
      vertex 207.036 53.7 13
      vertex 207.327 53.265 5
      vertex 207.327 53.265 13
    endloop
  endfacet
  facet normal -1 0 0
    outer loop
      vertex 0 20 79
      vertex 0 96 88
      vertex 0 96 79
    endloop
  endfacet
  facet normal -1 -0 0
    outer loop
      vertex 0 96 88
      vertex 0 20 79
      vertex 0 20 88
    endloop
  endfacet
  facet normal -1 0 0
    outer loop
      vertex 0 20 66
      vertex 0 96 75
      vertex 0 96 66
    endloop
  endfacet
  facet normal -1 -0 0
    outer loop
      vertex 0 96 75
      vertex 0 20 66
      vertex 0 20 75
    endloop
  endfacet
  facet normal -1 0 0
    outer loop
      vertex 0 20 53
      vertex 0 96 62
      vertex 0 96 53
    endloop
  endfacet
  facet normal -1 -0 0
    outer loop
      vertex 0 96 62
      vertex 0 20 53
      vertex 0 20 62
    endloop
  endfacet
  facet normal -1 0 0
    outer loop
      vertex 0 20 40
      vertex 0 96 49
      vertex 0 96 40
    endloop
  endfacet
  facet normal -1 -0 0
    outer loop
      vertex 0 96 49
      vertex 0 20 40
      vertex 0 20 49
    endloop
  endfacet
  facet normal -1 0 0
    outer loop
      vertex 0 20 27
      vertex 0 96 36
      vertex 0 96 27
    endloop
  endfacet
  facet normal -1 -0 0
    outer loop
      vertex 0 96 36
      vertex 0 20 27
      vertex 0 20 36
    endloop
  endfacet
  facet normal -1 0 0
    outer loop
      vertex 0 20 14
      vertex 0 96 23
      vertex 0 96 14
    endloop
  endfacet
  facet normal -1 -0 0
    outer loop
      vertex 0 96 23
      vertex 0 20 14
      vertex 0 20 23
    endloop
  endfacet
  facet normal -1 0 0
    outer loop
      vertex 0 96 14
      vertex 0 145 0
      vertex 0 96 10
    endloop
  endfacet
  facet normal -1 0 0
    outer loop
      vertex 0 0 0
      vertex 0 96 10
      vertex 0 145 0
    endloop
  endfacet
  facet normal -1 0 0
    outer loop
      vertex 0 0 0
      vertex 0 20 14
      vertex 0 20 10
    endloop
  endfacet
  facet normal -1 -0 0
    outer loop
      vertex 0 20 14
      vertex 0 0 0
      vertex 0 20 23
    endloop
  endfacet
  facet normal -1 -0 0
    outer loop
      vertex 0 20 23
      vertex 0 0 0
      vertex 0 20 27
    endloop
  endfacet
  facet normal -1 -0 0
    outer loop
      vertex 0 20 27
      vertex 0 0 0
      vertex 0 20 36
    endloop
  endfacet
  facet normal -1 -0 0
    outer loop
      vertex 0 20 36
      vertex 0 0 0
      vertex 0 20 40
    endloop
  endfacet
  facet normal -1 -0 0
    outer loop
      vertex 0 20 40
      vertex 0 0 0
      vertex 0 20 49
    endloop
  endfacet
  facet normal -1 -0 0
    outer loop
      vertex 0 20 49
      vertex 0 0 0
      vertex 0 20 53
    endloop
  endfacet
  facet normal -1 0 0
    outer loop
      vertex 0 0 107.6
      vertex 0 20 53
      vertex 0 0 0
    endloop
  endfacet
  facet normal -1 0 0
    outer loop
      vertex 0 20 53
      vertex 0 0 107.6
      vertex 0 20 62
    endloop
  endfacet
  facet normal -1 0 0
    outer loop
      vertex 0 20 62
      vertex 0 0 107.6
      vertex 0 20 66
    endloop
  endfacet
  facet normal -1 0 0
    outer loop
      vertex 0 20 66
      vertex 0 0 107.6
      vertex 0 20 75
    endloop
  endfacet
  facet normal -1 0 0
    outer loop
      vertex 0 20 75
      vertex 0 0 107.6
      vertex 0 20 79
    endloop
  endfacet
  facet normal -1 0 0
    outer loop
      vertex 0 20 79
      vertex 0 0 107.6
      vertex 0 20 88
    endloop
  endfacet
  facet normal -1 -0 0
    outer loop
      vertex 0 96 10
      vertex 0 0 0
      vertex 0 20 10
    endloop
  endfacet
  facet normal -1 0 0
    outer loop
      vertex 0 96 23
      vertex 0 145 0
      vertex 0 96 14
    endloop
  endfacet
  facet normal -1 0 0
    outer loop
      vertex 0 96 27
      vertex 0 145 0
      vertex 0 96 23
    endloop
  endfacet
  facet normal -1 0 0
    outer loop
      vertex 0 96 36
      vertex 0 145 0
      vertex 0 96 27
    endloop
  endfacet
  facet normal -1 0 0
    outer loop
      vertex 0 96 40
      vertex 0 145 0
      vertex 0 96 36
    endloop
  endfacet
  facet normal -1 0 0
    outer loop
      vertex 0 96 49
      vertex 0 145 0
      vertex 0 96 40
    endloop
  endfacet
  facet normal -1 0 0
    outer loop
      vertex 0 96 53
      vertex 0 145 0
      vertex 0 96 49
    endloop
  endfacet
  facet normal -1 0 0
    outer loop
      vertex 0 145 0
      vertex 0 96 53
      vertex 0 145 107.6
    endloop
  endfacet
  facet normal -1 0 0
    outer loop
      vertex 0 96 62
      vertex 0 145 107.6
      vertex 0 96 53
    endloop
  endfacet
  facet normal -1 0 0
    outer loop
      vertex 0 96 66
      vertex 0 145 107.6
      vertex 0 96 62
    endloop
  endfacet
  facet normal -1 0 0
    outer loop
      vertex 0 96 75
      vertex 0 145 107.6
      vertex 0 96 66
    endloop
  endfacet
  facet normal -1 0 0
    outer loop
      vertex 0 96 79
      vertex 0 145 107.6
      vertex 0 96 75
    endloop
  endfacet
  facet normal -1 0 0
    outer loop
      vertex 0 96 88
      vertex 0 145 107.6
      vertex 0 96 79
    endloop
  endfacet
  facet normal -1 0 0
    outer loop
      vertex 0 96 92
      vertex 0 145 107.6
      vertex 0 96 88
    endloop
  endfacet
  facet normal -1 0 0
    outer loop
      vertex 0 0 107.6
      vertex 0 96 92
      vertex 0 20 92
    endloop
  endfacet
  facet normal -1 0 0
    outer loop
      vertex 0 96 92
      vertex 0 0 107.6
      vertex 0 145 107.6
    endloop
  endfacet
  facet normal -1 0 0
    outer loop
      vertex 0 20 88
      vertex 0 0 107.6
      vertex 0 20 92
    endloop
  endfacet
  facet normal 0 0 1
    outer loop
      vertex 240 145 107.6
      vertex 237 142 107.6
      vertex 240 0 107.6
    endloop
  endfacet
  facet normal 0 0 1
    outer loop
      vertex 240 145 107.6
      vertex 3 142 107.6
      vertex 237 142 107.6
    endloop
  endfacet
  facet normal -0 0 1
    outer loop
      vertex 0 145 107.6
      vertex 3 142 107.6
      vertex 240 145 107.6
    endloop
  endfacet
  facet normal 0 0 1
    outer loop
      vertex 0 0 107.6
      vertex 3 142 107.6
      vertex 0 145 107.6
    endloop
  endfacet
  facet normal 0 0 1
    outer loop
      vertex 3 142 107.6
      vertex 0 0 107.6
      vertex 3 0 107.6
    endloop
  endfacet
  facet normal 0 0 1
    outer loop
      vertex 240 0 107.6
      vertex 237 142 107.6
      vertex 237 0 107.6
    endloop
  endfacet
  facet normal 1 -0 0
    outer loop
      vertex 3 0 105.6
      vertex 3 142 102
      vertex 3 142 105.6
    endloop
  endfacet
  facet normal 1 0 0
    outer loop
      vertex 3 142 102
      vertex 3 0 105.6
      vertex 3 0 102
    endloop
  endfacet
  facet normal 1 -0 0
    outer loop
      vertex 3 0 107.6
      vertex 3 142 107.4
      vertex 3 142 107.6
    endloop
  endfacet
  facet normal 1 0 0
    outer loop
      vertex 3 142 107.4
      vertex 3 0 107.6
      vertex 3 0 107.4
    endloop
  endfacet
  facet normal 0 1 0
    outer loop
      vertex 205.685 145 80.5827
      vertex 240 145 107.6
      vertex 209 145 80.8
    endloop
  endfacet
  facet normal 0 1 0
    outer loop
      vertex 240 145 107.6
      vertex 212.315 145 80.5827
      vertex 209 145 80.8
    endloop
  endfacet
  facet normal 0 1 0
    outer loop
      vertex 240 145 107.6
      vertex 215.574 145 79.9345
      vertex 212.315 145 80.5827
    endloop
  endfacet
  facet normal 0 1 0
    outer loop
      vertex 240 145 107.6
      vertex 218.72 145 78.8665
      vertex 215.574 145 79.9345
    endloop
  endfacet
  facet normal 0 1 0
    outer loop
      vertex 240 145 107.6
      vertex 221.7 145 77.397
      vertex 218.72 145 78.8665
    endloop
  endfacet
  facet normal 0 1 0
    outer loop
      vertex 240 145 107.6
      vertex 224.463 145 75.5512
      vertex 221.7 145 77.397
    endloop
  endfacet
  facet normal 0 1 0
    outer loop
      vertex 240 145 107.6
      vertex 226.961 145 73.3605
      vertex 224.463 145 75.5512
    endloop
  endfacet
  facet normal 0 1 0
    outer loop
      vertex 240 145 107.6
      vertex 229.151 145 70.8625
      vertex 226.961 145 73.3605
    endloop
  endfacet
  facet normal 0 1 0
    outer loop
      vertex 240 145 107.6
      vertex 230.997 145 68.1
      vertex 229.151 145 70.8625
    endloop
  endfacet
  facet normal 0 1 0
    outer loop
      vertex 240 145 107.6
      vertex 232.467 145 65.1202
      vertex 230.997 145 68.1
    endloop
  endfacet
  facet normal 0 1 0
    outer loop
      vertex 240 145 107.6
      vertex 233.535 145 61.974
      vertex 232.467 145 65.1202
    endloop
  endfacet
  facet normal 0 1 0
    outer loop
      vertex 240 145 107.6
      vertex 234.183 145 58.7154
      vertex 233.535 145 61.974
    endloop
  endfacet
  facet normal 0 1 0
    outer loop
      vertex 240 145 107.6
      vertex 234.4 145 55.4
      vertex 234.183 145 58.7154
    endloop
  endfacet
  facet normal 0 1 -0
    outer loop
      vertex 240 145 0
      vertex 234.4 145 55.4
      vertex 240 145 107.6
    endloop
  endfacet
  facet normal 0 1 -0
    outer loop
      vertex 210.5 145 22
      vertex 209 145 30
      vertex 212.315 145 30.2173
    endloop
  endfacet
  facet normal 0 1 -0
    outer loop
      vertex 212.605 145 21.5813
      vertex 212.315 145 30.2173
      vertex 215.574 145 30.8655
    endloop
  endfacet
  facet normal 0 1 0
    outer loop
      vertex 209 145 30
      vertex 210.5 145 22
      vertex 209.782 145 21.9529
    endloop
  endfacet
  facet normal 0 1 0
    outer loop
      vertex 214.389 145 20.3891
      vertex 215.574 145 30.8655
      vertex 218.72 145 31.9335
    endloop
  endfacet
  facet normal 0 1 0
    outer loop
      vertex 215.263 145 19.25
      vertex 218.72 145 31.9335
      vertex 221.7 145 33.403
    endloop
  endfacet
  facet normal 0 1 0
    outer loop
      vertex 215.953 145 17.2179
      vertex 221.7 145 33.403
      vertex 224.463 145 35.2488
    endloop
  endfacet
  facet normal 0 1 0
    outer loop
      vertex 240 145 0
      vertex 224.463 145 35.2488
      vertex 226.961 145 37.4395
    endloop
  endfacet
  facet normal 0 1 0
    outer loop
      vertex 212.315 145 30.2173
      vertex 211.218 145 21.9529
      vertex 210.5 145 22
    endloop
  endfacet
  facet normal 0 1 0
    outer loop
      vertex 212.315 145 30.2173
      vertex 211.924 145 21.8126
      vertex 211.218 145 21.9529
    endloop
  endfacet
  facet normal 0 1 0
    outer loop
      vertex 212.315 145 30.2173
      vertex 212.605 145 21.5813
      vertex 211.924 145 21.8126
    endloop
  endfacet
  facet normal 0 1 0
    outer loop
      vertex 215.574 145 30.8655
      vertex 213.25 145 21.2631
      vertex 212.605 145 21.5813
    endloop
  endfacet
  facet normal 0 1 0
    outer loop
      vertex 240 145 0
      vertex 226.961 145 37.4395
      vertex 229.151 145 39.9375
    endloop
  endfacet
  facet normal 0 1 0
    outer loop
      vertex 215.574 145 30.8655
      vertex 213.848 145 20.8634
      vertex 213.25 145 21.2631
    endloop
  endfacet
  facet normal 0 1 0
    outer loop
      vertex 215.574 145 30.8655
      vertex 214.389 145 20.3891
      vertex 213.848 145 20.8634
    endloop
  endfacet
  facet normal 0 1 0
    outer loop
      vertex 218.72 145 31.9335
      vertex 214.863 145 19.8482
      vertex 214.389 145 20.3891
    endloop
  endfacet
  facet normal 0 1 0
    outer loop
      vertex 218.72 145 31.9335
      vertex 215.263 145 19.25
      vertex 214.863 145 19.8482
    endloop
  endfacet
  facet normal 0 1 0
    outer loop
      vertex 221.7 145 33.403
      vertex 215.581 145 18.6048
      vertex 215.263 145 19.25
    endloop
  endfacet
  facet normal 0 1 0
    outer loop
      vertex 240 145 0
      vertex 229.151 145 39.9375
      vertex 230.997 145 42.7
    endloop
  endfacet
  facet normal 0 1 0
    outer loop
      vertex 221.7 145 33.403
      vertex 215.813 145 17.9235
      vertex 215.581 145 18.6048
    endloop
  endfacet
  facet normal 0 1 0
    outer loop
      vertex 221.7 145 33.403
      vertex 215.953 145 17.2179
      vertex 215.813 145 17.9235
    endloop
  endfacet
  facet normal 0 1 0
    outer loop
      vertex 224.463 145 35.2488
      vertex 240 145 0
      vertex 215.953 145 17.2179
    endloop
  endfacet
  facet normal 0 1 0
    outer loop
      vertex 215.953 145 17.2179
      vertex 240 145 0
      vertex 216 145 16.5
    endloop
  endfacet
  facet normal 0 1 0
    outer loop
      vertex 216 145 16.5
      vertex 240 145 0
      vertex 215.953 145 15.7821
    endloop
  endfacet
  facet normal 0 1 0
    outer loop
      vertex 215.953 145 15.7821
      vertex 240 145 0
      vertex 215.813 145 15.0765
    endloop
  endfacet
  facet normal 0 1 0
    outer loop
      vertex 215.813 145 15.0765
      vertex 240 145 0
      vertex 215.581 145 14.3952
    endloop
  endfacet
  facet normal 0 1 0
    outer loop
      vertex 211.218 145 11.0471
      vertex 202 145 6
      vertex 210.5 145 11
    endloop
  endfacet
  facet normal 0 1 0
    outer loop
      vertex 211.924 145 11.1874
      vertex 202 145 6
      vertex 211.218 145 11.0471
    endloop
  endfacet
  facet normal 0 1 0
    outer loop
      vertex 240 145 0
      vertex 211.924 145 11.1874
      vertex 212.605 145 11.4187
    endloop
  endfacet
  facet normal 0 1 0
    outer loop
      vertex 240 145 0
      vertex 212.605 145 11.4187
      vertex 213.25 145 11.7369
    endloop
  endfacet
  facet normal 0 1 0
    outer loop
      vertex 202 145 6
      vertex 240 145 0
      vertex 132 145 6
    endloop
  endfacet
  facet normal 0 1 0
    outer loop
      vertex 211.924 145 11.1874
      vertex 240 145 0
      vertex 202 145 6
    endloop
  endfacet
  facet normal 0 1 0
    outer loop
      vertex 213.848 145 12.1366
      vertex 240 145 0
      vertex 213.25 145 11.7369
    endloop
  endfacet
  facet normal 0 1 0
    outer loop
      vertex 214.389 145 12.6109
      vertex 240 145 0
      vertex 213.848 145 12.1366
    endloop
  endfacet
  facet normal 0 1 0
    outer loop
      vertex 214.863 145 13.1518
      vertex 240 145 0
      vertex 214.389 145 12.6109
    endloop
  endfacet
  facet normal 0 1 0
    outer loop
      vertex 215.263 145 13.75
      vertex 240 145 0
      vertex 214.863 145 13.1518
    endloop
  endfacet
  facet normal 0 1 0
    outer loop
      vertex 215.581 145 14.3952
      vertex 240 145 0
      vertex 215.263 145 13.75
    endloop
  endfacet
  facet normal 0 1 0
    outer loop
      vertex 232.467 145 45.6798
      vertex 240 145 0
      vertex 230.997 145 42.7
    endloop
  endfacet
  facet normal 0 1 0
    outer loop
      vertex 233.535 145 48.826
      vertex 240 145 0
      vertex 232.467 145 45.6798
    endloop
  endfacet
  facet normal 0 1 0
    outer loop
      vertex 234.183 145 52.0846
      vertex 240 145 0
      vertex 233.535 145 48.826
    endloop
  endfacet
  facet normal 0 1 0
    outer loop
      vertex 234.4 145 55.4
      vertex 240 145 0
      vertex 234.183 145 52.0846
    endloop
  endfacet
  facet normal 0 1 0
    outer loop
      vertex 202.426 145 79.9345
      vertex 240 145 107.6
      vertex 205.685 145 80.5827
    endloop
  endfacet
  facet normal 0 1 0
    outer loop
      vertex 199.28 145 78.8665
      vertex 240 145 107.6
      vertex 202.426 145 79.9345
    endloop
  endfacet
  facet normal 0 1 0
    outer loop
      vertex 240 145 107.6
      vertex 199.28 145 78.8665
      vertex 0 145 107.6
    endloop
  endfacet
  facet normal 0 1 -0
    outer loop
      vertex 196.3 145 77.397
      vertex 0 145 107.6
      vertex 199.28 145 78.8665
    endloop
  endfacet
  facet normal 0 1 -0
    outer loop
      vertex 193.537 145 75.5512
      vertex 0 145 107.6
      vertex 196.3 145 77.397
    endloop
  endfacet
  facet normal 0 1 -0
    outer loop
      vertex 191.039 145 73.3605
      vertex 0 145 107.6
      vertex 193.537 145 75.5512
    endloop
  endfacet
  facet normal 0 1 -0
    outer loop
      vertex 188.849 145 70.8625
      vertex 0 145 107.6
      vertex 191.039 145 73.3605
    endloop
  endfacet
  facet normal 0 1 -0
    outer loop
      vertex 187.003 145 68.1
      vertex 0 145 107.6
      vertex 188.849 145 70.8625
    endloop
  endfacet
  facet normal 0 1 0
    outer loop
      vertex 132 145 27
      vertex 187.003 145 68.1
      vertex 185.533 145 65.1202
    endloop
  endfacet
  facet normal 0 1 0
    outer loop
      vertex 132 145 27
      vertex 185.533 145 65.1202
      vertex 184.465 145 61.974
    endloop
  endfacet
  facet normal 0 1 0
    outer loop
      vertex 132 145 27
      vertex 184.465 145 61.974
      vertex 183.817 145 58.7154
    endloop
  endfacet
  facet normal 0 1 0
    outer loop
      vertex 132 145 27
      vertex 183.817 145 58.7154
      vertex 183.6 145 55.4
    endloop
  endfacet
  facet normal 0 1 0
    outer loop
      vertex 132 145 27
      vertex 183.6 145 55.4
      vertex 183.817 145 52.0846
    endloop
  endfacet
  facet normal 0 1 0
    outer loop
      vertex 132 145 27
      vertex 183.817 145 52.0846
      vertex 184.465 145 48.826
    endloop
  endfacet
  facet normal 0 1 0
    outer loop
      vertex 132 145 27
      vertex 184.465 145 48.826
      vertex 185.533 145 45.6798
    endloop
  endfacet
  facet normal 0 1 0
    outer loop
      vertex 132 145 27
      vertex 185.533 145 45.6798
      vertex 187.003 145 42.7
    endloop
  endfacet
  facet normal 0 1 0
    outer loop
      vertex 132 145 27
      vertex 187.003 145 42.7
      vertex 188.849 145 39.9375
    endloop
  endfacet
  facet normal 0 1 0
    outer loop
      vertex 132 145 27
      vertex 188.849 145 39.9375
      vertex 191.039 145 37.4395
    endloop
  endfacet
  facet normal 0 1 0
    outer loop
      vertex 132 145 27
      vertex 191.039 145 37.4395
      vertex 193.537 145 35.2488
    endloop
  endfacet
  facet normal 0 1 0
    outer loop
      vertex 202 145 27
      vertex 193.537 145 35.2488
      vertex 196.3 145 33.403
    endloop
  endfacet
  facet normal 0 1 0
    outer loop
      vertex 202 145 27
      vertex 196.3 145 33.403
      vertex 199.28 145 31.9335
    endloop
  endfacet
  facet normal 0 1 0
    outer loop
      vertex 202 145 27
      vertex 205.685 145 30.2173
      vertex 209 145 30
    endloop
  endfacet
  facet normal 0 1 0
    outer loop
      vertex 202 145 27
      vertex 202.426 145 30.8655
      vertex 205.685 145 30.2173
    endloop
  endfacet
  facet normal 0 1 -0
    outer loop
      vertex 202 145 27
      vertex 199.28 145 31.9335
      vertex 202.426 145 30.8655
    endloop
  endfacet
  facet normal 0 1 0
    outer loop
      vertex 193.537 145 35.2488
      vertex 202 145 27
      vertex 132 145 27
    endloop
  endfacet
  facet normal 0 1 0
    outer loop
      vertex 187.003 145 68.1
      vertex 132 145 27
      vertex 0 145 107.6
    endloop
  endfacet
  facet normal 0 1 0
    outer loop
      vertex 0 145 0
      vertex 132 145 27
      vertex 132 145 6
    endloop
  endfacet
  facet normal 0 1 0
    outer loop
      vertex 132 145 27
      vertex 0 145 0
      vertex 0 145 107.6
    endloop
  endfacet
  facet normal 0 1 0
    outer loop
      vertex 0 145 0
      vertex 132 145 6
      vertex 240 145 0
    endloop
  endfacet
  facet normal 0 1 0
    outer loop
      vertex 209 145 30
      vertex 209.782 145 21.9529
      vertex 209.076 145 21.8126
    endloop
  endfacet
  facet normal 0 1 0
    outer loop
      vertex 208.395 145 21.5813
      vertex 209 145 30
      vertex 209.076 145 21.8126
    endloop
  endfacet
  facet normal 0 1 0
    outer loop
      vertex 209 145 30
      vertex 208.395 145 21.5813
      vertex 202 145 27
    endloop
  endfacet
  facet normal 0 1 -0
    outer loop
      vertex 207.75 145 21.2631
      vertex 202 145 27
      vertex 208.395 145 21.5813
    endloop
  endfacet
  facet normal 0 1 -0
    outer loop
      vertex 207.152 145 20.8634
      vertex 202 145 27
      vertex 207.75 145 21.2631
    endloop
  endfacet
  facet normal 0 1 -0
    outer loop
      vertex 206.611 145 20.3891
      vertex 202 145 27
      vertex 207.152 145 20.8634
    endloop
  endfacet
  facet normal 0 1 -0
    outer loop
      vertex 206.137 145 19.8482
      vertex 202 145 27
      vertex 206.611 145 20.3891
    endloop
  endfacet
  facet normal 0 1 -0
    outer loop
      vertex 205.737 145 19.25
      vertex 202 145 27
      vertex 206.137 145 19.8482
    endloop
  endfacet
  facet normal 0 1 -0
    outer loop
      vertex 205.419 145 18.6048
      vertex 202 145 27
      vertex 205.737 145 19.25
    endloop
  endfacet
  facet normal 0 1 -0
    outer loop
      vertex 205.187 145 17.9235
      vertex 202 145 27
      vertex 205.419 145 18.6048
    endloop
  endfacet
  facet normal 0 1 -0
    outer loop
      vertex 205.047 145 17.2179
      vertex 202 145 27
      vertex 205.187 145 17.9235
    endloop
  endfacet
  facet normal 0 1 -0
    outer loop
      vertex 205 145 16.5
      vertex 202 145 27
      vertex 205.047 145 17.2179
    endloop
  endfacet
  facet normal 0 1 0
    outer loop
      vertex 202 145 6
      vertex 205 145 16.5
      vertex 205.047 145 15.7821
    endloop
  endfacet
  facet normal 0 1 0
    outer loop
      vertex 202 145 6
      vertex 205.047 145 15.7821
      vertex 205.187 145 15.0765
    endloop
  endfacet
  facet normal 0 1 0
    outer loop
      vertex 205 145 16.5
      vertex 202 145 6
      vertex 202 145 27
    endloop
  endfacet
  facet normal 0 1 0
    outer loop
      vertex 205.419 145 14.3952
      vertex 202 145 6
      vertex 205.187 145 15.0765
    endloop
  endfacet
  facet normal 0 1 0
    outer loop
      vertex 205.737 145 13.75
      vertex 202 145 6
      vertex 205.419 145 14.3952
    endloop
  endfacet
  facet normal 0 1 0
    outer loop
      vertex 206.137 145 13.1518
      vertex 202 145 6
      vertex 205.737 145 13.75
    endloop
  endfacet
  facet normal 0 1 0
    outer loop
      vertex 206.611 145 12.6109
      vertex 202 145 6
      vertex 206.137 145 13.1518
    endloop
  endfacet
  facet normal 0 1 0
    outer loop
      vertex 207.152 145 12.1366
      vertex 202 145 6
      vertex 206.611 145 12.6109
    endloop
  endfacet
  facet normal 0 1 0
    outer loop
      vertex 207.75 145 11.7369
      vertex 202 145 6
      vertex 207.152 145 12.1366
    endloop
  endfacet
  facet normal 0 1 0
    outer loop
      vertex 208.395 145 11.4187
      vertex 202 145 6
      vertex 207.75 145 11.7369
    endloop
  endfacet
  facet normal 0 1 0
    outer loop
      vertex 209.076 145 11.1874
      vertex 202 145 6
      vertex 208.395 145 11.4187
    endloop
  endfacet
  facet normal 0 1 0
    outer loop
      vertex 209.782 145 11.0471
      vertex 202 145 6
      vertex 209.076 145 11.1874
    endloop
  endfacet
  facet normal 0 1 0
    outer loop
      vertex 202 145 6
      vertex 209.782 145 11.0471
      vertex 210.5 145 11
    endloop
  endfacet
  facet normal 0 -1 0
    outer loop
      vertex 179.55 0 21.516
      vertex 183.45 0 27.316
      vertex 179.55 0 27.316
    endloop
  endfacet
  facet normal 0 -1 0
    outer loop
      vertex 179.55 0 21.516
      vertex 183.45 0 21.516
      vertex 183.45 0 27.316
    endloop
  endfacet
  facet normal 0 -1 0
    outer loop
      vertex 178.85 0 20.816
      vertex 183.45 0 21.516
      vertex 179.55 0 21.516
    endloop
  endfacet
  facet normal 0 -1 -0
    outer loop
      vertex 183.45 0 21.516
      vertex 178.85 0 20.816
      vertex 184.15 0 20.816
    endloop
  endfacet
  facet normal 0 -1 0
    outer loop
      vertex 166.8 0 21.366
      vertex 170.05 0 27.316
      vertex 166.8 0 27.866
    endloop
  endfacet
  facet normal 0 -1 -0
    outer loop
      vertex 170.05 0 27.316
      vertex 166.8 0 21.366
      vertex 170.05 0 21.516
    endloop
  endfacet
  facet normal 0 -1 0
    outer loop
      vertex 166.797 0 21.3138
      vertex 170.05 0 21.516
      vertex 166.8 0 21.366
    endloop
  endfacet
  facet normal 0 -1 0
    outer loop
      vertex 166.786 0 21.2625
      vertex 170.05 0 21.516
      vertex 166.797 0 21.3138
    endloop
  endfacet
  facet normal 0 -1 0
    outer loop
      vertex 166.77 0 21.2129
      vertex 170.05 0 21.516
      vertex 166.786 0 21.2625
    endloop
  endfacet
  facet normal 0 -1 0
    outer loop
      vertex 166.746 0 21.166
      vertex 170.05 0 21.516
      vertex 166.77 0 21.2129
    endloop
  endfacet
  facet normal 0 -1 0
    outer loop
      vertex 166.717 0 21.1225
      vertex 170.05 0 21.516
      vertex 166.746 0 21.166
    endloop
  endfacet
  facet normal 0 -1 0
    outer loop
      vertex 166.683 0 21.0832
      vertex 170.05 0 21.516
      vertex 166.717 0 21.1225
    endloop
  endfacet
  facet normal 0 -1 0
    outer loop
      vertex 170.75 0 20.816
      vertex 166.683 0 21.0832
      vertex 166.643 0 21.0487
    endloop
  endfacet
  facet normal 0 -1 0
    outer loop
      vertex 170.75 0 20.816
      vertex 166.643 0 21.0487
      vertex 166.6 0 21.0196
    endloop
  endfacet
  facet normal 0 -1 0
    outer loop
      vertex 170.75 0 20.816
      vertex 166.6 0 21.0196
      vertex 166.553 0 20.9965
    endloop
  endfacet
  facet normal 0 -1 0
    outer loop
      vertex 170.75 0 20.816
      vertex 166.553 0 20.9965
      vertex 166.504 0 20.9796
    endloop
  endfacet
  facet normal 0 -1 0
    outer loop
      vertex 170.75 0 20.816
      vertex 166.504 0 20.9796
      vertex 166.452 0 20.9694
    endloop
  endfacet
  facet normal 0 -1 0
    outer loop
      vertex 166.683 0 21.0832
      vertex 170.75 0 20.816
      vertex 170.05 0 21.516
    endloop
  endfacet
  facet normal 0 -1 0
    outer loop
      vertex 170.75 0 20.816
      vertex 166.452 0 20.9694
      vertex 166.4 0 20.966
    endloop
  endfacet
  facet normal 0 -1 0
    outer loop
      vertex 85 0 98
      vertex 153.948 0 28.2626
      vertex 154 0 28.266
    endloop
  endfacet
  facet normal 0 -1 0
    outer loop
      vertex 85 0 42
      vertex 153.896 0 28.2524
      vertex 153.948 0 28.2626
    endloop
  endfacet
  facet normal 0 -1 0
    outer loop
      vertex 85 0 42
      vertex 153.847 0 28.2355
      vertex 153.896 0 28.2524
    endloop
  endfacet
  facet normal 0 -1 0
    outer loop
      vertex 85 0 42
      vertex 153.8 0 28.2124
      vertex 153.847 0 28.2355
    endloop
  endfacet
  facet normal 0 -1 0
    outer loop
      vertex 85 0 42
      vertex 153.757 0 28.1833
      vertex 153.8 0 28.2124
    endloop
  endfacet
  facet normal 0 -1 0
    outer loop
      vertex 85 0 42
      vertex 153.717 0 28.1488
      vertex 153.757 0 28.1833
    endloop
  endfacet
  facet normal 0 -1 0
    outer loop
      vertex 85 0 42
      vertex 153.683 0 28.1095
      vertex 153.717 0 28.1488
    endloop
  endfacet
  facet normal 0 -1 0
    outer loop
      vertex 85 0 42
      vertex 153.654 0 28.066
      vertex 153.683 0 28.1095
    endloop
  endfacet
  facet normal 0 -1 0
    outer loop
      vertex 85 0 42
      vertex 153.63 0 28.0191
      vertex 153.654 0 28.066
    endloop
  endfacet
  facet normal 0 -1 0
    outer loop
      vertex 85 0 41
      vertex 153.614 0 27.9695
      vertex 153.63 0 28.0191
    endloop
  endfacet
  facet normal 0 -1 0
    outer loop
      vertex 85 0 41
      vertex 153.603 0 27.9182
      vertex 153.614 0 27.9695
    endloop
  endfacet
  facet normal 0 -1 0
    outer loop
      vertex 85 0 23
      vertex 153.603 0 27.9182
      vertex 85 0 41
    endloop
  endfacet
  facet normal 0 -1 0
    outer loop
      vertex 153.603 0 27.9182
      vertex 85 0 23
      vertex 153.6 0 27.866
    endloop
  endfacet
  facet normal 0 -1 0
    outer loop
      vertex 85 0 22
      vertex 85 0 23
      vertex 7 0 22
    endloop
  endfacet
  facet normal 0 -1 0
    outer loop
      vertex 153.6 0 21.366
      vertex 85 0 23
      vertex 85 0 22
    endloop
  endfacet
  facet normal 0 -1 0
    outer loop
      vertex 85 0 23
      vertex 153.6 0 21.366
      vertex 153.6 0 27.866
    endloop
  endfacet
  facet normal 0 -1 0
    outer loop
      vertex 85 0 22
      vertex 153.603 0 21.3138
      vertex 153.6 0 21.366
    endloop
  endfacet
  facet normal 0 -1 0
    outer loop
      vertex 85 0 22
      vertex 153.614 0 21.2625
      vertex 153.603 0 21.3138
    endloop
  endfacet
  facet normal 0 -1 0
    outer loop
      vertex 85 0 4
      vertex 153.614 0 21.2625
      vertex 85 0 22
    endloop
  endfacet
  facet normal 0 -1 -0
    outer loop
      vertex 153.614 0 21.2625
      vertex 85 0 4
      vertex 153.63 0 21.2129
    endloop
  endfacet
  facet normal 0 -1 -0
    outer loop
      vertex 153.63 0 21.2129
      vertex 85 0 4
      vertex 153.654 0 21.166
    endloop
  endfacet
  facet normal 0 -1 -0
    outer loop
      vertex 153.654 0 21.166
      vertex 85 0 4
      vertex 153.683 0 21.1225
    endloop
  endfacet
  facet normal 0 -1 -0
    outer loop
      vertex 153.683 0 21.1225
      vertex 85 0 4
      vertex 153.717 0 21.0832
    endloop
  endfacet
  facet normal 0 -1 -0
    outer loop
      vertex 153.717 0 21.0832
      vertex 85 0 4
      vertex 153.757 0 21.0487
    endloop
  endfacet
  facet normal 0 -1 -0
    outer loop
      vertex 153.757 0 21.0487
      vertex 85 0 4
      vertex 153.8 0 21.0196
    endloop
  endfacet
  facet normal 0 -1 -0
    outer loop
      vertex 153.8 0 21.0196
      vertex 85 0 4
      vertex 153.847 0 20.9965
    endloop
  endfacet
  facet normal 0 -1 -0
    outer loop
      vertex 153.847 0 20.9965
      vertex 85 0 4
      vertex 153.896 0 20.9796
    endloop
  endfacet
  facet normal 0 -1 -0
    outer loop
      vertex 153.896 0 20.9796
      vertex 85 0 4
      vertex 153.948 0 20.9694
    endloop
  endfacet
  facet normal 0 -1 0
    outer loop
      vertex 240 0 0
      vertex 166.4 0 20.966
      vertex 154 0 20.966
    endloop
  endfacet
  facet normal 0 -1 0
    outer loop
      vertex 240 0 0
      vertex 178.85 0 20.816
      vertex 170.75 0 20.816
    endloop
  endfacet
  facet normal 0 -1 0
    outer loop
      vertex 178.85 0 20.816
      vertex 240 0 0
      vertex 184.15 0 20.816
    endloop
  endfacet
  facet normal 0 -1 0
    outer loop
      vertex 166.4 0 20.966
      vertex 240 0 0
      vertex 170.75 0 20.816
    endloop
  endfacet
  facet normal 0 -1 0
    outer loop
      vertex 240 0 0
      vertex 154 0 20.966
      vertex 85 0 4
    endloop
  endfacet
  facet normal 0 -1 -0
    outer loop
      vertex 153.948 0 20.9694
      vertex 85 0 4
      vertex 154 0 20.966
    endloop
  endfacet
  facet normal 0 -1 0
    outer loop
      vertex 0 0 107.6
      vertex 3 0 107.4
      vertex 3 0 107.6
    endloop
  endfacet
  facet normal 0 -1 0
    outer loop
      vertex 3 0 107.4
      vertex 3 0 105.6
      vertex 5.4 0 107.4
    endloop
  endfacet
  facet normal 0 -1 0
    outer loop
      vertex 0 0 107.6
      vertex 3 0 105.6
      vertex 3 0 107.4
    endloop
  endfacet
  facet normal 0 -1 0
    outer loop
      vertex 0 0 107.6
      vertex 3 0 102
      vertex 3 0 105.6
    endloop
  endfacet
  facet normal 0 -1 0
    outer loop
      vertex 85 0 98
      vertex 3 0 102
      vertex 7 0 98
    endloop
  endfacet
  facet normal 0 -1 0
    outer loop
      vertex 3 0 102
      vertex 7 0 80
      vertex 7 0 98
    endloop
  endfacet
  facet normal 0 -1 0
    outer loop
      vertex 0 0 107.6
      vertex 7 0 80
      vertex 3 0 102
    endloop
  endfacet
  facet normal 0 -1 0
    outer loop
      vertex 7 0 80
      vertex 7 0 79
      vertex 85 0 80
    endloop
  endfacet
  facet normal 0 -1 0
    outer loop
      vertex 0 0 107.6
      vertex 7 0 79
      vertex 7 0 80
    endloop
  endfacet
  facet normal 0 -1 0
    outer loop
      vertex 0 0 107.6
      vertex 7 0 61
      vertex 7 0 79
    endloop
  endfacet
  facet normal 0 -1 0
    outer loop
      vertex 7 0 61
      vertex 7 0 60
      vertex 85 0 61
    endloop
  endfacet
  facet normal 0 -1 0
    outer loop
      vertex 0 0 107.6
      vertex 7 0 60
      vertex 7 0 61
    endloop
  endfacet
  facet normal 0 -1 0
    outer loop
      vertex 0 0 0
      vertex 7 0 60
      vertex 0 0 107.6
    endloop
  endfacet
  facet normal 0 -1 0
    outer loop
      vertex 7 0 42
      vertex 7 0 41
      vertex 85 0 42
    endloop
  endfacet
  facet normal 0 -1 -0
    outer loop
      vertex 7 0 60
      vertex 0 0 0
      vertex 7 0 42
    endloop
  endfacet
  facet normal 0 -1 -0
    outer loop
      vertex 7 0 42
      vertex 0 0 0
      vertex 7 0 41
    endloop
  endfacet
  facet normal 0 -1 0
    outer loop
      vertex 7 0 23
      vertex 7 0 22
      vertex 85 0 23
    endloop
  endfacet
  facet normal 0 -1 -0
    outer loop
      vertex 7 0 41
      vertex 0 0 0
      vertex 7 0 23
    endloop
  endfacet
  facet normal 0 -1 -0
    outer loop
      vertex 7 0 23
      vertex 0 0 0
      vertex 7 0 22
    endloop
  endfacet
  facet normal 0 -1 -0
    outer loop
      vertex 7 0 4
      vertex 0 0 0
      vertex 85 0 4
    endloop
  endfacet
  facet normal 0 -1 -0
    outer loop
      vertex 7 0 22
      vertex 0 0 0
      vertex 7 0 4
    endloop
  endfacet
  facet normal 0 -1 -0
    outer loop
      vertex 5.4 0 107.4
      vertex 3 0 105.6
      vertex 5.4 0 105.6
    endloop
  endfacet
  facet normal 0 -1 0
    outer loop
      vertex 234.6 0 107.4
      vertex 234.6 0 105.6
      vertex 237 0 107.4
    endloop
  endfacet
  facet normal 0 -1 0
    outer loop
      vertex 237 0 107.4
      vertex 240 0 107.6
      vertex 237 0 107.6
    endloop
  endfacet
  facet normal 0 -1 0
    outer loop
      vertex 237 0 105.6
      vertex 237 0 107.4
      vertex 234.6 0 105.6
    endloop
  endfacet
  facet normal 0 -1 0
    outer loop
      vertex 237 0 107.4
      vertex 237 0 105.6
      vertex 240 0 107.6
    endloop
  endfacet
  facet normal 0 -1 0
    outer loop
      vertex 237 0 102
      vertex 240 0 107.6
      vertex 237 0 105.6
    endloop
  endfacet
  facet normal 0 -1 0
    outer loop
      vertex 3 0 102
      vertex 85 0 98
      vertex 237 0 102
    endloop
  endfacet
  facet normal 0 -1 0
    outer loop
      vertex 153.948 0 28.2626
      vertex 85 0 98
      vertex 85 0 80
    endloop
  endfacet
  facet normal 0 -1 0
    outer loop
      vertex 85 0 79
      vertex 85 0 80
      vertex 7 0 79
    endloop
  endfacet
  facet normal 0 -1 0
    outer loop
      vertex 153.948 0 28.2626
      vertex 85 0 80
      vertex 85 0 79
    endloop
  endfacet
  facet normal 0 -1 0
    outer loop
      vertex 153.948 0 28.2626
      vertex 85 0 79
      vertex 85 0 61
    endloop
  endfacet
  facet normal 0 -1 0
    outer loop
      vertex 85 0 60
      vertex 85 0 61
      vertex 7 0 60
    endloop
  endfacet
  facet normal 0 -1 0
    outer loop
      vertex 153.948 0 28.2626
      vertex 85 0 61
      vertex 85 0 60
    endloop
  endfacet
  facet normal 0 -1 0
    outer loop
      vertex 153.948 0 28.2626
      vertex 85 0 60
      vertex 85 0 42
    endloop
  endfacet
  facet normal 0 -1 0
    outer loop
      vertex 85 0 41
      vertex 85 0 42
      vertex 7 0 41
    endloop
  endfacet
  facet normal 0 -1 0
    outer loop
      vertex 153.63 0 28.0191
      vertex 85 0 42
      vertex 85 0 41
    endloop
  endfacet
  facet normal 0 -1 0
    outer loop
      vertex 85 0 98
      vertex 154 0 28.266
      vertex 237 0 102
    endloop
  endfacet
  facet normal 0 -1 0
    outer loop
      vertex 166.4 0 28.266
      vertex 237 0 102
      vertex 154 0 28.266
    endloop
  endfacet
  facet normal 0 -1 0
    outer loop
      vertex 166.452 0 28.2626
      vertex 237 0 102
      vertex 166.4 0 28.266
    endloop
  endfacet
  facet normal 0 -1 0
    outer loop
      vertex 179.55 0 27.316
      vertex 166.452 0 28.2626
      vertex 166.504 0 28.2524
    endloop
  endfacet
  facet normal 0 -1 0
    outer loop
      vertex 179.55 0 27.316
      vertex 166.504 0 28.2524
      vertex 166.553 0 28.2355
    endloop
  endfacet
  facet normal 0 -1 0
    outer loop
      vertex 170.05 0 27.316
      vertex 166.553 0 28.2355
      vertex 166.6 0 28.2124
    endloop
  endfacet
  facet normal 0 -1 0
    outer loop
      vertex 170.05 0 27.316
      vertex 166.6 0 28.2124
      vertex 166.643 0 28.1833
    endloop
  endfacet
  facet normal 0 -1 0
    outer loop
      vertex 170.05 0 27.316
      vertex 166.643 0 28.1833
      vertex 166.683 0 28.1488
    endloop
  endfacet
  facet normal 0 -1 0
    outer loop
      vertex 170.05 0 27.316
      vertex 166.683 0 28.1488
      vertex 166.717 0 28.1095
    endloop
  endfacet
  facet normal 0 -1 0
    outer loop
      vertex 170.05 0 27.316
      vertex 166.717 0 28.1095
      vertex 166.746 0 28.066
    endloop
  endfacet
  facet normal 0 -1 0
    outer loop
      vertex 170.05 0 27.316
      vertex 166.746 0 28.066
      vertex 166.77 0 28.0191
    endloop
  endfacet
  facet normal 0 -1 0
    outer loop
      vertex 170.05 0 27.316
      vertex 166.77 0 28.0191
      vertex 166.786 0 27.9695
    endloop
  endfacet
  facet normal 0 -1 0
    outer loop
      vertex 170.05 0 27.316
      vertex 166.786 0 27.9695
      vertex 166.797 0 27.9182
    endloop
  endfacet
  facet normal 0 -1 0
    outer loop
      vertex 170.05 0 27.316
      vertex 166.797 0 27.9182
      vertex 166.8 0 27.866
    endloop
  endfacet
  facet normal 0 -1 0
    outer loop
      vertex 166.553 0 28.2355
      vertex 170.05 0 27.316
      vertex 179.55 0 27.316
    endloop
  endfacet
  facet normal 0 -1 0
    outer loop
      vertex 166.452 0 28.2626
      vertex 179.55 0 27.316
      vertex 237 0 102
    endloop
  endfacet
  facet normal 0 -1 0
    outer loop
      vertex 183.45 0 27.316
      vertex 237 0 102
      vertex 179.55 0 27.316
    endloop
  endfacet
  facet normal 0 -1 0
    outer loop
      vertex 192.95 0 27.316
      vertex 237 0 102
      vertex 183.45 0 27.316
    endloop
  endfacet
  facet normal 0 -1 0
    outer loop
      vertex 240 0 0
      vertex 192.95 0 27.316
      vertex 192.95 0 21.516
    endloop
  endfacet
  facet normal 0 -1 0
    outer loop
      vertex 237 0 102
      vertex 240 0 0
      vertex 240 0 107.6
    endloop
  endfacet
  facet normal 0 -1 0
    outer loop
      vertex 192.95 0 27.316
      vertex 240 0 0
      vertex 237 0 102
    endloop
  endfacet
  facet normal 0 -1 0
    outer loop
      vertex 192.25 0 20.816
      vertex 240 0 0
      vertex 192.95 0 21.516
    endloop
  endfacet
  facet normal 0 -1 0
    outer loop
      vertex 184.15 0 20.816
      vertex 240 0 0
      vertex 192.25 0 20.816
    endloop
  endfacet
  facet normal 0 -1 0
    outer loop
      vertex 240 0 0
      vertex 85 0 4
      vertex 0 0 0
    endloop
  endfacet
  facet normal -1 0 0
    outer loop
      vertex 237 0 102
      vertex 237 142 105.6
      vertex 237 142 102
    endloop
  endfacet
  facet normal -1 -0 0
    outer loop
      vertex 237 142 105.6
      vertex 237 0 102
      vertex 237 0 105.6
    endloop
  endfacet
  facet normal -1 0 0
    outer loop
      vertex 237 0 107.4
      vertex 237 142 107.6
      vertex 237 142 107.4
    endloop
  endfacet
  facet normal -1 -0 0
    outer loop
      vertex 237 142 107.6
      vertex 237 0 107.4
      vertex 237 0 107.6
    endloop
  endfacet
  facet normal 1 -0 0
    outer loop
      vertex 240 25.2001 32.266
      vertex 240 39.2001 30.366
      vertex 240 39.2001 32.266
    endloop
  endfacet
  facet normal 1 0 0
    outer loop
      vertex 240 39.2001 30.366
      vertex 240 25.2001 32.266
      vertex 240 25.2001 30.366
    endloop
  endfacet
  facet normal 1 0 0
    outer loop
      vertex 240 36.581 45.6747
      vertex 240 39.2001 38.866
      vertex 240 39.306 44.7496
    endloop
  endfacet
  facet normal 1 0 0
    outer loop
      vertex 240 34 46.9474
      vertex 240 39.2001 38.866
      vertex 240 36.581 45.6747
    endloop
  endfacet
  facet normal 1 0 0
    outer loop
      vertex 240 25.2001 38.866
      vertex 240 34 46.9474
      vertex 240 31.6072 48.5462
    endloop
  endfacet
  facet normal 1 0 0
    outer loop
      vertex 240 25.2001 38.866
      vertex 240 31.6072 48.5462
      vertex 240 29.4436 50.4436
    endloop
  endfacet
  facet normal 1 0 0
    outer loop
      vertex 240 25.2001 38.866
      vertex 240 29.4436 50.4436
      vertex 240 27.5462 52.6072
    endloop
  endfacet
  facet normal 1 0 0
    outer loop
      vertex 240 34 46.9474
      vertex 240 25.2001 38.866
      vertex 240 39.2001 38.866
    endloop
  endfacet
  facet normal 1 0 0
    outer loop
      vertex 240 25.9474 55
      vertex 240 25.2001 38.866
      vertex 240 27.5462 52.6072
    endloop
  endfacet
  facet normal 1 -0 0
    outer loop
      vertex 240 21.45 36.336
      vertex 240 25.2001 32.266
      vertex 240 25.2001 38.866
    endloop
  endfacet
  facet normal 1 0 0
    outer loop
      vertex 240 25.2001 32.266
      vertex 240 21.45 36.336
      vertex 240 25.2001 30.366
    endloop
  endfacet
  facet normal 1 0 0
    outer loop
      vertex 240 25.9474 55
      vertex 240 21.45 36.336
      vertex 240 25.2001 38.866
    endloop
  endfacet
  facet normal 1 0 0
    outer loop
      vertex 240 21.45 36.336
      vertex 240 25.9474 55
      vertex 240 24.6747 57.581
    endloop
  endfacet
  facet normal 1 -0 0
    outer loop
      vertex 240 43.1997 32.251
      vertex 240 57.1997 30.221
      vertex 240 57.1997 32.251
    endloop
  endfacet
  facet normal 1 0 0
    outer loop
      vertex 240 57.1997 30.221
      vertex 240 43.1997 32.251
      vertex 240 43.1997 30.221
    endloop
  endfacet
  facet normal 1 -0 0
    outer loop
      vertex 240 56 46.9474
      vertex 240 57.1997 38.851
      vertex 240 58.3927 48.5462
    endloop
  endfacet
  facet normal 1 -0 0
    outer loop
      vertex 240 53.419 45.6747
      vertex 240 57.1997 38.851
      vertex 240 56 46.9474
    endloop
  endfacet
  facet normal 1 -0 0
    outer loop
      vertex 240 50.694 44.7496
      vertex 240 57.1997 38.851
      vertex 240 53.419 45.6747
    endloop
  endfacet
  facet normal 1 -0 0
    outer loop
      vertex 240 47.8716 44.1882
      vertex 240 57.1997 38.851
      vertex 240 50.694 44.7496
    endloop
  endfacet
  facet normal 1 0 0
    outer loop
      vertex 240 43.1997 38.851
      vertex 240 47.8716 44.1882
      vertex 240 45 44
    endloop
  endfacet
  facet normal 1 0 0
    outer loop
      vertex 240 47.8716 44.1882
      vertex 240 43.1997 38.851
      vertex 240 57.1997 38.851
    endloop
  endfacet
  facet normal 1 -0 0
    outer loop
      vertex 240 39.2001 32.266
      vertex 240 43.1997 32.251
      vertex 240 43.1997 38.851
    endloop
  endfacet
  facet normal 1 0 0
    outer loop
      vertex 240 39.2001 30.366
      vertex 240 43.1997 32.251
      vertex 240 39.2001 32.266
    endloop
  endfacet
  facet normal 1 -0 0
    outer loop
      vertex 240 39.2001 38.866
      vertex 240 43.1997 38.851
      vertex 240 42.1284 44.1882
    endloop
  endfacet
  facet normal 1 0 0
    outer loop
      vertex 240 42.1284 44.1882
      vertex 240 43.1997 38.851
      vertex 240 45 44
    endloop
  endfacet
  facet normal 1 0 0
    outer loop
      vertex 240 66.8118 63.1284
      vertex 240 145 107.6
      vertex 240 67 66
    endloop
  endfacet
  facet normal 1 0 0
    outer loop
      vertex 240 145 107.6
      vertex 240 66.8118 68.8716
      vertex 240 67 66
    endloop
  endfacet
  facet normal 1 0 0
    outer loop
      vertex 240 145 107.6
      vertex 240 66.2504 71.694
      vertex 240 66.8118 68.8716
    endloop
  endfacet
  facet normal 1 0 0
    outer loop
      vertex 240 145 107.6
      vertex 240 65.3253 74.419
      vertex 240 66.2504 71.694
    endloop
  endfacet
  facet normal 1 0 0
    outer loop
      vertex 240 145 107.6
      vertex 240 64.0526 77
      vertex 240 65.3253 74.419
    endloop
  endfacet
  facet normal 1 0 0
    outer loop
      vertex 240 145 107.6
      vertex 240 62.4538 79.3928
      vertex 240 64.0526 77
    endloop
  endfacet
  facet normal 1 0 0
    outer loop
      vertex 240 145 107.6
      vertex 240 60.5564 81.5564
      vertex 240 62.4538 79.3928
    endloop
  endfacet
  facet normal 1 0 0
    outer loop
      vertex 240 145 107.6
      vertex 240 58.3927 83.4538
      vertex 240 60.5564 81.5564
    endloop
  endfacet
  facet normal 1 0 0
    outer loop
      vertex 240 145 107.6
      vertex 240 56 85.0526
      vertex 240 58.3927 83.4538
    endloop
  endfacet
  facet normal 1 0 0
    outer loop
      vertex 240 145 107.6
      vertex 240 53.419 86.3253
      vertex 240 56 85.0526
    endloop
  endfacet
  facet normal 1 0 0
    outer loop
      vertex 240 145 107.6
      vertex 240 50.694 87.2504
      vertex 240 53.419 86.3253
    endloop
  endfacet
  facet normal 1 0 0
    outer loop
      vertex 240 145 107.6
      vertex 240 47.8716 87.8118
      vertex 240 50.694 87.2504
    endloop
  endfacet
  facet normal 1 -0 0
    outer loop
      vertex 240 0 107.6
      vertex 240 47.8716 87.8118
      vertex 240 145 107.6
    endloop
  endfacet
  facet normal 1 0 0
    outer loop
      vertex 240 47.8716 87.8118
      vertex 240 0 107.6
      vertex 240 45 88
    endloop
  endfacet
  facet normal 1 0 0
    outer loop
      vertex 240 24.6747 57.581
      vertex 240 5.45 36.336
      vertex 240 21.45 36.336
    endloop
  endfacet
  facet normal 1 0 0
    outer loop
      vertex 240 23.1882 68.8716
      vertex 240 5.45 36.336
      vertex 240 23 66
    endloop
  endfacet
  facet normal 1 0 0
    outer loop
      vertex 240 0 107.6
      vertex 240 23.1882 68.8716
      vertex 240 23.7496 71.694
    endloop
  endfacet
  facet normal 1 0 0
    outer loop
      vertex 240 0 107.6
      vertex 240 23.7496 71.694
      vertex 240 24.6747 74.419
    endloop
  endfacet
  facet normal 1 0 0
    outer loop
      vertex 240 0 107.6
      vertex 240 24.6747 74.419
      vertex 240 25.9474 77
    endloop
  endfacet
  facet normal 1 0 0
    outer loop
      vertex 240 0 0
      vertex 240 5.45 36.336
      vertex 240 0 107.6
    endloop
  endfacet
  facet normal 1 0 0
    outer loop
      vertex 240 23.1882 68.8716
      vertex 240 0 107.6
      vertex 240 5.45 36.336
    endloop
  endfacet
  facet normal 1 0 0
    outer loop
      vertex 240 27.5462 79.3928
      vertex 240 0 107.6
      vertex 240 25.9474 77
    endloop
  endfacet
  facet normal 1 0 0
    outer loop
      vertex 240 29.4436 81.5564
      vertex 240 0 107.6
      vertex 240 27.5462 79.3928
    endloop
  endfacet
  facet normal 1 0 0
    outer loop
      vertex 240 31.6072 83.4538
      vertex 240 0 107.6
      vertex 240 29.4436 81.5564
    endloop
  endfacet
  facet normal 1 0 0
    outer loop
      vertex 240 34 85.0526
      vertex 240 0 107.6
      vertex 240 31.6072 83.4538
    endloop
  endfacet
  facet normal 1 0 0
    outer loop
      vertex 240 36.581 86.3253
      vertex 240 0 107.6
      vertex 240 34 85.0526
    endloop
  endfacet
  facet normal 1 0 0
    outer loop
      vertex 240 39.306 87.2504
      vertex 240 0 107.6
      vertex 240 36.581 86.3253
    endloop
  endfacet
  facet normal 1 0 0
    outer loop
      vertex 240 42.1284 87.8118
      vertex 240 0 107.6
      vertex 240 39.306 87.2504
    endloop
  endfacet
  facet normal 1 0 0
    outer loop
      vertex 240 45 88
      vertex 240 0 107.6
      vertex 240 42.1284 87.8118
    endloop
  endfacet
  facet normal 1 0 0
    outer loop
      vertex 240 145 107.6
      vertex 240 66.8118 63.1284
      vertex 240 145 0
    endloop
  endfacet
  facet normal 1 -0 0
    outer loop
      vertex 240 66.2504 60.306
      vertex 240 145 0
      vertex 240 66.8118 63.1284
    endloop
  endfacet
  facet normal 1 -0 0
    outer loop
      vertex 240 65.3253 57.581
      vertex 240 145 0
      vertex 240 66.2504 60.306
    endloop
  endfacet
  facet normal 1 -0 0
    outer loop
      vertex 240 64.0526 55
      vertex 240 145 0
      vertex 240 65.3253 57.581
    endloop
  endfacet
  facet normal 1 0 0
    outer loop
      vertex 240 57.1997 32.251
      vertex 240 64.0526 55
      vertex 240 62.4538 52.6072
    endloop
  endfacet
  facet normal 1 0 0
    outer loop
      vertex 240 57.1997 38.851
      vertex 240 62.4538 52.6072
      vertex 240 60.5564 50.4436
    endloop
  endfacet
  facet normal 1 0 0
    outer loop
      vertex 240 57.1997 38.851
      vertex 240 60.5564 50.4436
      vertex 240 58.3927 48.5462
    endloop
  endfacet
  facet normal 1 0 0
    outer loop
      vertex 240 62.4538 52.6072
      vertex 240 57.1997 38.851
      vertex 240 57.1997 32.251
    endloop
  endfacet
  facet normal 1 0 0
    outer loop
      vertex 240 64.0526 55
      vertex 240 57.1997 32.251
      vertex 240 57.1997 30.221
    endloop
  endfacet
  facet normal 1 0 0
    outer loop
      vertex 240 64.0526 55
      vertex 240 57.1997 30.221
      vertex 240 145 0
    endloop
  endfacet
  facet normal 1 -0 0
    outer loop
      vertex 240 57.1997 23.621
      vertex 240 145 0
      vertex 240 57.1997 30.221
    endloop
  endfacet
  facet normal 1 0 0
    outer loop
      vertex 240 0 0
      vertex 240 57.1997 23.621
      vertex 240 43.1997 23.621
    endloop
  endfacet
  facet normal 1 0 0
    outer loop
      vertex 240 39.2001 38.866
      vertex 240 42.1284 44.1882
      vertex 240 39.306 44.7496
    endloop
  endfacet
  facet normal 1 0 0
    outer loop
      vertex 240 43.1997 38.851
      vertex 240 39.2001 38.866
      vertex 240 39.2001 32.266
    endloop
  endfacet
  facet normal 1 0 0
    outer loop
      vertex 240 43.1997 32.251
      vertex 240 39.2001 30.366
      vertex 240 43.1997 30.221
    endloop
  endfacet
  facet normal 1 0 0
    outer loop
      vertex 240 39.2001 23.766
      vertex 240 43.1997 30.221
      vertex 240 39.2001 30.366
    endloop
  endfacet
  facet normal 1 0 0
    outer loop
      vertex 240 43.1997 30.221
      vertex 240 39.2001 23.766
      vertex 240 43.1997 23.621
    endloop
  endfacet
  facet normal 1 0 0
    outer loop
      vertex 240 0 0
      vertex 240 43.1997 23.621
      vertex 240 39.2001 23.766
    endloop
  endfacet
  facet normal 1 0 0
    outer loop
      vertex 240 0 0
      vertex 240 39.2001 23.766
      vertex 240 25.2001 23.766
    endloop
  endfacet
  facet normal 1 0 0
    outer loop
      vertex 240 5.45 36.336
      vertex 240 24.6747 57.581
      vertex 240 23.7496 60.306
    endloop
  endfacet
  facet normal 1 0 0
    outer loop
      vertex 240 5.45 36.336
      vertex 240 23.7496 60.306
      vertex 240 23.1882 63.1284
    endloop
  endfacet
  facet normal 1 0 0
    outer loop
      vertex 240 5.45 36.336
      vertex 240 23.1882 63.1284
      vertex 240 23 66
    endloop
  endfacet
  facet normal 1 0 0
    outer loop
      vertex 240 21.45 22.836
      vertex 240 25.2001 30.366
      vertex 240 21.45 36.336
    endloop
  endfacet
  facet normal 1 0 0
    outer loop
      vertex 240 25.2001 30.366
      vertex 240 21.45 22.836
      vertex 240 25.2001 23.766
    endloop
  endfacet
  facet normal 1 0 0
    outer loop
      vertex 240 0 0
      vertex 240 25.2001 23.766
      vertex 240 21.45 22.836
    endloop
  endfacet
  facet normal 1 0 0
    outer loop
      vertex 240 0 0
      vertex 240 21.45 22.836
      vertex 240 5.45 22.836
    endloop
  endfacet
  facet normal 1 0 0
    outer loop
      vertex 240 57.1997 23.621
      vertex 240 0 0
      vertex 240 145 0
    endloop
  endfacet
  facet normal 1 0 0
    outer loop
      vertex 240 5.45 36.336
      vertex 240 0 0
      vertex 240 5.45 22.836
    endloop
  endfacet
  facet normal 0 0 1
    outer loop
      vertex 6 142 102
      vertex 3 142 102
      vertex 6 3 102
    endloop
  endfacet
  facet normal 0 0 1
    outer loop
      vertex 93 112 102
      vertex 90 112 102
      vertex 93 3 102
    endloop
  endfacet
  facet normal 0 0 1
    outer loop
      vertex 234 3 102
      vertex 237 142 102
      vertex 234 142 102
    endloop
  endfacet
  facet normal 0 0 1
    outer loop
      vertex 237 142 102
      vertex 234 3 102
      vertex 237 0 102
    endloop
  endfacet
  facet normal -0 0 1
    outer loop
      vertex 93 3 102
      vertex 237 0 102
      vertex 234 3 102
    endloop
  endfacet
  facet normal 0 0 1
    outer loop
      vertex 90 3 102
      vertex 93 3 102
      vertex 90 112 102
    endloop
  endfacet
  facet normal 0 0 1
    outer loop
      vertex 3 0 102
      vertex 93 3 102
      vertex 90 3 102
    endloop
  endfacet
  facet normal 0 0 1
    outer loop
      vertex 3 0 102
      vertex 90 3 102
      vertex 6 3 102
    endloop
  endfacet
  facet normal 0 0 1
    outer loop
      vertex 93 3 102
      vertex 3 0 102
      vertex 237 0 102
    endloop
  endfacet
  facet normal 0 0 1
    outer loop
      vertex 3 0 102
      vertex 6 3 102
      vertex 3 142 102
    endloop
  endfacet
  facet normal 1 -0 0
    outer loop
      vertex 6 3 102
      vertex 6 142 101
      vertex 6 142 102
    endloop
  endfacet
  facet normal 1 0 0
    outer loop
      vertex 6 142 101
      vertex 6 3 102
      vertex 6 3 101
    endloop
  endfacet
  facet normal 0 0 -1
    outer loop
      vertex 3 3 101
      vertex 6 142 101
      vertex 6 3 101
    endloop
  endfacet
  facet normal -0 0 -1
    outer loop
      vertex 6 142 101
      vertex 3 3 101
      vertex 3 142 101
    endloop
  endfacet
  facet normal -1 0 0
    outer loop
      vertex 234 3 101
      vertex 234 142 102
      vertex 234 142 101
    endloop
  endfacet
  facet normal -1 -0 0
    outer loop
      vertex 234 142 102
      vertex 234 3 101
      vertex 234 3 102
    endloop
  endfacet
  facet normal 0 0 -1
    outer loop
      vertex 234 3 101
      vertex 237 142 101
      vertex 237 3 101
    endloop
  endfacet
  facet normal -0 0 -1
    outer loop
      vertex 237 142 101
      vertex 234 3 101
      vertex 234 142 101
    endloop
  endfacet
  facet normal -0 0 1
    outer loop
      vertex 3 142 107.4
      vertex 5.4 0 107.4
      vertex 5.4 142 107.4
    endloop
  endfacet
  facet normal 0 0 1
    outer loop
      vertex 5.4 0 107.4
      vertex 3 142 107.4
      vertex 3 0 107.4
    endloop
  endfacet
  facet normal 1 -0 0
    outer loop
      vertex 5.4 0 107.4
      vertex 5.4 142 105.6
      vertex 5.4 142 107.4
    endloop
  endfacet
  facet normal 1 0 0
    outer loop
      vertex 5.4 142 105.6
      vertex 5.4 0 107.4
      vertex 5.4 0 105.6
    endloop
  endfacet
  facet normal 0 0 -1
    outer loop
      vertex 3 0 105.6
      vertex 5.4 142 105.6
      vertex 5.4 0 105.6
    endloop
  endfacet
  facet normal -0 0 -1
    outer loop
      vertex 5.4 142 105.6
      vertex 3 0 105.6
      vertex 3 142 105.6
    endloop
  endfacet
  facet normal -1 0 0
    outer loop
      vertex 234.6 0 105.6
      vertex 234.6 142 107.4
      vertex 234.6 142 105.6
    endloop
  endfacet
  facet normal -1 -0 0
    outer loop
      vertex 234.6 142 107.4
      vertex 234.6 0 105.6
      vertex 234.6 0 107.4
    endloop
  endfacet
  facet normal -0 0 1
    outer loop
      vertex 234.6 142 107.4
      vertex 237 0 107.4
      vertex 237 142 107.4
    endloop
  endfacet
  facet normal 0 0 1
    outer loop
      vertex 237 0 107.4
      vertex 234.6 142 107.4
      vertex 234.6 0 107.4
    endloop
  endfacet
  facet normal 0 0 -1
    outer loop
      vertex 234.6 0 105.6
      vertex 237 142 105.6
      vertex 237 0 105.6
    endloop
  endfacet
  facet normal -0 0 -1
    outer loop
      vertex 237 142 105.6
      vertex 234.6 0 105.6
      vertex 234.6 142 105.6
    endloop
  endfacet
  facet normal 0 -1 0
    outer loop
      vertex 202 142 7.4
      vertex 202 142 6
      vertex 205.6 142 7.4
    endloop
  endfacet
  facet normal 0 -1 -0
    outer loop
      vertex 209.782 142 11.0471
      vertex 205.6 142 7.4
      vertex 210.5 142 11
    endloop
  endfacet
  facet normal 0 -1 -0
    outer loop
      vertex 209.076 142 11.1874
      vertex 205.6 142 7.4
      vertex 209.782 142 11.0471
    endloop
  endfacet
  facet normal 0 -1 -0
    outer loop
      vertex 208.395 142 11.4187
      vertex 205.6 142 7.4
      vertex 209.076 142 11.1874
    endloop
  endfacet
  facet normal 0 -1 -0
    outer loop
      vertex 207.75 142 11.7369
      vertex 205.6 142 7.4
      vertex 208.395 142 11.4187
    endloop
  endfacet
  facet normal 0 -1 -0
    outer loop
      vertex 207.152 142 12.1366
      vertex 205.6 142 7.4
      vertex 207.75 142 11.7369
    endloop
  endfacet
  facet normal 0 -1 -0
    outer loop
      vertex 206.611 142 12.6109
      vertex 205.6 142 7.4
      vertex 207.152 142 12.1366
    endloop
  endfacet
  facet normal 0 -1 -0
    outer loop
      vertex 206.137 142 13.1518
      vertex 205.6 142 7.4
      vertex 206.611 142 12.6109
    endloop
  endfacet
  facet normal 0 -1 -0
    outer loop
      vertex 205.737 142 13.75
      vertex 205.6 142 7.4
      vertex 206.137 142 13.1518
    endloop
  endfacet
  facet normal 0 -1 0
    outer loop
      vertex 205.6 142 7.4
      vertex 205.737 142 13.75
      vertex 205.6 142 14.0275
    endloop
  endfacet
  facet normal 0 -1 0
    outer loop
      vertex 209 142 30
      vertex 209.782 142 21.9529
      vertex 210.5 142 22
    endloop
  endfacet
  facet normal 0 -1 0
    outer loop
      vertex 209 142 30
      vertex 209.076 142 21.8126
      vertex 209.782 142 21.9529
    endloop
  endfacet
  facet normal 0 -1 0
    outer loop
      vertex 205.6 142 29.6
      vertex 208.395 142 21.5813
      vertex 209.076 142 21.8126
    endloop
  endfacet
  facet normal 0 -1 0
    outer loop
      vertex 205.6 142 29.6
      vertex 207.75 142 21.2631
      vertex 208.395 142 21.5813
    endloop
  endfacet
  facet normal 0 -1 0
    outer loop
      vertex 205.6 142 29.6
      vertex 207.152 142 20.8634
      vertex 207.75 142 21.2631
    endloop
  endfacet
  facet normal 0 -1 0
    outer loop
      vertex 205.6 142 29.6
      vertex 206.611 142 20.3891
      vertex 207.152 142 20.8634
    endloop
  endfacet
  facet normal 0 -1 0
    outer loop
      vertex 205.6 142 29.6
      vertex 206.137 142 19.8482
      vertex 206.611 142 20.3891
    endloop
  endfacet
  facet normal 0 -1 0
    outer loop
      vertex 205.6 142 29.6
      vertex 205.737 142 19.25
      vertex 206.137 142 19.8482
    endloop
  endfacet
  facet normal -0 -1 0
    outer loop
      vertex 205.737 142 19.25
      vertex 205.6 142 29.6
      vertex 205.6 142 18.9725
    endloop
  endfacet
  facet normal 0 -1 0
    outer loop
      vertex 7 142 80
      vertex 6 142 101
      vertex 3 142 101
    endloop
  endfacet
  facet normal 0 -1 0
    outer loop
      vertex 6 142 101
      vertex 90 142 80
      vertex 234 142 101
    endloop
  endfacet
  facet normal 0 -1 0
    outer loop
      vertex 199.28 142 78.8665
      vertex 234 142 101
      vertex 90 142 80
    endloop
  endfacet
  facet normal 0 -1 0
    outer loop
      vertex 212.315 142 80.5827
      vertex 234 142 101
      vertex 209 142 80.8
    endloop
  endfacet
  facet normal 0 -1 0
    outer loop
      vertex 6 142 101
      vertex 7 142 80
      vertex 90 142 80
    endloop
  endfacet
  facet normal 0 -1 0
    outer loop
      vertex 3 142 101
      vertex 7 142 77
      vertex 7 142 80
    endloop
  endfacet
  facet normal 0 -1 0
    outer loop
      vertex 90 142 61
      vertex 90 142 77
      vertex 7 142 77
    endloop
  endfacet
  facet normal 0 -1 0
    outer loop
      vertex 183.817 142 58.7154
      vertex 90 142 77
      vertex 90 142 61
    endloop
  endfacet
  facet normal 0 -1 0
    outer loop
      vertex 90 142 77
      vertex 191.039 142 73.3605
      vertex 193.537 142 75.5512
    endloop
  endfacet
  facet normal 0 -1 0
    outer loop
      vertex 90 142 77
      vertex 188.849 142 70.8625
      vertex 191.039 142 73.3605
    endloop
  endfacet
  facet normal 0 -1 0
    outer loop
      vertex 90 142 77
      vertex 187.003 142 68.1
      vertex 188.849 142 70.8625
    endloop
  endfacet
  facet normal 0 -1 0
    outer loop
      vertex 90 142 77
      vertex 185.533 142 65.1202
      vertex 187.003 142 68.1
    endloop
  endfacet
  facet normal 0 -1 0
    outer loop
      vertex 90 142 61
      vertex 7 142 77
      vertex 7 142 61
    endloop
  endfacet
  facet normal 0 -1 0
    outer loop
      vertex 3 142 101
      vertex 7 142 61
      vertex 7 142 77
    endloop
  endfacet
  facet normal 0 -1 0
    outer loop
      vertex 3 142 101
      vertex 7 142 58
      vertex 7 142 61
    endloop
  endfacet
  facet normal 0 -1 0
    outer loop
      vertex 90 142 42
      vertex 90 142 58
      vertex 7 142 58
    endloop
  endfacet
  facet normal -0 -1 0
    outer loop
      vertex 183.817 142 52.0846
      vertex 90 142 58
      vertex 90 142 42
    endloop
  endfacet
  facet normal 0 -1 0
    outer loop
      vertex 90 142 58
      vertex 183.817 142 52.0846
      vertex 183.6 142 55.4
    endloop
  endfacet
  facet normal 0 -1 -0
    outer loop
      vertex 183.817 142 52.0846
      vertex 90 142 42
      vertex 184.465 142 48.826
    endloop
  endfacet
  facet normal 0 -1 0
    outer loop
      vertex 90 142 39
      vertex 184.465 142 48.826
      vertex 90 142 42
    endloop
  endfacet
  facet normal 0 -1 0
    outer loop
      vertex 90 142 42
      vertex 7 142 58
      vertex 7 142 42
    endloop
  endfacet
  facet normal 0 -1 0
    outer loop
      vertex 3 142 101
      vertex 7 142 42
      vertex 7 142 58
    endloop
  endfacet
  facet normal 0 -1 0
    outer loop
      vertex 3 142 3
      vertex 7 142 42
      vertex 3 142 101
    endloop
  endfacet
  facet normal 0 -1 0
    outer loop
      vertex 90 142 23
      vertex 90 142 39
      vertex 7 142 39
    endloop
  endfacet
  facet normal 0 -1 0
    outer loop
      vertex 90 142 39
      vertex 131.4 142 29.6
      vertex 191.039 142 37.4395
    endloop
  endfacet
  facet normal 0 -1 -0
    outer loop
      vertex 191.039 142 37.4395
      vertex 131.4 142 29.6
      vertex 193.537 142 35.2488
    endloop
  endfacet
  facet normal 0 -1 -0
    outer loop
      vertex 193.537 142 35.2488
      vertex 131.4 142 29.6
      vertex 196.3 142 33.403
    endloop
  endfacet
  facet normal 0 -1 -0
    outer loop
      vertex 196.3 142 33.403
      vertex 131.4 142 29.6
      vertex 199.28 142 31.9335
    endloop
  endfacet
  facet normal 0 -1 0
    outer loop
      vertex 205.6 142 29.6
      vertex 199.28 142 31.9335
      vertex 131.4 142 29.6
    endloop
  endfacet
  facet normal 0 -1 0
    outer loop
      vertex 199.28 142 31.9335
      vertex 205.6 142 29.6
      vertex 202.426 142 30.8655
    endloop
  endfacet
  facet normal 0 -1 0
    outer loop
      vertex 202.426 142 30.8655
      vertex 205.6 142 29.6
      vertex 205.685 142 30.2173
    endloop
  endfacet
  facet normal 0 -1 0
    outer loop
      vertex 90 142 23
      vertex 7 142 39
      vertex 7 142 23
    endloop
  endfacet
  facet normal 0 -1 -0
    outer loop
      vertex 7 142 42
      vertex 3 142 3
      vertex 7 142 39
    endloop
  endfacet
  facet normal 0 -1 -0
    outer loop
      vertex 7 142 39
      vertex 3 142 3
      vertex 7 142 23
    endloop
  endfacet
  facet normal 0 -1 0
    outer loop
      vertex 3 142 3
      vertex 90 142 20
      vertex 7 142 20
    endloop
  endfacet
  facet normal 0 -1 0
    outer loop
      vertex 131.4 142 7.4
      vertex 132 142 6
      vertex 132 142 7.4
    endloop
  endfacet
  facet normal -0 -1 0
    outer loop
      vertex 132 142 6
      vertex 90 142 20
      vertex 3 142 3
    endloop
  endfacet
  facet normal 0 -1 0
    outer loop
      vertex 237 142 3
      vertex 132 142 6
      vertex 3 142 3
    endloop
  endfacet
  facet normal 0 -1 0
    outer loop
      vertex 90 142 20
      vertex 132 142 6
      vertex 131.4 142 7.4
    endloop
  endfacet
  facet normal 0 -1 -0
    outer loop
      vertex 7 142 23
      vertex 3 142 3
      vertex 7 142 20
    endloop
  endfacet
  facet normal 0 -1 0
    outer loop
      vertex 6 142 101
      vertex 234 142 102
      vertex 6 142 102
    endloop
  endfacet
  facet normal 0 -1 -0
    outer loop
      vertex 234 142 102
      vertex 6 142 101
      vertex 234 142 101
    endloop
  endfacet
  facet normal 0 -1 0
    outer loop
      vertex 3 142 102
      vertex 5.4 142 105.6
      vertex 3 142 105.6
    endloop
  endfacet
  facet normal 0 -1 0
    outer loop
      vertex 5.4 142 105.6
      vertex 6 142 102
      vertex 234.6 142 105.6
    endloop
  endfacet
  facet normal 0 -1 -0
    outer loop
      vertex 5.4 142 105.6
      vertex 3 142 102
      vertex 6 142 102
    endloop
  endfacet
  facet normal 0 -1 0
    outer loop
      vertex 234 142 102
      vertex 234.6 142 105.6
      vertex 6 142 102
    endloop
  endfacet
  facet normal 0 -1 0
    outer loop
      vertex 237 142 102
      vertex 234.6 142 105.6
      vertex 234 142 102
    endloop
  endfacet
  facet normal 0 -1 0
    outer loop
      vertex 234.6 142 105.6
      vertex 237 142 102
      vertex 237 142 105.6
    endloop
  endfacet
  facet normal 0 -1 0
    outer loop
      vertex 5.4 142 105.6
      vertex 234.6 142 107.4
      vertex 5.4 142 107.4
    endloop
  endfacet
  facet normal 0 -1 -0
    outer loop
      vertex 234.6 142 107.4
      vertex 5.4 142 105.6
      vertex 234.6 142 105.6
    endloop
  endfacet
  facet normal 0 -1 0
    outer loop
      vertex 5.4 142 107.4
      vertex 3 142 107.6
      vertex 3 142 107.4
    endloop
  endfacet
  facet normal 0 -1 0
    outer loop
      vertex 3 142 107.6
      vertex 5.4 142 107.4
      vertex 237 142 107.6
    endloop
  endfacet
  facet normal 0 -1 0
    outer loop
      vertex 234.6 142 107.4
      vertex 237 142 107.6
      vertex 5.4 142 107.4
    endloop
  endfacet
  facet normal 0 -1 -0
    outer loop
      vertex 237 142 107.6
      vertex 234.6 142 107.4
      vertex 237 142 107.4
    endloop
  endfacet
  facet normal 0 -1 0
    outer loop
      vertex 215.574 142 79.9345
      vertex 234 142 101
      vertex 212.315 142 80.5827
    endloop
  endfacet
  facet normal 0 -1 0
    outer loop
      vertex 218.72 142 78.8665
      vertex 234 142 101
      vertex 215.574 142 79.9345
    endloop
  endfacet
  facet normal 0 -1 0
    outer loop
      vertex 221.7 142 77.397
      vertex 234 142 101
      vertex 218.72 142 78.8665
    endloop
  endfacet
  facet normal 0 -1 0
    outer loop
      vertex 224.463 142 75.5512
      vertex 234 142 101
      vertex 221.7 142 77.397
    endloop
  endfacet
  facet normal 0 -1 -0
    outer loop
      vertex 234 142 101
      vertex 224.463 142 75.5512
      vertex 237 142 101
    endloop
  endfacet
  facet normal 0 -1 0
    outer loop
      vertex 226.961 142 73.3605
      vertex 237 142 101
      vertex 224.463 142 75.5512
    endloop
  endfacet
  facet normal 0 -1 0
    outer loop
      vertex 229.151 142 70.8625
      vertex 237 142 101
      vertex 226.961 142 73.3605
    endloop
  endfacet
  facet normal 0 -1 0
    outer loop
      vertex 230.997 142 68.1
      vertex 237 142 101
      vertex 229.151 142 70.8625
    endloop
  endfacet
  facet normal 0 -1 0
    outer loop
      vertex 232.467 142 65.1202
      vertex 237 142 101
      vertex 230.997 142 68.1
    endloop
  endfacet
  facet normal 0 -1 0
    outer loop
      vertex 233.535 142 61.974
      vertex 237 142 101
      vertex 232.467 142 65.1202
    endloop
  endfacet
  facet normal 0 -1 0
    outer loop
      vertex 234.183 142 58.7154
      vertex 237 142 101
      vertex 233.535 142 61.974
    endloop
  endfacet
  facet normal 0 -1 0
    outer loop
      vertex 234.4 142 55.4
      vertex 237 142 101
      vertex 234.183 142 58.7154
    endloop
  endfacet
  facet normal 0 -1 -0
    outer loop
      vertex 205.685 142 30.2173
      vertex 205.6 142 29.6
      vertex 209 142 30
    endloop
  endfacet
  facet normal 0 -1 0
    outer loop
      vertex 209.076 142 21.8126
      vertex 209 142 30
      vertex 205.6 142 29.6
    endloop
  endfacet
  facet normal 0 -1 0
    outer loop
      vertex 209 142 30
      vertex 210.5 142 22
      vertex 212.315 142 30.2173
    endloop
  endfacet
  facet normal 0 -1 0
    outer loop
      vertex 211.218 142 21.9529
      vertex 212.315 142 30.2173
      vertex 210.5 142 22
    endloop
  endfacet
  facet normal 0 -1 0
    outer loop
      vertex 211.924 142 21.8126
      vertex 212.315 142 30.2173
      vertex 211.218 142 21.9529
    endloop
  endfacet
  facet normal 0 -1 0
    outer loop
      vertex 212.605 142 21.5813
      vertex 212.315 142 30.2173
      vertex 211.924 142 21.8126
    endloop
  endfacet
  facet normal 0 -1 0
    outer loop
      vertex 212.315 142 30.2173
      vertex 212.605 142 21.5813
      vertex 215.574 142 30.8655
    endloop
  endfacet
  facet normal 0 -1 0
    outer loop
      vertex 213.25 142 21.2631
      vertex 215.574 142 30.8655
      vertex 212.605 142 21.5813
    endloop
  endfacet
  facet normal 0 -1 0
    outer loop
      vertex 213.848 142 20.8634
      vertex 215.574 142 30.8655
      vertex 213.25 142 21.2631
    endloop
  endfacet
  facet normal 0 -1 0
    outer loop
      vertex 214.389 142 20.3891
      vertex 215.574 142 30.8655
      vertex 213.848 142 20.8634
    endloop
  endfacet
  facet normal 0 -1 -0
    outer loop
      vertex 215.574 142 30.8655
      vertex 214.389 142 20.3891
      vertex 218.72 142 31.9335
    endloop
  endfacet
  facet normal 0 -1 0
    outer loop
      vertex 214.863 142 19.8482
      vertex 218.72 142 31.9335
      vertex 214.389 142 20.3891
    endloop
  endfacet
  facet normal 0 -1 0
    outer loop
      vertex 215.263 142 19.25
      vertex 218.72 142 31.9335
      vertex 214.863 142 19.8482
    endloop
  endfacet
  facet normal 0 -1 -0
    outer loop
      vertex 218.72 142 31.9335
      vertex 215.263 142 19.25
      vertex 221.7 142 33.403
    endloop
  endfacet
  facet normal 0 -1 0
    outer loop
      vertex 215.581 142 18.6048
      vertex 221.7 142 33.403
      vertex 215.263 142 19.25
    endloop
  endfacet
  facet normal 0 -1 0
    outer loop
      vertex 215.813 142 17.9235
      vertex 221.7 142 33.403
      vertex 215.581 142 18.6048
    endloop
  endfacet
  facet normal 0 -1 0
    outer loop
      vertex 215.953 142 17.2179
      vertex 221.7 142 33.403
      vertex 215.813 142 17.9235
    endloop
  endfacet
  facet normal 0 -1 -0
    outer loop
      vertex 221.7 142 33.403
      vertex 215.953 142 17.2179
      vertex 224.463 142 35.2488
    endloop
  endfacet
  facet normal 0 -1 0
    outer loop
      vertex 237 142 3
      vertex 224.463 142 35.2488
      vertex 215.953 142 17.2179
    endloop
  endfacet
  facet normal 0 -1 0
    outer loop
      vertex 226.961 142 37.4395
      vertex 237 142 3
      vertex 229.151 142 39.9375
    endloop
  endfacet
  facet normal 0 -1 0
    outer loop
      vertex 224.463 142 35.2488
      vertex 237 142 3
      vertex 226.961 142 37.4395
    endloop
  endfacet
  facet normal 0 -1 0
    outer loop
      vertex 237 142 3
      vertex 215.953 142 17.2179
      vertex 216 142 16.5
    endloop
  endfacet
  facet normal 0 -1 0
    outer loop
      vertex 237 142 3
      vertex 216 142 16.5
      vertex 215.953 142 15.7821
    endloop
  endfacet
  facet normal 0 -1 0
    outer loop
      vertex 237 142 3
      vertex 215.953 142 15.7821
      vertex 215.813 142 15.0765
    endloop
  endfacet
  facet normal 0 -1 0
    outer loop
      vertex 237 142 3
      vertex 215.813 142 15.0765
      vertex 215.581 142 14.3952
    endloop
  endfacet
  facet normal 0 -1 0
    outer loop
      vertex 237 142 3
      vertex 215.581 142 14.3952
      vertex 215.263 142 13.75
    endloop
  endfacet
  facet normal 0 -1 0
    outer loop
      vertex 205.6 142 7.4
      vertex 211.218 142 11.0471
      vertex 210.5 142 11
    endloop
  endfacet
  facet normal 0 -1 0
    outer loop
      vertex 205.6 142 7.4
      vertex 211.924 142 11.1874
      vertex 211.218 142 11.0471
    endloop
  endfacet
  facet normal 0 -1 0
    outer loop
      vertex 205.6 142 7.4
      vertex 212.605 142 11.4187
      vertex 211.924 142 11.1874
    endloop
  endfacet
  facet normal 0 -1 0
    outer loop
      vertex 237 142 3
      vertex 212.605 142 11.4187
      vertex 205.6 142 7.4
    endloop
  endfacet
  facet normal 0 -1 0
    outer loop
      vertex 234.4 142 55.4
      vertex 237 142 3
      vertex 237 142 101
    endloop
  endfacet
  facet normal 0 -1 0
    outer loop
      vertex 234.183 142 52.0846
      vertex 237 142 3
      vertex 234.4 142 55.4
    endloop
  endfacet
  facet normal 0 -1 0
    outer loop
      vertex 233.535 142 48.826
      vertex 237 142 3
      vertex 234.183 142 52.0846
    endloop
  endfacet
  facet normal 0 -1 0
    outer loop
      vertex 232.467 142 45.6798
      vertex 237 142 3
      vertex 233.535 142 48.826
    endloop
  endfacet
  facet normal 0 -1 0
    outer loop
      vertex 230.997 142 42.7
      vertex 237 142 3
      vertex 232.467 142 45.6798
    endloop
  endfacet
  facet normal 0 -1 0
    outer loop
      vertex 229.151 142 39.9375
      vertex 237 142 3
      vertex 230.997 142 42.7
    endloop
  endfacet
  facet normal 0 -1 0
    outer loop
      vertex 214.863 142 13.1518
      vertex 237 142 3
      vertex 215.263 142 13.75
    endloop
  endfacet
  facet normal 0 -1 0
    outer loop
      vertex 214.389 142 12.6109
      vertex 237 142 3
      vertex 214.863 142 13.1518
    endloop
  endfacet
  facet normal 0 -1 0
    outer loop
      vertex 213.848 142 12.1366
      vertex 237 142 3
      vertex 214.389 142 12.6109
    endloop
  endfacet
  facet normal 0 -1 0
    outer loop
      vertex 213.25 142 11.7369
      vertex 237 142 3
      vertex 213.848 142 12.1366
    endloop
  endfacet
  facet normal 0 -1 0
    outer loop
      vertex 212.605 142 11.4187
      vertex 237 142 3
      vertex 213.25 142 11.7369
    endloop
  endfacet
  facet normal 0 -1 0
    outer loop
      vertex 202 142 6
      vertex 237 142 3
      vertex 205.6 142 7.4
    endloop
  endfacet
  facet normal 0 -1 0
    outer loop
      vertex 132 142 6
      vertex 237 142 3
      vertex 202 142 6
    endloop
  endfacet
  facet normal -0 -1 0
    outer loop
      vertex 202.426 142 79.9345
      vertex 234 142 101
      vertex 199.28 142 78.8665
    endloop
  endfacet
  facet normal -0 -1 0
    outer loop
      vertex 209 142 80.8
      vertex 234 142 101
      vertex 205.685 142 80.5827
    endloop
  endfacet
  facet normal -0 -1 0
    outer loop
      vertex 205.685 142 80.5827
      vertex 234 142 101
      vertex 202.426 142 79.9345
    endloop
  endfacet
  facet normal 0 -1 0
    outer loop
      vertex 90 142 80
      vertex 196.3 142 77.397
      vertex 199.28 142 78.8665
    endloop
  endfacet
  facet normal 0 -1 0
    outer loop
      vertex 193.537 142 75.5512
      vertex 90 142 80
      vertex 90 142 77
    endloop
  endfacet
  facet normal 0 -1 0
    outer loop
      vertex 90 142 80
      vertex 193.537 142 75.5512
      vertex 196.3 142 77.397
    endloop
  endfacet
  facet normal 0 -1 0
    outer loop
      vertex 90 142 77
      vertex 184.465 142 61.974
      vertex 185.533 142 65.1202
    endloop
  endfacet
  facet normal 0 -1 0
    outer loop
      vertex 90 142 77
      vertex 183.817 142 58.7154
      vertex 184.465 142 61.974
    endloop
  endfacet
  facet normal 0 -1 0
    outer loop
      vertex 183.6 142 55.4
      vertex 90 142 61
      vertex 90 142 58
    endloop
  endfacet
  facet normal 0 -1 0
    outer loop
      vertex 90 142 61
      vertex 183.6 142 55.4
      vertex 183.817 142 58.7154
    endloop
  endfacet
  facet normal 0 -1 -0
    outer loop
      vertex 184.465 142 48.826
      vertex 90 142 39
      vertex 185.533 142 45.6798
    endloop
  endfacet
  facet normal 0 -1 -0
    outer loop
      vertex 185.533 142 45.6798
      vertex 90 142 39
      vertex 187.003 142 42.7
    endloop
  endfacet
  facet normal 0 -1 -0
    outer loop
      vertex 187.003 142 42.7
      vertex 90 142 39
      vertex 188.849 142 39.9375
    endloop
  endfacet
  facet normal 0 -1 -0
    outer loop
      vertex 188.849 142 39.9375
      vertex 90 142 39
      vertex 191.039 142 37.4395
    endloop
  endfacet
  facet normal 0 -1 0
    outer loop
      vertex 90 142 39
      vertex 90 142 23
      vertex 131.4 142 29.6
    endloop
  endfacet
  facet normal 0 -1 0
    outer loop
      vertex 90 142 20
      vertex 131.4 142 29.6
      vertex 90 142 23
    endloop
  endfacet
  facet normal 0 -1 -0
    outer loop
      vertex 131.4 142 29.6
      vertex 90 142 20
      vertex 131.4 142 7.4
    endloop
  endfacet
  facet normal -1 0 0
    outer loop
      vertex 6.4 4 3.4
      vertex 6.4 7.99 3
      vertex 6.4 4 3
    endloop
  endfacet
  facet normal -1 0 0
    outer loop
      vertex 6.4 7.99 3
      vertex 6.4 4 3.4
      vertex 6.4 7.99 3.7
    endloop
  endfacet
  facet normal -0 0 1
    outer loop
      vertex 7 112 4
      vertex 9 11.98 4
      vertex 9 112 4
    endloop
  endfacet
  facet normal 0 0 1
    outer loop
      vertex 9 11.98 4
      vertex 7 112 4
      vertex 7 11.98 4
    endloop
  endfacet
  facet normal -0 0 1
    outer loop
      vertex 7 115 4
      vertex 9 113.5 4
      vertex 9 115 4
    endloop
  endfacet
  facet normal 0 0 1
    outer loop
      vertex 9 113.5 4
      vertex 7 115 4
      vertex 7 113.5 4
    endloop
  endfacet
  facet normal 1 0 0
    outer loop
      vertex 9 113.5 12
      vertex 9 112 12
      vertex 9 113.5 4
    endloop
  endfacet
  facet normal 1 -0 0
    outer loop
      vertex 9 113.5 4
      vertex 9 115 3
      vertex 9 115 4
    endloop
  endfacet
  facet normal 1 0 0
    outer loop
      vertex 9 112 4
      vertex 9 113.5 4
      vertex 9 112 12
    endloop
  endfacet
  facet normal 1 -0 0
    outer loop
      vertex 9 112 4
      vertex 9 115 3
      vertex 9 113.5 4
    endloop
  endfacet
  facet normal 1 -0 0
    outer loop
      vertex 9 11.98 4
      vertex 9 115 3
      vertex 9 112 4
    endloop
  endfacet
  facet normal 1 0 0
    outer loop
      vertex 9 4 3
      vertex 9 11.98 4
      vertex 9 4 3.4
    endloop
  endfacet
  facet normal 1 0 0
    outer loop
      vertex 9 11.98 4
      vertex 9 4 3
      vertex 9 115 3
    endloop
  endfacet
  facet normal 0 -0.0749763 0.997185
    outer loop
      vertex 6.4 7.99 3.7
      vertex 9 11.98 4
      vertex 7 11.98 4
    endloop
  endfacet
  facet normal 8.53748e-17 -0.0749763 0.997185
    outer loop
      vertex 9 11.98 4
      vertex 6.4 7.99 3.7
      vertex 9 4 3.4
    endloop
  endfacet
  facet normal 0 -0.0749763 0.997185
    outer loop
      vertex 9 4 3.4
      vertex 6.4 7.99 3.7
      vertex 6.4 4 3.4
    endloop
  endfacet
  facet normal 0 -1 0
    outer loop
      vertex 6.4 4 3
      vertex 9 4 3.4
      vertex 6.4 4 3.4
    endloop
  endfacet
  facet normal 0 -1 -0
    outer loop
      vertex 9 4 3.4
      vertex 6.4 4 3
      vertex 9 4 3
    endloop
  endfacet
  facet normal -1 0 0
    outer loop
      vertex 83 115 3
      vertex 83 113.5 4
      vertex 83 115 4
    endloop
  endfacet
  facet normal -1 0 0
    outer loop
      vertex 83 113.5 4
      vertex 83 112 4
      vertex 83 113.5 12
    endloop
  endfacet
  facet normal -1 0 0
    outer loop
      vertex 83 115 3
      vertex 83 112 4
      vertex 83 113.5 4
    endloop
  endfacet
  facet normal -1 0 0
    outer loop
      vertex 83 115 3
      vertex 83 11.98 4
      vertex 83 112 4
    endloop
  endfacet
  facet normal -1 0 0
    outer loop
      vertex 83 4 3
      vertex 83 11.98 4
      vertex 83 115 3
    endloop
  endfacet
  facet normal -1 0 0
    outer loop
      vertex 83 11.98 4
      vertex 83 4 3
      vertex 83 4 3.4
    endloop
  endfacet
  facet normal -1 -0 0
    outer loop
      vertex 83 113.5 12
      vertex 83 112 4
      vertex 83 112 12
    endloop
  endfacet
  facet normal -0 0 1
    outer loop
      vertex 83 112 4
      vertex 85 11.98 4
      vertex 85 112 4
    endloop
  endfacet
  facet normal 0 0 1
    outer loop
      vertex 85 11.98 4
      vertex 83 112 4
      vertex 83 11.98 4
    endloop
  endfacet
  facet normal -0 0 1
    outer loop
      vertex 83 115 4
      vertex 85 113.5 4
      vertex 85 115 4
    endloop
  endfacet
  facet normal 0 0 1
    outer loop
      vertex 85 113.5 4
      vertex 83 115 4
      vertex 83 113.5 4
    endloop
  endfacet
  facet normal 1 -0 0
    outer loop
      vertex 85.6 4 3.4
      vertex 85.6 7.99 3
      vertex 85.6 7.99 3.7
    endloop
  endfacet
  facet normal 1 0 0
    outer loop
      vertex 85.6 7.99 3
      vertex 85.6 4 3.4
      vertex 85.6 4 3
    endloop
  endfacet
  facet normal 0 -0.0749763 0.997185
    outer loop
      vertex 83 11.98 4
      vertex 85.6 7.99 3.7
      vertex 85 11.98 4
    endloop
  endfacet
  facet normal -8.53748e-17 -0.0749763 0.997185
    outer loop
      vertex 85.6 7.99 3.7
      vertex 83 11.98 4
      vertex 83 4 3.4
    endloop
  endfacet
  facet normal 0 -0.0749763 0.997185
    outer loop
      vertex 85.6 7.99 3.7
      vertex 83 4 3.4
      vertex 85.6 4 3.4
    endloop
  endfacet
  facet normal 0 -1 0
    outer loop
      vertex 83 4 3
      vertex 85.6 4 3.4
      vertex 83 4 3.4
    endloop
  endfacet
  facet normal 0 -1 -0
    outer loop
      vertex 85.6 4 3.4
      vertex 83 4 3
      vertex 85.6 4 3
    endloop
  endfacet
  facet normal -1 0 0
    outer loop
      vertex 6.4 4 22.4
      vertex 6.4 7.99 21.6
      vertex 6.4 4 21.6
    endloop
  endfacet
  facet normal -1 0 0
    outer loop
      vertex 6.4 7.99 21.6
      vertex 6.4 4 22.4
      vertex 6.4 7.99 22.7
    endloop
  endfacet
  facet normal -0 0 1
    outer loop
      vertex 7 112 23
      vertex 9 11.98 23
      vertex 9 112 23
    endloop
  endfacet
  facet normal 0 0 1
    outer loop
      vertex 9 11.98 23
      vertex 7 112 23
      vertex 7 11.98 23
    endloop
  endfacet
  facet normal -0 0 1
    outer loop
      vertex 7 115 23
      vertex 9 113.5 23
      vertex 9 115 23
    endloop
  endfacet
  facet normal 0 0 1
    outer loop
      vertex 9 113.5 23
      vertex 7 115 23
      vertex 7 113.5 23
    endloop
  endfacet
  facet normal 1 0 0
    outer loop
      vertex 9 113.5 31
      vertex 9 112 31
      vertex 9 113.5 23
    endloop
  endfacet
  facet normal 1 -0 0
    outer loop
      vertex 9 113.5 23
      vertex 9 115 21.6
      vertex 9 115 23
    endloop
  endfacet
  facet normal 1 0 0
    outer loop
      vertex 9 112 23
      vertex 9 113.5 23
      vertex 9 112 31
    endloop
  endfacet
  facet normal 1 -0 0
    outer loop
      vertex 9 112 23
      vertex 9 115 21.6
      vertex 9 113.5 23
    endloop
  endfacet
  facet normal 1 -0 0
    outer loop
      vertex 9 11.98 23
      vertex 9 115 21.6
      vertex 9 112 23
    endloop
  endfacet
  facet normal 1 0 0
    outer loop
      vertex 9 5 21.6
      vertex 9 11.98 23
      vertex 9 5 22
    endloop
  endfacet
  facet normal 1 0 0
    outer loop
      vertex 9 11.98 23
      vertex 9 5 21.6
      vertex 9 115 21.6
    endloop
  endfacet
  facet normal 1 -0 0
    outer loop
      vertex 9 4 22.4
      vertex 9 5 22
      vertex 9 11.98 23
    endloop
  endfacet
  facet normal 1 0 0
    outer loop
      vertex 9 5 22
      vertex 9 4 22.4
      vertex 9 4 22
    endloop
  endfacet
  facet normal 0 0 -1
    outer loop
      vertex 6.4 7.99 21.6
      vertex 9 5 21.6
      vertex 7 5 21.6
    endloop
  endfacet
  facet normal 0 0 -1
    outer loop
      vertex 9 5 21.6
      vertex 7 11.98 21.6
      vertex 9 115 21.6
    endloop
  endfacet
  facet normal -0 0 -1
    outer loop
      vertex 9 115 21.6
      vertex 7 11.98 21.6
      vertex 7 115 21.6
    endloop
  endfacet
  facet normal 0 0 -1
    outer loop
      vertex 6.4 4 21.6
      vertex 7 5 21.6
      vertex 7 4 21.6
    endloop
  endfacet
  facet normal -0 0 -1
    outer loop
      vertex 7 5 21.6
      vertex 6.4 4 21.6
      vertex 6.4 7.99 21.6
    endloop
  endfacet
  facet normal 0 0 -1
    outer loop
      vertex 9 5 21.6
      vertex 6.4 7.99 21.6
      vertex 7 11.98 21.6
    endloop
  endfacet
  facet normal 0 -0.0749763 0.997185
    outer loop
      vertex 6.4 7.99 22.7
      vertex 9 11.98 23
      vertex 7 11.98 23
    endloop
  endfacet
  facet normal 0 -0.0749763 0.997185
    outer loop
      vertex 9 11.98 23
      vertex 6.4 7.99 22.7
      vertex 9 4 22.4
    endloop
  endfacet
  facet normal 0 -0.0749763 0.997185
    outer loop
      vertex 9 4 22.4
      vertex 6.4 7.99 22.7
      vertex 6.4 4 22.4
    endloop
  endfacet
  facet normal 0 -1 0
    outer loop
      vertex 6.4 4 22.4
      vertex 7 4 22
      vertex 9 4 22.4
    endloop
  endfacet
  facet normal 0 -1 0
    outer loop
      vertex 6.4 4 21.6
      vertex 7 4 22
      vertex 6.4 4 22.4
    endloop
  endfacet
  facet normal 0 -1 -0
    outer loop
      vertex 7 4 22
      vertex 6.4 4 21.6
      vertex 7 4 21.6
    endloop
  endfacet
  facet normal 0 -1 -0
    outer loop
      vertex 9 4 22.4
      vertex 7 4 22
      vertex 9 4 22
    endloop
  endfacet
  facet normal -1 0 0
    outer loop
      vertex 83 115 21.6
      vertex 83 113.5 23
      vertex 83 115 23
    endloop
  endfacet
  facet normal -1 0 0
    outer loop
      vertex 83 113.5 23
      vertex 83 112 23
      vertex 83 113.5 31
    endloop
  endfacet
  facet normal -1 0 0
    outer loop
      vertex 83 115 21.6
      vertex 83 112 23
      vertex 83 113.5 23
    endloop
  endfacet
  facet normal -1 0 0
    outer loop
      vertex 83 115 21.6
      vertex 83 11.98 23
      vertex 83 112 23
    endloop
  endfacet
  facet normal -1 0 0
    outer loop
      vertex 83 5 21.6
      vertex 83 11.98 23
      vertex 83 115 21.6
    endloop
  endfacet
  facet normal -1 0 0
    outer loop
      vertex 83 5 22
      vertex 83 11.98 23
      vertex 83 5 21.6
    endloop
  endfacet
  facet normal -1 0 0
    outer loop
      vertex 83 4 22.4
      vertex 83 5 22
      vertex 83 4 22
    endloop
  endfacet
  facet normal -1 0 0
    outer loop
      vertex 83 5 22
      vertex 83 4 22.4
      vertex 83 11.98 23
    endloop
  endfacet
  facet normal -1 -0 0
    outer loop
      vertex 83 113.5 31
      vertex 83 112 23
      vertex 83 112 31
    endloop
  endfacet
  facet normal -0 0 1
    outer loop
      vertex 83 112 23
      vertex 85 11.98 23
      vertex 85 112 23
    endloop
  endfacet
  facet normal 0 0 1
    outer loop
      vertex 85 11.98 23
      vertex 83 112 23
      vertex 83 11.98 23
    endloop
  endfacet
  facet normal -0 0 1
    outer loop
      vertex 83 115 23
      vertex 85 113.5 23
      vertex 85 115 23
    endloop
  endfacet
  facet normal 0 0 1
    outer loop
      vertex 85 113.5 23
      vertex 83 115 23
      vertex 83 113.5 23
    endloop
  endfacet
  facet normal 1 -0 0
    outer loop
      vertex 85.6 4 22.4
      vertex 85.6 7.99 21.6
      vertex 85.6 7.99 22.7
    endloop
  endfacet
  facet normal 1 0 0
    outer loop
      vertex 85.6 7.99 21.6
      vertex 85.6 4 22.4
      vertex 85.6 4 21.6
    endloop
  endfacet
  facet normal 0 0 -1
    outer loop
      vertex 85 5 21.6
      vertex 85.6 4 21.6
      vertex 85 4 21.6
    endloop
  endfacet
  facet normal 0 0 -1
    outer loop
      vertex 85.6 4 21.6
      vertex 85 5 21.6
      vertex 85.6 7.99 21.6
    endloop
  endfacet
  facet normal 0 0 -1
    outer loop
      vertex 83 5 21.6
      vertex 85.6 7.99 21.6
      vertex 85 5 21.6
    endloop
  endfacet
  facet normal -0 0 -1
    outer loop
      vertex 85.6 7.99 21.6
      vertex 83 5 21.6
      vertex 85 11.98 21.6
    endloop
  endfacet
  facet normal 0 0 -1
    outer loop
      vertex 83 115 21.6
      vertex 85 11.98 21.6
      vertex 83 5 21.6
    endloop
  endfacet
  facet normal 0 0 -1
    outer loop
      vertex 85 11.98 21.6
      vertex 83 115 21.6
      vertex 85 115 21.6
    endloop
  endfacet
  facet normal 0 -0.0749763 0.997185
    outer loop
      vertex 83 11.98 23
      vertex 85.6 7.99 22.7
      vertex 85 11.98 23
    endloop
  endfacet
  facet normal 0 -0.0749763 0.997185
    outer loop
      vertex 85.6 7.99 22.7
      vertex 83 11.98 23
      vertex 83 4 22.4
    endloop
  endfacet
  facet normal 0 -0.0749763 0.997185
    outer loop
      vertex 85.6 7.99 22.7
      vertex 83 4 22.4
      vertex 85.6 4 22.4
    endloop
  endfacet
  facet normal 0 -1 0
    outer loop
      vertex 85 4 22
      vertex 83 4 22.4
      vertex 83 4 22
    endloop
  endfacet
  facet normal 0 -1 0
    outer loop
      vertex 83 4 22.4
      vertex 85 4 22
      vertex 85.6 4 22.4
    endloop
  endfacet
  facet normal 0 -1 0
    outer loop
      vertex 85.6 4 21.6
      vertex 85 4 22
      vertex 85 4 21.6
    endloop
  endfacet
  facet normal 0 -1 0
    outer loop
      vertex 85 4 22
      vertex 85.6 4 21.6
      vertex 85.6 4 22.4
    endloop
  endfacet
  facet normal -1 0 0
    outer loop
      vertex 6.4 4 41.4
      vertex 6.4 7.99 40.6
      vertex 6.4 4 40.6
    endloop
  endfacet
  facet normal -1 0 0
    outer loop
      vertex 6.4 7.99 40.6
      vertex 6.4 4 41.4
      vertex 6.4 7.99 41.7
    endloop
  endfacet
  facet normal -0 0 1
    outer loop
      vertex 7 115 42
      vertex 9 113.5 42
      vertex 9 115 42
    endloop
  endfacet
  facet normal 0 0 1
    outer loop
      vertex 9 113.5 42
      vertex 7 115 42
      vertex 7 113.5 42
    endloop
  endfacet
  facet normal -0 0 1
    outer loop
      vertex 7 112 42
      vertex 9 11.98 42
      vertex 9 112 42
    endloop
  endfacet
  facet normal 0 0 1
    outer loop
      vertex 9 11.98 42
      vertex 7 112 42
      vertex 7 11.98 42
    endloop
  endfacet
  facet normal 1 0 0
    outer loop
      vertex 9 113.5 50
      vertex 9 112 50
      vertex 9 113.5 42
    endloop
  endfacet
  facet normal 1 -0 0
    outer loop
      vertex 9 113.5 42
      vertex 9 115 40.6
      vertex 9 115 42
    endloop
  endfacet
  facet normal 1 0 0
    outer loop
      vertex 9 112 42
      vertex 9 113.5 42
      vertex 9 112 50
    endloop
  endfacet
  facet normal 1 -0 0
    outer loop
      vertex 9 112 42
      vertex 9 115 40.6
      vertex 9 113.5 42
    endloop
  endfacet
  facet normal 1 -0 0
    outer loop
      vertex 9 11.98 42
      vertex 9 115 40.6
      vertex 9 112 42
    endloop
  endfacet
  facet normal 1 0 0
    outer loop
      vertex 9 5 40.6
      vertex 9 11.98 42
      vertex 9 5 41
    endloop
  endfacet
  facet normal 1 0 0
    outer loop
      vertex 9 11.98 42
      vertex 9 5 40.6
      vertex 9 115 40.6
    endloop
  endfacet
  facet normal 1 -0 0
    outer loop
      vertex 9 4 41.4
      vertex 9 5 41
      vertex 9 11.98 42
    endloop
  endfacet
  facet normal 1 0 0
    outer loop
      vertex 9 5 41
      vertex 9 4 41.4
      vertex 9 4 41
    endloop
  endfacet
  facet normal 0 0 -1
    outer loop
      vertex 6.4 7.99 40.6
      vertex 9 5 40.6
      vertex 7 5 40.6
    endloop
  endfacet
  facet normal 0 0 -1
    outer loop
      vertex 9 5 40.6
      vertex 7 11.98 40.6
      vertex 9 115 40.6
    endloop
  endfacet
  facet normal -0 0 -1
    outer loop
      vertex 9 115 40.6
      vertex 7 11.98 40.6
      vertex 7 115 40.6
    endloop
  endfacet
  facet normal 0 0 -1
    outer loop
      vertex 6.4 4 40.6
      vertex 7 5 40.6
      vertex 7 4 40.6
    endloop
  endfacet
  facet normal -0 0 -1
    outer loop
      vertex 7 5 40.6
      vertex 6.4 4 40.6
      vertex 6.4 7.99 40.6
    endloop
  endfacet
  facet normal 0 0 -1
    outer loop
      vertex 9 5 40.6
      vertex 6.4 7.99 40.6
      vertex 7 11.98 40.6
    endloop
  endfacet
  facet normal 0 -0.0749763 0.997185
    outer loop
      vertex 6.4 7.99 41.7
      vertex 9 11.98 42
      vertex 7 11.98 42
    endloop
  endfacet
  facet normal 1.366e-15 -0.0749763 0.997185
    outer loop
      vertex 9 11.98 42
      vertex 6.4 7.99 41.7
      vertex 9 4 41.4
    endloop
  endfacet
  facet normal 0 -0.0749763 0.997185
    outer loop
      vertex 9 4 41.4
      vertex 6.4 7.99 41.7
      vertex 6.4 4 41.4
    endloop
  endfacet
  facet normal 0 -1 0
    outer loop
      vertex 6.4 4 41.4
      vertex 7 4 41
      vertex 9 4 41.4
    endloop
  endfacet
  facet normal 0 -1 0
    outer loop
      vertex 6.4 4 40.6
      vertex 7 4 41
      vertex 6.4 4 41.4
    endloop
  endfacet
  facet normal 0 -1 -0
    outer loop
      vertex 7 4 41
      vertex 6.4 4 40.6
      vertex 7 4 40.6
    endloop
  endfacet
  facet normal 0 -1 -0
    outer loop
      vertex 9 4 41.4
      vertex 7 4 41
      vertex 9 4 41
    endloop
  endfacet
  facet normal -1 0 0
    outer loop
      vertex 83 115 40.6
      vertex 83 113.5 42
      vertex 83 115 42
    endloop
  endfacet
  facet normal -1 0 0
    outer loop
      vertex 83 113.5 42
      vertex 83 112 42
      vertex 83 113.5 50
    endloop
  endfacet
  facet normal -1 0 0
    outer loop
      vertex 83 115 40.6
      vertex 83 112 42
      vertex 83 113.5 42
    endloop
  endfacet
  facet normal -1 0 0
    outer loop
      vertex 83 115 40.6
      vertex 83 11.98 42
      vertex 83 112 42
    endloop
  endfacet
  facet normal -1 0 0
    outer loop
      vertex 83 5 40.6
      vertex 83 11.98 42
      vertex 83 115 40.6
    endloop
  endfacet
  facet normal -1 0 0
    outer loop
      vertex 83 5 41
      vertex 83 11.98 42
      vertex 83 5 40.6
    endloop
  endfacet
  facet normal -1 0 0
    outer loop
      vertex 83 4 41.4
      vertex 83 5 41
      vertex 83 4 41
    endloop
  endfacet
  facet normal -1 0 0
    outer loop
      vertex 83 5 41
      vertex 83 4 41.4
      vertex 83 11.98 42
    endloop
  endfacet
  facet normal -1 -0 0
    outer loop
      vertex 83 113.5 50
      vertex 83 112 42
      vertex 83 112 50
    endloop
  endfacet
  facet normal -0 0 1
    outer loop
      vertex 83 112 42
      vertex 85 11.98 42
      vertex 85 112 42
    endloop
  endfacet
  facet normal 0 0 1
    outer loop
      vertex 85 11.98 42
      vertex 83 112 42
      vertex 83 11.98 42
    endloop
  endfacet
  facet normal -0 0 1
    outer loop
      vertex 83 115 42
      vertex 85 113.5 42
      vertex 85 115 42
    endloop
  endfacet
  facet normal 0 0 1
    outer loop
      vertex 85 113.5 42
      vertex 83 115 42
      vertex 83 113.5 42
    endloop
  endfacet
  facet normal 1 -0 0
    outer loop
      vertex 85.6 4 41.4
      vertex 85.6 7.99 40.6
      vertex 85.6 7.99 41.7
    endloop
  endfacet
  facet normal 1 0 0
    outer loop
      vertex 85.6 7.99 40.6
      vertex 85.6 4 41.4
      vertex 85.6 4 40.6
    endloop
  endfacet
  facet normal 0 0 -1
    outer loop
      vertex 85 5 40.6
      vertex 85.6 4 40.6
      vertex 85 4 40.6
    endloop
  endfacet
  facet normal 0 0 -1
    outer loop
      vertex 85.6 4 40.6
      vertex 85 5 40.6
      vertex 85.6 7.99 40.6
    endloop
  endfacet
  facet normal 0 0 -1
    outer loop
      vertex 83 5 40.6
      vertex 85.6 7.99 40.6
      vertex 85 5 40.6
    endloop
  endfacet
  facet normal -0 0 -1
    outer loop
      vertex 85.6 7.99 40.6
      vertex 83 5 40.6
      vertex 85 11.98 40.6
    endloop
  endfacet
  facet normal 0 0 -1
    outer loop
      vertex 83 115 40.6
      vertex 85 11.98 40.6
      vertex 83 5 40.6
    endloop
  endfacet
  facet normal 0 0 -1
    outer loop
      vertex 85 11.98 40.6
      vertex 83 115 40.6
      vertex 85 115 40.6
    endloop
  endfacet
  facet normal 0 -0.0749763 0.997185
    outer loop
      vertex 83 11.98 42
      vertex 85.6 7.99 41.7
      vertex 85 11.98 42
    endloop
  endfacet
  facet normal -1.366e-15 -0.0749763 0.997185
    outer loop
      vertex 85.6 7.99 41.7
      vertex 83 11.98 42
      vertex 83 4 41.4
    endloop
  endfacet
  facet normal 0 -0.0749763 0.997185
    outer loop
      vertex 85.6 7.99 41.7
      vertex 83 4 41.4
      vertex 85.6 4 41.4
    endloop
  endfacet
  facet normal 0 -1 0
    outer loop
      vertex 85 4 41
      vertex 83 4 41.4
      vertex 83 4 41
    endloop
  endfacet
  facet normal 0 -1 0
    outer loop
      vertex 83 4 41.4
      vertex 85 4 41
      vertex 85.6 4 41.4
    endloop
  endfacet
  facet normal 0 -1 0
    outer loop
      vertex 85.6 4 40.6
      vertex 85 4 41
      vertex 85 4 40.6
    endloop
  endfacet
  facet normal 0 -1 0
    outer loop
      vertex 85 4 41
      vertex 85.6 4 40.6
      vertex 85.6 4 41.4
    endloop
  endfacet
  facet normal -1 0 0
    outer loop
      vertex 6.4 4 60.4
      vertex 6.4 7.99 59.6
      vertex 6.4 4 59.6
    endloop
  endfacet
  facet normal -1 0 0
    outer loop
      vertex 6.4 7.99 59.6
      vertex 6.4 4 60.4
      vertex 6.4 7.99 60.7
    endloop
  endfacet
  facet normal -0 0 1
    outer loop
      vertex 7 112 61
      vertex 9 11.98 61
      vertex 9 112 61
    endloop
  endfacet
  facet normal 0 0 1
    outer loop
      vertex 9 11.98 61
      vertex 7 112 61
      vertex 7 11.98 61
    endloop
  endfacet
  facet normal -0 0 1
    outer loop
      vertex 7 115 61
      vertex 9 113.5 61
      vertex 9 115 61
    endloop
  endfacet
  facet normal 0 0 1
    outer loop
      vertex 9 113.5 61
      vertex 7 115 61
      vertex 7 113.5 61
    endloop
  endfacet
  facet normal 1 0 0
    outer loop
      vertex 9 113.5 69
      vertex 9 112 69
      vertex 9 113.5 61
    endloop
  endfacet
  facet normal 1 -0 0
    outer loop
      vertex 9 113.5 61
      vertex 9 115 59.6
      vertex 9 115 61
    endloop
  endfacet
  facet normal 1 0 0
    outer loop
      vertex 9 112 61
      vertex 9 113.5 61
      vertex 9 112 69
    endloop
  endfacet
  facet normal 1 -0 0
    outer loop
      vertex 9 112 61
      vertex 9 115 59.6
      vertex 9 113.5 61
    endloop
  endfacet
  facet normal 1 -0 0
    outer loop
      vertex 9 11.98 61
      vertex 9 115 59.6
      vertex 9 112 61
    endloop
  endfacet
  facet normal 1 0 0
    outer loop
      vertex 9 5 59.6
      vertex 9 11.98 61
      vertex 9 5 60
    endloop
  endfacet
  facet normal 1 0 0
    outer loop
      vertex 9 11.98 61
      vertex 9 5 59.6
      vertex 9 115 59.6
    endloop
  endfacet
  facet normal 1 -0 0
    outer loop
      vertex 9 4 60.4
      vertex 9 5 60
      vertex 9 11.98 61
    endloop
  endfacet
  facet normal 1 0 0
    outer loop
      vertex 9 5 60
      vertex 9 4 60.4
      vertex 9 4 60
    endloop
  endfacet
  facet normal 0 0 -1
    outer loop
      vertex 6.4 7.99 59.6
      vertex 9 5 59.6
      vertex 7 5 59.6
    endloop
  endfacet
  facet normal 0 0 -1
    outer loop
      vertex 9 5 59.6
      vertex 7 11.98 59.6
      vertex 9 115 59.6
    endloop
  endfacet
  facet normal -0 0 -1
    outer loop
      vertex 9 115 59.6
      vertex 7 11.98 59.6
      vertex 7 115 59.6
    endloop
  endfacet
  facet normal 0 0 -1
    outer loop
      vertex 6.4 4 59.6
      vertex 7 5 59.6
      vertex 7 4 59.6
    endloop
  endfacet
  facet normal -0 0 -1
    outer loop
      vertex 7 5 59.6
      vertex 6.4 4 59.6
      vertex 6.4 7.99 59.6
    endloop
  endfacet
  facet normal 0 0 -1
    outer loop
      vertex 9 5 59.6
      vertex 6.4 7.99 59.6
      vertex 7 11.98 59.6
    endloop
  endfacet
  facet normal 0 -0.0749763 0.997185
    outer loop
      vertex 6.4 7.99 60.7
      vertex 9 11.98 61
      vertex 7 11.98 61
    endloop
  endfacet
  facet normal 1.366e-15 -0.0749763 0.997185
    outer loop
      vertex 9 11.98 61
      vertex 6.4 7.99 60.7
      vertex 9 4 60.4
    endloop
  endfacet
  facet normal 0 -0.0749763 0.997185
    outer loop
      vertex 9 4 60.4
      vertex 6.4 7.99 60.7
      vertex 6.4 4 60.4
    endloop
  endfacet
  facet normal 0 -1 0
    outer loop
      vertex 6.4 4 60.4
      vertex 7 4 60
      vertex 9 4 60.4
    endloop
  endfacet
  facet normal 0 -1 0
    outer loop
      vertex 6.4 4 59.6
      vertex 7 4 60
      vertex 6.4 4 60.4
    endloop
  endfacet
  facet normal 0 -1 -0
    outer loop
      vertex 7 4 60
      vertex 6.4 4 59.6
      vertex 7 4 59.6
    endloop
  endfacet
  facet normal 0 -1 -0
    outer loop
      vertex 9 4 60.4
      vertex 7 4 60
      vertex 9 4 60
    endloop
  endfacet
  facet normal -1 0 0
    outer loop
      vertex 83 115 59.6
      vertex 83 113.5 61
      vertex 83 115 61
    endloop
  endfacet
  facet normal -1 0 0
    outer loop
      vertex 83 113.5 61
      vertex 83 112 61
      vertex 83 113.5 69
    endloop
  endfacet
  facet normal -1 0 0
    outer loop
      vertex 83 115 59.6
      vertex 83 112 61
      vertex 83 113.5 61
    endloop
  endfacet
  facet normal -1 0 0
    outer loop
      vertex 83 115 59.6
      vertex 83 11.98 61
      vertex 83 112 61
    endloop
  endfacet
  facet normal -1 0 0
    outer loop
      vertex 83 5 59.6
      vertex 83 11.98 61
      vertex 83 115 59.6
    endloop
  endfacet
  facet normal -1 0 0
    outer loop
      vertex 83 5 60
      vertex 83 11.98 61
      vertex 83 5 59.6
    endloop
  endfacet
  facet normal -1 0 0
    outer loop
      vertex 83 4 60.4
      vertex 83 5 60
      vertex 83 4 60
    endloop
  endfacet
  facet normal -1 0 0
    outer loop
      vertex 83 5 60
      vertex 83 4 60.4
      vertex 83 11.98 61
    endloop
  endfacet
  facet normal -1 -0 0
    outer loop
      vertex 83 113.5 69
      vertex 83 112 61
      vertex 83 112 69
    endloop
  endfacet
  facet normal -0 0 1
    outer loop
      vertex 83 112 61
      vertex 85 11.98 61
      vertex 85 112 61
    endloop
  endfacet
  facet normal 0 0 1
    outer loop
      vertex 85 11.98 61
      vertex 83 112 61
      vertex 83 11.98 61
    endloop
  endfacet
  facet normal -0 0 1
    outer loop
      vertex 83 115 61
      vertex 85 113.5 61
      vertex 85 115 61
    endloop
  endfacet
  facet normal 0 0 1
    outer loop
      vertex 85 113.5 61
      vertex 83 115 61
      vertex 83 113.5 61
    endloop
  endfacet
  facet normal 1 -0 0
    outer loop
      vertex 85.6 4 60.4
      vertex 85.6 7.99 59.6
      vertex 85.6 7.99 60.7
    endloop
  endfacet
  facet normal 1 0 0
    outer loop
      vertex 85.6 7.99 59.6
      vertex 85.6 4 60.4
      vertex 85.6 4 59.6
    endloop
  endfacet
  facet normal 0 0 -1
    outer loop
      vertex 85 5 59.6
      vertex 85.6 4 59.6
      vertex 85 4 59.6
    endloop
  endfacet
  facet normal 0 0 -1
    outer loop
      vertex 85.6 4 59.6
      vertex 85 5 59.6
      vertex 85.6 7.99 59.6
    endloop
  endfacet
  facet normal 0 0 -1
    outer loop
      vertex 83 5 59.6
      vertex 85.6 7.99 59.6
      vertex 85 5 59.6
    endloop
  endfacet
  facet normal -0 0 -1
    outer loop
      vertex 85.6 7.99 59.6
      vertex 83 5 59.6
      vertex 85 11.98 59.6
    endloop
  endfacet
  facet normal 0 0 -1
    outer loop
      vertex 83 115 59.6
      vertex 85 11.98 59.6
      vertex 83 5 59.6
    endloop
  endfacet
  facet normal 0 0 -1
    outer loop
      vertex 85 11.98 59.6
      vertex 83 115 59.6
      vertex 85 115 59.6
    endloop
  endfacet
  facet normal 0 -0.0749763 0.997185
    outer loop
      vertex 83 11.98 61
      vertex 85.6 7.99 60.7
      vertex 85 11.98 61
    endloop
  endfacet
  facet normal -1.366e-15 -0.0749763 0.997185
    outer loop
      vertex 85.6 7.99 60.7
      vertex 83 11.98 61
      vertex 83 4 60.4
    endloop
  endfacet
  facet normal 0 -0.0749763 0.997185
    outer loop
      vertex 85.6 7.99 60.7
      vertex 83 4 60.4
      vertex 85.6 4 60.4
    endloop
  endfacet
  facet normal 0 -1 0
    outer loop
      vertex 85 4 60
      vertex 83 4 60.4
      vertex 83 4 60
    endloop
  endfacet
  facet normal 0 -1 0
    outer loop
      vertex 83 4 60.4
      vertex 85 4 60
      vertex 85.6 4 60.4
    endloop
  endfacet
  facet normal 0 -1 0
    outer loop
      vertex 85.6 4 59.6
      vertex 85 4 60
      vertex 85 4 59.6
    endloop
  endfacet
  facet normal 0 -1 0
    outer loop
      vertex 85 4 60
      vertex 85.6 4 59.6
      vertex 85.6 4 60.4
    endloop
  endfacet
  facet normal -1 0 0
    outer loop
      vertex 6.4 4 79.4
      vertex 6.4 7.99 78.6
      vertex 6.4 4 78.6
    endloop
  endfacet
  facet normal -1 0 0
    outer loop
      vertex 6.4 7.99 78.6
      vertex 6.4 4 79.4
      vertex 6.4 7.99 79.7
    endloop
  endfacet
  facet normal -0 0 1
    outer loop
      vertex 7 112 80
      vertex 9 11.98 80
      vertex 9 112 80
    endloop
  endfacet
  facet normal 0 0 1
    outer loop
      vertex 9 11.98 80
      vertex 7 112 80
      vertex 7 11.98 80
    endloop
  endfacet
  facet normal -0 0 1
    outer loop
      vertex 7 115 80
      vertex 9 113.5 80
      vertex 9 115 80
    endloop
  endfacet
  facet normal 0 0 1
    outer loop
      vertex 9 113.5 80
      vertex 7 115 80
      vertex 7 113.5 80
    endloop
  endfacet
  facet normal 1 0 0
    outer loop
      vertex 9 113.5 88
      vertex 9 112 88
      vertex 9 113.5 80
    endloop
  endfacet
  facet normal 1 -0 0
    outer loop
      vertex 9 113.5 80
      vertex 9 115 78.6
      vertex 9 115 80
    endloop
  endfacet
  facet normal 1 0 0
    outer loop
      vertex 9 112 80
      vertex 9 113.5 80
      vertex 9 112 88
    endloop
  endfacet
  facet normal 1 -0 0
    outer loop
      vertex 9 112 80
      vertex 9 115 78.6
      vertex 9 113.5 80
    endloop
  endfacet
  facet normal 1 -0 0
    outer loop
      vertex 9 11.98 80
      vertex 9 115 78.6
      vertex 9 112 80
    endloop
  endfacet
  facet normal 1 0 0
    outer loop
      vertex 9 5 78.6
      vertex 9 11.98 80
      vertex 9 5 79
    endloop
  endfacet
  facet normal 1 0 0
    outer loop
      vertex 9 11.98 80
      vertex 9 5 78.6
      vertex 9 115 78.6
    endloop
  endfacet
  facet normal 1 -0 0
    outer loop
      vertex 9 4 79.4
      vertex 9 5 79
      vertex 9 11.98 80
    endloop
  endfacet
  facet normal 1 0 0
    outer loop
      vertex 9 5 79
      vertex 9 4 79.4
      vertex 9 4 79
    endloop
  endfacet
  facet normal 0 0 -1
    outer loop
      vertex 6.4 7.99 78.6
      vertex 9 5 78.6
      vertex 7 5 78.6
    endloop
  endfacet
  facet normal 0 0 -1
    outer loop
      vertex 9 5 78.6
      vertex 7 11.98 78.6
      vertex 9 115 78.6
    endloop
  endfacet
  facet normal -0 0 -1
    outer loop
      vertex 9 115 78.6
      vertex 7 11.98 78.6
      vertex 7 115 78.6
    endloop
  endfacet
  facet normal 0 0 -1
    outer loop
      vertex 6.4 4 78.6
      vertex 7 5 78.6
      vertex 7 4 78.6
    endloop
  endfacet
  facet normal -0 0 -1
    outer loop
      vertex 7 5 78.6
      vertex 6.4 4 78.6
      vertex 6.4 7.99 78.6
    endloop
  endfacet
  facet normal 0 0 -1
    outer loop
      vertex 9 5 78.6
      vertex 6.4 7.99 78.6
      vertex 7 11.98 78.6
    endloop
  endfacet
  facet normal 0 -0.0749763 0.997185
    outer loop
      vertex 6.4 7.99 79.7
      vertex 9 11.98 80
      vertex 7 11.98 80
    endloop
  endfacet
  facet normal 0 -0.0749763 0.997185
    outer loop
      vertex 9 11.98 80
      vertex 6.4 7.99 79.7
      vertex 9 4 79.4
    endloop
  endfacet
  facet normal 0 -0.0749763 0.997185
    outer loop
      vertex 9 4 79.4
      vertex 6.4 7.99 79.7
      vertex 6.4 4 79.4
    endloop
  endfacet
  facet normal 0 -1 0
    outer loop
      vertex 6.4 4 79.4
      vertex 7 4 79
      vertex 9 4 79.4
    endloop
  endfacet
  facet normal 0 -1 0
    outer loop
      vertex 6.4 4 78.6
      vertex 7 4 79
      vertex 6.4 4 79.4
    endloop
  endfacet
  facet normal 0 -1 -0
    outer loop
      vertex 7 4 79
      vertex 6.4 4 78.6
      vertex 7 4 78.6
    endloop
  endfacet
  facet normal 0 -1 -0
    outer loop
      vertex 9 4 79.4
      vertex 7 4 79
      vertex 9 4 79
    endloop
  endfacet
  facet normal -1 0 0
    outer loop
      vertex 83 115 78.6
      vertex 83 113.5 80
      vertex 83 115 80
    endloop
  endfacet
  facet normal -1 0 0
    outer loop
      vertex 83 113.5 80
      vertex 83 112 80
      vertex 83 113.5 88
    endloop
  endfacet
  facet normal -1 0 0
    outer loop
      vertex 83 115 78.6
      vertex 83 112 80
      vertex 83 113.5 80
    endloop
  endfacet
  facet normal -1 0 0
    outer loop
      vertex 83 115 78.6
      vertex 83 11.98 80
      vertex 83 112 80
    endloop
  endfacet
  facet normal -1 0 0
    outer loop
      vertex 83 5 78.6
      vertex 83 11.98 80
      vertex 83 115 78.6
    endloop
  endfacet
  facet normal -1 0 0
    outer loop
      vertex 83 5 79
      vertex 83 11.98 80
      vertex 83 5 78.6
    endloop
  endfacet
  facet normal -1 0 0
    outer loop
      vertex 83 4 79.4
      vertex 83 5 79
      vertex 83 4 79
    endloop
  endfacet
  facet normal -1 0 0
    outer loop
      vertex 83 5 79
      vertex 83 4 79.4
      vertex 83 11.98 80
    endloop
  endfacet
  facet normal -1 -0 0
    outer loop
      vertex 83 113.5 88
      vertex 83 112 80
      vertex 83 112 88
    endloop
  endfacet
  facet normal -0 0 1
    outer loop
      vertex 83 112 80
      vertex 85 11.98 80
      vertex 85 112 80
    endloop
  endfacet
  facet normal 0 0 1
    outer loop
      vertex 85 11.98 80
      vertex 83 112 80
      vertex 83 11.98 80
    endloop
  endfacet
  facet normal -0 0 1
    outer loop
      vertex 83 115 80
      vertex 85 113.5 80
      vertex 85 115 80
    endloop
  endfacet
  facet normal 0 0 1
    outer loop
      vertex 85 113.5 80
      vertex 83 115 80
      vertex 83 113.5 80
    endloop
  endfacet
  facet normal 1 -0 0
    outer loop
      vertex 85.6 4 79.4
      vertex 85.6 7.99 78.6
      vertex 85.6 7.99 79.7
    endloop
  endfacet
  facet normal 1 0 0
    outer loop
      vertex 85.6 7.99 78.6
      vertex 85.6 4 79.4
      vertex 85.6 4 78.6
    endloop
  endfacet
  facet normal 0 0 -1
    outer loop
      vertex 85 5 78.6
      vertex 85.6 4 78.6
      vertex 85 4 78.6
    endloop
  endfacet
  facet normal 0 0 -1
    outer loop
      vertex 85.6 4 78.6
      vertex 85 5 78.6
      vertex 85.6 7.99 78.6
    endloop
  endfacet
  facet normal 0 0 -1
    outer loop
      vertex 83 5 78.6
      vertex 85.6 7.99 78.6
      vertex 85 5 78.6
    endloop
  endfacet
  facet normal -0 0 -1
    outer loop
      vertex 85.6 7.99 78.6
      vertex 83 5 78.6
      vertex 85 11.98 78.6
    endloop
  endfacet
  facet normal 0 0 -1
    outer loop
      vertex 83 115 78.6
      vertex 85 11.98 78.6
      vertex 83 5 78.6
    endloop
  endfacet
  facet normal 0 0 -1
    outer loop
      vertex 85 11.98 78.6
      vertex 83 115 78.6
      vertex 85 115 78.6
    endloop
  endfacet
  facet normal 0 -0.0749763 0.997185
    outer loop
      vertex 83 11.98 80
      vertex 85.6 7.99 79.7
      vertex 85 11.98 80
    endloop
  endfacet
  facet normal 0 -0.0749763 0.997185
    outer loop
      vertex 85.6 7.99 79.7
      vertex 83 11.98 80
      vertex 83 4 79.4
    endloop
  endfacet
  facet normal 0 -0.0749763 0.997185
    outer loop
      vertex 85.6 7.99 79.7
      vertex 83 4 79.4
      vertex 85.6 4 79.4
    endloop
  endfacet
  facet normal 0 -1 0
    outer loop
      vertex 85 4 79
      vertex 83 4 79.4
      vertex 83 4 79
    endloop
  endfacet
  facet normal 0 -1 0
    outer loop
      vertex 83 4 79.4
      vertex 85 4 79
      vertex 85.6 4 79.4
    endloop
  endfacet
  facet normal 0 -1 0
    outer loop
      vertex 85.6 4 78.6
      vertex 85 4 79
      vertex 85 4 78.6
    endloop
  endfacet
  facet normal 0 -1 0
    outer loop
      vertex 85 4 79
      vertex 85.6 4 78.6
      vertex 85.6 4 79.4
    endloop
  endfacet
  facet normal -0 0 1
    outer loop
      vertex 7 113.5 12
      vertex 9 112 12
      vertex 9 113.5 12
    endloop
  endfacet
  facet normal 0 0 1
    outer loop
      vertex 9 112 12
      vertex 7 113.5 12
      vertex 7 112 12
    endloop
  endfacet
  facet normal 0 1 -0
    outer loop
      vertex 9 113.5 4
      vertex 7 113.5 12
      vertex 9 113.5 12
    endloop
  endfacet
  facet normal 0 1 0
    outer loop
      vertex 7 113.5 12
      vertex 9 113.5 4
      vertex 7 113.5 4
    endloop
  endfacet
  facet normal 0 -1 0
    outer loop
      vertex 7 112 4
      vertex 9 112 12
      vertex 7 112 12
    endloop
  endfacet
  facet normal 0 -1 -0
    outer loop
      vertex 9 112 12
      vertex 7 112 4
      vertex 9 112 4
    endloop
  endfacet
  facet normal -0 0 1
    outer loop
      vertex 83 113.5 12
      vertex 85 112 12
      vertex 85 113.5 12
    endloop
  endfacet
  facet normal 0 0 1
    outer loop
      vertex 85 112 12
      vertex 83 113.5 12
      vertex 83 112 12
    endloop
  endfacet
  facet normal 0 -1 0
    outer loop
      vertex 83 112 4
      vertex 85 112 12
      vertex 83 112 12
    endloop
  endfacet
  facet normal 0 -1 -0
    outer loop
      vertex 85 112 12
      vertex 83 112 4
      vertex 85 112 4
    endloop
  endfacet
  facet normal 0 1 -0
    outer loop
      vertex 85 113.5 4
      vertex 83 113.5 12
      vertex 85 113.5 12
    endloop
  endfacet
  facet normal 0 1 0
    outer loop
      vertex 83 113.5 12
      vertex 85 113.5 4
      vertex 83 113.5 4
    endloop
  endfacet
  facet normal -0 0 1
    outer loop
      vertex 7 113.5 31
      vertex 9 112 31
      vertex 9 113.5 31
    endloop
  endfacet
  facet normal 0 0 1
    outer loop
      vertex 9 112 31
      vertex 7 113.5 31
      vertex 7 112 31
    endloop
  endfacet
  facet normal 0 1 -0
    outer loop
      vertex 9 113.5 23
      vertex 7 113.5 31
      vertex 9 113.5 31
    endloop
  endfacet
  facet normal 0 1 0
    outer loop
      vertex 7 113.5 31
      vertex 9 113.5 23
      vertex 7 113.5 23
    endloop
  endfacet
  facet normal 0 -1 0
    outer loop
      vertex 7 112 23
      vertex 9 112 31
      vertex 7 112 31
    endloop
  endfacet
  facet normal 0 -1 -0
    outer loop
      vertex 9 112 31
      vertex 7 112 23
      vertex 9 112 23
    endloop
  endfacet
  facet normal -0 0 1
    outer loop
      vertex 83 113.5 31
      vertex 85 112 31
      vertex 85 113.5 31
    endloop
  endfacet
  facet normal 0 0 1
    outer loop
      vertex 85 112 31
      vertex 83 113.5 31
      vertex 83 112 31
    endloop
  endfacet
  facet normal 0 1 -0
    outer loop
      vertex 85 113.5 23
      vertex 83 113.5 31
      vertex 85 113.5 31
    endloop
  endfacet
  facet normal 0 1 0
    outer loop
      vertex 83 113.5 31
      vertex 85 113.5 23
      vertex 83 113.5 23
    endloop
  endfacet
  facet normal 0 -1 0
    outer loop
      vertex 83 112 23
      vertex 85 112 31
      vertex 83 112 31
    endloop
  endfacet
  facet normal 0 -1 -0
    outer loop
      vertex 85 112 31
      vertex 83 112 23
      vertex 85 112 23
    endloop
  endfacet
  facet normal -0 0 1
    outer loop
      vertex 7 113.5 50
      vertex 9 112 50
      vertex 9 113.5 50
    endloop
  endfacet
  facet normal 0 0 1
    outer loop
      vertex 9 112 50
      vertex 7 113.5 50
      vertex 7 112 50
    endloop
  endfacet
  facet normal 0 -1 0
    outer loop
      vertex 7 112 42
      vertex 9 112 50
      vertex 7 112 50
    endloop
  endfacet
  facet normal 0 -1 -0
    outer loop
      vertex 9 112 50
      vertex 7 112 42
      vertex 9 112 42
    endloop
  endfacet
  facet normal 0 1 -0
    outer loop
      vertex 9 113.5 42
      vertex 7 113.5 50
      vertex 9 113.5 50
    endloop
  endfacet
  facet normal 0 1 0
    outer loop
      vertex 7 113.5 50
      vertex 9 113.5 42
      vertex 7 113.5 42
    endloop
  endfacet
  facet normal -0 0 1
    outer loop
      vertex 83 113.5 50
      vertex 85 112 50
      vertex 85 113.5 50
    endloop
  endfacet
  facet normal 0 0 1
    outer loop
      vertex 85 112 50
      vertex 83 113.5 50
      vertex 83 112 50
    endloop
  endfacet
  facet normal 0 1 -0
    outer loop
      vertex 85 113.5 42
      vertex 83 113.5 50
      vertex 85 113.5 50
    endloop
  endfacet
  facet normal 0 1 0
    outer loop
      vertex 83 113.5 50
      vertex 85 113.5 42
      vertex 83 113.5 42
    endloop
  endfacet
  facet normal 0 -1 0
    outer loop
      vertex 83 112 42
      vertex 85 112 50
      vertex 83 112 50
    endloop
  endfacet
  facet normal 0 -1 -0
    outer loop
      vertex 85 112 50
      vertex 83 112 42
      vertex 85 112 42
    endloop
  endfacet
  facet normal -0 0 1
    outer loop
      vertex 7 113.5 69
      vertex 9 112 69
      vertex 9 113.5 69
    endloop
  endfacet
  facet normal 0 0 1
    outer loop
      vertex 9 112 69
      vertex 7 113.5 69
      vertex 7 112 69
    endloop
  endfacet
  facet normal 0 -1 0
    outer loop
      vertex 7 112 61
      vertex 9 112 69
      vertex 7 112 69
    endloop
  endfacet
  facet normal 0 -1 -0
    outer loop
      vertex 9 112 69
      vertex 7 112 61
      vertex 9 112 61
    endloop
  endfacet
  facet normal 0 1 -0
    outer loop
      vertex 9 113.5 61
      vertex 7 113.5 69
      vertex 9 113.5 69
    endloop
  endfacet
  facet normal 0 1 0
    outer loop
      vertex 7 113.5 69
      vertex 9 113.5 61
      vertex 7 113.5 61
    endloop
  endfacet
  facet normal -0 0 1
    outer loop
      vertex 83 113.5 69
      vertex 85 112 69
      vertex 85 113.5 69
    endloop
  endfacet
  facet normal 0 0 1
    outer loop
      vertex 85 112 69
      vertex 83 113.5 69
      vertex 83 112 69
    endloop
  endfacet
  facet normal 0 1 -0
    outer loop
      vertex 85 113.5 61
      vertex 83 113.5 69
      vertex 85 113.5 69
    endloop
  endfacet
  facet normal 0 1 0
    outer loop
      vertex 83 113.5 69
      vertex 85 113.5 61
      vertex 83 113.5 61
    endloop
  endfacet
  facet normal 0 -1 0
    outer loop
      vertex 83 112 61
      vertex 85 112 69
      vertex 83 112 69
    endloop
  endfacet
  facet normal 0 -1 -0
    outer loop
      vertex 85 112 69
      vertex 83 112 61
      vertex 85 112 61
    endloop
  endfacet
  facet normal -0 0 1
    outer loop
      vertex 7 113.5 88
      vertex 9 112 88
      vertex 9 113.5 88
    endloop
  endfacet
  facet normal 0 0 1
    outer loop
      vertex 9 112 88
      vertex 7 113.5 88
      vertex 7 112 88
    endloop
  endfacet
  facet normal 0 1 -0
    outer loop
      vertex 9 113.5 80
      vertex 7 113.5 88
      vertex 9 113.5 88
    endloop
  endfacet
  facet normal 0 1 0
    outer loop
      vertex 7 113.5 88
      vertex 9 113.5 80
      vertex 7 113.5 80
    endloop
  endfacet
  facet normal 0 -1 0
    outer loop
      vertex 7 112 80
      vertex 9 112 88
      vertex 7 112 88
    endloop
  endfacet
  facet normal 0 -1 -0
    outer loop
      vertex 9 112 88
      vertex 7 112 80
      vertex 9 112 80
    endloop
  endfacet
  facet normal -0 0 1
    outer loop
      vertex 83 113.5 88
      vertex 85 112 88
      vertex 85 113.5 88
    endloop
  endfacet
  facet normal 0 0 1
    outer loop
      vertex 85 112 88
      vertex 83 113.5 88
      vertex 83 112 88
    endloop
  endfacet
  facet normal 0 1 -0
    outer loop
      vertex 85 113.5 80
      vertex 83 113.5 88
      vertex 85 113.5 88
    endloop
  endfacet
  facet normal 0 1 0
    outer loop
      vertex 83 113.5 88
      vertex 85 113.5 80
      vertex 83 113.5 80
    endloop
  endfacet
  facet normal 0 -1 0
    outer loop
      vertex 83 112 80
      vertex 85 112 88
      vertex 83 112 88
    endloop
  endfacet
  facet normal 0 -1 -0
    outer loop
      vertex 85 112 88
      vertex 83 112 80
      vertex 85 112 80
    endloop
  endfacet
  facet normal 1 -0 0
    outer loop
      vertex 3 20 23
      vertex 3 96 14
      vertex 3 96 23
    endloop
  endfacet
  facet normal 1 0 0
    outer loop
      vertex 3 96 14
      vertex 3 20 23
      vertex 3 20 14
    endloop
  endfacet
  facet normal 1 -0 0
    outer loop
      vertex 3 20 36
      vertex 3 96 27
      vertex 3 96 36
    endloop
  endfacet
  facet normal 1 0 0
    outer loop
      vertex 3 96 27
      vertex 3 20 36
      vertex 3 20 27
    endloop
  endfacet
  facet normal 1 -0 0
    outer loop
      vertex 3 20 49
      vertex 3 96 40
      vertex 3 96 49
    endloop
  endfacet
  facet normal 1 0 0
    outer loop
      vertex 3 96 40
      vertex 3 20 49
      vertex 3 20 40
    endloop
  endfacet
  facet normal 1 -0 0
    outer loop
      vertex 3 20 62
      vertex 3 96 53
      vertex 3 96 62
    endloop
  endfacet
  facet normal 1 0 0
    outer loop
      vertex 3 96 53
      vertex 3 20 62
      vertex 3 20 53
    endloop
  endfacet
  facet normal 1 -0 0
    outer loop
      vertex 3 20 75
      vertex 3 96 66
      vertex 3 96 75
    endloop
  endfacet
  facet normal 1 0 0
    outer loop
      vertex 3 96 66
      vertex 3 20 75
      vertex 3 20 66
    endloop
  endfacet
  facet normal 1 -0 0
    outer loop
      vertex 3 20 88
      vertex 3 96 79
      vertex 3 96 88
    endloop
  endfacet
  facet normal 1 0 0
    outer loop
      vertex 3 96 79
      vertex 3 20 88
      vertex 3 20 79
    endloop
  endfacet
  facet normal 1 0 0
    outer loop
      vertex 3 96 88
      vertex 3 142 101
      vertex 3 96 92
    endloop
  endfacet
  facet normal 1 -0 0
    outer loop
      vertex 3 3 101
      vertex 3 96 92
      vertex 3 142 101
    endloop
  endfacet
  facet normal 1 0 0
    outer loop
      vertex 3 3 101
      vertex 3 20 88
      vertex 3 20 92
    endloop
  endfacet
  facet normal 1 0 0
    outer loop
      vertex 3 20 88
      vertex 3 3 101
      vertex 3 20 79
    endloop
  endfacet
  facet normal 1 0 0
    outer loop
      vertex 3 20 79
      vertex 3 3 101
      vertex 3 20 75
    endloop
  endfacet
  facet normal 1 0 0
    outer loop
      vertex 3 20 75
      vertex 3 3 101
      vertex 3 20 66
    endloop
  endfacet
  facet normal 1 0 0
    outer loop
      vertex 3 20 66
      vertex 3 3 101
      vertex 3 20 62
    endloop
  endfacet
  facet normal 1 0 0
    outer loop
      vertex 3 20 62
      vertex 3 3 101
      vertex 3 20 53
    endloop
  endfacet
  facet normal 1 0 0
    outer loop
      vertex 3 3 3
      vertex 3 20 53
      vertex 3 3 101
    endloop
  endfacet
  facet normal 1 0 0
    outer loop
      vertex 3 20 53
      vertex 3 3 3
      vertex 3 20 49
    endloop
  endfacet
  facet normal 1 0 0
    outer loop
      vertex 3 20 49
      vertex 3 3 3
      vertex 3 20 40
    endloop
  endfacet
  facet normal 1 0 0
    outer loop
      vertex 3 20 40
      vertex 3 3 3
      vertex 3 20 36
    endloop
  endfacet
  facet normal 1 0 0
    outer loop
      vertex 3 20 36
      vertex 3 3 3
      vertex 3 20 27
    endloop
  endfacet
  facet normal 1 0 0
    outer loop
      vertex 3 20 27
      vertex 3 3 3
      vertex 3 20 23
    endloop
  endfacet
  facet normal 1 0 0
    outer loop
      vertex 3 20 23
      vertex 3 3 3
      vertex 3 20 14
    endloop
  endfacet
  facet normal 1 0 0
    outer loop
      vertex 3 96 92
      vertex 3 3 101
      vertex 3 20 92
    endloop
  endfacet
  facet normal 1 0 0
    outer loop
      vertex 3 96 79
      vertex 3 142 101
      vertex 3 96 88
    endloop
  endfacet
  facet normal 1 0 0
    outer loop
      vertex 3 96 75
      vertex 3 142 101
      vertex 3 96 79
    endloop
  endfacet
  facet normal 1 0 0
    outer loop
      vertex 3 96 66
      vertex 3 142 101
      vertex 3 96 75
    endloop
  endfacet
  facet normal 1 0 0
    outer loop
      vertex 3 96 62
      vertex 3 142 101
      vertex 3 96 66
    endloop
  endfacet
  facet normal 1 0 0
    outer loop
      vertex 3 96 53
      vertex 3 142 101
      vertex 3 96 62
    endloop
  endfacet
  facet normal 1 0 0
    outer loop
      vertex 3 142 101
      vertex 3 96 53
      vertex 3 142 3
    endloop
  endfacet
  facet normal 1 -0 0
    outer loop
      vertex 3 96 49
      vertex 3 142 3
      vertex 3 96 53
    endloop
  endfacet
  facet normal 1 -0 0
    outer loop
      vertex 3 96 40
      vertex 3 142 3
      vertex 3 96 49
    endloop
  endfacet
  facet normal 1 -0 0
    outer loop
      vertex 3 96 36
      vertex 3 142 3
      vertex 3 96 40
    endloop
  endfacet
  facet normal 1 -0 0
    outer loop
      vertex 3 96 27
      vertex 3 142 3
      vertex 3 96 36
    endloop
  endfacet
  facet normal 1 -0 0
    outer loop
      vertex 3 96 23
      vertex 3 142 3
      vertex 3 96 27
    endloop
  endfacet
  facet normal 1 -0 0
    outer loop
      vertex 3 96 14
      vertex 3 142 3
      vertex 3 96 23
    endloop
  endfacet
  facet normal 1 -0 0
    outer loop
      vertex 3 96 10
      vertex 3 142 3
      vertex 3 96 14
    endloop
  endfacet
  facet normal 1 0 0
    outer loop
      vertex 3 3 3
      vertex 3 96 10
      vertex 3 20 10
    endloop
  endfacet
  facet normal 1 0 0
    outer loop
      vertex 3 96 10
      vertex 3 3 3
      vertex 3 142 3
    endloop
  endfacet
  facet normal 1 0 0
    outer loop
      vertex 3 20 14
      vertex 3 3 3
      vertex 3 20 10
    endloop
  endfacet
  facet normal -1 0 0
    outer loop
      vertex 237 62.846 63.6505
      vertex 237 142 101
      vertex 237 142 3
    endloop
  endfacet
  facet normal -1 0 0
    outer loop
      vertex 237 142 101
      vertex 237 62.846 63.6505
      vertex 237 63 66
    endloop
  endfacet
  facet normal -1 0 0
    outer loop
      vertex 237 142 3
      vertex 237 62.3867 61.3413
      vertex 237 62.846 63.6505
    endloop
  endfacet
  facet normal -1 0 0
    outer loop
      vertex 237 142 3
      vertex 237 61.6298 59.1117
      vertex 237 62.3867 61.3413
    endloop
  endfacet
  facet normal -1 0 0
    outer loop
      vertex 237 57.8497 39.5
      vertex 237 61.6298 59.1117
      vertex 237 142 3
    endloop
  endfacet
  facet normal -1 0 0
    outer loop
      vertex 237 61.6298 59.1117
      vertex 237 57.8497 39.5
      vertex 237 60.5885 57
    endloop
  endfacet
  facet normal -1 0 0
    outer loop
      vertex 237 57.8497 39.5
      vertex 237 142 3
      vertex 237 57.8497 21.1
    endloop
  endfacet
  facet normal -1 0 0
    outer loop
      vertex 237 3 3
      vertex 237 57.8497 21.1
      vertex 237 142 3
    endloop
  endfacet
  facet normal -1 0 0
    outer loop
      vertex 237 39.8501 39.5
      vertex 237 42.5497 39.5
      vertex 237 42.5497 21.1
    endloop
  endfacet
  facet normal -1 0 0
    outer loop
      vertex 237 39.8501 39.5
      vertex 237 42.5497 21.1
      vertex 237 39.8501 21.1
    endloop
  endfacet
  facet normal -1 -0 0
    outer loop
      vertex 237 57.8497 21.1
      vertex 237 3 3
      vertex 237 42.5497 21.1
    endloop
  endfacet
  facet normal -1 -0 0
    outer loop
      vertex 237 42.5497 21.1
      vertex 237 3 3
      vertex 237 39.8501 21.1
    endloop
  endfacet
  facet normal -1 0 0
    outer loop
      vertex 237 21.75 36.6
      vertex 237 24.5501 21.1
      vertex 237 21.75 20.7
    endloop
  endfacet
  facet normal -1 -0 0
    outer loop
      vertex 237 39.8501 21.1
      vertex 237 3 3
      vertex 237 24.5501 21.1
    endloop
  endfacet
  facet normal -1 0 0
    outer loop
      vertex 237 24.5501 21.1
      vertex 237 3 3
      vertex 237 21.75 20.7
    endloop
  endfacet
  facet normal -1 -0 0
    outer loop
      vertex 237 5.15 20.7
      vertex 237 3 3
      vertex 237 5.15 36.6
    endloop
  endfacet
  facet normal -1 -0 0
    outer loop
      vertex 237 21.75 20.7
      vertex 237 3 3
      vertex 237 5.15 20.7
    endloop
  endfacet
  facet normal -1 0 0
    outer loop
      vertex 237 62.846 68.3495
      vertex 237 142 101
      vertex 237 63 66
    endloop
  endfacet
  facet normal -1 0 0
    outer loop
      vertex 237 62.3867 70.6587
      vertex 237 142 101
      vertex 237 62.846 68.3495
    endloop
  endfacet
  facet normal -1 0 0
    outer loop
      vertex 237 61.6298 72.8883
      vertex 237 142 101
      vertex 237 62.3867 70.6587
    endloop
  endfacet
  facet normal -1 0 0
    outer loop
      vertex 237 60.5885 75
      vertex 237 142 101
      vertex 237 61.6298 72.8883
    endloop
  endfacet
  facet normal -1 0 0
    outer loop
      vertex 237 59.2804 76.9577
      vertex 237 142 101
      vertex 237 60.5885 75
    endloop
  endfacet
  facet normal -1 0 0
    outer loop
      vertex 237 57.7279 78.7279
      vertex 237 142 101
      vertex 237 59.2804 76.9577
    endloop
  endfacet
  facet normal -1 0 0
    outer loop
      vertex 237 55.9577 80.2804
      vertex 237 142 101
      vertex 237 57.7279 78.7279
    endloop
  endfacet
  facet normal -1 0 0
    outer loop
      vertex 237 54 81.5885
      vertex 237 142 101
      vertex 237 55.9577 80.2804
    endloop
  endfacet
  facet normal -1 0 0
    outer loop
      vertex 237 51.8883 82.6298
      vertex 237 142 101
      vertex 237 54 81.5885
    endloop
  endfacet
  facet normal -1 0 0
    outer loop
      vertex 237 49.6587 83.3867
      vertex 237 142 101
      vertex 237 51.8883 82.6298
    endloop
  endfacet
  facet normal -1 0 0
    outer loop
      vertex 237 47.3495 83.846
      vertex 237 142 101
      vertex 237 49.6587 83.3867
    endloop
  endfacet
  facet normal -1 0 0
    outer loop
      vertex 237 3 101
      vertex 237 47.3495 83.846
      vertex 237 45 84
    endloop
  endfacet
  facet normal -1 0 0
    outer loop
      vertex 237 3 101
      vertex 237 45 84
      vertex 237 42.6505 83.846
    endloop
  endfacet
  facet normal -1 -0 0
    outer loop
      vertex 237 27.154 63.6505
      vertex 237 5.15 36.6
      vertex 237 27 66
    endloop
  endfacet
  facet normal -1 0 0
    outer loop
      vertex 237 24.5501 21.1
      vertex 237 21.75 36.6
      vertex 237 24.5501 39.5
    endloop
  endfacet
  facet normal -1 0 0
    outer loop
      vertex 237 5.15 36.6
      vertex 237 24.5501 39.5
      vertex 237 21.75 36.6
    endloop
  endfacet
  facet normal -1 0 0
    outer loop
      vertex 237 3 101
      vertex 237 27 66
      vertex 237 5.15 36.6
    endloop
  endfacet
  facet normal -1 0 0
    outer loop
      vertex 237 27 66
      vertex 237 3 101
      vertex 237 27.154 68.3495
    endloop
  endfacet
  facet normal -1 0 0
    outer loop
      vertex 237 27.154 68.3495
      vertex 237 3 101
      vertex 237 27.6133 70.6587
    endloop
  endfacet
  facet normal -1 0 0
    outer loop
      vertex 237 27.6133 70.6587
      vertex 237 3 101
      vertex 237 28.3702 72.8883
    endloop
  endfacet
  facet normal -1 0 0
    outer loop
      vertex 237 47.3495 83.846
      vertex 237 3 101
      vertex 237 142 101
    endloop
  endfacet
  facet normal -1 0 0
    outer loop
      vertex 237 40.3413 83.3867
      vertex 237 3 101
      vertex 237 42.6505 83.846
    endloop
  endfacet
  facet normal -1 0 0
    outer loop
      vertex 237 38.1117 82.6298
      vertex 237 3 101
      vertex 237 40.3413 83.3867
    endloop
  endfacet
  facet normal -1 0 0
    outer loop
      vertex 237 36 81.5885
      vertex 237 3 101
      vertex 237 38.1117 82.6298
    endloop
  endfacet
  facet normal -1 0 0
    outer loop
      vertex 237 34.0423 80.2804
      vertex 237 3 101
      vertex 237 36 81.5885
    endloop
  endfacet
  facet normal -1 0 0
    outer loop
      vertex 237 32.2721 78.7279
      vertex 237 3 101
      vertex 237 34.0423 80.2804
    endloop
  endfacet
  facet normal -1 0 0
    outer loop
      vertex 237 30.7196 76.9577
      vertex 237 3 101
      vertex 237 32.2721 78.7279
    endloop
  endfacet
  facet normal -1 0 0
    outer loop
      vertex 237 29.4115 75
      vertex 237 3 101
      vertex 237 30.7196 76.9577
    endloop
  endfacet
  facet normal -1 0 0
    outer loop
      vertex 237 28.3702 72.8883
      vertex 237 3 101
      vertex 237 29.4115 75
    endloop
  endfacet
  facet normal -1 0 0
    outer loop
      vertex 237 3 101
      vertex 237 5.15 36.6
      vertex 237 3 3
    endloop
  endfacet
  facet normal -1 0 0
    outer loop
      vertex 237 60.5885 57
      vertex 237 57.8497 39.5
      vertex 237 59.2804 55.0423
    endloop
  endfacet
  facet normal -1 0 0
    outer loop
      vertex 237 57.8497 39.5
      vertex 237 57.7279 53.2721
      vertex 237 59.2804 55.0423
    endloop
  endfacet
  facet normal -1 0 0
    outer loop
      vertex 237 57.8497 39.5
      vertex 237 55.9577 51.7196
      vertex 237 57.7279 53.2721
    endloop
  endfacet
  facet normal -1 0 0
    outer loop
      vertex 237 57.8497 39.5
      vertex 237 54 50.4115
      vertex 237 55.9577 51.7196
    endloop
  endfacet
  facet normal -1 0 0
    outer loop
      vertex 237 57.8497 39.5
      vertex 237 51.8883 49.3702
      vertex 237 54 50.4115
    endloop
  endfacet
  facet normal -1 0 0
    outer loop
      vertex 237 57.8497 39.5
      vertex 237 49.6587 48.6133
      vertex 237 51.8883 49.3702
    endloop
  endfacet
  facet normal -1 0 0
    outer loop
      vertex 237 42.5497 39.5
      vertex 237 49.6587 48.6133
      vertex 237 57.8497 39.5
    endloop
  endfacet
  facet normal -1 0 0
    outer loop
      vertex 237 49.6587 48.6133
      vertex 237 42.5497 39.5
      vertex 237 47.3495 48.154
    endloop
  endfacet
  facet normal -1 0 0
    outer loop
      vertex 237 47.3495 48.154
      vertex 237 42.5497 39.5
      vertex 237 45 48
    endloop
  endfacet
  facet normal -1 -0 0
    outer loop
      vertex 237 45 48
      vertex 237 42.5497 39.5
      vertex 237 42.6505 48.154
    endloop
  endfacet
  facet normal -1 -0 0
    outer loop
      vertex 237 42.6505 48.154
      vertex 237 42.5497 39.5
      vertex 237 40.3413 48.6133
    endloop
  endfacet
  facet normal -1 0 0
    outer loop
      vertex 237 42.5497 39.5
      vertex 237 39.8501 39.5
      vertex 237 40.3413 48.6133
    endloop
  endfacet
  facet normal -1 0 0
    outer loop
      vertex 237 39.8501 39.5
      vertex 237 38.1117 49.3702
      vertex 237 40.3413 48.6133
    endloop
  endfacet
  facet normal -1 0 0
    outer loop
      vertex 237 39.8501 39.5
      vertex 237 36 50.4115
      vertex 237 38.1117 49.3702
    endloop
  endfacet
  facet normal -1 0 0
    outer loop
      vertex 237 24.5501 39.5
      vertex 237 36 50.4115
      vertex 237 39.8501 39.5
    endloop
  endfacet
  facet normal -1 -0 0
    outer loop
      vertex 237 36 50.4115
      vertex 237 24.5501 39.5
      vertex 237 34.0423 51.7196
    endloop
  endfacet
  facet normal -1 -0 0
    outer loop
      vertex 237 34.0423 51.7196
      vertex 237 24.5501 39.5
      vertex 237 32.2721 53.2721
    endloop
  endfacet
  facet normal -1 -0 0
    outer loop
      vertex 237 32.2721 53.2721
      vertex 237 24.5501 39.5
      vertex 237 30.7196 55.0423
    endloop
  endfacet
  facet normal -1 -0 0
    outer loop
      vertex 237 27.6133 61.3413
      vertex 237 5.15 36.6
      vertex 237 27.154 63.6505
    endloop
  endfacet
  facet normal -1 -0 0
    outer loop
      vertex 237 28.3702 59.1117
      vertex 237 5.15 36.6
      vertex 237 27.6133 61.3413
    endloop
  endfacet
  facet normal -1 0 0
    outer loop
      vertex 237 5.15 36.6
      vertex 237 28.3702 59.1117
      vertex 237 24.5501 39.5
    endloop
  endfacet
  facet normal -1 -0 0
    outer loop
      vertex 237 29.4115 57
      vertex 237 24.5501 39.5
      vertex 237 28.3702 59.1117
    endloop
  endfacet
  facet normal -1 -0 0
    outer loop
      vertex 237 30.7196 55.0423
      vertex 237 24.5501 39.5
      vertex 237 29.4115 57
    endloop
  endfacet
  facet normal 0 1 0
    outer loop
      vertex 207.661 3 4.66813
      vertex 208.982 3 13
      vertex 207.918 3 4.73967
    endloop
  endfacet
  facet normal 0 1 0
    outer loop
      vertex 207.175 3 4.50751
      vertex 208.982 3 13
      vertex 207.661 3 4.66813
    endloop
  endfacet
  facet normal 0 1 0
    outer loop
      vertex 206.8 3 4.3837
      vertex 208.982 3 13
      vertex 207.175 3 4.50751
    endloop
  endfacet
  facet normal 0 1 0
    outer loop
      vertex 154.018 3 13
      vertex 154.033 3 4.99757
      vertex 154.018 3 5
    endloop
  endfacet
  facet normal 0 1 0
    outer loop
      vertex 206.578 3 4.3002
      vertex 208.982 3 13
      vertex 206.8 3 4.3837
    endloop
  endfacet
  facet normal 0 1 0
    outer loop
      vertex 154.018 3 13
      vertex 154.636 3 4.8638
      vertex 154.033 3 4.99757
    endloop
  endfacet
  facet normal 0 1 0
    outer loop
      vertex 205.781 3 4
      vertex 208.982 3 13
      vertex 206.578 3 4.3002
    endloop
  endfacet
  facet normal 0 1 0
    outer loop
      vertex 154.018 3 13
      vertex 155.082 3 4.73967
      vertex 154.636 3 4.8638
    endloop
  endfacet
  facet normal 0 1 0
    outer loop
      vertex 208.982 3 13
      vertex 205.781 3 4
      vertex 192.25 3 20.816
    endloop
  endfacet
  facet normal 0 1 0
    outer loop
      vertex 154.018 3 13
      vertex 155.339 3 4.66813
      vertex 155.082 3 4.73967
    endloop
  endfacet
  facet normal 0 1 0
    outer loop
      vertex 192.25 3 20.816
      vertex 205.781 3 4
      vertex 184.15 3 20.816
    endloop
  endfacet
  facet normal 0 1 0
    outer loop
      vertex 154.018 3 13
      vertex 155.825 3 4.50751
      vertex 155.339 3 4.66813
    endloop
  endfacet
  facet normal 0 1 -0
    outer loop
      vertex 205.781 3 3
      vertex 184.15 3 20.816
      vertex 205.781 3 4
    endloop
  endfacet
  facet normal 0 1 0
    outer loop
      vertex 154.018 3 13
      vertex 156.2 3 4.3837
      vertex 155.825 3 4.50751
    endloop
  endfacet
  facet normal 0 1 0
    outer loop
      vertex 184.15 3 20.816
      vertex 205.781 3 3
      vertex 178.85 3 20.816
    endloop
  endfacet
  facet normal 0 1 0
    outer loop
      vertex 154.018 3 13
      vertex 156.422 3 4.3002
      vertex 156.2 3 4.3837
    endloop
  endfacet
  facet normal 0 1 0
    outer loop
      vertex 178.85 3 20.816
      vertex 157.219 3 4
      vertex 154.018 3 13
    endloop
  endfacet
  facet normal 0 1 0
    outer loop
      vertex 154.018 3 13
      vertex 157.219 3 4
      vertex 156.422 3 4.3002
    endloop
  endfacet
  facet normal 0 1 0
    outer loop
      vertex 157.219 3 3
      vertex 178.85 3 20.816
      vertex 205.781 3 3
    endloop
  endfacet
  facet normal 0 1 0
    outer loop
      vertex 178.85 3 20.816
      vertex 157.219 3 3
      vertex 157.219 3 4
    endloop
  endfacet
  facet normal 0 1 0
    outer loop
      vertex 170.05 3 27.316
      vertex 163.559 3 26.7925
      vertex 163.2 3 26.816
    endloop
  endfacet
  facet normal 0 1 0
    outer loop
      vertex 170.05 3 27.316
      vertex 163.912 3 26.7223
      vertex 163.559 3 26.7925
    endloop
  endfacet
  facet normal 0 1 0
    outer loop
      vertex 170.05 3 27.316
      vertex 164.252 3 26.6067
      vertex 163.912 3 26.7223
    endloop
  endfacet
  facet normal 0 1 0
    outer loop
      vertex 170.05 3 27.316
      vertex 164.575 3 26.4476
      vertex 164.252 3 26.6067
    endloop
  endfacet
  facet normal 0 1 0
    outer loop
      vertex 170.05 3 27.316
      vertex 164.874 3 26.2477
      vertex 164.575 3 26.4476
    endloop
  endfacet
  facet normal 0 1 0
    outer loop
      vertex 170.05 3 27.316
      vertex 165.145 3 26.0105
      vertex 164.874 3 26.2477
    endloop
  endfacet
  facet normal 0 1 0
    outer loop
      vertex 170.05 3 27.316
      vertex 165.382 3 25.7401
      vertex 165.145 3 26.0105
    endloop
  endfacet
  facet normal 0 1 0
    outer loop
      vertex 170.05 3 27.316
      vertex 165.582 3 25.441
      vertex 165.382 3 25.7401
    endloop
  endfacet
  facet normal 0 1 0
    outer loop
      vertex 170.05 3 27.316
      vertex 165.741 3 25.1184
      vertex 165.582 3 25.441
    endloop
  endfacet
  facet normal 0 1 0
    outer loop
      vertex 170.05 3 27.316
      vertex 165.856 3 24.7777
      vertex 165.741 3 25.1184
    endloop
  endfacet
  facet normal 0 1 0
    outer loop
      vertex 170.05 3 27.316
      vertex 165.926 3 24.4249
      vertex 165.856 3 24.7777
    endloop
  endfacet
  facet normal 0 1 0
    outer loop
      vertex 170.05 3 27.316
      vertex 165.95 3 24.066
      vertex 165.926 3 24.4249
    endloop
  endfacet
  facet normal 0 1 -0
    outer loop
      vertex 170.05 3 21.516
      vertex 165.95 3 24.066
      vertex 170.05 3 27.316
    endloop
  endfacet
  facet normal 0 1 0
    outer loop
      vertex 165.95 3 24.066
      vertex 170.05 3 21.516
      vertex 165.926 3 23.7071
    endloop
  endfacet
  facet normal 0 1 0
    outer loop
      vertex 165.926 3 23.7071
      vertex 170.05 3 21.516
      vertex 165.856 3 23.3543
    endloop
  endfacet
  facet normal 0 1 0
    outer loop
      vertex 165.856 3 23.3543
      vertex 170.05 3 21.516
      vertex 165.741 3 23.0136
    endloop
  endfacet
  facet normal 0 1 0
    outer loop
      vertex 165.741 3 23.0136
      vertex 170.05 3 21.516
      vertex 165.582 3 22.691
    endloop
  endfacet
  facet normal 0 1 0
    outer loop
      vertex 165.582 3 22.691
      vertex 170.05 3 21.516
      vertex 165.382 3 22.3919
    endloop
  endfacet
  facet normal 0 1 0
    outer loop
      vertex 165.382 3 22.3919
      vertex 170.05 3 21.516
      vertex 165.145 3 22.1215
    endloop
  endfacet
  facet normal 0 1 0
    outer loop
      vertex 170.05 3 21.516
      vertex 164.874 3 21.8843
      vertex 165.145 3 22.1215
    endloop
  endfacet
  facet normal 0 1 0
    outer loop
      vertex 170.05 3 21.516
      vertex 164.575 3 21.6844
      vertex 164.874 3 21.8843
    endloop
  endfacet
  facet normal 0 1 0
    outer loop
      vertex 170.75 3 20.816
      vertex 164.575 3 21.6844
      vertex 170.05 3 21.516
    endloop
  endfacet
  facet normal 0 1 0
    outer loop
      vertex 164.575 3 21.6844
      vertex 170.75 3 20.816
      vertex 164.252 3 21.5253
    endloop
  endfacet
  facet normal 0 1 0
    outer loop
      vertex 164.252 3 21.5253
      vertex 170.75 3 20.816
      vertex 163.912 3 21.4097
    endloop
  endfacet
  facet normal 0 1 0
    outer loop
      vertex 163.912 3 21.4097
      vertex 170.75 3 20.816
      vertex 163.559 3 21.3395
    endloop
  endfacet
  facet normal 0 1 0
    outer loop
      vertex 163.559 3 21.3395
      vertex 154.018 3 13
      vertex 163.2 3 21.316
    endloop
  endfacet
  facet normal 0 1 0
    outer loop
      vertex 154.018 3 13
      vertex 163.559 3 21.3395
      vertex 170.75 3 20.816
    endloop
  endfacet
  facet normal 0 1 -0
    outer loop
      vertex 183.45 3 21.516
      vertex 179.55 3 27.316
      vertex 183.45 3 27.316
    endloop
  endfacet
  facet normal 0 1 0
    outer loop
      vertex 183.45 3 21.516
      vertex 179.55 3 21.516
      vertex 179.55 3 27.316
    endloop
  endfacet
  facet normal 0 1 0
    outer loop
      vertex 184.15 3 20.816
      vertex 179.55 3 21.516
      vertex 183.45 3 21.516
    endloop
  endfacet
  facet normal 0 1 0
    outer loop
      vertex 179.55 3 21.516
      vertex 184.15 3 20.816
      vertex 178.85 3 20.816
    endloop
  endfacet
  facet normal 0 1 0
    outer loop
      vertex 212.018 3 13
      vertex 234 3 101
      vertex 237 3 101
    endloop
  endfacet
  facet normal 0 1 0
    outer loop
      vertex 234 3 101
      vertex 212.018 3 13
      vertex 192.95 3 27.316
    endloop
  endfacet
  facet normal 0 1 0
    outer loop
      vertex 208.967 3 4.99757
      vertex 208.982 3 13
      vertex 208.982 3 5
    endloop
  endfacet
  facet normal 0 1 0
    outer loop
      vertex 208.364 3 4.8638
      vertex 208.982 3 13
      vertex 208.967 3 4.99757
    endloop
  endfacet
  facet normal 0 1 0
    outer loop
      vertex 192.95 3 21.516
      vertex 208.982 3 13
      vertex 192.25 3 20.816
    endloop
  endfacet
  facet normal 0 1 0
    outer loop
      vertex 192.95 3 27.316
      vertex 208.982 3 13
      vertex 192.95 3 21.516
    endloop
  endfacet
  facet normal 0 1 -0
    outer loop
      vertex 208.982 3 13
      vertex 192.95 3 27.316
      vertex 212.018 3 13
    endloop
  endfacet
  facet normal 0 1 -0
    outer loop
      vertex 237 3 3
      vertex 212.018 3 13
      vertex 237 3 101
    endloop
  endfacet
  facet normal 0 1 0
    outer loop
      vertex 212.018 3 13
      vertex 212.033 3 4.99757
      vertex 212.018 3 5
    endloop
  endfacet
  facet normal 0 1 0
    outer loop
      vertex 212.018 3 13
      vertex 212.636 3 4.8638
      vertex 212.033 3 4.99757
    endloop
  endfacet
  facet normal 0 1 0
    outer loop
      vertex 212.018 3 13
      vertex 213.082 3 4.73967
      vertex 212.636 3 4.8638
    endloop
  endfacet
  facet normal 0 1 0
    outer loop
      vertex 212.018 3 13
      vertex 213.339 3 4.66813
      vertex 213.082 3 4.73967
    endloop
  endfacet
  facet normal -0 1 -0
    outer loop
      vertex 215.219 3 4
      vertex 212.018 3 13
      vertex 237 3 3
    endloop
  endfacet
  facet normal 0 1 0
    outer loop
      vertex 212.018 3 13
      vertex 213.825 3 4.50751
      vertex 213.339 3 4.66813
    endloop
  endfacet
  facet normal 0 1 0
    outer loop
      vertex 212.018 3 13
      vertex 214.2 3 4.3837
      vertex 213.825 3 4.50751
    endloop
  endfacet
  facet normal 0 1 0
    outer loop
      vertex 212.018 3 13
      vertex 214.422 3 4.3002
      vertex 214.2 3 4.3837
    endloop
  endfacet
  facet normal 0 1 0
    outer loop
      vertex 212.018 3 13
      vertex 215.219 3 4
      vertex 214.422 3 4.3002
    endloop
  endfacet
  facet normal 0 1 0
    outer loop
      vertex 215.219 3 4
      vertex 237 3 3
      vertex 215.219 3 3
    endloop
  endfacet
  facet normal 0 1 -0
    outer loop
      vertex 234 3 101
      vertex 93 3 102
      vertex 234 3 102
    endloop
  endfacet
  facet normal 0 1 0
    outer loop
      vertex 183.45 3 27.316
      vertex 234 3 101
      vertex 192.95 3 27.316
    endloop
  endfacet
  facet normal 0 1 0
    outer loop
      vertex 179.55 3 27.316
      vertex 234 3 101
      vertex 183.45 3 27.316
    endloop
  endfacet
  facet normal 0 1 0
    outer loop
      vertex 170.05 3 27.316
      vertex 234 3 101
      vertex 179.55 3 27.316
    endloop
  endfacet
  facet normal 0 1 0
    outer loop
      vertex 234 3 101
      vertex 170.05 3 27.316
      vertex 93 3 102
    endloop
  endfacet
  facet normal 0 1 -0
    outer loop
      vertex 163.2 3 26.816
      vertex 93 3 102
      vertex 170.05 3 27.316
    endloop
  endfacet
  facet normal 0 1 -0
    outer loop
      vertex 157.2 3 26.816
      vertex 93 3 102
      vertex 163.2 3 26.816
    endloop
  endfacet
  facet normal 0 1 -0
    outer loop
      vertex 156.841 3 26.7925
      vertex 93 3 102
      vertex 157.2 3 26.816
    endloop
  endfacet
  facet normal 0 1 -0
    outer loop
      vertex 156.488 3 26.7223
      vertex 93 3 102
      vertex 156.841 3 26.7925
    endloop
  endfacet
  facet normal 0 1 -0
    outer loop
      vertex 156.148 3 26.6067
      vertex 93 3 102
      vertex 156.488 3 26.7223
    endloop
  endfacet
  facet normal 0 1 -0
    outer loop
      vertex 155.825 3 26.4476
      vertex 93 3 102
      vertex 156.148 3 26.6067
    endloop
  endfacet
  facet normal 0 1 -0
    outer loop
      vertex 155.526 3 26.2477
      vertex 93 3 102
      vertex 155.825 3 26.4476
    endloop
  endfacet
  facet normal 0 1 -0
    outer loop
      vertex 155.255 3 26.0105
      vertex 93 3 102
      vertex 155.526 3 26.2477
    endloop
  endfacet
  facet normal 0 1 -0
    outer loop
      vertex 155.018 3 25.7401
      vertex 93 3 102
      vertex 155.255 3 26.0105
    endloop
  endfacet
  facet normal 0 1 -0
    outer loop
      vertex 154.818 3 25.441
      vertex 93 3 102
      vertex 155.018 3 25.7401
    endloop
  endfacet
  facet normal 0 1 0
    outer loop
      vertex 93 3 3
      vertex 154.818 3 25.441
      vertex 154.659 3 25.1184
    endloop
  endfacet
  facet normal 0 1 0
    outer loop
      vertex 93 3 3
      vertex 154.659 3 25.1184
      vertex 154.544 3 24.7777
    endloop
  endfacet
  facet normal 0 1 0
    outer loop
      vertex 93 3 3
      vertex 154.544 3 24.7777
      vertex 154.474 3 24.4249
    endloop
  endfacet
  facet normal 0 1 0
    outer loop
      vertex 150.982 3 13
      vertex 154.474 3 24.4249
      vertex 154.45 3 24.066
    endloop
  endfacet
  facet normal 0 1 0
    outer loop
      vertex 150.982 3 13
      vertex 154.45 3 24.066
      vertex 154.474 3 23.7071
    endloop
  endfacet
  facet normal 0 1 0
    outer loop
      vertex 150.982 3 13
      vertex 154.474 3 23.7071
      vertex 154.544 3 23.3543
    endloop
  endfacet
  facet normal 0 1 0
    outer loop
      vertex 150.982 3 13
      vertex 154.544 3 23.3543
      vertex 154.659 3 23.0136
    endloop
  endfacet
  facet normal 0 1 0
    outer loop
      vertex 150.982 3 13
      vertex 154.659 3 23.0136
      vertex 154.818 3 22.691
    endloop
  endfacet
  facet normal 0 1 0
    outer loop
      vertex 150.982 3 13
      vertex 154.818 3 22.691
      vertex 155.018 3 22.3919
    endloop
  endfacet
  facet normal 0 1 0
    outer loop
      vertex 207.918 3 4.73967
      vertex 208.982 3 13
      vertex 208.364 3 4.8638
    endloop
  endfacet
  facet normal 0 1 0
    outer loop
      vertex 178.85 3 20.816
      vertex 154.018 3 13
      vertex 170.75 3 20.816
    endloop
  endfacet
  facet normal 0 1 0
    outer loop
      vertex 163.2 3 21.316
      vertex 154.018 3 13
      vertex 157.2 3 21.316
    endloop
  endfacet
  facet normal 0 1 0
    outer loop
      vertex 157.2 3 21.316
      vertex 154.018 3 13
      vertex 156.841 3 21.3395
    endloop
  endfacet
  facet normal 0 1 0
    outer loop
      vertex 154.018 3 13
      vertex 156.488 3 21.4097
      vertex 156.841 3 21.3395
    endloop
  endfacet
  facet normal 0 1 0
    outer loop
      vertex 154.018 3 13
      vertex 156.148 3 21.5253
      vertex 156.488 3 21.4097
    endloop
  endfacet
  facet normal 0 1 0
    outer loop
      vertex 154.018 3 13
      vertex 155.825 3 21.6844
      vertex 156.148 3 21.5253
    endloop
  endfacet
  facet normal 0 1 0
    outer loop
      vertex 154.018 3 13
      vertex 155.526 3 21.8843
      vertex 155.825 3 21.6844
    endloop
  endfacet
  facet normal 0 1 0
    outer loop
      vertex 150.982 3 13
      vertex 155.526 3 21.8843
      vertex 154.018 3 13
    endloop
  endfacet
  facet normal 0 1 0
    outer loop
      vertex 155.526 3 21.8843
      vertex 150.982 3 13
      vertex 155.255 3 22.1215
    endloop
  endfacet
  facet normal 0 1 0
    outer loop
      vertex 155.255 3 22.1215
      vertex 150.982 3 13
      vertex 155.018 3 22.3919
    endloop
  endfacet
  facet normal 0 1 0
    outer loop
      vertex 154.474 3 24.4249
      vertex 150.982 3 13
      vertex 93 3 3
    endloop
  endfacet
  facet normal 0 1 0
    outer loop
      vertex 150.967 3 4.99757
      vertex 150.982 3 13
      vertex 150.982 3 5
    endloop
  endfacet
  facet normal 0 1 0
    outer loop
      vertex 150.364 3 4.8638
      vertex 150.982 3 13
      vertex 150.967 3 4.99757
    endloop
  endfacet
  facet normal 0 1 0
    outer loop
      vertex 149.918 3 4.73967
      vertex 150.982 3 13
      vertex 150.364 3 4.8638
    endloop
  endfacet
  facet normal 0 1 0
    outer loop
      vertex 149.661 3 4.66813
      vertex 150.982 3 13
      vertex 149.918 3 4.73967
    endloop
  endfacet
  facet normal 0 1 0
    outer loop
      vertex 149.175 3 4.50751
      vertex 150.982 3 13
      vertex 149.661 3 4.66813
    endloop
  endfacet
  facet normal 0 1 0
    outer loop
      vertex 148.8 3 4.3837
      vertex 150.982 3 13
      vertex 149.175 3 4.50751
    endloop
  endfacet
  facet normal 0 1 0
    outer loop
      vertex 148.578 3 4.3002
      vertex 150.982 3 13
      vertex 148.8 3 4.3837
    endloop
  endfacet
  facet normal 0 1 0
    outer loop
      vertex 147.781 3 4
      vertex 150.982 3 13
      vertex 148.578 3 4.3002
    endloop
  endfacet
  facet normal 0 1 0
    outer loop
      vertex 93 3 3
      vertex 150.982 3 13
      vertex 147.781 3 4
    endloop
  endfacet
  facet normal 0 1 0
    outer loop
      vertex 93 3 3
      vertex 147.781 3 4
      vertex 147.781 3 3
    endloop
  endfacet
  facet normal 0 1 0
    outer loop
      vertex 154.818 3 25.441
      vertex 93 3 3
      vertex 93 3 102
    endloop
  endfacet
  facet normal 0 1 -0
    outer loop
      vertex 85 3 98
      vertex 6 3 102
      vertex 90 3 102
    endloop
  endfacet
  facet normal 0 1 0
    outer loop
      vertex 6 3 102
      vertex 7 3 98
      vertex 6 3 101
    endloop
  endfacet
  facet normal 0 1 -0
    outer loop
      vertex 7 3 98
      vertex 6 3 102
      vertex 85 3 98
    endloop
  endfacet
  facet normal 0 1 0
    outer loop
      vertex 90 3 102
      vertex 85 3 80
      vertex 85 3 98
    endloop
  endfacet
  facet normal 0 1 0
    outer loop
      vertex 85 3 80
      vertex 85 3 79
      vertex 7 3 80
    endloop
  endfacet
  facet normal 0 1 0
    outer loop
      vertex 90 3 102
      vertex 85 3 79
      vertex 85 3 80
    endloop
  endfacet
  facet normal 0 1 0
    outer loop
      vertex 90 3 102
      vertex 85 3 61
      vertex 85 3 79
    endloop
  endfacet
  facet normal 0 1 0
    outer loop
      vertex 85 3 61
      vertex 85 3 60
      vertex 7 3 61
    endloop
  endfacet
  facet normal 0 1 0
    outer loop
      vertex 90 3 102
      vertex 85 3 60
      vertex 85 3 61
    endloop
  endfacet
  facet normal 0 1 0
    outer loop
      vertex 90 3 102
      vertex 85 3 42
      vertex 85 3 60
    endloop
  endfacet
  facet normal 0 1 0
    outer loop
      vertex 85 3 42
      vertex 85 3 41
      vertex 7 3 42
    endloop
  endfacet
  facet normal 0 1 -0
    outer loop
      vertex 90 3 3
      vertex 85 3 42
      vertex 90 3 102
    endloop
  endfacet
  facet normal 0 1 0
    outer loop
      vertex 85 3 42
      vertex 90 3 3
      vertex 85 3 41
    endloop
  endfacet
  facet normal 0 1 0
    outer loop
      vertex 85 3 23
      vertex 85 3 22
      vertex 7 3 23
    endloop
  endfacet
  facet normal 0 1 0
    outer loop
      vertex 85 3 41
      vertex 90 3 3
      vertex 85 3 23
    endloop
  endfacet
  facet normal 0 1 0
    outer loop
      vertex 85 3 23
      vertex 90 3 3
      vertex 85 3 22
    endloop
  endfacet
  facet normal 0 1 0
    outer loop
      vertex 3 3 3
      vertex 85 3 4
      vertex 90 3 3
    endloop
  endfacet
  facet normal 0 1 0
    outer loop
      vertex 85 3 22
      vertex 90 3 3
      vertex 85 3 4
    endloop
  endfacet
  facet normal 0 1 0
    outer loop
      vertex 6 3 101
      vertex 7 3 98
      vertex 3 3 101
    endloop
  endfacet
  facet normal 0 1 -0
    outer loop
      vertex 7 3 80
      vertex 3 3 101
      vertex 7 3 98
    endloop
  endfacet
  facet normal 0 1 0
    outer loop
      vertex 7 3 79
      vertex 7 3 80
      vertex 85 3 79
    endloop
  endfacet
  facet normal 0 1 -0
    outer loop
      vertex 7 3 79
      vertex 3 3 101
      vertex 7 3 80
    endloop
  endfacet
  facet normal 0 1 -0
    outer loop
      vertex 7 3 61
      vertex 3 3 101
      vertex 7 3 79
    endloop
  endfacet
  facet normal 0 1 0
    outer loop
      vertex 7 3 60
      vertex 7 3 61
      vertex 85 3 60
    endloop
  endfacet
  facet normal 0 1 -0
    outer loop
      vertex 7 3 60
      vertex 3 3 101
      vertex 7 3 61
    endloop
  endfacet
  facet normal 0 1 -0
    outer loop
      vertex 7 3 42
      vertex 3 3 101
      vertex 7 3 60
    endloop
  endfacet
  facet normal 0 1 0
    outer loop
      vertex 7 3 41
      vertex 7 3 42
      vertex 85 3 41
    endloop
  endfacet
  facet normal 0 1 0
    outer loop
      vertex 3 3 3
      vertex 7 3 42
      vertex 7 3 41
    endloop
  endfacet
  facet normal 0 1 0
    outer loop
      vertex 3 3 3
      vertex 7 3 41
      vertex 7 3 23
    endloop
  endfacet
  facet normal 0 1 0
    outer loop
      vertex 7 3 22
      vertex 7 3 23
      vertex 85 3 22
    endloop
  endfacet
  facet normal 0 1 0
    outer loop
      vertex 3 3 3
      vertex 7 3 23
      vertex 7 3 22
    endloop
  endfacet
  facet normal 0 1 0
    outer loop
      vertex 3 3 3
      vertex 7 3 22
      vertex 7 3 4
    endloop
  endfacet
  facet normal 0 1 0
    outer loop
      vertex 7 3 42
      vertex 3 3 3
      vertex 3 3 101
    endloop
  endfacet
  facet normal 0 1 0
    outer loop
      vertex 85 3 4
      vertex 3 3 3
      vertex 7 3 4
    endloop
  endfacet
  facet normal -1 0 0
    outer loop
      vertex 90 3 3
      vertex 90 112 102
      vertex 90 112 3
    endloop
  endfacet
  facet normal -1 -0 0
    outer loop
      vertex 90 112 102
      vertex 90 3 3
      vertex 90 3 102
    endloop
  endfacet
  facet normal 1 -0 0
    outer loop
      vertex 93 3 102
      vertex 93 112 3
      vertex 93 112 102
    endloop
  endfacet
  facet normal 1 0 0
    outer loop
      vertex 93 112 3
      vertex 93 3 102
      vertex 93 3 3
    endloop
  endfacet
  facet normal 0 1 -0
    outer loop
      vertex 93 112 3
      vertex 90 112 102
      vertex 93 112 102
    endloop
  endfacet
  facet normal 0 1 0
    outer loop
      vertex 90 112 102
      vertex 93 112 3
      vertex 90 112 3
    endloop
  endfacet
  facet normal 1 -0 0
    outer loop
      vertex 7 4 22
      vertex 7 5 21.6
      vertex 7 5 22
    endloop
  endfacet
  facet normal 1 0 0
    outer loop
      vertex 7 5 21.6
      vertex 7 4 22
      vertex 7 4 21.6
    endloop
  endfacet
  facet normal 1 -0 0
    outer loop
      vertex 7 0 22
      vertex 7 3 4
      vertex 7 3 22
    endloop
  endfacet
  facet normal 1 0 0
    outer loop
      vertex 7 3 4
      vertex 7 0 22
      vertex 7 0 4
    endloop
  endfacet
  facet normal 0 0 -1
    outer loop
      vertex 83 4 22
      vertex 85 5 22
      vertex 85 4 22
    endloop
  endfacet
  facet normal -0 0 -1
    outer loop
      vertex 85 5 22
      vertex 83 4 22
      vertex 83 5 22
    endloop
  endfacet
  facet normal 0 0 -1
    outer loop
      vertex 7 4 22
      vertex 9 5 22
      vertex 9 4 22
    endloop
  endfacet
  facet normal -0 0 -1
    outer loop
      vertex 9 5 22
      vertex 7 4 22
      vertex 7 5 22
    endloop
  endfacet
  facet normal 0 0 -1
    outer loop
      vertex 7 0 22
      vertex 85 3 22
      vertex 85 0 22
    endloop
  endfacet
  facet normal -0 0 -1
    outer loop
      vertex 85 3 22
      vertex 7 0 22
      vertex 7 3 22
    endloop
  endfacet
  facet normal -1 0 0
    outer loop
      vertex 85 4 21.6
      vertex 85 5 22
      vertex 85 5 21.6
    endloop
  endfacet
  facet normal -1 -0 0
    outer loop
      vertex 85 5 22
      vertex 85 4 21.6
      vertex 85 4 22
    endloop
  endfacet
  facet normal -1 0 0
    outer loop
      vertex 85 0 4
      vertex 85 3 22
      vertex 85 3 4
    endloop
  endfacet
  facet normal -1 -0 0
    outer loop
      vertex 85 3 22
      vertex 85 0 4
      vertex 85 0 22
    endloop
  endfacet
  facet normal -0 0 1
    outer loop
      vertex 7 3 4
      vertex 85 0 4
      vertex 85 3 4
    endloop
  endfacet
  facet normal 0 0 1
    outer loop
      vertex 85 0 4
      vertex 7 3 4
      vertex 7 0 4
    endloop
  endfacet
  facet normal 0 -1 0
    outer loop
      vertex 83 5 21.6
      vertex 85 5 22
      vertex 83 5 22
    endloop
  endfacet
  facet normal 0 -1 -0
    outer loop
      vertex 85 5 22
      vertex 83 5 21.6
      vertex 85 5 21.6
    endloop
  endfacet
  facet normal 0 -1 0
    outer loop
      vertex 7 5 21.6
      vertex 9 5 22
      vertex 7 5 22
    endloop
  endfacet
  facet normal 0 -1 -0
    outer loop
      vertex 9 5 22
      vertex 7 5 21.6
      vertex 9 5 21.6
    endloop
  endfacet
  facet normal 1 -0 0
    outer loop
      vertex 7 4 41
      vertex 7 5 40.6
      vertex 7 5 41
    endloop
  endfacet
  facet normal 1 0 0
    outer loop
      vertex 7 5 40.6
      vertex 7 4 41
      vertex 7 4 40.6
    endloop
  endfacet
  facet normal 1 -0 0
    outer loop
      vertex 7 0 41
      vertex 7 3 23
      vertex 7 3 41
    endloop
  endfacet
  facet normal 1 0 0
    outer loop
      vertex 7 3 23
      vertex 7 0 41
      vertex 7 0 23
    endloop
  endfacet
  facet normal 0 0 -1
    outer loop
      vertex 83 4 41
      vertex 85 5 41
      vertex 85 4 41
    endloop
  endfacet
  facet normal -0 0 -1
    outer loop
      vertex 85 5 41
      vertex 83 4 41
      vertex 83 5 41
    endloop
  endfacet
  facet normal 0 0 -1
    outer loop
      vertex 7 4 41
      vertex 9 5 41
      vertex 9 4 41
    endloop
  endfacet
  facet normal -0 0 -1
    outer loop
      vertex 9 5 41
      vertex 7 4 41
      vertex 7 5 41
    endloop
  endfacet
  facet normal 0 0 -1
    outer loop
      vertex 7 0 41
      vertex 85 3 41
      vertex 85 0 41
    endloop
  endfacet
  facet normal -0 0 -1
    outer loop
      vertex 85 3 41
      vertex 7 0 41
      vertex 7 3 41
    endloop
  endfacet
  facet normal -1 0 0
    outer loop
      vertex 85 4 40.6
      vertex 85 5 41
      vertex 85 5 40.6
    endloop
  endfacet
  facet normal -1 -0 0
    outer loop
      vertex 85 5 41
      vertex 85 4 40.6
      vertex 85 4 41
    endloop
  endfacet
  facet normal -1 0 0
    outer loop
      vertex 85 0 23
      vertex 85 3 41
      vertex 85 3 23
    endloop
  endfacet
  facet normal -1 -0 0
    outer loop
      vertex 85 3 41
      vertex 85 0 23
      vertex 85 0 41
    endloop
  endfacet
  facet normal -0 0 1
    outer loop
      vertex 7 3 23
      vertex 85 0 23
      vertex 85 3 23
    endloop
  endfacet
  facet normal 0 0 1
    outer loop
      vertex 85 0 23
      vertex 7 3 23
      vertex 7 0 23
    endloop
  endfacet
  facet normal 0 -1 0
    outer loop
      vertex 83 5 40.6
      vertex 85 5 41
      vertex 83 5 41
    endloop
  endfacet
  facet normal 0 -1 -0
    outer loop
      vertex 85 5 41
      vertex 83 5 40.6
      vertex 85 5 40.6
    endloop
  endfacet
  facet normal 0 -1 0
    outer loop
      vertex 7 5 40.6
      vertex 9 5 41
      vertex 7 5 41
    endloop
  endfacet
  facet normal 0 -1 -0
    outer loop
      vertex 9 5 41
      vertex 7 5 40.6
      vertex 9 5 40.6
    endloop
  endfacet
  facet normal 1 -0 0
    outer loop
      vertex 7 4 60
      vertex 7 5 59.6
      vertex 7 5 60
    endloop
  endfacet
  facet normal 1 0 0
    outer loop
      vertex 7 5 59.6
      vertex 7 4 60
      vertex 7 4 59.6
    endloop
  endfacet
  facet normal 1 -0 0
    outer loop
      vertex 7 0 60
      vertex 7 3 42
      vertex 7 3 60
    endloop
  endfacet
  facet normal 1 0 0
    outer loop
      vertex 7 3 42
      vertex 7 0 60
      vertex 7 0 42
    endloop
  endfacet
  facet normal 0 0 -1
    outer loop
      vertex 83 4 60
      vertex 85 5 60
      vertex 85 4 60
    endloop
  endfacet
  facet normal -0 0 -1
    outer loop
      vertex 85 5 60
      vertex 83 4 60
      vertex 83 5 60
    endloop
  endfacet
  facet normal 0 0 -1
    outer loop
      vertex 7 4 60
      vertex 9 5 60
      vertex 9 4 60
    endloop
  endfacet
  facet normal -0 0 -1
    outer loop
      vertex 9 5 60
      vertex 7 4 60
      vertex 7 5 60
    endloop
  endfacet
  facet normal 0 0 -1
    outer loop
      vertex 7 0 60
      vertex 85 3 60
      vertex 85 0 60
    endloop
  endfacet
  facet normal -0 0 -1
    outer loop
      vertex 85 3 60
      vertex 7 0 60
      vertex 7 3 60
    endloop
  endfacet
  facet normal -1 0 0
    outer loop
      vertex 85 4 59.6
      vertex 85 5 60
      vertex 85 5 59.6
    endloop
  endfacet
  facet normal -1 -0 0
    outer loop
      vertex 85 5 60
      vertex 85 4 59.6
      vertex 85 4 60
    endloop
  endfacet
  facet normal -1 0 0
    outer loop
      vertex 85 0 42
      vertex 85 3 60
      vertex 85 3 42
    endloop
  endfacet
  facet normal -1 -0 0
    outer loop
      vertex 85 3 60
      vertex 85 0 42
      vertex 85 0 60
    endloop
  endfacet
  facet normal 0 -1 0
    outer loop
      vertex 83 5 59.6
      vertex 85 5 60
      vertex 83 5 60
    endloop
  endfacet
  facet normal 0 -1 -0
    outer loop
      vertex 85 5 60
      vertex 83 5 59.6
      vertex 85 5 59.6
    endloop
  endfacet
  facet normal 0 -1 0
    outer loop
      vertex 7 5 59.6
      vertex 9 5 60
      vertex 7 5 60
    endloop
  endfacet
  facet normal 0 -1 -0
    outer loop
      vertex 9 5 60
      vertex 7 5 59.6
      vertex 9 5 59.6
    endloop
  endfacet
  facet normal -0 0 1
    outer loop
      vertex 7 3 42
      vertex 85 0 42
      vertex 85 3 42
    endloop
  endfacet
  facet normal 0 0 1
    outer loop
      vertex 85 0 42
      vertex 7 3 42
      vertex 7 0 42
    endloop
  endfacet
  facet normal 1 -0 0
    outer loop
      vertex 7 4 79
      vertex 7 5 78.6
      vertex 7 5 79
    endloop
  endfacet
  facet normal 1 0 0
    outer loop
      vertex 7 5 78.6
      vertex 7 4 79
      vertex 7 4 78.6
    endloop
  endfacet
  facet normal 1 -0 0
    outer loop
      vertex 7 0 79
      vertex 7 3 61
      vertex 7 3 79
    endloop
  endfacet
  facet normal 1 0 0
    outer loop
      vertex 7 3 61
      vertex 7 0 79
      vertex 7 0 61
    endloop
  endfacet
  facet normal 0 0 -1
    outer loop
      vertex 83 4 79
      vertex 85 5 79
      vertex 85 4 79
    endloop
  endfacet
  facet normal -0 0 -1
    outer loop
      vertex 85 5 79
      vertex 83 4 79
      vertex 83 5 79
    endloop
  endfacet
  facet normal 0 0 -1
    outer loop
      vertex 7 4 79
      vertex 9 5 79
      vertex 9 4 79
    endloop
  endfacet
  facet normal -0 0 -1
    outer loop
      vertex 9 5 79
      vertex 7 4 79
      vertex 7 5 79
    endloop
  endfacet
  facet normal 0 0 -1
    outer loop
      vertex 7 0 79
      vertex 85 3 79
      vertex 85 0 79
    endloop
  endfacet
  facet normal -0 0 -1
    outer loop
      vertex 85 3 79
      vertex 7 0 79
      vertex 7 3 79
    endloop
  endfacet
  facet normal -1 0 0
    outer loop
      vertex 85 4 78.6
      vertex 85 5 79
      vertex 85 5 78.6
    endloop
  endfacet
  facet normal -1 -0 0
    outer loop
      vertex 85 5 79
      vertex 85 4 78.6
      vertex 85 4 79
    endloop
  endfacet
  facet normal -1 0 0
    outer loop
      vertex 85 0 61
      vertex 85 3 79
      vertex 85 3 61
    endloop
  endfacet
  facet normal -1 -0 0
    outer loop
      vertex 85 3 79
      vertex 85 0 61
      vertex 85 0 79
    endloop
  endfacet
  facet normal 0 -1 0
    outer loop
      vertex 83 5 78.6
      vertex 85 5 79
      vertex 83 5 79
    endloop
  endfacet
  facet normal 0 -1 -0
    outer loop
      vertex 85 5 79
      vertex 83 5 78.6
      vertex 85 5 78.6
    endloop
  endfacet
  facet normal 0 -1 0
    outer loop
      vertex 7 5 78.6
      vertex 9 5 79
      vertex 7 5 79
    endloop
  endfacet
  facet normal 0 -1 -0
    outer loop
      vertex 9 5 79
      vertex 7 5 78.6
      vertex 9 5 78.6
    endloop
  endfacet
  facet normal -0 0 1
    outer loop
      vertex 7 3 61
      vertex 85 0 61
      vertex 85 3 61
    endloop
  endfacet
  facet normal 0 0 1
    outer loop
      vertex 85 0 61
      vertex 7 3 61
      vertex 7 0 61
    endloop
  endfacet
  facet normal 1 -0 0
    outer loop
      vertex 7 0 98
      vertex 7 3 80
      vertex 7 3 98
    endloop
  endfacet
  facet normal 1 0 0
    outer loop
      vertex 7 3 80
      vertex 7 0 98
      vertex 7 0 80
    endloop
  endfacet
  facet normal 0 0 -1
    outer loop
      vertex 7 0 98
      vertex 85 3 98
      vertex 85 0 98
    endloop
  endfacet
  facet normal -0 0 -1
    outer loop
      vertex 85 3 98
      vertex 7 0 98
      vertex 7 3 98
    endloop
  endfacet
  facet normal -1 0 0
    outer loop
      vertex 85 0 80
      vertex 85 3 98
      vertex 85 3 80
    endloop
  endfacet
  facet normal -1 -0 0
    outer loop
      vertex 85 3 98
      vertex 85 0 80
      vertex 85 0 98
    endloop
  endfacet
  facet normal -0 0 1
    outer loop
      vertex 7 3 80
      vertex 85 0 80
      vertex 85 3 80
    endloop
  endfacet
  facet normal 0 0 1
    outer loop
      vertex 85 0 80
      vertex 7 3 80
      vertex 7 0 80
    endloop
  endfacet
  facet normal 1 0 0
    outer loop
      vertex 132 142.2 7.4
      vertex 132 145 27
      vertex 132 142.2 27
    endloop
  endfacet
  facet normal 1 0 0
    outer loop
      vertex 132 145 27
      vertex 132 142.2 7.4
      vertex 132 145 6
    endloop
  endfacet
  facet normal 1 0 0
    outer loop
      vertex 132 142 6
      vertex 132 142.2 7.4
      vertex 132 142 7.4
    endloop
  endfacet
  facet normal 1 0 0
    outer loop
      vertex 132 142.2 7.4
      vertex 132 142 6
      vertex 132 145 6
    endloop
  endfacet
  facet normal 0 0 -1
    outer loop
      vertex 132 142.2 27
      vertex 202 145 27
      vertex 202 142.2 27
    endloop
  endfacet
  facet normal -0 0 -1
    outer loop
      vertex 202 145 27
      vertex 132 142.2 27
      vertex 132 145 27
    endloop
  endfacet
  facet normal -0 0 1
    outer loop
      vertex 196 135 6
      vertex 202 130 6
      vertex 202 135 6
    endloop
  endfacet
  facet normal 0 0 1
    outer loop
      vertex 202 130 6
      vertex 196 135 6
      vertex 196 130 6
    endloop
  endfacet
  facet normal -0 0 1
    outer loop
      vertex 132 145 6
      vertex 202 142 6
      vertex 202 145 6
    endloop
  endfacet
  facet normal 0 0 1
    outer loop
      vertex 202 142 6
      vertex 132 145 6
      vertex 132 142 6
    endloop
  endfacet
  facet normal 0 1 -0
    outer loop
      vertex 202 130 6
      vertex 196 130 7.4
      vertex 202 130 7.4
    endloop
  endfacet
  facet normal 0 1 0
    outer loop
      vertex 196 130 7.4
      vertex 202 130 6
      vertex 196 130 6
    endloop
  endfacet
  facet normal -1 0 0
    outer loop
      vertex 202 130 6
      vertex 202 135 7.4
      vertex 202 135 6
    endloop
  endfacet
  facet normal -1 -0 0
    outer loop
      vertex 202 135 7.4
      vertex 202 130 6
      vertex 202 130 7.4
    endloop
  endfacet
  facet normal -1 0 0
    outer loop
      vertex 202 145 6
      vertex 202 142.2 7.4
      vertex 202 145 27
    endloop
  endfacet
  facet normal -1 0 0
    outer loop
      vertex 202 142 6
      vertex 202 142.2 7.4
      vertex 202 145 6
    endloop
  endfacet
  facet normal -1 -0 0
    outer loop
      vertex 202 142.2 7.4
      vertex 202 142 6
      vertex 202 142 7.4
    endloop
  endfacet
  facet normal -1 -0 0
    outer loop
      vertex 202 145 27
      vertex 202 142.2 7.4
      vertex 202 142.2 27
    endloop
  endfacet
  facet normal -0.707107 0 0.707107
    outer loop
      vertex 178.85 0 20.816
      vertex 179.55 3 21.516
      vertex 178.85 3 20.816
    endloop
  endfacet
  facet normal -0.707107 0 0.707107
    outer loop
      vertex 179.55 3 21.516
      vertex 178.85 0 20.816
      vertex 179.55 0 21.516
    endloop
  endfacet
  facet normal -1 0 0
    outer loop
      vertex 179.55 0 21.516
      vertex 179.55 3 27.316
      vertex 179.55 3 21.516
    endloop
  endfacet
  facet normal -1 -0 0
    outer loop
      vertex 179.55 3 27.316
      vertex 179.55 0 21.516
      vertex 179.55 0 27.316
    endloop
  endfacet
  facet normal 0 0 -1
    outer loop
      vertex 170.05 0 27.316
      vertex 179.55 3 27.316
      vertex 179.55 0 27.316
    endloop
  endfacet
  facet normal -0 0 -1
    outer loop
      vertex 179.55 3 27.316
      vertex 170.05 0 27.316
      vertex 170.05 3 27.316
    endloop
  endfacet
  facet normal 1 -0 0
    outer loop
      vertex 170.05 0 27.316
      vertex 170.05 3 21.516
      vertex 170.05 3 27.316
    endloop
  endfacet
  facet normal 1 0 0
    outer loop
      vertex 170.05 3 21.516
      vertex 170.05 0 27.316
      vertex 170.05 0 21.516
    endloop
  endfacet
  facet normal -0 0 1
    outer loop
      vertex 170.75 3 20.816
      vertex 178.85 0 20.816
      vertex 178.85 3 20.816
    endloop
  endfacet
  facet normal 0 0 1
    outer loop
      vertex 178.85 0 20.816
      vertex 170.75 3 20.816
      vertex 170.75 0 20.816
    endloop
  endfacet
  facet normal 0.707107 -0 0.707107
    outer loop
      vertex 170.05 0 21.516
      vertex 170.75 3 20.816
      vertex 170.05 3 21.516
    endloop
  endfacet
  facet normal 0.707107 0 0.707107
    outer loop
      vertex 170.75 3 20.816
      vertex 170.05 0 21.516
      vertex 170.75 0 20.816
    endloop
  endfacet
  facet normal -0.707107 0 0.707107
    outer loop
      vertex 192.25 0 20.816
      vertex 192.95 3 21.516
      vertex 192.25 3 20.816
    endloop
  endfacet
  facet normal -0.707107 0 0.707107
    outer loop
      vertex 192.95 3 21.516
      vertex 192.25 0 20.816
      vertex 192.95 0 21.516
    endloop
  endfacet
  facet normal 0 0 -1
    outer loop
      vertex 183.45 0 27.316
      vertex 192.95 3 27.316
      vertex 192.95 0 27.316
    endloop
  endfacet
  facet normal -0 0 -1
    outer loop
      vertex 192.95 3 27.316
      vertex 183.45 0 27.316
      vertex 183.45 3 27.316
    endloop
  endfacet
  facet normal 1 -0 0
    outer loop
      vertex 183.45 0 27.316
      vertex 183.45 3 21.516
      vertex 183.45 3 27.316
    endloop
  endfacet
  facet normal 1 0 0
    outer loop
      vertex 183.45 3 21.516
      vertex 183.45 0 27.316
      vertex 183.45 0 21.516
    endloop
  endfacet
  facet normal -0 0 1
    outer loop
      vertex 184.15 3 20.816
      vertex 192.25 0 20.816
      vertex 192.25 3 20.816
    endloop
  endfacet
  facet normal 0 0 1
    outer loop
      vertex 192.25 0 20.816
      vertex 184.15 3 20.816
      vertex 184.15 0 20.816
    endloop
  endfacet
  facet normal -1 0 0
    outer loop
      vertex 192.95 0 21.516
      vertex 192.95 3 27.316
      vertex 192.95 3 21.516
    endloop
  endfacet
  facet normal -1 -0 0
    outer loop
      vertex 192.95 3 27.316
      vertex 192.95 0 21.516
      vertex 192.95 0 27.316
    endloop
  endfacet
  facet normal 0.707107 -0 0.707107
    outer loop
      vertex 183.45 0 21.516
      vertex 184.15 3 20.816
      vertex 183.45 3 21.516
    endloop
  endfacet
  facet normal 0.707107 0 0.707107
    outer loop
      vertex 184.15 3 20.816
      vertex 183.45 0 21.516
      vertex 184.15 0 20.816
    endloop
  endfacet
  facet normal 0 0 -1
    outer loop
      vertex 237 24.5501 39.5
      vertex 238.21 39.8501 39.5
      vertex 238.21 24.5501 39.5
    endloop
  endfacet
  facet normal -0 0 -1
    outer loop
      vertex 238.21 39.8501 39.5
      vertex 237 24.5501 39.5
      vertex 237 39.8501 39.5
    endloop
  endfacet
  facet normal -1 0 0
    outer loop
      vertex 238.21 25.2001 30.366
      vertex 238.21 39.2001 32.266
      vertex 238.21 39.2001 30.366
    endloop
  endfacet
  facet normal -1 -0 0
    outer loop
      vertex 238.21 39.2001 32.266
      vertex 238.21 25.2001 30.366
      vertex 238.21 25.2001 32.266
    endloop
  endfacet
  facet normal -1 0 0
    outer loop
      vertex 238.21 39.2001 30.366
      vertex 238.21 39.8501 21.1
      vertex 238.21 39.2001 23.766
    endloop
  endfacet
  facet normal -1 0 0
    outer loop
      vertex 238.21 39.8501 21.1
      vertex 238.21 25.2001 23.766
      vertex 238.21 39.2001 23.766
    endloop
  endfacet
  facet normal -1 0 0
    outer loop
      vertex 238.21 24.5501 21.1
      vertex 238.21 25.2001 30.366
      vertex 238.21 25.2001 23.766
    endloop
  endfacet
  facet normal -1 0 0
    outer loop
      vertex 238.21 24.5501 39.5
      vertex 238.21 25.2001 30.366
      vertex 238.21 24.5501 21.1
    endloop
  endfacet
  facet normal -1 0 0
    outer loop
      vertex 238.21 25.2001 30.366
      vertex 238.21 24.5501 39.5
      vertex 238.21 25.2001 32.266
    endloop
  endfacet
  facet normal -1 0 0
    outer loop
      vertex 238.21 24.5501 21.1
      vertex 238.21 25.2001 23.766
      vertex 238.21 39.8501 21.1
    endloop
  endfacet
  facet normal -1 0 0
    outer loop
      vertex 238.21 39.8501 21.1
      vertex 238.21 39.2001 30.366
      vertex 238.21 39.8501 39.5
    endloop
  endfacet
  facet normal -1 0 0
    outer loop
      vertex 238.21 39.2001 32.266
      vertex 238.21 39.8501 39.5
      vertex 238.21 39.2001 30.366
    endloop
  endfacet
  facet normal -1 0 0
    outer loop
      vertex 238.21 39.2001 38.866
      vertex 238.21 39.8501 39.5
      vertex 238.21 39.2001 32.266
    endloop
  endfacet
  facet normal -1 0 0
    outer loop
      vertex 238.21 25.2001 38.866
      vertex 238.21 39.8501 39.5
      vertex 238.21 39.2001 38.866
    endloop
  endfacet
  facet normal -1 0 0
    outer loop
      vertex 238.21 25.2001 38.866
      vertex 238.21 24.5501 39.5
      vertex 238.21 39.8501 39.5
    endloop
  endfacet
  facet normal -1 0 0
    outer loop
      vertex 238.21 25.2001 32.266
      vertex 238.21 24.5501 39.5
      vertex 238.21 25.2001 38.866
    endloop
  endfacet
  facet normal 0 -1 0
    outer loop
      vertex 237 39.8501 21.1
      vertex 238.21 39.8501 39.5
      vertex 237 39.8501 39.5
    endloop
  endfacet
  facet normal 0 -1 -0
    outer loop
      vertex 238.21 39.8501 39.5
      vertex 237 39.8501 21.1
      vertex 238.21 39.8501 21.1
    endloop
  endfacet
  facet normal -0 0 1
    outer loop
      vertex 237 39.8501 21.1
      vertex 238.21 24.5501 21.1
      vertex 238.21 39.8501 21.1
    endloop
  endfacet
  facet normal 0 0 1
    outer loop
      vertex 238.21 24.5501 21.1
      vertex 237 39.8501 21.1
      vertex 237 24.5501 21.1
    endloop
  endfacet
  facet normal 0 1 -0
    outer loop
      vertex 238.21 24.5501 21.1
      vertex 237 24.5501 39.5
      vertex 238.21 24.5501 39.5
    endloop
  endfacet
  facet normal 0 1 0
    outer loop
      vertex 237 24.5501 39.5
      vertex 238.21 24.5501 21.1
      vertex 237 24.5501 21.1
    endloop
  endfacet
  facet normal 0 0 -1
    outer loop
      vertex 237 42.5497 39.5
      vertex 238.21 57.8497 39.5
      vertex 238.21 42.5497 39.5
    endloop
  endfacet
  facet normal -0 0 -1
    outer loop
      vertex 238.21 57.8497 39.5
      vertex 237 42.5497 39.5
      vertex 237 57.8497 39.5
    endloop
  endfacet
  facet normal -1 0 0
    outer loop
      vertex 238.21 43.1997 30.221
      vertex 238.21 57.1997 32.251
      vertex 238.21 57.1997 30.221
    endloop
  endfacet
  facet normal -1 -0 0
    outer loop
      vertex 238.21 57.1997 32.251
      vertex 238.21 43.1997 30.221
      vertex 238.21 43.1997 32.251
    endloop
  endfacet
  facet normal -1 0 0
    outer loop
      vertex 238.21 57.1997 30.221
      vertex 238.21 57.8497 21.1
      vertex 238.21 57.1997 23.621
    endloop
  endfacet
  facet normal -1 0 0
    outer loop
      vertex 238.21 57.8497 21.1
      vertex 238.21 43.1997 23.621
      vertex 238.21 57.1997 23.621
    endloop
  endfacet
  facet normal -1 0 0
    outer loop
      vertex 238.21 42.5497 21.1
      vertex 238.21 43.1997 30.221
      vertex 238.21 43.1997 23.621
    endloop
  endfacet
  facet normal -1 0 0
    outer loop
      vertex 238.21 42.5497 39.5
      vertex 238.21 43.1997 30.221
      vertex 238.21 42.5497 21.1
    endloop
  endfacet
  facet normal -1 0 0
    outer loop
      vertex 238.21 43.1997 30.221
      vertex 238.21 42.5497 39.5
      vertex 238.21 43.1997 32.251
    endloop
  endfacet
  facet normal -1 0 0
    outer loop
      vertex 238.21 42.5497 21.1
      vertex 238.21 43.1997 23.621
      vertex 238.21 57.8497 21.1
    endloop
  endfacet
  facet normal -1 0 0
    outer loop
      vertex 238.21 57.8497 21.1
      vertex 238.21 57.1997 30.221
      vertex 238.21 57.8497 39.5
    endloop
  endfacet
  facet normal -1 0 0
    outer loop
      vertex 238.21 57.1997 32.251
      vertex 238.21 57.8497 39.5
      vertex 238.21 57.1997 30.221
    endloop
  endfacet
  facet normal -1 0 0
    outer loop
      vertex 238.21 57.1997 38.851
      vertex 238.21 57.8497 39.5
      vertex 238.21 57.1997 32.251
    endloop
  endfacet
  facet normal -1 0 0
    outer loop
      vertex 238.21 43.1997 38.851
      vertex 238.21 57.8497 39.5
      vertex 238.21 57.1997 38.851
    endloop
  endfacet
  facet normal -1 0 0
    outer loop
      vertex 238.21 43.1997 38.851
      vertex 238.21 42.5497 39.5
      vertex 238.21 57.8497 39.5
    endloop
  endfacet
  facet normal -1 0 0
    outer loop
      vertex 238.21 43.1997 32.251
      vertex 238.21 42.5497 39.5
      vertex 238.21 43.1997 38.851
    endloop
  endfacet
  facet normal 0 -1 0
    outer loop
      vertex 237 57.8497 21.1
      vertex 238.21 57.8497 39.5
      vertex 237 57.8497 39.5
    endloop
  endfacet
  facet normal 0 -1 -0
    outer loop
      vertex 238.21 57.8497 39.5
      vertex 237 57.8497 21.1
      vertex 238.21 57.8497 21.1
    endloop
  endfacet
  facet normal -0 0 1
    outer loop
      vertex 237 57.8497 21.1
      vertex 238.21 42.5497 21.1
      vertex 238.21 57.8497 21.1
    endloop
  endfacet
  facet normal 0 0 1
    outer loop
      vertex 238.21 42.5497 21.1
      vertex 237 57.8497 21.1
      vertex 237 42.5497 21.1
    endloop
  endfacet
  facet normal 0 1 -0
    outer loop
      vertex 238.21 42.5497 21.1
      vertex 237 42.5497 39.5
      vertex 238.21 42.5497 39.5
    endloop
  endfacet
  facet normal 0 1 0
    outer loop
      vertex 237 42.5497 39.5
      vertex 238.21 42.5497 21.1
      vertex 237 42.5497 21.1
    endloop
  endfacet
  facet normal 0 0 -1
    outer loop
      vertex 238.21 25.2001 30.366
      vertex 240 39.2001 30.366
      vertex 240 25.2001 30.366
    endloop
  endfacet
  facet normal -0 0 -1
    outer loop
      vertex 240 39.2001 30.366
      vertex 238.21 25.2001 30.366
      vertex 238.21 39.2001 30.366
    endloop
  endfacet
  facet normal 0 -1 0
    outer loop
      vertex 238.21 39.2001 23.766
      vertex 240 39.2001 30.366
      vertex 238.21 39.2001 30.366
    endloop
  endfacet
  facet normal 0 -1 -0
    outer loop
      vertex 240 39.2001 30.366
      vertex 238.21 39.2001 23.766
      vertex 240 39.2001 23.766
    endloop
  endfacet
  facet normal -0 0 1
    outer loop
      vertex 238.21 39.2001 23.766
      vertex 240 25.2001 23.766
      vertex 240 39.2001 23.766
    endloop
  endfacet
  facet normal 0 0 1
    outer loop
      vertex 240 25.2001 23.766
      vertex 238.21 39.2001 23.766
      vertex 238.21 25.2001 23.766
    endloop
  endfacet
  facet normal 0 1 -0
    outer loop
      vertex 240 25.2001 23.766
      vertex 238.21 25.2001 30.366
      vertex 240 25.2001 30.366
    endloop
  endfacet
  facet normal 0 1 0
    outer loop
      vertex 238.21 25.2001 30.366
      vertex 240 25.2001 23.766
      vertex 238.21 25.2001 23.766
    endloop
  endfacet
  facet normal 0 0 -1
    outer loop
      vertex 238.21 25.2001 38.866
      vertex 240 39.2001 38.866
      vertex 240 25.2001 38.866
    endloop
  endfacet
  facet normal -0 0 -1
    outer loop
      vertex 240 39.2001 38.866
      vertex 238.21 25.2001 38.866
      vertex 238.21 39.2001 38.866
    endloop
  endfacet
  facet normal 0 -1 0
    outer loop
      vertex 238.21 39.2001 32.266
      vertex 240 39.2001 38.866
      vertex 238.21 39.2001 38.866
    endloop
  endfacet
  facet normal 0 -1 -0
    outer loop
      vertex 240 39.2001 38.866
      vertex 238.21 39.2001 32.266
      vertex 240 39.2001 32.266
    endloop
  endfacet
  facet normal -0 0 1
    outer loop
      vertex 238.21 39.2001 32.266
      vertex 240 25.2001 32.266
      vertex 240 39.2001 32.266
    endloop
  endfacet
  facet normal 0 0 1
    outer loop
      vertex 240 25.2001 32.266
      vertex 238.21 39.2001 32.266
      vertex 238.21 25.2001 32.266
    endloop
  endfacet
  facet normal 0 1 -0
    outer loop
      vertex 240 25.2001 32.266
      vertex 238.21 25.2001 38.866
      vertex 240 25.2001 38.866
    endloop
  endfacet
  facet normal 0 1 0
    outer loop
      vertex 238.21 25.2001 38.866
      vertex 240 25.2001 32.266
      vertex 238.21 25.2001 32.266
    endloop
  endfacet
  facet normal 0 0 -1
    outer loop
      vertex 238.21 43.1997 30.221
      vertex 240 57.1997 30.221
      vertex 240 43.1997 30.221
    endloop
  endfacet
  facet normal -0 0 -1
    outer loop
      vertex 240 57.1997 30.221
      vertex 238.21 43.1997 30.221
      vertex 238.21 57.1997 30.221
    endloop
  endfacet
  facet normal -0 0 1
    outer loop
      vertex 238.21 57.1997 23.621
      vertex 240 43.1997 23.621
      vertex 240 57.1997 23.621
    endloop
  endfacet
  facet normal 0 0 1
    outer loop
      vertex 240 43.1997 23.621
      vertex 238.21 57.1997 23.621
      vertex 238.21 43.1997 23.621
    endloop
  endfacet
  facet normal 0 1 -0
    outer loop
      vertex 240 43.1997 23.621
      vertex 238.21 43.1997 30.221
      vertex 240 43.1997 30.221
    endloop
  endfacet
  facet normal 0 1 0
    outer loop
      vertex 238.21 43.1997 30.221
      vertex 240 43.1997 23.621
      vertex 238.21 43.1997 23.621
    endloop
  endfacet
  facet normal 0 -1 0
    outer loop
      vertex 238.21 57.1997 23.621
      vertex 240 57.1997 30.221
      vertex 238.21 57.1997 30.221
    endloop
  endfacet
  facet normal 0 -1 -0
    outer loop
      vertex 240 57.1997 30.221
      vertex 238.21 57.1997 23.621
      vertex 240 57.1997 23.621
    endloop
  endfacet
  facet normal 0 0 -1
    outer loop
      vertex 238.21 43.1997 38.851
      vertex 240 57.1997 38.851
      vertex 240 43.1997 38.851
    endloop
  endfacet
  facet normal -0 0 -1
    outer loop
      vertex 240 57.1997 38.851
      vertex 238.21 43.1997 38.851
      vertex 238.21 57.1997 38.851
    endloop
  endfacet
  facet normal 0 -1 0
    outer loop
      vertex 238.21 57.1997 32.251
      vertex 240 57.1997 38.851
      vertex 238.21 57.1997 38.851
    endloop
  endfacet
  facet normal 0 -1 -0
    outer loop
      vertex 240 57.1997 38.851
      vertex 238.21 57.1997 32.251
      vertex 240 57.1997 32.251
    endloop
  endfacet
  facet normal -0 0 1
    outer loop
      vertex 238.21 57.1997 32.251
      vertex 240 43.1997 32.251
      vertex 240 57.1997 32.251
    endloop
  endfacet
  facet normal 0 0 1
    outer loop
      vertex 240 43.1997 32.251
      vertex 238.21 57.1997 32.251
      vertex 238.21 43.1997 32.251
    endloop
  endfacet
  facet normal 0 1 -0
    outer loop
      vertex 240 43.1997 32.251
      vertex 238.21 43.1997 38.851
      vertex 240 43.1997 38.851
    endloop
  endfacet
  facet normal 0 1 0
    outer loop
      vertex 238.21 43.1997 38.851
      vertex 240 43.1997 32.251
      vertex 238.21 43.1997 32.251
    endloop
  endfacet
  facet normal 0 0 -1
    outer loop
      vertex 4 20 14
      vertex 5 96 14
      vertex 5 20 14
    endloop
  endfacet
  facet normal -0 0 -1
    outer loop
      vertex 5 96 14
      vertex 4 20 14
      vertex 4 96 14
    endloop
  endfacet
  facet normal 0 0 -1
    outer loop
      vertex 0 20 14
      vertex 3 96 14
      vertex 3 20 14
    endloop
  endfacet
  facet normal -0 0 -1
    outer loop
      vertex 3 96 14
      vertex 0 20 14
      vertex 0 96 14
    endloop
  endfacet
  facet normal -1 0 0
    outer loop
      vertex 5 20 10
      vertex 5 96 14
      vertex 5 96 10
    endloop
  endfacet
  facet normal -1 -0 0
    outer loop
      vertex 5 96 14
      vertex 5 20 10
      vertex 5 20 14
    endloop
  endfacet
  facet normal 0 -1 0
    outer loop
      vertex 4 96 10
      vertex 5 96 14
      vertex 4 96 14
    endloop
  endfacet
  facet normal 0 -1 -0
    outer loop
      vertex 5 96 14
      vertex 4 96 10
      vertex 5 96 10
    endloop
  endfacet
  facet normal 0 -1 0
    outer loop
      vertex 0 96 10
      vertex 3 96 14
      vertex 0 96 14
    endloop
  endfacet
  facet normal 0 -1 -0
    outer loop
      vertex 3 96 14
      vertex 0 96 10
      vertex 3 96 10
    endloop
  endfacet
  facet normal -0 0 1
    outer loop
      vertex 4 96 10
      vertex 5 20 10
      vertex 5 96 10
    endloop
  endfacet
  facet normal 0 0 1
    outer loop
      vertex 5 20 10
      vertex 4 96 10
      vertex 4 20 10
    endloop
  endfacet
  facet normal -0 0 1
    outer loop
      vertex 0 96 10
      vertex 3 20 10
      vertex 3 96 10
    endloop
  endfacet
  facet normal 0 0 1
    outer loop
      vertex 3 20 10
      vertex 0 96 10
      vertex 0 20 10
    endloop
  endfacet
  facet normal 0 1 -0
    outer loop
      vertex 5 20 10
      vertex 4 20 14
      vertex 5 20 14
    endloop
  endfacet
  facet normal 0 1 0
    outer loop
      vertex 4 20 14
      vertex 5 20 10
      vertex 4 20 10
    endloop
  endfacet
  facet normal 0 1 -0
    outer loop
      vertex 3 20 10
      vertex 0 20 14
      vertex 3 20 14
    endloop
  endfacet
  facet normal 0 1 0
    outer loop
      vertex 0 20 14
      vertex 3 20 10
      vertex 0 20 10
    endloop
  endfacet
  facet normal 0 0 -1
    outer loop
      vertex 4 20 27
      vertex 5 96 27
      vertex 5 20 27
    endloop
  endfacet
  facet normal -0 0 -1
    outer loop
      vertex 5 96 27
      vertex 4 20 27
      vertex 4 96 27
    endloop
  endfacet
  facet normal 0 0 -1
    outer loop
      vertex 0 20 27
      vertex 3 96 27
      vertex 3 20 27
    endloop
  endfacet
  facet normal -0 0 -1
    outer loop
      vertex 3 96 27
      vertex 0 20 27
      vertex 0 96 27
    endloop
  endfacet
  facet normal -1 0 0
    outer loop
      vertex 5 20 23
      vertex 5 96 27
      vertex 5 96 23
    endloop
  endfacet
  facet normal -1 -0 0
    outer loop
      vertex 5 96 27
      vertex 5 20 23
      vertex 5 20 27
    endloop
  endfacet
  facet normal 0 -1 0
    outer loop
      vertex 4 96 23
      vertex 5 96 27
      vertex 4 96 27
    endloop
  endfacet
  facet normal 0 -1 -0
    outer loop
      vertex 5 96 27
      vertex 4 96 23
      vertex 5 96 23
    endloop
  endfacet
  facet normal 0 -1 0
    outer loop
      vertex 0 96 23
      vertex 3 96 27
      vertex 0 96 27
    endloop
  endfacet
  facet normal 0 -1 -0
    outer loop
      vertex 3 96 27
      vertex 0 96 23
      vertex 3 96 23
    endloop
  endfacet
  facet normal -0 0 1
    outer loop
      vertex 4 96 23
      vertex 5 20 23
      vertex 5 96 23
    endloop
  endfacet
  facet normal 0 0 1
    outer loop
      vertex 5 20 23
      vertex 4 96 23
      vertex 4 20 23
    endloop
  endfacet
  facet normal -0 0 1
    outer loop
      vertex 0 96 23
      vertex 3 20 23
      vertex 3 96 23
    endloop
  endfacet
  facet normal 0 0 1
    outer loop
      vertex 3 20 23
      vertex 0 96 23
      vertex 0 20 23
    endloop
  endfacet
  facet normal 0 1 -0
    outer loop
      vertex 5 20 23
      vertex 4 20 27
      vertex 5 20 27
    endloop
  endfacet
  facet normal 0 1 0
    outer loop
      vertex 4 20 27
      vertex 5 20 23
      vertex 4 20 23
    endloop
  endfacet
  facet normal 0 1 -0
    outer loop
      vertex 3 20 23
      vertex 0 20 27
      vertex 3 20 27
    endloop
  endfacet
  facet normal 0 1 0
    outer loop
      vertex 0 20 27
      vertex 3 20 23
      vertex 0 20 23
    endloop
  endfacet
  facet normal 0 0 -1
    outer loop
      vertex 4 20 40
      vertex 5 96 40
      vertex 5 20 40
    endloop
  endfacet
  facet normal -0 0 -1
    outer loop
      vertex 5 96 40
      vertex 4 20 40
      vertex 4 96 40
    endloop
  endfacet
  facet normal 0 0 -1
    outer loop
      vertex 0 20 40
      vertex 3 96 40
      vertex 3 20 40
    endloop
  endfacet
  facet normal -0 0 -1
    outer loop
      vertex 3 96 40
      vertex 0 20 40
      vertex 0 96 40
    endloop
  endfacet
  facet normal -1 0 0
    outer loop
      vertex 5 20 36
      vertex 5 96 40
      vertex 5 96 36
    endloop
  endfacet
  facet normal -1 -0 0
    outer loop
      vertex 5 96 40
      vertex 5 20 36
      vertex 5 20 40
    endloop
  endfacet
  facet normal 0 -1 0
    outer loop
      vertex 4 96 36
      vertex 5 96 40
      vertex 4 96 40
    endloop
  endfacet
  facet normal 0 -1 -0
    outer loop
      vertex 5 96 40
      vertex 4 96 36
      vertex 5 96 36
    endloop
  endfacet
  facet normal 0 -1 0
    outer loop
      vertex 0 96 36
      vertex 3 96 40
      vertex 0 96 40
    endloop
  endfacet
  facet normal 0 -1 -0
    outer loop
      vertex 3 96 40
      vertex 0 96 36
      vertex 3 96 36
    endloop
  endfacet
  facet normal -0 0 1
    outer loop
      vertex 4 96 36
      vertex 5 20 36
      vertex 5 96 36
    endloop
  endfacet
  facet normal 0 0 1
    outer loop
      vertex 5 20 36
      vertex 4 96 36
      vertex 4 20 36
    endloop
  endfacet
  facet normal -0 0 1
    outer loop
      vertex 0 96 36
      vertex 3 20 36
      vertex 3 96 36
    endloop
  endfacet
  facet normal 0 0 1
    outer loop
      vertex 3 20 36
      vertex 0 96 36
      vertex 0 20 36
    endloop
  endfacet
  facet normal 0 1 -0
    outer loop
      vertex 5 20 36
      vertex 4 20 40
      vertex 5 20 40
    endloop
  endfacet
  facet normal 0 1 0
    outer loop
      vertex 4 20 40
      vertex 5 20 36
      vertex 4 20 36
    endloop
  endfacet
  facet normal 0 1 -0
    outer loop
      vertex 3 20 36
      vertex 0 20 40
      vertex 3 20 40
    endloop
  endfacet
  facet normal 0 1 0
    outer loop
      vertex 0 20 40
      vertex 3 20 36
      vertex 0 20 36
    endloop
  endfacet
  facet normal 0 0 -1
    outer loop
      vertex 4 20 53
      vertex 5 96 53
      vertex 5 20 53
    endloop
  endfacet
  facet normal -0 0 -1
    outer loop
      vertex 5 96 53
      vertex 4 20 53
      vertex 4 96 53
    endloop
  endfacet
  facet normal 0 0 -1
    outer loop
      vertex 0 20 53
      vertex 3 96 53
      vertex 3 20 53
    endloop
  endfacet
  facet normal -0 0 -1
    outer loop
      vertex 3 96 53
      vertex 0 20 53
      vertex 0 96 53
    endloop
  endfacet
  facet normal -1 0 0
    outer loop
      vertex 5 20 49
      vertex 5 96 53
      vertex 5 96 49
    endloop
  endfacet
  facet normal -1 -0 0
    outer loop
      vertex 5 96 53
      vertex 5 20 49
      vertex 5 20 53
    endloop
  endfacet
  facet normal 0 -1 0
    outer loop
      vertex 4 96 49
      vertex 5 96 53
      vertex 4 96 53
    endloop
  endfacet
  facet normal 0 -1 -0
    outer loop
      vertex 5 96 53
      vertex 4 96 49
      vertex 5 96 49
    endloop
  endfacet
  facet normal 0 -1 0
    outer loop
      vertex 0 96 49
      vertex 3 96 53
      vertex 0 96 53
    endloop
  endfacet
  facet normal 0 -1 -0
    outer loop
      vertex 3 96 53
      vertex 0 96 49
      vertex 3 96 49
    endloop
  endfacet
  facet normal -0 0 1
    outer loop
      vertex 4 96 49
      vertex 5 20 49
      vertex 5 96 49
    endloop
  endfacet
  facet normal 0 0 1
    outer loop
      vertex 5 20 49
      vertex 4 96 49
      vertex 4 20 49
    endloop
  endfacet
  facet normal -0 0 1
    outer loop
      vertex 0 96 49
      vertex 3 20 49
      vertex 3 96 49
    endloop
  endfacet
  facet normal 0 0 1
    outer loop
      vertex 3 20 49
      vertex 0 96 49
      vertex 0 20 49
    endloop
  endfacet
  facet normal 0 1 -0
    outer loop
      vertex 5 20 49
      vertex 4 20 53
      vertex 5 20 53
    endloop
  endfacet
  facet normal 0 1 0
    outer loop
      vertex 4 20 53
      vertex 5 20 49
      vertex 4 20 49
    endloop
  endfacet
  facet normal 0 1 -0
    outer loop
      vertex 3 20 49
      vertex 0 20 53
      vertex 3 20 53
    endloop
  endfacet
  facet normal 0 1 0
    outer loop
      vertex 0 20 53
      vertex 3 20 49
      vertex 0 20 49
    endloop
  endfacet
  facet normal 0 0 -1
    outer loop
      vertex 4 20 66
      vertex 5 96 66
      vertex 5 20 66
    endloop
  endfacet
  facet normal -0 0 -1
    outer loop
      vertex 5 96 66
      vertex 4 20 66
      vertex 4 96 66
    endloop
  endfacet
  facet normal 0 0 -1
    outer loop
      vertex 0 20 66
      vertex 3 96 66
      vertex 3 20 66
    endloop
  endfacet
  facet normal -0 0 -1
    outer loop
      vertex 3 96 66
      vertex 0 20 66
      vertex 0 96 66
    endloop
  endfacet
  facet normal -1 0 0
    outer loop
      vertex 5 20 62
      vertex 5 96 66
      vertex 5 96 62
    endloop
  endfacet
  facet normal -1 -0 0
    outer loop
      vertex 5 96 66
      vertex 5 20 62
      vertex 5 20 66
    endloop
  endfacet
  facet normal -0 0 1
    outer loop
      vertex 4 96 62
      vertex 5 20 62
      vertex 5 96 62
    endloop
  endfacet
  facet normal 0 0 1
    outer loop
      vertex 5 20 62
      vertex 4 96 62
      vertex 4 20 62
    endloop
  endfacet
  facet normal -0 0 1
    outer loop
      vertex 0 96 62
      vertex 3 20 62
      vertex 3 96 62
    endloop
  endfacet
  facet normal 0 0 1
    outer loop
      vertex 3 20 62
      vertex 0 96 62
      vertex 0 20 62
    endloop
  endfacet
  facet normal 0 1 -0
    outer loop
      vertex 5 20 62
      vertex 4 20 66
      vertex 5 20 66
    endloop
  endfacet
  facet normal 0 1 0
    outer loop
      vertex 4 20 66
      vertex 5 20 62
      vertex 4 20 62
    endloop
  endfacet
  facet normal 0 1 -0
    outer loop
      vertex 3 20 62
      vertex 0 20 66
      vertex 3 20 66
    endloop
  endfacet
  facet normal 0 1 0
    outer loop
      vertex 0 20 66
      vertex 3 20 62
      vertex 0 20 62
    endloop
  endfacet
  facet normal 0 -1 0
    outer loop
      vertex 4 96 62
      vertex 5 96 66
      vertex 4 96 66
    endloop
  endfacet
  facet normal 0 -1 -0
    outer loop
      vertex 5 96 66
      vertex 4 96 62
      vertex 5 96 62
    endloop
  endfacet
  facet normal 0 -1 0
    outer loop
      vertex 0 96 62
      vertex 3 96 66
      vertex 0 96 66
    endloop
  endfacet
  facet normal 0 -1 -0
    outer loop
      vertex 3 96 66
      vertex 0 96 62
      vertex 3 96 62
    endloop
  endfacet
  facet normal 0 0 -1
    outer loop
      vertex 4 20 79
      vertex 5 96 79
      vertex 5 20 79
    endloop
  endfacet
  facet normal -0 0 -1
    outer loop
      vertex 5 96 79
      vertex 4 20 79
      vertex 4 96 79
    endloop
  endfacet
  facet normal 0 0 -1
    outer loop
      vertex 0 20 79
      vertex 3 96 79
      vertex 3 20 79
    endloop
  endfacet
  facet normal -0 0 -1
    outer loop
      vertex 3 96 79
      vertex 0 20 79
      vertex 0 96 79
    endloop
  endfacet
  facet normal -1 0 0
    outer loop
      vertex 5 20 75
      vertex 5 96 79
      vertex 5 96 75
    endloop
  endfacet
  facet normal -1 -0 0
    outer loop
      vertex 5 96 79
      vertex 5 20 75
      vertex 5 20 79
    endloop
  endfacet
  facet normal 0 -1 0
    outer loop
      vertex 4 96 75
      vertex 5 96 79
      vertex 4 96 79
    endloop
  endfacet
  facet normal 0 -1 -0
    outer loop
      vertex 5 96 79
      vertex 4 96 75
      vertex 5 96 75
    endloop
  endfacet
  facet normal 0 -1 0
    outer loop
      vertex 0 96 75
      vertex 3 96 79
      vertex 0 96 79
    endloop
  endfacet
  facet normal 0 -1 -0
    outer loop
      vertex 3 96 79
      vertex 0 96 75
      vertex 3 96 75
    endloop
  endfacet
  facet normal -0 0 1
    outer loop
      vertex 4 96 75
      vertex 5 20 75
      vertex 5 96 75
    endloop
  endfacet
  facet normal 0 0 1
    outer loop
      vertex 5 20 75
      vertex 4 96 75
      vertex 4 20 75
    endloop
  endfacet
  facet normal -0 0 1
    outer loop
      vertex 0 96 75
      vertex 3 20 75
      vertex 3 96 75
    endloop
  endfacet
  facet normal 0 0 1
    outer loop
      vertex 3 20 75
      vertex 0 96 75
      vertex 0 20 75
    endloop
  endfacet
  facet normal 0 1 -0
    outer loop
      vertex 5 20 75
      vertex 4 20 79
      vertex 5 20 79
    endloop
  endfacet
  facet normal 0 1 0
    outer loop
      vertex 4 20 79
      vertex 5 20 75
      vertex 4 20 75
    endloop
  endfacet
  facet normal 0 1 -0
    outer loop
      vertex 3 20 75
      vertex 0 20 79
      vertex 3 20 79
    endloop
  endfacet
  facet normal 0 1 0
    outer loop
      vertex 0 20 79
      vertex 3 20 75
      vertex 0 20 75
    endloop
  endfacet
  facet normal 0 0 -1
    outer loop
      vertex 4 20 92
      vertex 5 96 92
      vertex 5 20 92
    endloop
  endfacet
  facet normal -0 0 -1
    outer loop
      vertex 5 96 92
      vertex 4 20 92
      vertex 4 96 92
    endloop
  endfacet
  facet normal 0 0 -1
    outer loop
      vertex 0 20 92
      vertex 3 96 92
      vertex 3 20 92
    endloop
  endfacet
  facet normal -0 0 -1
    outer loop
      vertex 3 96 92
      vertex 0 20 92
      vertex 0 96 92
    endloop
  endfacet
  facet normal -1 0 0
    outer loop
      vertex 5 20 88
      vertex 5 96 92
      vertex 5 96 88
    endloop
  endfacet
  facet normal -1 -0 0
    outer loop
      vertex 5 96 92
      vertex 5 20 88
      vertex 5 20 92
    endloop
  endfacet
  facet normal 0 -1 0
    outer loop
      vertex 4 96 88
      vertex 5 96 92
      vertex 4 96 92
    endloop
  endfacet
  facet normal 0 -1 -0
    outer loop
      vertex 5 96 92
      vertex 4 96 88
      vertex 5 96 88
    endloop
  endfacet
  facet normal 0 -1 0
    outer loop
      vertex 0 96 88
      vertex 3 96 92
      vertex 0 96 92
    endloop
  endfacet
  facet normal 0 -1 -0
    outer loop
      vertex 3 96 92
      vertex 0 96 88
      vertex 3 96 88
    endloop
  endfacet
  facet normal -0 0 1
    outer loop
      vertex 4 96 88
      vertex 5 20 88
      vertex 5 96 88
    endloop
  endfacet
  facet normal 0 0 1
    outer loop
      vertex 5 20 88
      vertex 4 96 88
      vertex 4 20 88
    endloop
  endfacet
  facet normal -0 0 1
    outer loop
      vertex 0 96 88
      vertex 3 20 88
      vertex 3 96 88
    endloop
  endfacet
  facet normal 0 0 1
    outer loop
      vertex 3 20 88
      vertex 0 96 88
      vertex 0 20 88
    endloop
  endfacet
  facet normal 0 1 -0
    outer loop
      vertex 5 20 88
      vertex 4 20 92
      vertex 5 20 92
    endloop
  endfacet
  facet normal 0 1 0
    outer loop
      vertex 4 20 92
      vertex 5 20 88
      vertex 4 20 88
    endloop
  endfacet
  facet normal 0 1 -0
    outer loop
      vertex 3 20 88
      vertex 0 20 92
      vertex 3 20 92
    endloop
  endfacet
  facet normal 0 1 0
    outer loop
      vertex 0 20 92
      vertex 3 20 88
      vertex 0 20 88
    endloop
  endfacet
  facet normal -0.997851 -0.0655277 0
    outer loop
      vertex 155.3 6.7 0
      vertex 155.276 7.06547 11
      vertex 155.276 7.06547 0
    endloop
  endfacet
  facet normal -0.997851 -0.0655277 0
    outer loop
      vertex 155.276 7.06547 11
      vertex 155.3 6.7 0
      vertex 155.3 6.7 11
    endloop
  endfacet
  facet normal 0.0654756 -0.997854 0
    outer loop
      vertex 152.135 9.47605 0
      vertex 152.5 9.5 11
      vertex 152.135 9.47605 11
    endloop
  endfacet
  facet normal 0.0654756 -0.997854 0
    outer loop
      vertex 152.5 9.5 11
      vertex 152.135 9.47605 0
      vertex 152.5 9.5 0
    endloop
  endfacet
  facet normal -0.0654756 0.997854 0
    outer loop
      vertex 152.865 3.92395 0
      vertex 152.5 3.9 11
      vertex 152.865 3.92395 11
    endloop
  endfacet
  facet normal -0.0654756 0.997854 0
    outer loop
      vertex 152.5 3.9 11
      vertex 152.865 3.92395 0
      vertex 152.5 3.9 0
    endloop
  endfacet
  facet normal -0.659842 -0.751404 0
    outer loop
      vertex 154.205 8.92139 0
      vertex 154.48 8.6799 11
      vertex 154.205 8.92139 11
    endloop
  endfacet
  facet normal -0.659842 -0.751404 -0
    outer loop
      vertex 154.48 8.6799 11
      vertex 154.205 8.92139 0
      vertex 154.48 8.6799 0
    endloop
  endfacet
  facet normal 0.752507 -0.658584 0
    outer loop
      vertex 150.279 8.40453 11
      vertex 150.52 8.6799 0
      vertex 150.52 8.6799 11
    endloop
  endfacet
  facet normal 0.752507 -0.658584 0
    outer loop
      vertex 150.52 8.6799 0
      vertex 150.279 8.40453 11
      vertex 150.279 8.40453 0
    endloop
  endfacet
  facet normal 0.442813 -0.896614 0
    outer loop
      vertex 151.1 9.12487 0
      vertex 151.428 9.28686 11
      vertex 151.1 9.12487 11
    endloop
  endfacet
  facet normal 0.442813 -0.896614 0
    outer loop
      vertex 151.428 9.28686 11
      vertex 151.1 9.12487 0
      vertex 151.428 9.28686 0
    endloop
  endfacet
  facet normal -0.896866 -0.442303 0
    outer loop
      vertex 155.087 7.77151 0
      vertex 154.925 8.1 11
      vertex 154.925 8.1 0
    endloop
  endfacet
  facet normal -0.896866 -0.442303 0
    outer loop
      vertex 154.925 8.1 11
      vertex 155.087 7.77151 0
      vertex 155.087 7.77151 11
    endloop
  endfacet
  facet normal -0.830814 -0.55655 0
    outer loop
      vertex 154.925 8.1 0
      vertex 154.721 8.40453 11
      vertex 154.721 8.40453 0
    endloop
  endfacet
  facet normal -0.830814 -0.55655 0
    outer loop
      vertex 154.721 8.40453 11
      vertex 154.925 8.1 0
      vertex 154.925 8.1 11
    endloop
  endfacet
  facet normal -0.321291 -0.94698 0
    outer loop
      vertex 153.225 9.40459 0
      vertex 153.572 9.28686 11
      vertex 153.225 9.40459 11
    endloop
  endfacet
  facet normal -0.321291 -0.94698 -0
    outer loop
      vertex 153.572 9.28686 11
      vertex 153.225 9.40459 0
      vertex 153.572 9.28686 0
    endloop
  endfacet
  facet normal -0.194701 -0.980863 0
    outer loop
      vertex 152.865 9.47605 0
      vertex 153.225 9.40459 11
      vertex 152.865 9.47605 11
    endloop
  endfacet
  facet normal -0.194701 -0.980863 -0
    outer loop
      vertex 153.225 9.40459 11
      vertex 152.865 9.47605 0
      vertex 153.225 9.40459 0
    endloop
  endfacet
  facet normal -0.442813 -0.896614 0
    outer loop
      vertex 153.572 9.28686 0
      vertex 153.9 9.12487 11
      vertex 153.572 9.28686 11
    endloop
  endfacet
  facet normal -0.442813 -0.896614 -0
    outer loop
      vertex 153.9 9.12487 11
      vertex 153.572 9.28686 0
      vertex 153.9 9.12487 0
    endloop
  endfacet
  facet normal 0.946705 -0.322101 0
    outer loop
      vertex 149.795 7.42469 11
      vertex 149.913 7.77151 0
      vertex 149.913 7.77151 11
    endloop
  endfacet
  facet normal 0.946705 -0.322101 0
    outer loop
      vertex 149.913 7.77151 0
      vertex 149.795 7.42469 11
      vertex 149.795 7.42469 0
    endloop
  endfacet
  facet normal 0.554977 -0.831866 0
    outer loop
      vertex 150.795 8.92139 0
      vertex 151.1 9.12487 11
      vertex 150.795 8.92139 11
    endloop
  endfacet
  facet normal 0.554977 -0.831866 0
    outer loop
      vertex 151.1 9.12487 11
      vertex 150.795 8.92139 0
      vertex 151.1 9.12487 0
    endloop
  endfacet
  facet normal 0.321291 -0.94698 0
    outer loop
      vertex 151.428 9.28686 0
      vertex 151.775 9.40459 11
      vertex 151.428 9.28686 11
    endloop
  endfacet
  facet normal 0.321291 -0.94698 0
    outer loop
      vertex 151.775 9.40459 11
      vertex 151.428 9.28686 0
      vertex 151.775 9.40459 0
    endloop
  endfacet
  facet normal -0.981021 0.193899 0
    outer loop
      vertex 155.205 5.97531 0
      vertex 155.276 6.33453 11
      vertex 155.276 6.33453 0
    endloop
  endfacet
  facet normal -0.981021 0.193899 0
    outer loop
      vertex 155.276 6.33453 11
      vertex 155.205 5.97531 0
      vertex 155.205 5.97531 11
    endloop
  endfacet
  facet normal -0.194701 0.980863 0
    outer loop
      vertex 153.225 3.99541 0
      vertex 152.865 3.92395 11
      vertex 153.225 3.99541 11
    endloop
  endfacet
  facet normal -0.194701 0.980863 0
    outer loop
      vertex 152.865 3.92395 11
      vertex 153.225 3.99541 0
      vertex 152.865 3.92395 0
    endloop
  endfacet
  facet normal -0.442813 0.896614 0
    outer loop
      vertex 153.9 4.27513 0
      vertex 153.572 4.11314 11
      vertex 153.9 4.27513 11
    endloop
  endfacet
  facet normal -0.442813 0.896614 0
    outer loop
      vertex 153.572 4.11314 11
      vertex 153.9 4.27513 0
      vertex 153.572 4.11314 0
    endloop
  endfacet
  facet normal -0.946705 -0.322101 0
    outer loop
      vertex 155.205 7.42469 0
      vertex 155.087 7.77151 11
      vertex 155.087 7.77151 0
    endloop
  endfacet
  facet normal -0.946705 -0.322101 0
    outer loop
      vertex 155.087 7.77151 11
      vertex 155.205 7.42469 0
      vertex 155.205 7.42469 11
    endloop
  endfacet
  facet normal -0.981021 -0.193899 0
    outer loop
      vertex 155.276 7.06547 0
      vertex 155.205 7.42469 11
      vertex 155.205 7.42469 0
    endloop
  endfacet
  facet normal -0.981021 -0.193899 0
    outer loop
      vertex 155.205 7.42469 11
      vertex 155.276 7.06547 0
      vertex 155.276 7.06547 11
    endloop
  endfacet
  facet normal -0.752507 -0.658584 0
    outer loop
      vertex 154.721 8.40453 0
      vertex 154.48 8.6799 11
      vertex 154.48 8.6799 0
    endloop
  endfacet
  facet normal -0.752507 -0.658584 0
    outer loop
      vertex 154.48 8.6799 11
      vertex 154.721 8.40453 0
      vertex 154.721 8.40453 11
    endloop
  endfacet
  facet normal -0.0654756 -0.997854 0
    outer loop
      vertex 152.5 9.5 0
      vertex 152.865 9.47605 11
      vertex 152.5 9.5 11
    endloop
  endfacet
  facet normal -0.0654756 -0.997854 -0
    outer loop
      vertex 152.865 9.47605 11
      vertex 152.5 9.5 0
      vertex 152.865 9.47605 0
    endloop
  endfacet
  facet normal -0.554977 -0.831866 0
    outer loop
      vertex 153.9 9.12487 0
      vertex 154.205 8.92139 11
      vertex 153.9 9.12487 11
    endloop
  endfacet
  facet normal -0.554977 -0.831866 -0
    outer loop
      vertex 154.205 8.92139 11
      vertex 153.9 9.12487 0
      vertex 154.205 8.92139 0
    endloop
  endfacet
  facet normal 0.896866 -0.442303 0
    outer loop
      vertex 149.913 7.77151 11
      vertex 150.075 8.1 0
      vertex 150.075 8.1 11
    endloop
  endfacet
  facet normal 0.896866 -0.442303 0
    outer loop
      vertex 150.075 8.1 0
      vertex 149.913 7.77151 11
      vertex 149.913 7.77151 0
    endloop
  endfacet
  facet normal 0.830814 -0.55655 0
    outer loop
      vertex 150.075 8.1 11
      vertex 150.279 8.40453 0
      vertex 150.279 8.40453 11
    endloop
  endfacet
  facet normal 0.830814 -0.55655 0
    outer loop
      vertex 150.279 8.40453 0
      vertex 150.075 8.1 11
      vertex 150.075 8.1 0
    endloop
  endfacet
  facet normal 0.981021 -0.193899 0
    outer loop
      vertex 149.724 7.06547 11
      vertex 149.795 7.42469 0
      vertex 149.795 7.42469 11
    endloop
  endfacet
  facet normal 0.981021 -0.193899 0
    outer loop
      vertex 149.795 7.42469 0
      vertex 149.724 7.06547 11
      vertex 149.724 7.06547 0
    endloop
  endfacet
  facet normal 0.997851 -0.0655277 0
    outer loop
      vertex 149.7 6.7 11
      vertex 149.724 7.06547 0
      vertex 149.724 7.06547 11
    endloop
  endfacet
  facet normal 0.997851 -0.0655277 0
    outer loop
      vertex 149.724 7.06547 0
      vertex 149.7 6.7 11
      vertex 149.7 6.7 0
    endloop
  endfacet
  facet normal 0.997851 0.0655277 0
    outer loop
      vertex 149.724 6.33453 11
      vertex 149.7 6.7 0
      vertex 149.7 6.7 11
    endloop
  endfacet
  facet normal 0.997851 0.0655277 0
    outer loop
      vertex 149.7 6.7 0
      vertex 149.724 6.33453 11
      vertex 149.724 6.33453 0
    endloop
  endfacet
  facet normal 0.659842 -0.751404 0
    outer loop
      vertex 150.52 8.6799 0
      vertex 150.795 8.92139 11
      vertex 150.52 8.6799 11
    endloop
  endfacet
  facet normal 0.659842 -0.751404 0
    outer loop
      vertex 150.795 8.92139 11
      vertex 150.52 8.6799 0
      vertex 150.795 8.92139 0
    endloop
  endfacet
  facet normal 0.194701 -0.980863 0
    outer loop
      vertex 151.775 9.40459 0
      vertex 152.135 9.47605 11
      vertex 151.775 9.40459 11
    endloop
  endfacet
  facet normal 0.194701 -0.980863 0
    outer loop
      vertex 152.135 9.47605 11
      vertex 151.775 9.40459 0
      vertex 152.135 9.47605 0
    endloop
  endfacet
  facet normal -0.997851 0.0655277 0
    outer loop
      vertex 155.276 6.33453 0
      vertex 155.3 6.7 11
      vertex 155.3 6.7 0
    endloop
  endfacet
  facet normal -0.997851 0.0655277 0
    outer loop
      vertex 155.3 6.7 11
      vertex 155.276 6.33453 0
      vertex 155.276 6.33453 11
    endloop
  endfacet
  facet normal -0.946705 0.322101 0
    outer loop
      vertex 155.087 5.62849 0
      vertex 155.205 5.97531 11
      vertex 155.205 5.97531 0
    endloop
  endfacet
  facet normal -0.946705 0.322101 0
    outer loop
      vertex 155.205 5.97531 11
      vertex 155.087 5.62849 0
      vertex 155.087 5.62849 11
    endloop
  endfacet
  facet normal 0.554977 0.831866 -0
    outer loop
      vertex 151.1 4.27513 0
      vertex 150.795 4.47861 11
      vertex 151.1 4.27513 11
    endloop
  endfacet
  facet normal 0.554977 0.831866 0
    outer loop
      vertex 150.795 4.47861 11
      vertex 151.1 4.27513 0
      vertex 150.795 4.47861 0
    endloop
  endfacet
  facet normal 0.830814 0.55655 0
    outer loop
      vertex 150.279 4.99547 11
      vertex 150.075 5.3 0
      vertex 150.075 5.3 11
    endloop
  endfacet
  facet normal 0.830814 0.55655 0
    outer loop
      vertex 150.075 5.3 0
      vertex 150.279 4.99547 11
      vertex 150.279 4.99547 0
    endloop
  endfacet
  facet normal 0.752507 0.658584 0
    outer loop
      vertex 150.52 4.7201 11
      vertex 150.279 4.99547 0
      vertex 150.279 4.99547 11
    endloop
  endfacet
  facet normal 0.752507 0.658584 0
    outer loop
      vertex 150.279 4.99547 0
      vertex 150.52 4.7201 11
      vertex 150.52 4.7201 0
    endloop
  endfacet
  facet normal -0.554977 0.831866 0
    outer loop
      vertex 154.205 4.47861 0
      vertex 153.9 4.27513 11
      vertex 154.205 4.47861 11
    endloop
  endfacet
  facet normal -0.554977 0.831866 0
    outer loop
      vertex 153.9 4.27513 11
      vertex 154.205 4.47861 0
      vertex 153.9 4.27513 0
    endloop
  endfacet
  facet normal 0 0 -1
    outer loop
      vertex 155.276 6.33453 11
      vertex 153.888 6.51726 11
      vertex 153.9 6.7 11
    endloop
  endfacet
  facet normal 0 0 -1
    outer loop
      vertex 154.205 4.47861 11
      vertex 153.852 6.33765 11
      vertex 153.888 6.51726 11
    endloop
  endfacet
  facet normal 0 0 -1
    outer loop
      vertex 154.205 4.47861 11
      vertex 153.793 6.16424 11
      vertex 153.852 6.33765 11
    endloop
  endfacet
  facet normal 0 0 -1
    outer loop
      vertex 154.205 4.47861 11
      vertex 153.712 6 11
      vertex 153.793 6.16424 11
    endloop
  endfacet
  facet normal 0 0 -1
    outer loop
      vertex 154.205 4.47861 11
      vertex 153.611 5.84773 11
      vertex 153.712 6 11
    endloop
  endfacet
  facet normal 0 0 -1
    outer loop
      vertex 153.2 5.48756 11
      vertex 153.9 4.27513 11
      vertex 153.572 4.11314 11
    endloop
  endfacet
  facet normal 0 0 -1
    outer loop
      vertex 154.205 4.47861 11
      vertex 153.49 5.71005 11
      vertex 153.611 5.84773 11
    endloop
  endfacet
  facet normal 0 0 -1
    outer loop
      vertex 154.205 4.47861 11
      vertex 153.352 5.5893 11
      vertex 153.49 5.71005 11
    endloop
  endfacet
  facet normal 0 0 -1
    outer loop
      vertex 153.036 5.40657 11
      vertex 153.572 4.11314 11
      vertex 153.225 3.99541 11
    endloop
  endfacet
  facet normal 0 0 -1
    outer loop
      vertex 153.9 4.27513 11
      vertex 153.2 5.48756 11
      vertex 153.352 5.5893 11
    endloop
  endfacet
  facet normal 0 0 -1
    outer loop
      vertex 153.572 4.11314 11
      vertex 153.036 5.40657 11
      vertex 153.2 5.48756 11
    endloop
  endfacet
  facet normal 0 0 -1
    outer loop
      vertex 152.862 5.3477 11
      vertex 153.225 3.99541 11
      vertex 152.865 3.92395 11
    endloop
  endfacet
  facet normal 0 0 -1
    outer loop
      vertex 153.225 3.99541 11
      vertex 152.862 5.3477 11
      vertex 153.036 5.40657 11
    endloop
  endfacet
  facet normal 0 0 -1
    outer loop
      vertex 152.865 3.92395 11
      vertex 152.683 5.31198 11
      vertex 152.862 5.3477 11
    endloop
  endfacet
  facet normal 0 0 -1
    outer loop
      vertex 152.5 3.9 11
      vertex 152.683 5.31198 11
      vertex 152.865 3.92395 11
    endloop
  endfacet
  facet normal 0 0 -1
    outer loop
      vertex 152.5 3.9 11
      vertex 152.5 5.3 11
      vertex 152.683 5.31198 11
    endloop
  endfacet
  facet normal 0 0 -1
    outer loop
      vertex 152.5 3.9 11
      vertex 152.317 5.31198 11
      vertex 152.5 5.3 11
    endloop
  endfacet
  facet normal 0 0 -1
    outer loop
      vertex 152.135 3.92395 11
      vertex 152.317 5.31198 11
      vertex 152.5 3.9 11
    endloop
  endfacet
  facet normal -0 0 -1
    outer loop
      vertex 152.317 5.31198 11
      vertex 152.135 3.92395 11
      vertex 152.138 5.3477 11
    endloop
  endfacet
  facet normal 0 0 -1
    outer loop
      vertex 151.775 3.99541 11
      vertex 152.138 5.3477 11
      vertex 152.135 3.92395 11
    endloop
  endfacet
  facet normal -0 0 -1
    outer loop
      vertex 152.138 5.3477 11
      vertex 151.775 3.99541 11
      vertex 151.964 5.40657 11
    endloop
  endfacet
  facet normal 0 0 -1
    outer loop
      vertex 151.428 4.11314 11
      vertex 151.964 5.40657 11
      vertex 151.775 3.99541 11
    endloop
  endfacet
  facet normal -0 0 -1
    outer loop
      vertex 151.964 5.40657 11
      vertex 151.428 4.11314 11
      vertex 151.8 5.48756 11
    endloop
  endfacet
  facet normal 0 0 -1
    outer loop
      vertex 151.1 4.27513 11
      vertex 151.8 5.48756 11
      vertex 151.428 4.11314 11
    endloop
  endfacet
  facet normal -0 0 -1
    outer loop
      vertex 151.8 5.48756 11
      vertex 151.1 4.27513 11
      vertex 151.648 5.5893 11
    endloop
  endfacet
  facet normal 0 0 -1
    outer loop
      vertex 150.795 4.47861 11
      vertex 151.648 5.5893 11
      vertex 151.1 4.27513 11
    endloop
  endfacet
  facet normal -0 0 -1
    outer loop
      vertex 151.648 5.5893 11
      vertex 150.795 4.47861 11
      vertex 151.51 5.71005 11
    endloop
  endfacet
  facet normal 0 0 -1
    outer loop
      vertex 150.52 4.7201 11
      vertex 151.51 5.71005 11
      vertex 150.795 4.47861 11
    endloop
  endfacet
  facet normal -0 0 -1
    outer loop
      vertex 151.51 5.71005 11
      vertex 150.52 4.7201 11
      vertex 151.389 5.84773 11
    endloop
  endfacet
  facet normal 0 0 -1
    outer loop
      vertex 150.279 4.99547 11
      vertex 151.389 5.84773 11
      vertex 150.52 4.7201 11
    endloop
  endfacet
  facet normal -0 0 -1
    outer loop
      vertex 151.389 5.84773 11
      vertex 150.279 4.99547 11
      vertex 151.288 6 11
    endloop
  endfacet
  facet normal 0 0 -1
    outer loop
      vertex 150.075 5.3 11
      vertex 151.288 6 11
      vertex 150.279 4.99547 11
    endloop
  endfacet
  facet normal -0 0 -1
    outer loop
      vertex 151.288 6 11
      vertex 150.075 5.3 11
      vertex 151.207 6.16424 11
    endloop
  endfacet
  facet normal 0 0 -1
    outer loop
      vertex 149.913 5.62849 11
      vertex 151.207 6.16424 11
      vertex 150.075 5.3 11
    endloop
  endfacet
  facet normal 0 0 -1
    outer loop
      vertex 151.1 6.7 11
      vertex 150.795 8.92139 11
      vertex 151.1 9.12487 11
    endloop
  endfacet
  facet normal -0 0 -1
    outer loop
      vertex 151.207 6.16424 11
      vertex 149.913 5.62849 11
      vertex 151.148 6.33765 11
    endloop
  endfacet
  facet normal 0 0 -1
    outer loop
      vertex 151.1 6.7 11
      vertex 150.52 8.6799 11
      vertex 150.795 8.92139 11
    endloop
  endfacet
  facet normal 0 0 -1
    outer loop
      vertex 149.795 5.97531 11
      vertex 151.148 6.33765 11
      vertex 149.913 5.62849 11
    endloop
  endfacet
  facet normal 0 0 -1
    outer loop
      vertex 151.1 6.7 11
      vertex 150.279 8.40453 11
      vertex 150.52 8.6799 11
    endloop
  endfacet
  facet normal -0 0 -1
    outer loop
      vertex 151.148 6.33765 11
      vertex 149.795 5.97531 11
      vertex 151.112 6.51726 11
    endloop
  endfacet
  facet normal 0 0 -1
    outer loop
      vertex 151.1 6.7 11
      vertex 150.075 8.1 11
      vertex 150.279 8.40453 11
    endloop
  endfacet
  facet normal 0 0 -1
    outer loop
      vertex 149.724 6.33453 11
      vertex 151.112 6.51726 11
      vertex 149.795 5.97531 11
    endloop
  endfacet
  facet normal 0 0 -1
    outer loop
      vertex 151.1 6.7 11
      vertex 149.913 7.77151 11
      vertex 150.075 8.1 11
    endloop
  endfacet
  facet normal -0 0 -1
    outer loop
      vertex 151.112 6.51726 11
      vertex 149.724 6.33453 11
      vertex 151.1 6.7 11
    endloop
  endfacet
  facet normal 0 0 -1
    outer loop
      vertex 151.1 6.7 11
      vertex 149.795 7.42469 11
      vertex 149.913 7.77151 11
    endloop
  endfacet
  facet normal 0 0 -1
    outer loop
      vertex 149.7 6.7 11
      vertex 151.1 6.7 11
      vertex 149.724 6.33453 11
    endloop
  endfacet
  facet normal 0 0 -1
    outer loop
      vertex 151.1 6.7 11
      vertex 149.724 7.06547 11
      vertex 149.795 7.42469 11
    endloop
  endfacet
  facet normal 0 0 -1
    outer loop
      vertex 151.1 6.7 11
      vertex 149.7 6.7 11
      vertex 149.724 7.06547 11
    endloop
  endfacet
  facet normal 0 0 -1
    outer loop
      vertex 153.9 6.7 11
      vertex 155.3 6.7 11
      vertex 155.276 6.33453 11
    endloop
  endfacet
  facet normal 0 0 -1
    outer loop
      vertex 153.888 6.51726 11
      vertex 155.276 6.33453 11
      vertex 155.205 5.97531 11
    endloop
  endfacet
  facet normal 0 0 -1
    outer loop
      vertex 155.3 6.7 11
      vertex 153.9 6.7 11
      vertex 155.276 7.06547 11
    endloop
  endfacet
  facet normal 0 0 -1
    outer loop
      vertex 153.888 6.51726 11
      vertex 155.205 5.97531 11
      vertex 155.087 5.62849 11
    endloop
  endfacet
  facet normal 0 0 -1
    outer loop
      vertex 153.888 6.88274 11
      vertex 155.276 7.06547 11
      vertex 153.9 6.7 11
    endloop
  endfacet
  facet normal 0 0 -1
    outer loop
      vertex 153.888 6.51726 11
      vertex 155.087 5.62849 11
      vertex 154.925 5.3 11
    endloop
  endfacet
  facet normal -0 0 -1
    outer loop
      vertex 155.276 7.06547 11
      vertex 153.888 6.88274 11
      vertex 155.205 7.42469 11
    endloop
  endfacet
  facet normal 0 0 -1
    outer loop
      vertex 153.888 6.51726 11
      vertex 154.925 5.3 11
      vertex 154.721 4.99547 11
    endloop
  endfacet
  facet normal 0 0 -1
    outer loop
      vertex 153.852 7.06235 11
      vertex 155.205 7.42469 11
      vertex 153.888 6.88274 11
    endloop
  endfacet
  facet normal 0 0 -1
    outer loop
      vertex 153.888 6.51726 11
      vertex 154.721 4.99547 11
      vertex 154.48 4.7201 11
    endloop
  endfacet
  facet normal -0 0 -1
    outer loop
      vertex 155.205 7.42469 11
      vertex 153.852 7.06235 11
      vertex 155.087 7.77151 11
    endloop
  endfacet
  facet normal 0 0 -1
    outer loop
      vertex 153.888 6.51726 11
      vertex 154.48 4.7201 11
      vertex 154.205 4.47861 11
    endloop
  endfacet
  facet normal 0 0 -1
    outer loop
      vertex 153.793 7.23576 11
      vertex 155.087 7.77151 11
      vertex 153.852 7.06235 11
    endloop
  endfacet
  facet normal 0 0 -1
    outer loop
      vertex 153.352 5.5893 11
      vertex 154.205 4.47861 11
      vertex 153.9 4.27513 11
    endloop
  endfacet
  facet normal -0 0 -1
    outer loop
      vertex 155.087 7.77151 11
      vertex 153.793 7.23576 11
      vertex 154.925 8.1 11
    endloop
  endfacet
  facet normal 0 0 -1
    outer loop
      vertex 153.712 7.4 11
      vertex 154.925 8.1 11
      vertex 153.793 7.23576 11
    endloop
  endfacet
  facet normal -0 0 -1
    outer loop
      vertex 154.925 8.1 11
      vertex 153.712 7.4 11
      vertex 154.721 8.40453 11
    endloop
  endfacet
  facet normal 0 0 -1
    outer loop
      vertex 153.611 7.55227 11
      vertex 154.721 8.40453 11
      vertex 153.712 7.4 11
    endloop
  endfacet
  facet normal -0 0 -1
    outer loop
      vertex 154.721 8.40453 11
      vertex 153.611 7.55227 11
      vertex 154.48 8.6799 11
    endloop
  endfacet
  facet normal 0 0 -1
    outer loop
      vertex 153.49 7.68995 11
      vertex 154.48 8.6799 11
      vertex 153.611 7.55227 11
    endloop
  endfacet
  facet normal -0 0 -1
    outer loop
      vertex 154.48 8.6799 11
      vertex 153.49 7.68995 11
      vertex 154.205 8.92139 11
    endloop
  endfacet
  facet normal 0 0 -1
    outer loop
      vertex 153.352 7.81069 11
      vertex 154.205 8.92139 11
      vertex 153.49 7.68995 11
    endloop
  endfacet
  facet normal -0 0 -1
    outer loop
      vertex 154.205 8.92139 11
      vertex 153.352 7.81069 11
      vertex 153.9 9.12487 11
    endloop
  endfacet
  facet normal 0 0 -1
    outer loop
      vertex 153.2 7.91244 11
      vertex 153.9 9.12487 11
      vertex 153.352 7.81069 11
    endloop
  endfacet
  facet normal -0 0 -1
    outer loop
      vertex 153.9 9.12487 11
      vertex 153.2 7.91244 11
      vertex 153.572 9.28686 11
    endloop
  endfacet
  facet normal 0 0 -1
    outer loop
      vertex 153.036 7.99343 11
      vertex 153.572 9.28686 11
      vertex 153.2 7.91244 11
    endloop
  endfacet
  facet normal -0 0 -1
    outer loop
      vertex 153.572 9.28686 11
      vertex 153.036 7.99343 11
      vertex 153.225 9.40459 11
    endloop
  endfacet
  facet normal 0 0 -1
    outer loop
      vertex 152.862 8.0523 11
      vertex 153.225 9.40459 11
      vertex 153.036 7.99343 11
    endloop
  endfacet
  facet normal -0 0 -1
    outer loop
      vertex 153.225 9.40459 11
      vertex 152.862 8.0523 11
      vertex 152.865 9.47605 11
    endloop
  endfacet
  facet normal 0 0 -1
    outer loop
      vertex 152.683 8.08802 11
      vertex 152.865 9.47605 11
      vertex 152.862 8.0523 11
    endloop
  endfacet
  facet normal 0 0 -1
    outer loop
      vertex 152.5 8.1 11
      vertex 152.865 9.47605 11
      vertex 152.683 8.08802 11
    endloop
  endfacet
  facet normal 0 0 -1
    outer loop
      vertex 152.5 8.1 11
      vertex 152.5 9.5 11
      vertex 152.865 9.47605 11
    endloop
  endfacet
  facet normal 0 0 -1
    outer loop
      vertex 152.317 8.08802 11
      vertex 152.5 9.5 11
      vertex 152.5 8.1 11
    endloop
  endfacet
  facet normal 0 0 -1
    outer loop
      vertex 152.135 9.47605 11
      vertex 152.317 8.08802 11
      vertex 152.138 8.0523 11
    endloop
  endfacet
  facet normal 0 0 -1
    outer loop
      vertex 152.317 8.08802 11
      vertex 152.135 9.47605 11
      vertex 152.5 9.5 11
    endloop
  endfacet
  facet normal 0 0 -1
    outer loop
      vertex 151.775 9.40459 11
      vertex 152.138 8.0523 11
      vertex 151.964 7.99343 11
    endloop
  endfacet
  facet normal 0 0 -1
    outer loop
      vertex 151.428 9.28686 11
      vertex 151.964 7.99343 11
      vertex 151.8 7.91244 11
    endloop
  endfacet
  facet normal 0 0 -1
    outer loop
      vertex 152.138 8.0523 11
      vertex 151.775 9.40459 11
      vertex 152.135 9.47605 11
    endloop
  endfacet
  facet normal 0 0 -1
    outer loop
      vertex 151.1 9.12487 11
      vertex 151.8 7.91244 11
      vertex 151.648 7.81069 11
    endloop
  endfacet
  facet normal 0 0 -1
    outer loop
      vertex 151.1 9.12487 11
      vertex 151.648 7.81069 11
      vertex 151.51 7.68995 11
    endloop
  endfacet
  facet normal 0 0 -1
    outer loop
      vertex 151.964 7.99343 11
      vertex 151.428 9.28686 11
      vertex 151.775 9.40459 11
    endloop
  endfacet
  facet normal 0 0 -1
    outer loop
      vertex 151.1 9.12487 11
      vertex 151.51 7.68995 11
      vertex 151.389 7.55227 11
    endloop
  endfacet
  facet normal 0 0 -1
    outer loop
      vertex 151.1 9.12487 11
      vertex 151.389 7.55227 11
      vertex 151.288 7.4 11
    endloop
  endfacet
  facet normal 0 0 -1
    outer loop
      vertex 151.1 9.12487 11
      vertex 151.288 7.4 11
      vertex 151.207 7.23576 11
    endloop
  endfacet
  facet normal 0 0 -1
    outer loop
      vertex 151.1 9.12487 11
      vertex 151.207 7.23576 11
      vertex 151.148 7.06235 11
    endloop
  endfacet
  facet normal 0 0 -1
    outer loop
      vertex 151.1 9.12487 11
      vertex 151.148 7.06235 11
      vertex 151.112 6.88274 11
    endloop
  endfacet
  facet normal 0 0 -1
    outer loop
      vertex 151.8 7.91244 11
      vertex 151.1 9.12487 11
      vertex 151.428 9.28686 11
    endloop
  endfacet
  facet normal 0 0 -1
    outer loop
      vertex 151.1 9.12487 11
      vertex 151.112 6.88274 11
      vertex 151.1 6.7 11
    endloop
  endfacet
  facet normal 0.194701 0.980863 -0
    outer loop
      vertex 152.135 3.92395 0
      vertex 151.775 3.99541 11
      vertex 152.135 3.92395 11
    endloop
  endfacet
  facet normal 0.194701 0.980863 0
    outer loop
      vertex 151.775 3.99541 11
      vertex 152.135 3.92395 0
      vertex 151.775 3.99541 0
    endloop
  endfacet
  facet normal 0.659842 0.751404 -0
    outer loop
      vertex 150.795 4.47861 0
      vertex 150.52 4.7201 11
      vertex 150.795 4.47861 11
    endloop
  endfacet
  facet normal 0.659842 0.751404 0
    outer loop
      vertex 150.52 4.7201 11
      vertex 150.795 4.47861 0
      vertex 150.52 4.7201 0
    endloop
  endfacet
  facet normal 0.896866 0.442303 0
    outer loop
      vertex 150.075 5.3 11
      vertex 149.913 5.62849 0
      vertex 149.913 5.62849 11
    endloop
  endfacet
  facet normal 0.896866 0.442303 0
    outer loop
      vertex 149.913 5.62849 0
      vertex 150.075 5.3 11
      vertex 150.075 5.3 0
    endloop
  endfacet
  facet normal -0.659842 0.751404 0
    outer loop
      vertex 154.48 4.7201 0
      vertex 154.205 4.47861 11
      vertex 154.48 4.7201 11
    endloop
  endfacet
  facet normal -0.659842 0.751404 0
    outer loop
      vertex 154.205 4.47861 11
      vertex 154.48 4.7201 0
      vertex 154.205 4.47861 0
    endloop
  endfacet
  facet normal -0.321291 0.94698 0
    outer loop
      vertex 153.572 4.11314 0
      vertex 153.225 3.99541 11
      vertex 153.572 4.11314 11
    endloop
  endfacet
  facet normal -0.321291 0.94698 0
    outer loop
      vertex 153.225 3.99541 11
      vertex 153.572 4.11314 0
      vertex 153.225 3.99541 0
    endloop
  endfacet
  facet normal -0.896866 0.442303 0
    outer loop
      vertex 154.925 5.3 0
      vertex 155.087 5.62849 11
      vertex 155.087 5.62849 0
    endloop
  endfacet
  facet normal -0.896866 0.442303 0
    outer loop
      vertex 155.087 5.62849 11
      vertex 154.925 5.3 0
      vertex 154.925 5.3 11
    endloop
  endfacet
  facet normal -0.830814 0.55655 0
    outer loop
      vertex 154.721 4.99547 0
      vertex 154.925 5.3 11
      vertex 154.925 5.3 0
    endloop
  endfacet
  facet normal -0.830814 0.55655 0
    outer loop
      vertex 154.925 5.3 11
      vertex 154.721 4.99547 0
      vertex 154.721 4.99547 11
    endloop
  endfacet
  facet normal 0.0654756 0.997854 -0
    outer loop
      vertex 152.5 3.9 0
      vertex 152.135 3.92395 11
      vertex 152.5 3.9 11
    endloop
  endfacet
  facet normal 0.0654756 0.997854 0
    outer loop
      vertex 152.135 3.92395 11
      vertex 152.5 3.9 0
      vertex 152.135 3.92395 0
    endloop
  endfacet
  facet normal 0.442813 0.896614 -0
    outer loop
      vertex 151.428 4.11314 0
      vertex 151.1 4.27513 11
      vertex 151.428 4.11314 11
    endloop
  endfacet
  facet normal 0.442813 0.896614 0
    outer loop
      vertex 151.1 4.27513 11
      vertex 151.428 4.11314 0
      vertex 151.1 4.27513 0
    endloop
  endfacet
  facet normal 0.946705 0.322101 0
    outer loop
      vertex 149.913 5.62849 11
      vertex 149.795 5.97531 0
      vertex 149.795 5.97531 11
    endloop
  endfacet
  facet normal 0.946705 0.322101 0
    outer loop
      vertex 149.795 5.97531 0
      vertex 149.913 5.62849 11
      vertex 149.913 5.62849 0
    endloop
  endfacet
  facet normal 0.981021 0.193899 0
    outer loop
      vertex 149.795 5.97531 11
      vertex 149.724 6.33453 0
      vertex 149.724 6.33453 11
    endloop
  endfacet
  facet normal 0.981021 0.193899 0
    outer loop
      vertex 149.724 6.33453 0
      vertex 149.795 5.97531 11
      vertex 149.795 5.97531 0
    endloop
  endfacet
  facet normal -0.752507 0.658584 0
    outer loop
      vertex 154.48 4.7201 0
      vertex 154.721 4.99547 11
      vertex 154.721 4.99547 0
    endloop
  endfacet
  facet normal -0.752507 0.658584 0
    outer loop
      vertex 154.721 4.99547 11
      vertex 154.48 4.7201 0
      vertex 154.48 4.7201 11
    endloop
  endfacet
  facet normal 0.321291 0.94698 -0
    outer loop
      vertex 151.775 3.99541 0
      vertex 151.428 4.11314 11
      vertex 151.775 3.99541 11
    endloop
  endfacet
  facet normal 0.321291 0.94698 0
    outer loop
      vertex 151.428 4.11314 11
      vertex 151.775 3.99541 0
      vertex 151.428 4.11314 0
    endloop
  endfacet
  facet normal -0.997851 -0.0655259 0
    outer loop
      vertex 153.9 6.7 11
      vertex 153.888 6.88274 13
      vertex 153.888 6.88274 11
    endloop
  endfacet
  facet normal -0.997851 -0.0655259 0
    outer loop
      vertex 153.888 6.88274 13
      vertex 153.9 6.7 11
      vertex 153.9 6.7 13
    endloop
  endfacet
  facet normal 0.0653247 -0.997864 0
    outer loop
      vertex 152.317 8.08802 11
      vertex 152.5 8.1 13
      vertex 152.317 8.08802 13
    endloop
  endfacet
  facet normal 0.0653247 -0.997864 0
    outer loop
      vertex 152.5 8.1 13
      vertex 152.317 8.08802 11
      vertex 152.5 8.1 11
    endloop
  endfacet
  facet normal -0.658474 -0.752604 0
    outer loop
      vertex 153.352 7.81069 11
      vertex 153.49 7.68995 13
      vertex 153.352 7.81069 13
    endloop
  endfacet
  facet normal -0.658474 -0.752604 -0
    outer loop
      vertex 153.49 7.68995 13
      vertex 153.352 7.81069 11
      vertex 153.49 7.68995 11
    endloop
  endfacet
  facet normal 0.751142 -0.660141 0
    outer loop
      vertex 151.389 7.55227 13
      vertex 151.51 7.68995 11
      vertex 151.51 7.68995 13
    endloop
  endfacet
  facet normal 0.751142 -0.660141 0
    outer loop
      vertex 151.51 7.68995 11
      vertex 151.389 7.55227 13
      vertex 151.389 7.55227 11
    endloop
  endfacet
  facet normal 0.442791 -0.896625 0
    outer loop
      vertex 151.8 7.91244 11
      vertex 151.964 7.99343 13
      vertex 151.8 7.91244 13
    endloop
  endfacet
  facet normal 0.442791 -0.896625 0
    outer loop
      vertex 151.964 7.99343 13
      vertex 151.8 7.91244 11
      vertex 151.964 7.99343 11
    endloop
  endfacet
  facet normal -0.89686 0.442314 0
    outer loop
      vertex 153.712 6 11
      vertex 153.793 6.16424 13
      vertex 153.793 6.16424 11
    endloop
  endfacet
  facet normal -0.89686 0.442314 0
    outer loop
      vertex 153.793 6.16424 13
      vertex 153.712 6 11
      vertex 153.712 6 13
    endloop
  endfacet
  facet normal -0.89686 -0.442314 0
    outer loop
      vertex 153.793 7.23576 11
      vertex 153.712 7.4 13
      vertex 153.712 7.4 11
    endloop
  endfacet
  facet normal -0.89686 -0.442314 0
    outer loop
      vertex 153.712 7.4 13
      vertex 153.793 7.23576 11
      vertex 153.793 7.23576 13
    endloop
  endfacet
  facet normal -0.320487 -0.947253 0
    outer loop
      vertex 152.862 8.0523 11
      vertex 153.036 7.99343 13
      vertex 152.862 8.0523 13
    endloop
  endfacet
  facet normal -0.320487 -0.947253 -0
    outer loop
      vertex 153.036 7.99343 13
      vertex 152.862 8.0523 11
      vertex 153.036 7.99343 11
    endloop
  endfacet
  facet normal -0.556276 -0.830997 0
    outer loop
      vertex 153.2 7.91244 11
      vertex 153.352 7.81069 13
      vertex 153.2 7.91244 13
    endloop
  endfacet
  facet normal -0.556276 -0.830997 -0
    outer loop
      vertex 153.352 7.81069 13
      vertex 153.2 7.91244 11
      vertex 153.352 7.81069 11
    endloop
  endfacet
  facet normal 0.946705 -0.322101 0
    outer loop
      vertex 151.148 7.06235 13
      vertex 151.207 7.23576 11
      vertex 151.207 7.23576 13
    endloop
  endfacet
  facet normal 0.946705 -0.322101 0
    outer loop
      vertex 151.207 7.23576 11
      vertex 151.148 7.06235 13
      vertex 151.148 7.06235 11
    endloop
  endfacet
  facet normal 0.89686 -0.442314 0
    outer loop
      vertex 151.207 7.23576 13
      vertex 151.288 7.4 11
      vertex 151.288 7.4 13
    endloop
  endfacet
  facet normal 0.89686 -0.442314 0
    outer loop
      vertex 151.288 7.4 11
      vertex 151.207 7.23576 13
      vertex 151.207 7.23576 11
    endloop
  endfacet
  facet normal 0.658474 -0.752604 0
    outer loop
      vertex 151.51 7.68995 11
      vertex 151.648 7.81069 13
      vertex 151.51 7.68995 13
    endloop
  endfacet
  facet normal 0.658474 -0.752604 0
    outer loop
      vertex 151.648 7.81069 13
      vertex 151.51 7.68995 11
      vertex 151.648 7.81069 11
    endloop
  endfacet
  facet normal 0.195695 -0.980665 0
    outer loop
      vertex 152.138 8.0523 11
      vertex 152.317 8.08802 13
      vertex 152.138 8.0523 13
    endloop
  endfacet
  facet normal 0.195695 -0.980665 0
    outer loop
      vertex 152.317 8.08802 13
      vertex 152.138 8.0523 11
      vertex 152.317 8.08802 11
    endloop
  endfacet
  facet normal -0.320487 0.947253 0
    outer loop
      vertex 153.036 5.40657 11
      vertex 152.862 5.3477 13
      vertex 153.036 5.40657 13
    endloop
  endfacet
  facet normal -0.320487 0.947253 0
    outer loop
      vertex 152.862 5.3477 13
      vertex 153.036 5.40657 11
      vertex 152.862 5.3477 11
    endloop
  endfacet
  facet normal -0.195695 0.980665 0
    outer loop
      vertex 152.862 5.3477 11
      vertex 152.683 5.31198 13
      vertex 152.862 5.3477 13
    endloop
  endfacet
  facet normal -0.195695 0.980665 0
    outer loop
      vertex 152.683 5.31198 13
      vertex 152.862 5.3477 11
      vertex 152.683 5.31198 11
    endloop
  endfacet
  facet normal 0.556238 0.831023 -0
    outer loop
      vertex 151.8 5.48756 11
      vertex 151.648 5.5893 13
      vertex 151.8 5.48756 13
    endloop
  endfacet
  facet normal 0.556238 0.831023 0
    outer loop
      vertex 151.648 5.5893 13
      vertex 151.8 5.48756 11
      vertex 151.648 5.5893 11
    endloop
  endfacet
  facet normal 0.195695 0.980665 -0
    outer loop
      vertex 152.317 5.31198 11
      vertex 152.138 5.3477 13
      vertex 152.317 5.31198 13
    endloop
  endfacet
  facet normal 0.195695 0.980665 0
    outer loop
      vertex 152.138 5.3477 13
      vertex 152.317 5.31198 11
      vertex 152.138 5.3477 11
    endloop
  endfacet
  facet normal 0.658505 0.752577 -0
    outer loop
      vertex 151.648 5.5893 11
      vertex 151.51 5.71005 13
      vertex 151.648 5.5893 13
    endloop
  endfacet
  facet normal 0.658505 0.752577 0
    outer loop
      vertex 151.51 5.71005 13
      vertex 151.648 5.5893 11
      vertex 151.51 5.71005 11
    endloop
  endfacet
  facet normal -0.946705 -0.322101 0
    outer loop
      vertex 153.852 7.06235 11
      vertex 153.793 7.23576 13
      vertex 153.793 7.23576 11
    endloop
  endfacet
  facet normal -0.946705 -0.322101 0
    outer loop
      vertex 153.793 7.23576 13
      vertex 153.852 7.06235 11
      vertex 153.852 7.06235 13
    endloop
  endfacet
  facet normal -0.980499 -0.196526 0
    outer loop
      vertex 153.888 6.88274 11
      vertex 153.852 7.06235 13
      vertex 153.852 7.06235 11
    endloop
  endfacet
  facet normal -0.980499 -0.196526 0
    outer loop
      vertex 153.852 7.06235 13
      vertex 153.888 6.88274 11
      vertex 153.888 6.88274 13
    endloop
  endfacet
  facet normal -0.751142 -0.660141 0
    outer loop
      vertex 153.611 7.55227 11
      vertex 153.49 7.68995 13
      vertex 153.49 7.68995 11
    endloop
  endfacet
  facet normal -0.751142 -0.660141 0
    outer loop
      vertex 153.49 7.68995 13
      vertex 153.611 7.55227 11
      vertex 153.611 7.55227 13
    endloop
  endfacet
  facet normal -0.833345 -0.552754 0
    outer loop
      vertex 153.712 7.4 11
      vertex 153.611 7.55227 13
      vertex 153.611 7.55227 11
    endloop
  endfacet
  facet normal -0.833345 -0.552754 0
    outer loop
      vertex 153.611 7.55227 13
      vertex 153.712 7.4 11
      vertex 153.712 7.4 13
    endloop
  endfacet
  facet normal -0.195695 -0.980665 0
    outer loop
      vertex 152.683 8.08802 11
      vertex 152.862 8.0523 13
      vertex 152.683 8.08802 13
    endloop
  endfacet
  facet normal -0.195695 -0.980665 -0
    outer loop
      vertex 152.862 8.0523 13
      vertex 152.683 8.08802 11
      vertex 152.862 8.0523 11
    endloop
  endfacet
  facet normal -0.0653247 -0.997864 0
    outer loop
      vertex 152.5 8.1 11
      vertex 152.683 8.08802 13
      vertex 152.5 8.1 13
    endloop
  endfacet
  facet normal -0.0653247 -0.997864 -0
    outer loop
      vertex 152.683 8.08802 13
      vertex 152.5 8.1 11
      vertex 152.683 8.08802 11
    endloop
  endfacet
  facet normal -0.442791 -0.896625 0
    outer loop
      vertex 153.036 7.99343 11
      vertex 153.2 7.91244 13
      vertex 153.036 7.99343 13
    endloop
  endfacet
  facet normal -0.442791 -0.896625 -0
    outer loop
      vertex 153.2 7.91244 13
      vertex 153.036 7.99343 11
      vertex 153.2 7.91244 11
    endloop
  endfacet
  facet normal 0.833345 -0.552754 0
    outer loop
      vertex 151.288 7.4 13
      vertex 151.389 7.55227 11
      vertex 151.389 7.55227 13
    endloop
  endfacet
  facet normal 0.833345 -0.552754 0
    outer loop
      vertex 151.389 7.55227 11
      vertex 151.288 7.4 13
      vertex 151.288 7.4 11
    endloop
  endfacet
  facet normal 0.980499 -0.196526 0
    outer loop
      vertex 151.112 6.88274 13
      vertex 151.148 7.06235 11
      vertex 151.148 7.06235 13
    endloop
  endfacet
  facet normal 0.980499 -0.196526 0
    outer loop
      vertex 151.148 7.06235 11
      vertex 151.112 6.88274 13
      vertex 151.112 6.88274 11
    endloop
  endfacet
  facet normal 0.997851 -0.0655259 0
    outer loop
      vertex 151.1 6.7 13
      vertex 151.112 6.88274 11
      vertex 151.112 6.88274 13
    endloop
  endfacet
  facet normal 0.997851 -0.0655259 0
    outer loop
      vertex 151.112 6.88274 11
      vertex 151.1 6.7 13
      vertex 151.1 6.7 11
    endloop
  endfacet
  facet normal 0.997851 0.0655259 0
    outer loop
      vertex 151.112 6.51726 13
      vertex 151.1 6.7 11
      vertex 151.1 6.7 13
    endloop
  endfacet
  facet normal 0.997851 0.0655259 0
    outer loop
      vertex 151.1 6.7 11
      vertex 151.112 6.51726 13
      vertex 151.112 6.51726 11
    endloop
  endfacet
  facet normal 0.556276 -0.830997 0
    outer loop
      vertex 151.648 7.81069 11
      vertex 151.8 7.91244 13
      vertex 151.648 7.81069 13
    endloop
  endfacet
  facet normal 0.556276 -0.830997 0
    outer loop
      vertex 151.8 7.91244 13
      vertex 151.648 7.81069 11
      vertex 151.8 7.91244 11
    endloop
  endfacet
  facet normal 0.320487 -0.947253 0
    outer loop
      vertex 151.964 7.99343 11
      vertex 152.138 8.0523 13
      vertex 151.964 7.99343 13
    endloop
  endfacet
  facet normal 0.320487 -0.947253 0
    outer loop
      vertex 152.138 8.0523 13
      vertex 151.964 7.99343 11
      vertex 152.138 8.0523 11
    endloop
  endfacet
  facet normal -0.997851 0.0655259 0
    outer loop
      vertex 153.888 6.51726 11
      vertex 153.9 6.7 13
      vertex 153.9 6.7 11
    endloop
  endfacet
  facet normal -0.997851 0.0655259 0
    outer loop
      vertex 153.9 6.7 13
      vertex 153.888 6.51726 11
      vertex 153.888 6.51726 13
    endloop
  endfacet
  facet normal -0.556238 0.831023 0
    outer loop
      vertex 153.352 5.5893 11
      vertex 153.2 5.48756 13
      vertex 153.352 5.5893 13
    endloop
  endfacet
  facet normal -0.556238 0.831023 0
    outer loop
      vertex 153.2 5.48756 13
      vertex 153.352 5.5893 11
      vertex 153.2 5.48756 11
    endloop
  endfacet
  facet normal -0.751142 0.660141 0
    outer loop
      vertex 153.49 5.71005 11
      vertex 153.611 5.84773 13
      vertex 153.611 5.84773 11
    endloop
  endfacet
  facet normal -0.751142 0.660141 0
    outer loop
      vertex 153.611 5.84773 13
      vertex 153.49 5.71005 11
      vertex 153.49 5.71005 13
    endloop
  endfacet
  facet normal -0.833345 0.552754 0
    outer loop
      vertex 153.611 5.84773 11
      vertex 153.712 6 13
      vertex 153.712 6 11
    endloop
  endfacet
  facet normal -0.833345 0.552754 0
    outer loop
      vertex 153.712 6 13
      vertex 153.611 5.84773 11
      vertex 153.611 5.84773 13
    endloop
  endfacet
  facet normal 0.442791 0.896625 -0
    outer loop
      vertex 151.964 5.40657 11
      vertex 151.8 5.48756 13
      vertex 151.964 5.40657 13
    endloop
  endfacet
  facet normal 0.442791 0.896625 0
    outer loop
      vertex 151.8 5.48756 13
      vertex 151.964 5.40657 11
      vertex 151.8 5.48756 11
    endloop
  endfacet
  facet normal -0.0653247 0.997864 0
    outer loop
      vertex 152.683 5.31198 11
      vertex 152.5 5.3 13
      vertex 152.683 5.31198 13
    endloop
  endfacet
  facet normal -0.0653247 0.997864 0
    outer loop
      vertex 152.5 5.3 13
      vertex 152.683 5.31198 11
      vertex 152.5 5.3 11
    endloop
  endfacet
  facet normal 0.833345 0.552754 0
    outer loop
      vertex 151.389 5.84773 13
      vertex 151.288 6 11
      vertex 151.288 6 13
    endloop
  endfacet
  facet normal 0.833345 0.552754 0
    outer loop
      vertex 151.288 6 11
      vertex 151.389 5.84773 13
      vertex 151.389 5.84773 11
    endloop
  endfacet
  facet normal 0.89686 0.442314 0
    outer loop
      vertex 151.288 6 13
      vertex 151.207 6.16424 11
      vertex 151.207 6.16424 13
    endloop
  endfacet
  facet normal 0.89686 0.442314 0
    outer loop
      vertex 151.207 6.16424 11
      vertex 151.288 6 13
      vertex 151.288 6 11
    endloop
  endfacet
  facet normal 0.980499 0.196526 0
    outer loop
      vertex 151.148 6.33765 13
      vertex 151.112 6.51726 11
      vertex 151.112 6.51726 13
    endloop
  endfacet
  facet normal 0.980499 0.196526 0
    outer loop
      vertex 151.112 6.51726 11
      vertex 151.148 6.33765 13
      vertex 151.148 6.33765 11
    endloop
  endfacet
  facet normal -0.946705 0.322101 0
    outer loop
      vertex 153.793 6.16424 11
      vertex 153.852 6.33765 13
      vertex 153.852 6.33765 11
    endloop
  endfacet
  facet normal -0.946705 0.322101 0
    outer loop
      vertex 153.852 6.33765 13
      vertex 153.793 6.16424 11
      vertex 153.793 6.16424 13
    endloop
  endfacet
  facet normal -0.442791 0.896625 0
    outer loop
      vertex 153.2 5.48756 11
      vertex 153.036 5.40657 13
      vertex 153.2 5.48756 13
    endloop
  endfacet
  facet normal -0.442791 0.896625 0
    outer loop
      vertex 153.036 5.40657 13
      vertex 153.2 5.48756 11
      vertex 153.036 5.40657 11
    endloop
  endfacet
  facet normal -0.658505 0.752577 0
    outer loop
      vertex 153.49 5.71005 11
      vertex 153.352 5.5893 13
      vertex 153.49 5.71005 13
    endloop
  endfacet
  facet normal -0.658505 0.752577 0
    outer loop
      vertex 153.352 5.5893 13
      vertex 153.49 5.71005 11
      vertex 153.352 5.5893 11
    endloop
  endfacet
  facet normal 0.320487 0.947253 -0
    outer loop
      vertex 152.138 5.3477 11
      vertex 151.964 5.40657 13
      vertex 152.138 5.3477 13
    endloop
  endfacet
  facet normal 0.320487 0.947253 0
    outer loop
      vertex 151.964 5.40657 13
      vertex 152.138 5.3477 11
      vertex 151.964 5.40657 11
    endloop
  endfacet
  facet normal 0.0653247 0.997864 -0
    outer loop
      vertex 152.5 5.3 11
      vertex 152.317 5.31198 13
      vertex 152.5 5.3 13
    endloop
  endfacet
  facet normal 0.0653247 0.997864 0
    outer loop
      vertex 152.317 5.31198 13
      vertex 152.5 5.3 11
      vertex 152.317 5.31198 11
    endloop
  endfacet
  facet normal 0.751142 0.660141 0
    outer loop
      vertex 151.51 5.71005 13
      vertex 151.389 5.84773 11
      vertex 151.389 5.84773 13
    endloop
  endfacet
  facet normal 0.751142 0.660141 0
    outer loop
      vertex 151.389 5.84773 11
      vertex 151.51 5.71005 13
      vertex 151.51 5.71005 11
    endloop
  endfacet
  facet normal 0.946705 0.322101 0
    outer loop
      vertex 151.207 6.16424 13
      vertex 151.148 6.33765 11
      vertex 151.148 6.33765 13
    endloop
  endfacet
  facet normal 0.946705 0.322101 0
    outer loop
      vertex 151.148 6.33765 11
      vertex 151.207 6.16424 13
      vertex 151.207 6.16424 11
    endloop
  endfacet
  facet normal -0.980499 0.196526 0
    outer loop
      vertex 153.852 6.33765 11
      vertex 153.888 6.51726 13
      vertex 153.888 6.51726 11
    endloop
  endfacet
  facet normal -0.980499 0.196526 0
    outer loop
      vertex 153.888 6.51726 13
      vertex 153.852 6.33765 11
      vertex 153.852 6.33765 13
    endloop
  endfacet
  facet normal -0.997851 -0.0655277 0
    outer loop
      vertex 213.3 6.7 0
      vertex 213.276 7.06547 11
      vertex 213.276 7.06547 0
    endloop
  endfacet
  facet normal -0.997851 -0.0655277 0
    outer loop
      vertex 213.276 7.06547 11
      vertex 213.3 6.7 0
      vertex 213.3 6.7 11
    endloop
  endfacet
  facet normal 0.0654756 -0.997854 0
    outer loop
      vertex 210.135 9.47605 0
      vertex 210.5 9.5 11
      vertex 210.135 9.47605 11
    endloop
  endfacet
  facet normal 0.0654756 -0.997854 0
    outer loop
      vertex 210.5 9.5 11
      vertex 210.135 9.47605 0
      vertex 210.5 9.5 0
    endloop
  endfacet
  facet normal -0.0654756 0.997854 0
    outer loop
      vertex 210.865 3.92395 0
      vertex 210.5 3.9 11
      vertex 210.865 3.92395 11
    endloop
  endfacet
  facet normal -0.0654756 0.997854 0
    outer loop
      vertex 210.5 3.9 11
      vertex 210.865 3.92395 0
      vertex 210.5 3.9 0
    endloop
  endfacet
  facet normal -0.659842 -0.751404 0
    outer loop
      vertex 212.205 8.92139 0
      vertex 212.48 8.6799 11
      vertex 212.205 8.92139 11
    endloop
  endfacet
  facet normal -0.659842 -0.751404 -0
    outer loop
      vertex 212.48 8.6799 11
      vertex 212.205 8.92139 0
      vertex 212.48 8.6799 0
    endloop
  endfacet
  facet normal 0.752507 -0.658584 0
    outer loop
      vertex 208.279 8.40453 11
      vertex 208.52 8.6799 0
      vertex 208.52 8.6799 11
    endloop
  endfacet
  facet normal 0.752507 -0.658584 0
    outer loop
      vertex 208.52 8.6799 0
      vertex 208.279 8.40453 11
      vertex 208.279 8.40453 0
    endloop
  endfacet
  facet normal 0.442813 -0.896614 0
    outer loop
      vertex 209.1 9.12487 0
      vertex 209.428 9.28686 11
      vertex 209.1 9.12487 11
    endloop
  endfacet
  facet normal 0.442813 -0.896614 0
    outer loop
      vertex 209.428 9.28686 11
      vertex 209.1 9.12487 0
      vertex 209.428 9.28686 0
    endloop
  endfacet
  facet normal -0.896866 -0.442303 0
    outer loop
      vertex 213.087 7.77151 0
      vertex 212.925 8.1 11
      vertex 212.925 8.1 0
    endloop
  endfacet
  facet normal -0.896866 -0.442303 0
    outer loop
      vertex 212.925 8.1 11
      vertex 213.087 7.77151 0
      vertex 213.087 7.77151 11
    endloop
  endfacet
  facet normal -0.830814 -0.55655 0
    outer loop
      vertex 212.925 8.1 0
      vertex 212.721 8.40453 11
      vertex 212.721 8.40453 0
    endloop
  endfacet
  facet normal -0.830814 -0.55655 0
    outer loop
      vertex 212.721 8.40453 11
      vertex 212.925 8.1 0
      vertex 212.925 8.1 11
    endloop
  endfacet
  facet normal -0.321291 -0.94698 0
    outer loop
      vertex 211.225 9.40459 0
      vertex 211.572 9.28686 11
      vertex 211.225 9.40459 11
    endloop
  endfacet
  facet normal -0.321291 -0.94698 -0
    outer loop
      vertex 211.572 9.28686 11
      vertex 211.225 9.40459 0
      vertex 211.572 9.28686 0
    endloop
  endfacet
  facet normal -0.194701 -0.980863 0
    outer loop
      vertex 210.865 9.47605 0
      vertex 211.225 9.40459 11
      vertex 210.865 9.47605 11
    endloop
  endfacet
  facet normal -0.194701 -0.980863 -0
    outer loop
      vertex 211.225 9.40459 11
      vertex 210.865 9.47605 0
      vertex 211.225 9.40459 0
    endloop
  endfacet
  facet normal -0.442813 -0.896614 0
    outer loop
      vertex 211.572 9.28686 0
      vertex 211.9 9.12487 11
      vertex 211.572 9.28686 11
    endloop
  endfacet
  facet normal -0.442813 -0.896614 -0
    outer loop
      vertex 211.9 9.12487 11
      vertex 211.572 9.28686 0
      vertex 211.9 9.12487 0
    endloop
  endfacet
  facet normal 0.946705 -0.322101 0
    outer loop
      vertex 207.795 7.42469 11
      vertex 207.913 7.77151 0
      vertex 207.913 7.77151 11
    endloop
  endfacet
  facet normal 0.946705 -0.322101 0
    outer loop
      vertex 207.913 7.77151 0
      vertex 207.795 7.42469 11
      vertex 207.795 7.42469 0
    endloop
  endfacet
  facet normal 0 0 -1
    outer loop
      vertex 213.276 6.33453 11
      vertex 211.888 6.51726 11
      vertex 211.9 6.7 11
    endloop
  endfacet
  facet normal 0 0 -1
    outer loop
      vertex 212.205 4.47861 11
      vertex 211.852 6.33765 11
      vertex 211.888 6.51726 11
    endloop
  endfacet
  facet normal 0 0 -1
    outer loop
      vertex 212.205 4.47861 11
      vertex 211.793 6.16424 11
      vertex 211.852 6.33765 11
    endloop
  endfacet
  facet normal 0 0 -1
    outer loop
      vertex 212.205 4.47861 11
      vertex 211.712 6 11
      vertex 211.793 6.16424 11
    endloop
  endfacet
  facet normal 0 0 -1
    outer loop
      vertex 212.205 4.47861 11
      vertex 211.611 5.84773 11
      vertex 211.712 6 11
    endloop
  endfacet
  facet normal 0 0 -1
    outer loop
      vertex 211.2 5.48756 11
      vertex 211.9 4.27513 11
      vertex 211.572 4.11314 11
    endloop
  endfacet
  facet normal 0 0 -1
    outer loop
      vertex 212.205 4.47861 11
      vertex 211.49 5.71005 11
      vertex 211.611 5.84773 11
    endloop
  endfacet
  facet normal 0 0 -1
    outer loop
      vertex 212.205 4.47861 11
      vertex 211.352 5.5893 11
      vertex 211.49 5.71005 11
    endloop
  endfacet
  facet normal 0 0 -1
    outer loop
      vertex 211.036 5.40657 11
      vertex 211.572 4.11314 11
      vertex 211.225 3.99541 11
    endloop
  endfacet
  facet normal 0 0 -1
    outer loop
      vertex 211.9 4.27513 11
      vertex 211.2 5.48756 11
      vertex 211.352 5.5893 11
    endloop
  endfacet
  facet normal 0 0 -1
    outer loop
      vertex 211.572 4.11314 11
      vertex 211.036 5.40657 11
      vertex 211.2 5.48756 11
    endloop
  endfacet
  facet normal 0 0 -1
    outer loop
      vertex 210.862 5.3477 11
      vertex 211.225 3.99541 11
      vertex 210.865 3.92395 11
    endloop
  endfacet
  facet normal 0 0 -1
    outer loop
      vertex 211.225 3.99541 11
      vertex 210.862 5.3477 11
      vertex 211.036 5.40657 11
    endloop
  endfacet
  facet normal 0 0 -1
    outer loop
      vertex 210.865 3.92395 11
      vertex 210.683 5.31198 11
      vertex 210.862 5.3477 11
    endloop
  endfacet
  facet normal 0 0 -1
    outer loop
      vertex 210.5 3.9 11
      vertex 210.683 5.31198 11
      vertex 210.865 3.92395 11
    endloop
  endfacet
  facet normal 0 0 -1
    outer loop
      vertex 210.5 3.9 11
      vertex 210.5 5.3 11
      vertex 210.683 5.31198 11
    endloop
  endfacet
  facet normal 0 0 -1
    outer loop
      vertex 210.5 3.9 11
      vertex 210.317 5.31198 11
      vertex 210.5 5.3 11
    endloop
  endfacet
  facet normal 0 0 -1
    outer loop
      vertex 210.135 3.92395 11
      vertex 210.317 5.31198 11
      vertex 210.5 3.9 11
    endloop
  endfacet
  facet normal -0 0 -1
    outer loop
      vertex 210.317 5.31198 11
      vertex 210.135 3.92395 11
      vertex 210.138 5.3477 11
    endloop
  endfacet
  facet normal 0 0 -1
    outer loop
      vertex 209.775 3.99541 11
      vertex 210.138 5.3477 11
      vertex 210.135 3.92395 11
    endloop
  endfacet
  facet normal -0 0 -1
    outer loop
      vertex 210.138 5.3477 11
      vertex 209.775 3.99541 11
      vertex 209.964 5.40657 11
    endloop
  endfacet
  facet normal 0 0 -1
    outer loop
      vertex 209.428 4.11314 11
      vertex 209.964 5.40657 11
      vertex 209.775 3.99541 11
    endloop
  endfacet
  facet normal -0 0 -1
    outer loop
      vertex 209.964 5.40657 11
      vertex 209.428 4.11314 11
      vertex 209.8 5.48756 11
    endloop
  endfacet
  facet normal 0 0 -1
    outer loop
      vertex 209.1 4.27513 11
      vertex 209.8 5.48756 11
      vertex 209.428 4.11314 11
    endloop
  endfacet
  facet normal -0 0 -1
    outer loop
      vertex 209.8 5.48756 11
      vertex 209.1 4.27513 11
      vertex 209.648 5.5893 11
    endloop
  endfacet
  facet normal 0 0 -1
    outer loop
      vertex 208.795 4.47861 11
      vertex 209.648 5.5893 11
      vertex 209.1 4.27513 11
    endloop
  endfacet
  facet normal -0 0 -1
    outer loop
      vertex 209.648 5.5893 11
      vertex 208.795 4.47861 11
      vertex 209.51 5.71005 11
    endloop
  endfacet
  facet normal 0 0 -1
    outer loop
      vertex 208.52 4.7201 11
      vertex 209.51 5.71005 11
      vertex 208.795 4.47861 11
    endloop
  endfacet
  facet normal -0 0 -1
    outer loop
      vertex 209.51 5.71005 11
      vertex 208.52 4.7201 11
      vertex 209.389 5.84773 11
    endloop
  endfacet
  facet normal 0 0 -1
    outer loop
      vertex 208.279 4.99547 11
      vertex 209.389 5.84773 11
      vertex 208.52 4.7201 11
    endloop
  endfacet
  facet normal -0 0 -1
    outer loop
      vertex 209.389 5.84773 11
      vertex 208.279 4.99547 11
      vertex 209.288 6 11
    endloop
  endfacet
  facet normal 0 0 -1
    outer loop
      vertex 208.075 5.3 11
      vertex 209.288 6 11
      vertex 208.279 4.99547 11
    endloop
  endfacet
  facet normal -0 0 -1
    outer loop
      vertex 209.288 6 11
      vertex 208.075 5.3 11
      vertex 209.207 6.16424 11
    endloop
  endfacet
  facet normal 0 0 -1
    outer loop
      vertex 207.913 5.62849 11
      vertex 209.207 6.16424 11
      vertex 208.075 5.3 11
    endloop
  endfacet
  facet normal 0 0 -1
    outer loop
      vertex 209.1 6.7 11
      vertex 208.795 8.92139 11
      vertex 209.1 9.12487 11
    endloop
  endfacet
  facet normal -0 0 -1
    outer loop
      vertex 209.207 6.16424 11
      vertex 207.913 5.62849 11
      vertex 209.148 6.33765 11
    endloop
  endfacet
  facet normal 0 0 -1
    outer loop
      vertex 209.1 6.7 11
      vertex 208.52 8.6799 11
      vertex 208.795 8.92139 11
    endloop
  endfacet
  facet normal 0 0 -1
    outer loop
      vertex 207.795 5.97531 11
      vertex 209.148 6.33765 11
      vertex 207.913 5.62849 11
    endloop
  endfacet
  facet normal 0 0 -1
    outer loop
      vertex 209.1 6.7 11
      vertex 208.279 8.40453 11
      vertex 208.52 8.6799 11
    endloop
  endfacet
  facet normal -0 0 -1
    outer loop
      vertex 209.148 6.33765 11
      vertex 207.795 5.97531 11
      vertex 209.112 6.51726 11
    endloop
  endfacet
  facet normal 0 0 -1
    outer loop
      vertex 209.1 6.7 11
      vertex 208.075 8.1 11
      vertex 208.279 8.40453 11
    endloop
  endfacet
  facet normal 0 0 -1
    outer loop
      vertex 207.724 6.33453 11
      vertex 209.112 6.51726 11
      vertex 207.795 5.97531 11
    endloop
  endfacet
  facet normal 0 0 -1
    outer loop
      vertex 209.1 6.7 11
      vertex 207.913 7.77151 11
      vertex 208.075 8.1 11
    endloop
  endfacet
  facet normal -0 0 -1
    outer loop
      vertex 209.112 6.51726 11
      vertex 207.724 6.33453 11
      vertex 209.1 6.7 11
    endloop
  endfacet
  facet normal 0 0 -1
    outer loop
      vertex 209.1 6.7 11
      vertex 207.795 7.42469 11
      vertex 207.913 7.77151 11
    endloop
  endfacet
  facet normal 0 0 -1
    outer loop
      vertex 207.7 6.7 11
      vertex 209.1 6.7 11
      vertex 207.724 6.33453 11
    endloop
  endfacet
  facet normal 0 0 -1
    outer loop
      vertex 209.1 6.7 11
      vertex 207.724 7.06547 11
      vertex 207.795 7.42469 11
    endloop
  endfacet
  facet normal 0 0 -1
    outer loop
      vertex 209.1 6.7 11
      vertex 207.7 6.7 11
      vertex 207.724 7.06547 11
    endloop
  endfacet
  facet normal 0 0 -1
    outer loop
      vertex 211.9 6.7 11
      vertex 213.3 6.7 11
      vertex 213.276 6.33453 11
    endloop
  endfacet
  facet normal 0 0 -1
    outer loop
      vertex 211.888 6.51726 11
      vertex 213.276 6.33453 11
      vertex 213.205 5.97531 11
    endloop
  endfacet
  facet normal 0 0 -1
    outer loop
      vertex 213.3 6.7 11
      vertex 211.9 6.7 11
      vertex 213.276 7.06547 11
    endloop
  endfacet
  facet normal 0 0 -1
    outer loop
      vertex 211.888 6.51726 11
      vertex 213.205 5.97531 11
      vertex 213.087 5.62849 11
    endloop
  endfacet
  facet normal 0 0 -1
    outer loop
      vertex 211.888 6.88274 11
      vertex 213.276 7.06547 11
      vertex 211.9 6.7 11
    endloop
  endfacet
  facet normal 0 0 -1
    outer loop
      vertex 211.888 6.51726 11
      vertex 213.087 5.62849 11
      vertex 212.925 5.3 11
    endloop
  endfacet
  facet normal -0 0 -1
    outer loop
      vertex 213.276 7.06547 11
      vertex 211.888 6.88274 11
      vertex 213.205 7.42469 11
    endloop
  endfacet
  facet normal 0 0 -1
    outer loop
      vertex 211.888 6.51726 11
      vertex 212.925 5.3 11
      vertex 212.721 4.99547 11
    endloop
  endfacet
  facet normal 0 0 -1
    outer loop
      vertex 211.852 7.06235 11
      vertex 213.205 7.42469 11
      vertex 211.888 6.88274 11
    endloop
  endfacet
  facet normal 0 0 -1
    outer loop
      vertex 211.888 6.51726 11
      vertex 212.721 4.99547 11
      vertex 212.48 4.7201 11
    endloop
  endfacet
  facet normal -0 0 -1
    outer loop
      vertex 213.205 7.42469 11
      vertex 211.852 7.06235 11
      vertex 213.087 7.77151 11
    endloop
  endfacet
  facet normal 0 0 -1
    outer loop
      vertex 211.888 6.51726 11
      vertex 212.48 4.7201 11
      vertex 212.205 4.47861 11
    endloop
  endfacet
  facet normal 0 0 -1
    outer loop
      vertex 211.793 7.23576 11
      vertex 213.087 7.77151 11
      vertex 211.852 7.06235 11
    endloop
  endfacet
  facet normal 0 0 -1
    outer loop
      vertex 211.352 5.5893 11
      vertex 212.205 4.47861 11
      vertex 211.9 4.27513 11
    endloop
  endfacet
  facet normal -0 0 -1
    outer loop
      vertex 213.087 7.77151 11
      vertex 211.793 7.23576 11
      vertex 212.925 8.1 11
    endloop
  endfacet
  facet normal 0 0 -1
    outer loop
      vertex 211.712 7.4 11
      vertex 212.925 8.1 11
      vertex 211.793 7.23576 11
    endloop
  endfacet
  facet normal -0 0 -1
    outer loop
      vertex 212.925 8.1 11
      vertex 211.712 7.4 11
      vertex 212.721 8.40453 11
    endloop
  endfacet
  facet normal 0 0 -1
    outer loop
      vertex 211.611 7.55227 11
      vertex 212.721 8.40453 11
      vertex 211.712 7.4 11
    endloop
  endfacet
  facet normal -0 0 -1
    outer loop
      vertex 212.721 8.40453 11
      vertex 211.611 7.55227 11
      vertex 212.48 8.6799 11
    endloop
  endfacet
  facet normal 0 0 -1
    outer loop
      vertex 211.49 7.68995 11
      vertex 212.48 8.6799 11
      vertex 211.611 7.55227 11
    endloop
  endfacet
  facet normal -0 0 -1
    outer loop
      vertex 212.48 8.6799 11
      vertex 211.49 7.68995 11
      vertex 212.205 8.92139 11
    endloop
  endfacet
  facet normal 0 0 -1
    outer loop
      vertex 211.352 7.81069 11
      vertex 212.205 8.92139 11
      vertex 211.49 7.68995 11
    endloop
  endfacet
  facet normal -0 0 -1
    outer loop
      vertex 212.205 8.92139 11
      vertex 211.352 7.81069 11
      vertex 211.9 9.12487 11
    endloop
  endfacet
  facet normal 0 0 -1
    outer loop
      vertex 211.2 7.91244 11
      vertex 211.9 9.12487 11
      vertex 211.352 7.81069 11
    endloop
  endfacet
  facet normal -0 0 -1
    outer loop
      vertex 211.9 9.12487 11
      vertex 211.2 7.91244 11
      vertex 211.572 9.28686 11
    endloop
  endfacet
  facet normal 0 0 -1
    outer loop
      vertex 211.036 7.99343 11
      vertex 211.572 9.28686 11
      vertex 211.2 7.91244 11
    endloop
  endfacet
  facet normal -0 0 -1
    outer loop
      vertex 211.572 9.28686 11
      vertex 211.036 7.99343 11
      vertex 211.225 9.40459 11
    endloop
  endfacet
  facet normal 0 0 -1
    outer loop
      vertex 210.862 8.0523 11
      vertex 211.225 9.40459 11
      vertex 211.036 7.99343 11
    endloop
  endfacet
  facet normal -0 0 -1
    outer loop
      vertex 211.225 9.40459 11
      vertex 210.862 8.0523 11
      vertex 210.865 9.47605 11
    endloop
  endfacet
  facet normal 0 0 -1
    outer loop
      vertex 210.683 8.08802 11
      vertex 210.865 9.47605 11
      vertex 210.862 8.0523 11
    endloop
  endfacet
  facet normal 0 0 -1
    outer loop
      vertex 210.5 8.1 11
      vertex 210.865 9.47605 11
      vertex 210.683 8.08802 11
    endloop
  endfacet
  facet normal 0 0 -1
    outer loop
      vertex 210.5 8.1 11
      vertex 210.5 9.5 11
      vertex 210.865 9.47605 11
    endloop
  endfacet
  facet normal 0 0 -1
    outer loop
      vertex 210.317 8.08802 11
      vertex 210.5 9.5 11
      vertex 210.5 8.1 11
    endloop
  endfacet
  facet normal 0 0 -1
    outer loop
      vertex 210.135 9.47605 11
      vertex 210.317 8.08802 11
      vertex 210.138 8.0523 11
    endloop
  endfacet
  facet normal 0 0 -1
    outer loop
      vertex 210.317 8.08802 11
      vertex 210.135 9.47605 11
      vertex 210.5 9.5 11
    endloop
  endfacet
  facet normal 0 0 -1
    outer loop
      vertex 209.775 9.40459 11
      vertex 210.138 8.0523 11
      vertex 209.964 7.99343 11
    endloop
  endfacet
  facet normal 0 0 -1
    outer loop
      vertex 209.428 9.28686 11
      vertex 209.964 7.99343 11
      vertex 209.8 7.91244 11
    endloop
  endfacet
  facet normal 0 0 -1
    outer loop
      vertex 210.138 8.0523 11
      vertex 209.775 9.40459 11
      vertex 210.135 9.47605 11
    endloop
  endfacet
  facet normal 0 0 -1
    outer loop
      vertex 209.1 9.12487 11
      vertex 209.8 7.91244 11
      vertex 209.648 7.81069 11
    endloop
  endfacet
  facet normal 0 0 -1
    outer loop
      vertex 209.1 9.12487 11
      vertex 209.648 7.81069 11
      vertex 209.51 7.68995 11
    endloop
  endfacet
  facet normal 0 0 -1
    outer loop
      vertex 209.964 7.99343 11
      vertex 209.428 9.28686 11
      vertex 209.775 9.40459 11
    endloop
  endfacet
  facet normal 0 0 -1
    outer loop
      vertex 209.1 9.12487 11
      vertex 209.51 7.68995 11
      vertex 209.389 7.55227 11
    endloop
  endfacet
  facet normal 0 0 -1
    outer loop
      vertex 209.1 9.12487 11
      vertex 209.389 7.55227 11
      vertex 209.288 7.4 11
    endloop
  endfacet
  facet normal 0 0 -1
    outer loop
      vertex 209.1 9.12487 11
      vertex 209.288 7.4 11
      vertex 209.207 7.23576 11
    endloop
  endfacet
  facet normal 0 0 -1
    outer loop
      vertex 209.1 9.12487 11
      vertex 209.207 7.23576 11
      vertex 209.148 7.06235 11
    endloop
  endfacet
  facet normal 0 0 -1
    outer loop
      vertex 209.1 9.12487 11
      vertex 209.148 7.06235 11
      vertex 209.112 6.88274 11
    endloop
  endfacet
  facet normal 0 0 -1
    outer loop
      vertex 209.8 7.91244 11
      vertex 209.1 9.12487 11
      vertex 209.428 9.28686 11
    endloop
  endfacet
  facet normal 0 0 -1
    outer loop
      vertex 209.1 9.12487 11
      vertex 209.112 6.88274 11
      vertex 209.1 6.7 11
    endloop
  endfacet
  facet normal 0.554977 -0.831866 0
    outer loop
      vertex 208.795 8.92139 0
      vertex 209.1 9.12487 11
      vertex 208.795 8.92139 11
    endloop
  endfacet
  facet normal 0.554977 -0.831866 0
    outer loop
      vertex 209.1 9.12487 11
      vertex 208.795 8.92139 0
      vertex 209.1 9.12487 0
    endloop
  endfacet
  facet normal 0.321291 -0.94698 0
    outer loop
      vertex 209.428 9.28686 0
      vertex 209.775 9.40459 11
      vertex 209.428 9.28686 11
    endloop
  endfacet
  facet normal 0.321291 -0.94698 0
    outer loop
      vertex 209.775 9.40459 11
      vertex 209.428 9.28686 0
      vertex 209.775 9.40459 0
    endloop
  endfacet
  facet normal -0.981021 0.193899 0
    outer loop
      vertex 213.205 5.97531 0
      vertex 213.276 6.33453 11
      vertex 213.276 6.33453 0
    endloop
  endfacet
  facet normal -0.981021 0.193899 0
    outer loop
      vertex 213.276 6.33453 11
      vertex 213.205 5.97531 0
      vertex 213.205 5.97531 11
    endloop
  endfacet
  facet normal -0.442813 0.896614 0
    outer loop
      vertex 211.9 4.27513 0
      vertex 211.572 4.11314 11
      vertex 211.9 4.27513 11
    endloop
  endfacet
  facet normal -0.442813 0.896614 0
    outer loop
      vertex 211.572 4.11314 11
      vertex 211.9 4.27513 0
      vertex 211.572 4.11314 0
    endloop
  endfacet
  facet normal -0.946705 -0.322101 0
    outer loop
      vertex 213.205 7.42469 0
      vertex 213.087 7.77151 11
      vertex 213.087 7.77151 0
    endloop
  endfacet
  facet normal -0.946705 -0.322101 0
    outer loop
      vertex 213.087 7.77151 11
      vertex 213.205 7.42469 0
      vertex 213.205 7.42469 11
    endloop
  endfacet
  facet normal -0.981021 -0.193899 0
    outer loop
      vertex 213.276 7.06547 0
      vertex 213.205 7.42469 11
      vertex 213.205 7.42469 0
    endloop
  endfacet
  facet normal -0.981021 -0.193899 0
    outer loop
      vertex 213.205 7.42469 11
      vertex 213.276 7.06547 0
      vertex 213.276 7.06547 11
    endloop
  endfacet
  facet normal -0.752507 -0.658584 0
    outer loop
      vertex 212.721 8.40453 0
      vertex 212.48 8.6799 11
      vertex 212.48 8.6799 0
    endloop
  endfacet
  facet normal -0.752507 -0.658584 0
    outer loop
      vertex 212.48 8.6799 11
      vertex 212.721 8.40453 0
      vertex 212.721 8.40453 11
    endloop
  endfacet
  facet normal -0.0654756 -0.997854 0
    outer loop
      vertex 210.5 9.5 0
      vertex 210.865 9.47605 11
      vertex 210.5 9.5 11
    endloop
  endfacet
  facet normal -0.0654756 -0.997854 -0
    outer loop
      vertex 210.865 9.47605 11
      vertex 210.5 9.5 0
      vertex 210.865 9.47605 0
    endloop
  endfacet
  facet normal -0.554977 -0.831866 0
    outer loop
      vertex 211.9 9.12487 0
      vertex 212.205 8.92139 11
      vertex 211.9 9.12487 11
    endloop
  endfacet
  facet normal -0.554977 -0.831866 -0
    outer loop
      vertex 212.205 8.92139 11
      vertex 211.9 9.12487 0
      vertex 212.205 8.92139 0
    endloop
  endfacet
  facet normal 0.896866 -0.442303 0
    outer loop
      vertex 207.913 7.77151 11
      vertex 208.075 8.1 0
      vertex 208.075 8.1 11
    endloop
  endfacet
  facet normal 0.896866 -0.442303 0
    outer loop
      vertex 208.075 8.1 0
      vertex 207.913 7.77151 11
      vertex 207.913 7.77151 0
    endloop
  endfacet
  facet normal 0.830814 -0.55655 0
    outer loop
      vertex 208.075 8.1 11
      vertex 208.279 8.40453 0
      vertex 208.279 8.40453 11
    endloop
  endfacet
  facet normal 0.830814 -0.55655 0
    outer loop
      vertex 208.279 8.40453 0
      vertex 208.075 8.1 11
      vertex 208.075 8.1 0
    endloop
  endfacet
  facet normal 0.981021 -0.193899 0
    outer loop
      vertex 207.724 7.06547 11
      vertex 207.795 7.42469 0
      vertex 207.795 7.42469 11
    endloop
  endfacet
  facet normal 0.981021 -0.193899 0
    outer loop
      vertex 207.795 7.42469 0
      vertex 207.724 7.06547 11
      vertex 207.724 7.06547 0
    endloop
  endfacet
  facet normal 0.997851 -0.0655277 0
    outer loop
      vertex 207.7 6.7 11
      vertex 207.724 7.06547 0
      vertex 207.724 7.06547 11
    endloop
  endfacet
  facet normal 0.997851 -0.0655277 0
    outer loop
      vertex 207.724 7.06547 0
      vertex 207.7 6.7 11
      vertex 207.7 6.7 0
    endloop
  endfacet
  facet normal 0.997851 0.0655277 0
    outer loop
      vertex 207.724 6.33453 11
      vertex 207.7 6.7 0
      vertex 207.7 6.7 11
    endloop
  endfacet
  facet normal 0.997851 0.0655277 0
    outer loop
      vertex 207.7 6.7 0
      vertex 207.724 6.33453 11
      vertex 207.724 6.33453 0
    endloop
  endfacet
  facet normal 0.659842 -0.751404 0
    outer loop
      vertex 208.52 8.6799 0
      vertex 208.795 8.92139 11
      vertex 208.52 8.6799 11
    endloop
  endfacet
  facet normal 0.659842 -0.751404 0
    outer loop
      vertex 208.795 8.92139 11
      vertex 208.52 8.6799 0
      vertex 208.795 8.92139 0
    endloop
  endfacet
  facet normal 0.194701 -0.980863 0
    outer loop
      vertex 209.775 9.40459 0
      vertex 210.135 9.47605 11
      vertex 209.775 9.40459 11
    endloop
  endfacet
  facet normal 0.194701 -0.980863 0
    outer loop
      vertex 210.135 9.47605 11
      vertex 209.775 9.40459 0
      vertex 210.135 9.47605 0
    endloop
  endfacet
  facet normal -0.946705 0.322101 0
    outer loop
      vertex 213.087 5.62849 0
      vertex 213.205 5.97531 11
      vertex 213.205 5.97531 0
    endloop
  endfacet
  facet normal -0.946705 0.322101 0
    outer loop
      vertex 213.205 5.97531 11
      vertex 213.087 5.62849 0
      vertex 213.087 5.62849 11
    endloop
  endfacet
  facet normal 0.554977 0.831866 -0
    outer loop
      vertex 209.1 4.27513 0
      vertex 208.795 4.47861 11
      vertex 209.1 4.27513 11
    endloop
  endfacet
  facet normal 0.554977 0.831866 0
    outer loop
      vertex 208.795 4.47861 11
      vertex 209.1 4.27513 0
      vertex 208.795 4.47861 0
    endloop
  endfacet
  facet normal 0.830814 0.55655 0
    outer loop
      vertex 208.279 4.99547 11
      vertex 208.075 5.3 0
      vertex 208.075 5.3 11
    endloop
  endfacet
  facet normal 0.830814 0.55655 0
    outer loop
      vertex 208.075 5.3 0
      vertex 208.279 4.99547 11
      vertex 208.279 4.99547 0
    endloop
  endfacet
  facet normal 0.752507 0.658584 0
    outer loop
      vertex 208.52 4.7201 11
      vertex 208.279 4.99547 0
      vertex 208.279 4.99547 11
    endloop
  endfacet
  facet normal 0.752507 0.658584 0
    outer loop
      vertex 208.279 4.99547 0
      vertex 208.52 4.7201 11
      vertex 208.52 4.7201 0
    endloop
  endfacet
  facet normal -0.554977 0.831866 0
    outer loop
      vertex 212.205 4.47861 0
      vertex 211.9 4.27513 11
      vertex 212.205 4.47861 11
    endloop
  endfacet
  facet normal -0.554977 0.831866 0
    outer loop
      vertex 211.9 4.27513 11
      vertex 212.205 4.47861 0
      vertex 211.9 4.27513 0
    endloop
  endfacet
  facet normal -0.997851 0.0655277 0
    outer loop
      vertex 213.276 6.33453 0
      vertex 213.3 6.7 11
      vertex 213.3 6.7 0
    endloop
  endfacet
  facet normal -0.997851 0.0655277 0
    outer loop
      vertex 213.3 6.7 11
      vertex 213.276 6.33453 0
      vertex 213.276 6.33453 11
    endloop
  endfacet
  facet normal 0.194701 0.980863 -0
    outer loop
      vertex 210.135 3.92395 0
      vertex 209.775 3.99541 11
      vertex 210.135 3.92395 11
    endloop
  endfacet
  facet normal 0.194701 0.980863 0
    outer loop
      vertex 209.775 3.99541 11
      vertex 210.135 3.92395 0
      vertex 209.775 3.99541 0
    endloop
  endfacet
  facet normal 0.659842 0.751404 -0
    outer loop
      vertex 208.795 4.47861 0
      vertex 208.52 4.7201 11
      vertex 208.795 4.47861 11
    endloop
  endfacet
  facet normal 0.659842 0.751404 0
    outer loop
      vertex 208.52 4.7201 11
      vertex 208.795 4.47861 0
      vertex 208.52 4.7201 0
    endloop
  endfacet
  facet normal 0.896866 0.442303 0
    outer loop
      vertex 208.075 5.3 11
      vertex 207.913 5.62849 0
      vertex 207.913 5.62849 11
    endloop
  endfacet
  facet normal 0.896866 0.442303 0
    outer loop
      vertex 207.913 5.62849 0
      vertex 208.075 5.3 11
      vertex 208.075 5.3 0
    endloop
  endfacet
  facet normal -0.659842 0.751404 0
    outer loop
      vertex 212.48 4.7201 0
      vertex 212.205 4.47861 11
      vertex 212.48 4.7201 11
    endloop
  endfacet
  facet normal -0.659842 0.751404 0
    outer loop
      vertex 212.205 4.47861 11
      vertex 212.48 4.7201 0
      vertex 212.205 4.47861 0
    endloop
  endfacet
  facet normal -0.321291 0.94698 0
    outer loop
      vertex 211.572 4.11314 0
      vertex 211.225 3.99541 11
      vertex 211.572 4.11314 11
    endloop
  endfacet
  facet normal -0.321291 0.94698 0
    outer loop
      vertex 211.225 3.99541 11
      vertex 211.572 4.11314 0
      vertex 211.225 3.99541 0
    endloop
  endfacet
  facet normal -0.194701 0.980863 0
    outer loop
      vertex 211.225 3.99541 0
      vertex 210.865 3.92395 11
      vertex 211.225 3.99541 11
    endloop
  endfacet
  facet normal -0.194701 0.980863 0
    outer loop
      vertex 210.865 3.92395 11
      vertex 211.225 3.99541 0
      vertex 210.865 3.92395 0
    endloop
  endfacet
  facet normal -0.896866 0.442303 0
    outer loop
      vertex 212.925 5.3 0
      vertex 213.087 5.62849 11
      vertex 213.087 5.62849 0
    endloop
  endfacet
  facet normal -0.896866 0.442303 0
    outer loop
      vertex 213.087 5.62849 11
      vertex 212.925 5.3 0
      vertex 212.925 5.3 11
    endloop
  endfacet
  facet normal -0.830814 0.55655 0
    outer loop
      vertex 212.721 4.99547 0
      vertex 212.925 5.3 11
      vertex 212.925 5.3 0
    endloop
  endfacet
  facet normal -0.830814 0.55655 0
    outer loop
      vertex 212.925 5.3 11
      vertex 212.721 4.99547 0
      vertex 212.721 4.99547 11
    endloop
  endfacet
  facet normal 0.0654756 0.997854 -0
    outer loop
      vertex 210.5 3.9 0
      vertex 210.135 3.92395 11
      vertex 210.5 3.9 11
    endloop
  endfacet
  facet normal 0.0654756 0.997854 0
    outer loop
      vertex 210.135 3.92395 11
      vertex 210.5 3.9 0
      vertex 210.135 3.92395 0
    endloop
  endfacet
  facet normal 0.442813 0.896614 -0
    outer loop
      vertex 209.428 4.11314 0
      vertex 209.1 4.27513 11
      vertex 209.428 4.11314 11
    endloop
  endfacet
  facet normal 0.442813 0.896614 0
    outer loop
      vertex 209.1 4.27513 11
      vertex 209.428 4.11314 0
      vertex 209.1 4.27513 0
    endloop
  endfacet
  facet normal 0.946705 0.322101 0
    outer loop
      vertex 207.913 5.62849 11
      vertex 207.795 5.97531 0
      vertex 207.795 5.97531 11
    endloop
  endfacet
  facet normal 0.946705 0.322101 0
    outer loop
      vertex 207.795 5.97531 0
      vertex 207.913 5.62849 11
      vertex 207.913 5.62849 0
    endloop
  endfacet
  facet normal 0.981021 0.193899 0
    outer loop
      vertex 207.795 5.97531 11
      vertex 207.724 6.33453 0
      vertex 207.724 6.33453 11
    endloop
  endfacet
  facet normal 0.981021 0.193899 0
    outer loop
      vertex 207.724 6.33453 0
      vertex 207.795 5.97531 11
      vertex 207.795 5.97531 0
    endloop
  endfacet
  facet normal -0.752507 0.658584 0
    outer loop
      vertex 212.48 4.7201 0
      vertex 212.721 4.99547 11
      vertex 212.721 4.99547 0
    endloop
  endfacet
  facet normal -0.752507 0.658584 0
    outer loop
      vertex 212.721 4.99547 11
      vertex 212.48 4.7201 0
      vertex 212.48 4.7201 11
    endloop
  endfacet
  facet normal 0.321291 0.94698 -0
    outer loop
      vertex 209.775 3.99541 0
      vertex 209.428 4.11314 11
      vertex 209.775 3.99541 11
    endloop
  endfacet
  facet normal 0.321291 0.94698 0
    outer loop
      vertex 209.428 4.11314 11
      vertex 209.775 3.99541 0
      vertex 209.428 4.11314 0
    endloop
  endfacet
  facet normal -0.997851 -0.0655259 0
    outer loop
      vertex 211.9 6.7 11
      vertex 211.888 6.88274 13
      vertex 211.888 6.88274 11
    endloop
  endfacet
  facet normal -0.997851 -0.0655259 0
    outer loop
      vertex 211.888 6.88274 13
      vertex 211.9 6.7 11
      vertex 211.9 6.7 13
    endloop
  endfacet
  facet normal 0.0653247 -0.997864 0
    outer loop
      vertex 210.317 8.08802 11
      vertex 210.5 8.1 13
      vertex 210.317 8.08802 13
    endloop
  endfacet
  facet normal 0.0653247 -0.997864 0
    outer loop
      vertex 210.5 8.1 13
      vertex 210.317 8.08802 11
      vertex 210.5 8.1 11
    endloop
  endfacet
  facet normal -0.658474 -0.752604 0
    outer loop
      vertex 211.352 7.81069 11
      vertex 211.49 7.68995 13
      vertex 211.352 7.81069 13
    endloop
  endfacet
  facet normal -0.658474 -0.752604 -0
    outer loop
      vertex 211.49 7.68995 13
      vertex 211.352 7.81069 11
      vertex 211.49 7.68995 11
    endloop
  endfacet
  facet normal 0.751142 -0.660141 0
    outer loop
      vertex 209.389 7.55227 13
      vertex 209.51 7.68995 11
      vertex 209.51 7.68995 13
    endloop
  endfacet
  facet normal 0.751142 -0.660141 0
    outer loop
      vertex 209.51 7.68995 11
      vertex 209.389 7.55227 13
      vertex 209.389 7.55227 11
    endloop
  endfacet
  facet normal 0.442791 -0.896625 0
    outer loop
      vertex 209.8 7.91244 11
      vertex 209.964 7.99343 13
      vertex 209.8 7.91244 13
    endloop
  endfacet
  facet normal 0.442791 -0.896625 0
    outer loop
      vertex 209.964 7.99343 13
      vertex 209.8 7.91244 11
      vertex 209.964 7.99343 11
    endloop
  endfacet
  facet normal -0.89686 0.442314 0
    outer loop
      vertex 211.712 6 11
      vertex 211.793 6.16424 13
      vertex 211.793 6.16424 11
    endloop
  endfacet
  facet normal -0.89686 0.442314 0
    outer loop
      vertex 211.793 6.16424 13
      vertex 211.712 6 11
      vertex 211.712 6 13
    endloop
  endfacet
  facet normal -0.89686 -0.442314 0
    outer loop
      vertex 211.793 7.23576 11
      vertex 211.712 7.4 13
      vertex 211.712 7.4 11
    endloop
  endfacet
  facet normal -0.89686 -0.442314 0
    outer loop
      vertex 211.712 7.4 13
      vertex 211.793 7.23576 11
      vertex 211.793 7.23576 13
    endloop
  endfacet
  facet normal -0.320487 -0.947253 0
    outer loop
      vertex 210.862 8.0523 11
      vertex 211.036 7.99343 13
      vertex 210.862 8.0523 13
    endloop
  endfacet
  facet normal -0.320487 -0.947253 -0
    outer loop
      vertex 211.036 7.99343 13
      vertex 210.862 8.0523 11
      vertex 211.036 7.99343 11
    endloop
  endfacet
  facet normal -0.556276 -0.830997 0
    outer loop
      vertex 211.2 7.91244 11
      vertex 211.352 7.81069 13
      vertex 211.2 7.91244 13
    endloop
  endfacet
  facet normal -0.556276 -0.830997 -0
    outer loop
      vertex 211.352 7.81069 13
      vertex 211.2 7.91244 11
      vertex 211.352 7.81069 11
    endloop
  endfacet
  facet normal 0.946705 -0.322101 0
    outer loop
      vertex 209.148 7.06235 13
      vertex 209.207 7.23576 11
      vertex 209.207 7.23576 13
    endloop
  endfacet
  facet normal 0.946705 -0.322101 0
    outer loop
      vertex 209.207 7.23576 11
      vertex 209.148 7.06235 13
      vertex 209.148 7.06235 11
    endloop
  endfacet
  facet normal 0.89686 -0.442314 0
    outer loop
      vertex 209.207 7.23576 13
      vertex 209.288 7.4 11
      vertex 209.288 7.4 13
    endloop
  endfacet
  facet normal 0.89686 -0.442314 0
    outer loop
      vertex 209.288 7.4 11
      vertex 209.207 7.23576 13
      vertex 209.207 7.23576 11
    endloop
  endfacet
  facet normal 0.658474 -0.752604 0
    outer loop
      vertex 209.51 7.68995 11
      vertex 209.648 7.81069 13
      vertex 209.51 7.68995 13
    endloop
  endfacet
  facet normal 0.658474 -0.752604 0
    outer loop
      vertex 209.648 7.81069 13
      vertex 209.51 7.68995 11
      vertex 209.648 7.81069 11
    endloop
  endfacet
  facet normal 0.195695 -0.980665 0
    outer loop
      vertex 210.138 8.0523 11
      vertex 210.317 8.08802 13
      vertex 210.138 8.0523 13
    endloop
  endfacet
  facet normal 0.195695 -0.980665 0
    outer loop
      vertex 210.317 8.08802 13
      vertex 210.138 8.0523 11
      vertex 210.317 8.08802 11
    endloop
  endfacet
  facet normal -0.320487 0.947253 0
    outer loop
      vertex 211.036 5.40657 11
      vertex 210.862 5.3477 13
      vertex 211.036 5.40657 13
    endloop
  endfacet
  facet normal -0.320487 0.947253 0
    outer loop
      vertex 210.862 5.3477 13
      vertex 211.036 5.40657 11
      vertex 210.862 5.3477 11
    endloop
  endfacet
  facet normal -0.195695 0.980665 0
    outer loop
      vertex 210.862 5.3477 11
      vertex 210.683 5.31198 13
      vertex 210.862 5.3477 13
    endloop
  endfacet
  facet normal -0.195695 0.980665 0
    outer loop
      vertex 210.683 5.31198 13
      vertex 210.862 5.3477 11
      vertex 210.683 5.31198 11
    endloop
  endfacet
  facet normal 0.556238 0.831023 -0
    outer loop
      vertex 209.8 5.48756 11
      vertex 209.648 5.5893 13
      vertex 209.8 5.48756 13
    endloop
  endfacet
  facet normal 0.556238 0.831023 0
    outer loop
      vertex 209.648 5.5893 13
      vertex 209.8 5.48756 11
      vertex 209.648 5.5893 11
    endloop
  endfacet
  facet normal 0.195695 0.980665 -0
    outer loop
      vertex 210.317 5.31198 11
      vertex 210.138 5.3477 13
      vertex 210.317 5.31198 13
    endloop
  endfacet
  facet normal 0.195695 0.980665 0
    outer loop
      vertex 210.138 5.3477 13
      vertex 210.317 5.31198 11
      vertex 210.138 5.3477 11
    endloop
  endfacet
  facet normal 0.658505 0.752577 -0
    outer loop
      vertex 209.648 5.5893 11
      vertex 209.51 5.71005 13
      vertex 209.648 5.5893 13
    endloop
  endfacet
  facet normal 0.658505 0.752577 0
    outer loop
      vertex 209.51 5.71005 13
      vertex 209.648 5.5893 11
      vertex 209.51 5.71005 11
    endloop
  endfacet
  facet normal -0.946705 -0.322101 0
    outer loop
      vertex 211.852 7.06235 11
      vertex 211.793 7.23576 13
      vertex 211.793 7.23576 11
    endloop
  endfacet
  facet normal -0.946705 -0.322101 0
    outer loop
      vertex 211.793 7.23576 13
      vertex 211.852 7.06235 11
      vertex 211.852 7.06235 13
    endloop
  endfacet
  facet normal -0.980499 -0.196526 0
    outer loop
      vertex 211.888 6.88274 11
      vertex 211.852 7.06235 13
      vertex 211.852 7.06235 11
    endloop
  endfacet
  facet normal -0.980499 -0.196526 0
    outer loop
      vertex 211.852 7.06235 13
      vertex 211.888 6.88274 11
      vertex 211.888 6.88274 13
    endloop
  endfacet
  facet normal -0.751142 -0.660141 0
    outer loop
      vertex 211.611 7.55227 11
      vertex 211.49 7.68995 13
      vertex 211.49 7.68995 11
    endloop
  endfacet
  facet normal -0.751142 -0.660141 0
    outer loop
      vertex 211.49 7.68995 13
      vertex 211.611 7.55227 11
      vertex 211.611 7.55227 13
    endloop
  endfacet
  facet normal -0.833345 -0.552754 0
    outer loop
      vertex 211.712 7.4 11
      vertex 211.611 7.55227 13
      vertex 211.611 7.55227 11
    endloop
  endfacet
  facet normal -0.833345 -0.552754 0
    outer loop
      vertex 211.611 7.55227 13
      vertex 211.712 7.4 11
      vertex 211.712 7.4 13
    endloop
  endfacet
  facet normal -0.0653247 -0.997864 0
    outer loop
      vertex 210.5 8.1 11
      vertex 210.683 8.08802 13
      vertex 210.5 8.1 13
    endloop
  endfacet
  facet normal -0.0653247 -0.997864 -0
    outer loop
      vertex 210.683 8.08802 13
      vertex 210.5 8.1 11
      vertex 210.683 8.08802 11
    endloop
  endfacet
  facet normal 0.997851 -0.0655259 0
    outer loop
      vertex 209.1 6.7 13
      vertex 209.112 6.88274 11
      vertex 209.112 6.88274 13
    endloop
  endfacet
  facet normal 0.997851 -0.0655259 0
    outer loop
      vertex 209.112 6.88274 11
      vertex 209.1 6.7 13
      vertex 209.1 6.7 11
    endloop
  endfacet
  facet normal 0.997851 0.0655259 0
    outer loop
      vertex 209.112 6.51726 13
      vertex 209.1 6.7 11
      vertex 209.1 6.7 13
    endloop
  endfacet
  facet normal 0.997851 0.0655259 0
    outer loop
      vertex 209.1 6.7 11
      vertex 209.112 6.51726 13
      vertex 209.112 6.51726 11
    endloop
  endfacet
  facet normal -0.997851 0.0655259 0
    outer loop
      vertex 211.888 6.51726 11
      vertex 211.9 6.7 13
      vertex 211.9 6.7 11
    endloop
  endfacet
  facet normal -0.997851 0.0655259 0
    outer loop
      vertex 211.9 6.7 13
      vertex 211.888 6.51726 11
      vertex 211.888 6.51726 13
    endloop
  endfacet
  facet normal -0.556238 0.831023 0
    outer loop
      vertex 211.352 5.5893 11
      vertex 211.2 5.48756 13
      vertex 211.352 5.5893 13
    endloop
  endfacet
  facet normal -0.556238 0.831023 0
    outer loop
      vertex 211.2 5.48756 13
      vertex 211.352 5.5893 11
      vertex 211.2 5.48756 11
    endloop
  endfacet
  facet normal -0.751142 0.660141 0
    outer loop
      vertex 211.49 5.71005 11
      vertex 211.611 5.84773 13
      vertex 211.611 5.84773 11
    endloop
  endfacet
  facet normal -0.751142 0.660141 0
    outer loop
      vertex 211.611 5.84773 13
      vertex 211.49 5.71005 11
      vertex 211.49 5.71005 13
    endloop
  endfacet
  facet normal -0.833345 0.552754 0
    outer loop
      vertex 211.611 5.84773 11
      vertex 211.712 6 13
      vertex 211.712 6 11
    endloop
  endfacet
  facet normal -0.833345 0.552754 0
    outer loop
      vertex 211.712 6 13
      vertex 211.611 5.84773 11
      vertex 211.611 5.84773 13
    endloop
  endfacet
  facet normal 0.442791 0.896625 -0
    outer loop
      vertex 209.964 5.40657 11
      vertex 209.8 5.48756 13
      vertex 209.964 5.40657 13
    endloop
  endfacet
  facet normal 0.442791 0.896625 0
    outer loop
      vertex 209.8 5.48756 13
      vertex 209.964 5.40657 11
      vertex 209.8 5.48756 11
    endloop
  endfacet
  facet normal -0.0653247 0.997864 0
    outer loop
      vertex 210.683 5.31198 11
      vertex 210.5 5.3 13
      vertex 210.683 5.31198 13
    endloop
  endfacet
  facet normal -0.0653247 0.997864 0
    outer loop
      vertex 210.5 5.3 13
      vertex 210.683 5.31198 11
      vertex 210.5 5.3 11
    endloop
  endfacet
  facet normal 0.833345 0.552754 0
    outer loop
      vertex 209.389 5.84773 13
      vertex 209.288 6 11
      vertex 209.288 6 13
    endloop
  endfacet
  facet normal 0.833345 0.552754 0
    outer loop
      vertex 209.288 6 11
      vertex 209.389 5.84773 13
      vertex 209.389 5.84773 11
    endloop
  endfacet
  facet normal 0.89686 0.442314 0
    outer loop
      vertex 209.288 6 13
      vertex 209.207 6.16424 11
      vertex 209.207 6.16424 13
    endloop
  endfacet
  facet normal 0.89686 0.442314 0
    outer loop
      vertex 209.207 6.16424 11
      vertex 209.288 6 13
      vertex 209.288 6 11
    endloop
  endfacet
  facet normal 0.980499 0.196526 0
    outer loop
      vertex 209.148 6.33765 13
      vertex 209.112 6.51726 11
      vertex 209.112 6.51726 13
    endloop
  endfacet
  facet normal 0.980499 0.196526 0
    outer loop
      vertex 209.112 6.51726 11
      vertex 209.148 6.33765 13
      vertex 209.148 6.33765 11
    endloop
  endfacet
  facet normal -0.195695 -0.980665 0
    outer loop
      vertex 210.683 8.08802 11
      vertex 210.862 8.0523 13
      vertex 210.683 8.08802 13
    endloop
  endfacet
  facet normal -0.195695 -0.980665 -0
    outer loop
      vertex 210.862 8.0523 13
      vertex 210.683 8.08802 11
      vertex 210.862 8.0523 11
    endloop
  endfacet
  facet normal -0.442791 -0.896625 0
    outer loop
      vertex 211.036 7.99343 11
      vertex 211.2 7.91244 13
      vertex 211.036 7.99343 13
    endloop
  endfacet
  facet normal -0.442791 -0.896625 -0
    outer loop
      vertex 211.2 7.91244 13
      vertex 211.036 7.99343 11
      vertex 211.2 7.91244 11
    endloop
  endfacet
  facet normal 0.833345 -0.552754 0
    outer loop
      vertex 209.288 7.4 13
      vertex 209.389 7.55227 11
      vertex 209.389 7.55227 13
    endloop
  endfacet
  facet normal 0.833345 -0.552754 0
    outer loop
      vertex 209.389 7.55227 11
      vertex 209.288 7.4 13
      vertex 209.288 7.4 11
    endloop
  endfacet
  facet normal 0.980499 -0.196526 0
    outer loop
      vertex 209.112 6.88274 13
      vertex 209.148 7.06235 11
      vertex 209.148 7.06235 13
    endloop
  endfacet
  facet normal 0.980499 -0.196526 0
    outer loop
      vertex 209.148 7.06235 11
      vertex 209.112 6.88274 13
      vertex 209.112 6.88274 11
    endloop
  endfacet
  facet normal 0.556276 -0.830997 0
    outer loop
      vertex 209.648 7.81069 11
      vertex 209.8 7.91244 13
      vertex 209.648 7.81069 13
    endloop
  endfacet
  facet normal 0.556276 -0.830997 0
    outer loop
      vertex 209.8 7.91244 13
      vertex 209.648 7.81069 11
      vertex 209.8 7.91244 11
    endloop
  endfacet
  facet normal 0.320487 -0.947253 0
    outer loop
      vertex 209.964 7.99343 11
      vertex 210.138 8.0523 13
      vertex 209.964 7.99343 13
    endloop
  endfacet
  facet normal 0.320487 -0.947253 0
    outer loop
      vertex 210.138 8.0523 13
      vertex 209.964 7.99343 11
      vertex 210.138 8.0523 11
    endloop
  endfacet
  facet normal -0.946705 0.322101 0
    outer loop
      vertex 211.793 6.16424 11
      vertex 211.852 6.33765 13
      vertex 211.852 6.33765 11
    endloop
  endfacet
  facet normal -0.946705 0.322101 0
    outer loop
      vertex 211.852 6.33765 13
      vertex 211.793 6.16424 11
      vertex 211.793 6.16424 13
    endloop
  endfacet
  facet normal -0.442791 0.896625 0
    outer loop
      vertex 211.2 5.48756 11
      vertex 211.036 5.40657 13
      vertex 211.2 5.48756 13
    endloop
  endfacet
  facet normal -0.442791 0.896625 0
    outer loop
      vertex 211.036 5.40657 13
      vertex 211.2 5.48756 11
      vertex 211.036 5.40657 11
    endloop
  endfacet
  facet normal -0.658505 0.752577 0
    outer loop
      vertex 211.49 5.71005 11
      vertex 211.352 5.5893 13
      vertex 211.49 5.71005 13
    endloop
  endfacet
  facet normal -0.658505 0.752577 0
    outer loop
      vertex 211.352 5.5893 13
      vertex 211.49 5.71005 11
      vertex 211.352 5.5893 11
    endloop
  endfacet
  facet normal 0.320487 0.947253 -0
    outer loop
      vertex 210.138 5.3477 11
      vertex 209.964 5.40657 13
      vertex 210.138 5.3477 13
    endloop
  endfacet
  facet normal 0.320487 0.947253 0
    outer loop
      vertex 209.964 5.40657 13
      vertex 210.138 5.3477 11
      vertex 209.964 5.40657 11
    endloop
  endfacet
  facet normal 0.0653247 0.997864 -0
    outer loop
      vertex 210.5 5.3 11
      vertex 210.317 5.31198 13
      vertex 210.5 5.3 13
    endloop
  endfacet
  facet normal 0.0653247 0.997864 0
    outer loop
      vertex 210.317 5.31198 13
      vertex 210.5 5.3 11
      vertex 210.317 5.31198 11
    endloop
  endfacet
  facet normal 0.751142 0.660141 0
    outer loop
      vertex 209.51 5.71005 13
      vertex 209.389 5.84773 11
      vertex 209.389 5.84773 13
    endloop
  endfacet
  facet normal 0.751142 0.660141 0
    outer loop
      vertex 209.389 5.84773 11
      vertex 209.51 5.71005 13
      vertex 209.51 5.71005 11
    endloop
  endfacet
  facet normal 0.946705 0.322101 0
    outer loop
      vertex 209.207 6.16424 13
      vertex 209.148 6.33765 11
      vertex 209.148 6.33765 13
    endloop
  endfacet
  facet normal 0.946705 0.322101 0
    outer loop
      vertex 209.148 6.33765 11
      vertex 209.207 6.16424 13
      vertex 209.207 6.16424 11
    endloop
  endfacet
  facet normal -0.980499 0.196526 0
    outer loop
      vertex 211.852 6.33765 11
      vertex 211.888 6.51726 13
      vertex 211.888 6.51726 11
    endloop
  endfacet
  facet normal -0.980499 0.196526 0
    outer loop
      vertex 211.888 6.51726 13
      vertex 211.852 6.33765 11
      vertex 211.852 6.33765 13
    endloop
  endfacet
  facet normal -0.997851 -0.0655224 0
    outer loop
      vertex 155.3 55.7 0
      vertex 155.276 56.0655 11
      vertex 155.276 56.0655 0
    endloop
  endfacet
  facet normal -0.997851 -0.0655224 0
    outer loop
      vertex 155.276 56.0655 11
      vertex 155.3 55.7 0
      vertex 155.3 55.7 11
    endloop
  endfacet
  facet normal 0.0656117 -0.997845 0
    outer loop
      vertex 152.135 58.476 0
      vertex 152.5 58.5 11
      vertex 152.135 58.476 11
    endloop
  endfacet
  facet normal 0.0656117 -0.997845 0
    outer loop
      vertex 152.5 58.5 11
      vertex 152.135 58.476 0
      vertex 152.5 58.5 0
    endloop
  endfacet
  facet normal -0.0656117 0.997845 0
    outer loop
      vertex 152.865 52.924 0
      vertex 152.5 52.9 11
      vertex 152.865 52.924 11
    endloop
  endfacet
  facet normal -0.0656117 0.997845 0
    outer loop
      vertex 152.5 52.9 11
      vertex 152.865 52.924 0
      vertex 152.5 52.9 0
    endloop
  endfacet
  facet normal -0.752543 0.658543 0
    outer loop
      vertex 154.48 53.7201 0
      vertex 154.721 53.9955 11
      vertex 154.721 53.9955 0
    endloop
  endfacet
  facet normal -0.752543 0.658543 0
    outer loop
      vertex 154.721 53.9955 11
      vertex 154.48 53.7201 0
      vertex 154.48 53.7201 11
    endloop
  endfacet
  facet normal -0.659858 -0.751391 0
    outer loop
      vertex 154.205 57.9214 0
      vertex 154.48 57.6799 11
      vertex 154.205 57.9214 11
    endloop
  endfacet
  facet normal -0.659858 -0.751391 -0
    outer loop
      vertex 154.48 57.6799 11
      vertex 154.205 57.9214 0
      vertex 154.48 57.6799 0
    endloop
  endfacet
  facet normal 0.752543 -0.658543 0
    outer loop
      vertex 150.279 57.4045 11
      vertex 150.52 57.6799 0
      vertex 150.52 57.6799 11
    endloop
  endfacet
  facet normal 0.752543 -0.658543 0
    outer loop
      vertex 150.52 57.6799 0
      vertex 150.279 57.4045 11
      vertex 150.279 57.4045 0
    endloop
  endfacet
  facet normal 0.442835 -0.896603 0
    outer loop
      vertex 151.1 58.1249 0
      vertex 151.428 58.2869 11
      vertex 151.1 58.1249 11
    endloop
  endfacet
  facet normal 0.442835 -0.896603 0
    outer loop
      vertex 151.428 58.2869 11
      vertex 151.1 58.1249 0
      vertex 151.428 58.2869 0
    endloop
  endfacet
  facet normal -0.896871 -0.442292 0
    outer loop
      vertex 155.087 56.7715 0
      vertex 154.925 57.1 11
      vertex 154.925 57.1 0
    endloop
  endfacet
  facet normal -0.896871 -0.442292 0
    outer loop
      vertex 154.925 57.1 11
      vertex 155.087 56.7715 0
      vertex 155.087 56.7715 11
    endloop
  endfacet
  facet normal -0.830789 -0.556588 0
    outer loop
      vertex 154.925 57.1 0
      vertex 154.721 57.4045 11
      vertex 154.721 57.4045 0
    endloop
  endfacet
  facet normal -0.830789 -0.556588 0
    outer loop
      vertex 154.721 57.4045 11
      vertex 154.925 57.1 0
      vertex 154.925 57.1 11
    endloop
  endfacet
  facet normal -0.321218 -0.947005 0
    outer loop
      vertex 153.225 58.4046 0
      vertex 153.572 58.2869 11
      vertex 153.225 58.4046 11
    endloop
  endfacet
  facet normal -0.321218 -0.947005 -0
    outer loop
      vertex 153.572 58.2869 11
      vertex 153.225 58.4046 0
      vertex 153.572 58.2869 0
    endloop
  endfacet
  facet normal -0.194544 -0.980894 0
    outer loop
      vertex 152.865 58.476 0
      vertex 153.225 58.4046 11
      vertex 152.865 58.476 11
    endloop
  endfacet
  facet normal -0.194544 -0.980894 -0
    outer loop
      vertex 153.225 58.4046 11
      vertex 152.865 58.476 0
      vertex 153.225 58.4046 0
    endloop
  endfacet
  facet normal -0.442835 -0.896603 0
    outer loop
      vertex 153.572 58.2869 0
      vertex 153.9 58.1249 11
      vertex 153.572 58.2869 11
    endloop
  endfacet
  facet normal -0.442835 -0.896603 -0
    outer loop
      vertex 153.9 58.1249 11
      vertex 153.572 58.2869 0
      vertex 153.9 58.1249 0
    endloop
  endfacet
  facet normal 0.9467 -0.322118 0
    outer loop
      vertex 149.795 56.4247 11
      vertex 149.913 56.7715 0
      vertex 149.913 56.7715 11
    endloop
  endfacet
  facet normal 0.9467 -0.322118 0
    outer loop
      vertex 149.913 56.7715 0
      vertex 149.795 56.4247 11
      vertex 149.795 56.4247 0
    endloop
  endfacet
  facet normal 0 0 -1
    outer loop
      vertex 155.276 55.3345 11
      vertex 153.888 55.5173 11
      vertex 153.9 55.7 11
    endloop
  endfacet
  facet normal 0 0 -1
    outer loop
      vertex 154.205 53.4786 11
      vertex 153.852 55.3377 11
      vertex 153.888 55.5173 11
    endloop
  endfacet
  facet normal 0 0 -1
    outer loop
      vertex 154.205 53.4786 11
      vertex 153.793 55.1642 11
      vertex 153.852 55.3377 11
    endloop
  endfacet
  facet normal 0 0 -1
    outer loop
      vertex 154.205 53.4786 11
      vertex 153.712 55 11
      vertex 153.793 55.1642 11
    endloop
  endfacet
  facet normal 0 0 -1
    outer loop
      vertex 154.205 53.4786 11
      vertex 153.611 54.8477 11
      vertex 153.712 55 11
    endloop
  endfacet
  facet normal 0 0 -1
    outer loop
      vertex 153.2 54.4876 11
      vertex 153.9 53.2751 11
      vertex 153.572 53.1131 11
    endloop
  endfacet
  facet normal 0 0 -1
    outer loop
      vertex 154.205 53.4786 11
      vertex 153.49 54.71 11
      vertex 153.611 54.8477 11
    endloop
  endfacet
  facet normal 0 0 -1
    outer loop
      vertex 154.205 53.4786 11
      vertex 153.352 54.5893 11
      vertex 153.49 54.71 11
    endloop
  endfacet
  facet normal 0 0 -1
    outer loop
      vertex 153.036 54.4066 11
      vertex 153.572 53.1131 11
      vertex 153.225 52.9954 11
    endloop
  endfacet
  facet normal 0 0 -1
    outer loop
      vertex 153.9 53.2751 11
      vertex 153.2 54.4876 11
      vertex 153.352 54.5893 11
    endloop
  endfacet
  facet normal 0 0 -1
    outer loop
      vertex 153.572 53.1131 11
      vertex 153.036 54.4066 11
      vertex 153.2 54.4876 11
    endloop
  endfacet
  facet normal 0 0 -1
    outer loop
      vertex 152.862 54.3477 11
      vertex 153.225 52.9954 11
      vertex 152.865 52.924 11
    endloop
  endfacet
  facet normal 0 0 -1
    outer loop
      vertex 153.225 52.9954 11
      vertex 152.862 54.3477 11
      vertex 153.036 54.4066 11
    endloop
  endfacet
  facet normal 0 0 -1
    outer loop
      vertex 152.865 52.924 11
      vertex 152.683 54.312 11
      vertex 152.862 54.3477 11
    endloop
  endfacet
  facet normal 0 0 -1
    outer loop
      vertex 152.5 52.9 11
      vertex 152.683 54.312 11
      vertex 152.865 52.924 11
    endloop
  endfacet
  facet normal 0 0 -1
    outer loop
      vertex 152.5 52.9 11
      vertex 152.5 54.3 11
      vertex 152.683 54.312 11
    endloop
  endfacet
  facet normal 0 0 -1
    outer loop
      vertex 152.5 52.9 11
      vertex 152.317 54.312 11
      vertex 152.5 54.3 11
    endloop
  endfacet
  facet normal 0 0 -1
    outer loop
      vertex 152.135 52.924 11
      vertex 152.317 54.312 11
      vertex 152.5 52.9 11
    endloop
  endfacet
  facet normal -0 0 -1
    outer loop
      vertex 152.317 54.312 11
      vertex 152.135 52.924 11
      vertex 152.138 54.3477 11
    endloop
  endfacet
  facet normal 0 0 -1
    outer loop
      vertex 151.775 52.9954 11
      vertex 152.138 54.3477 11
      vertex 152.135 52.924 11
    endloop
  endfacet
  facet normal -0 0 -1
    outer loop
      vertex 152.138 54.3477 11
      vertex 151.775 52.9954 11
      vertex 151.964 54.4066 11
    endloop
  endfacet
  facet normal 0 0 -1
    outer loop
      vertex 151.428 53.1131 11
      vertex 151.964 54.4066 11
      vertex 151.775 52.9954 11
    endloop
  endfacet
  facet normal -0 0 -1
    outer loop
      vertex 151.964 54.4066 11
      vertex 151.428 53.1131 11
      vertex 151.8 54.4876 11
    endloop
  endfacet
  facet normal 0 0 -1
    outer loop
      vertex 151.1 53.2751 11
      vertex 151.8 54.4876 11
      vertex 151.428 53.1131 11
    endloop
  endfacet
  facet normal -0 0 -1
    outer loop
      vertex 151.8 54.4876 11
      vertex 151.1 53.2751 11
      vertex 151.648 54.5893 11
    endloop
  endfacet
  facet normal 0 0 -1
    outer loop
      vertex 150.795 53.4786 11
      vertex 151.648 54.5893 11
      vertex 151.1 53.2751 11
    endloop
  endfacet
  facet normal -0 0 -1
    outer loop
      vertex 151.648 54.5893 11
      vertex 150.795 53.4786 11
      vertex 151.51 54.71 11
    endloop
  endfacet
  facet normal 0 0 -1
    outer loop
      vertex 150.52 53.7201 11
      vertex 151.51 54.71 11
      vertex 150.795 53.4786 11
    endloop
  endfacet
  facet normal -0 0 -1
    outer loop
      vertex 151.51 54.71 11
      vertex 150.52 53.7201 11
      vertex 151.389 54.8477 11
    endloop
  endfacet
  facet normal 0 0 -1
    outer loop
      vertex 150.279 53.9955 11
      vertex 151.389 54.8477 11
      vertex 150.52 53.7201 11
    endloop
  endfacet
  facet normal -0 0 -1
    outer loop
      vertex 151.389 54.8477 11
      vertex 150.279 53.9955 11
      vertex 151.288 55 11
    endloop
  endfacet
  facet normal 0 0 -1
    outer loop
      vertex 150.075 54.3 11
      vertex 151.288 55 11
      vertex 150.279 53.9955 11
    endloop
  endfacet
  facet normal -0 0 -1
    outer loop
      vertex 151.288 55 11
      vertex 150.075 54.3 11
      vertex 151.207 55.1642 11
    endloop
  endfacet
  facet normal 0 0 -1
    outer loop
      vertex 149.913 54.6285 11
      vertex 151.207 55.1642 11
      vertex 150.075 54.3 11
    endloop
  endfacet
  facet normal 0 0 -1
    outer loop
      vertex 151.1 55.7 11
      vertex 150.795 57.9214 11
      vertex 151.1 58.1249 11
    endloop
  endfacet
  facet normal -0 0 -1
    outer loop
      vertex 151.207 55.1642 11
      vertex 149.913 54.6285 11
      vertex 151.148 55.3377 11
    endloop
  endfacet
  facet normal 0 0 -1
    outer loop
      vertex 151.1 55.7 11
      vertex 150.52 57.6799 11
      vertex 150.795 57.9214 11
    endloop
  endfacet
  facet normal 0 0 -1
    outer loop
      vertex 149.795 54.9753 11
      vertex 151.148 55.3377 11
      vertex 149.913 54.6285 11
    endloop
  endfacet
  facet normal 0 0 -1
    outer loop
      vertex 151.1 55.7 11
      vertex 150.279 57.4045 11
      vertex 150.52 57.6799 11
    endloop
  endfacet
  facet normal -0 0 -1
    outer loop
      vertex 151.148 55.3377 11
      vertex 149.795 54.9753 11
      vertex 151.112 55.5173 11
    endloop
  endfacet
  facet normal 0 0 -1
    outer loop
      vertex 151.1 55.7 11
      vertex 150.075 57.1 11
      vertex 150.279 57.4045 11
    endloop
  endfacet
  facet normal 0 0 -1
    outer loop
      vertex 149.724 55.3345 11
      vertex 151.112 55.5173 11
      vertex 149.795 54.9753 11
    endloop
  endfacet
  facet normal 0 0 -1
    outer loop
      vertex 151.1 55.7 11
      vertex 149.913 56.7715 11
      vertex 150.075 57.1 11
    endloop
  endfacet
  facet normal -0 0 -1
    outer loop
      vertex 151.112 55.5173 11
      vertex 149.724 55.3345 11
      vertex 151.1 55.7 11
    endloop
  endfacet
  facet normal 0 0 -1
    outer loop
      vertex 151.1 55.7 11
      vertex 149.795 56.4247 11
      vertex 149.913 56.7715 11
    endloop
  endfacet
  facet normal 0 0 -1
    outer loop
      vertex 149.7 55.7 11
      vertex 151.1 55.7 11
      vertex 149.724 55.3345 11
    endloop
  endfacet
  facet normal 0 0 -1
    outer loop
      vertex 151.1 55.7 11
      vertex 149.724 56.0655 11
      vertex 149.795 56.4247 11
    endloop
  endfacet
  facet normal 0 0 -1
    outer loop
      vertex 151.1 55.7 11
      vertex 149.7 55.7 11
      vertex 149.724 56.0655 11
    endloop
  endfacet
  facet normal 0 0 -1
    outer loop
      vertex 153.9 55.7 11
      vertex 155.3 55.7 11
      vertex 155.276 55.3345 11
    endloop
  endfacet
  facet normal 0 0 -1
    outer loop
      vertex 153.888 55.5173 11
      vertex 155.276 55.3345 11
      vertex 155.205 54.9753 11
    endloop
  endfacet
  facet normal 0 0 -1
    outer loop
      vertex 155.3 55.7 11
      vertex 153.9 55.7 11
      vertex 155.276 56.0655 11
    endloop
  endfacet
  facet normal 0 0 -1
    outer loop
      vertex 153.888 55.5173 11
      vertex 155.205 54.9753 11
      vertex 155.087 54.6285 11
    endloop
  endfacet
  facet normal 0 0 -1
    outer loop
      vertex 153.888 55.8827 11
      vertex 155.276 56.0655 11
      vertex 153.9 55.7 11
    endloop
  endfacet
  facet normal 0 0 -1
    outer loop
      vertex 153.888 55.5173 11
      vertex 155.087 54.6285 11
      vertex 154.925 54.3 11
    endloop
  endfacet
  facet normal -0 0 -1
    outer loop
      vertex 155.276 56.0655 11
      vertex 153.888 55.8827 11
      vertex 155.205 56.4247 11
    endloop
  endfacet
  facet normal 0 0 -1
    outer loop
      vertex 153.888 55.5173 11
      vertex 154.925 54.3 11
      vertex 154.721 53.9955 11
    endloop
  endfacet
  facet normal 0 0 -1
    outer loop
      vertex 153.852 56.0623 11
      vertex 155.205 56.4247 11
      vertex 153.888 55.8827 11
    endloop
  endfacet
  facet normal 0 0 -1
    outer loop
      vertex 153.888 55.5173 11
      vertex 154.721 53.9955 11
      vertex 154.48 53.7201 11
    endloop
  endfacet
  facet normal -0 0 -1
    outer loop
      vertex 155.205 56.4247 11
      vertex 153.852 56.0623 11
      vertex 155.087 56.7715 11
    endloop
  endfacet
  facet normal 0 0 -1
    outer loop
      vertex 153.888 55.5173 11
      vertex 154.48 53.7201 11
      vertex 154.205 53.4786 11
    endloop
  endfacet
  facet normal 0 0 -1
    outer loop
      vertex 153.793 56.2358 11
      vertex 155.087 56.7715 11
      vertex 153.852 56.0623 11
    endloop
  endfacet
  facet normal 0 0 -1
    outer loop
      vertex 153.352 54.5893 11
      vertex 154.205 53.4786 11
      vertex 153.9 53.2751 11
    endloop
  endfacet
  facet normal -0 0 -1
    outer loop
      vertex 155.087 56.7715 11
      vertex 153.793 56.2358 11
      vertex 154.925 57.1 11
    endloop
  endfacet
  facet normal 0 0 -1
    outer loop
      vertex 153.712 56.4 11
      vertex 154.925 57.1 11
      vertex 153.793 56.2358 11
    endloop
  endfacet
  facet normal -0 0 -1
    outer loop
      vertex 154.925 57.1 11
      vertex 153.712 56.4 11
      vertex 154.721 57.4045 11
    endloop
  endfacet
  facet normal 0 0 -1
    outer loop
      vertex 153.611 56.5523 11
      vertex 154.721 57.4045 11
      vertex 153.712 56.4 11
    endloop
  endfacet
  facet normal -0 0 -1
    outer loop
      vertex 154.721 57.4045 11
      vertex 153.611 56.5523 11
      vertex 154.48 57.6799 11
    endloop
  endfacet
  facet normal 0 0 -1
    outer loop
      vertex 153.49 56.6899 11
      vertex 154.48 57.6799 11
      vertex 153.611 56.5523 11
    endloop
  endfacet
  facet normal -0 0 -1
    outer loop
      vertex 154.48 57.6799 11
      vertex 153.49 56.6899 11
      vertex 154.205 57.9214 11
    endloop
  endfacet
  facet normal 0 0 -1
    outer loop
      vertex 153.352 56.8107 11
      vertex 154.205 57.9214 11
      vertex 153.49 56.6899 11
    endloop
  endfacet
  facet normal -0 0 -1
    outer loop
      vertex 154.205 57.9214 11
      vertex 153.352 56.8107 11
      vertex 153.9 58.1249 11
    endloop
  endfacet
  facet normal 0 0 -1
    outer loop
      vertex 153.2 56.9124 11
      vertex 153.9 58.1249 11
      vertex 153.352 56.8107 11
    endloop
  endfacet
  facet normal -0 0 -1
    outer loop
      vertex 153.9 58.1249 11
      vertex 153.2 56.9124 11
      vertex 153.572 58.2869 11
    endloop
  endfacet
  facet normal 0 0 -1
    outer loop
      vertex 153.036 56.9934 11
      vertex 153.572 58.2869 11
      vertex 153.2 56.9124 11
    endloop
  endfacet
  facet normal -0 0 -1
    outer loop
      vertex 153.572 58.2869 11
      vertex 153.036 56.9934 11
      vertex 153.225 58.4046 11
    endloop
  endfacet
  facet normal 0 0 -1
    outer loop
      vertex 152.862 57.0523 11
      vertex 153.225 58.4046 11
      vertex 153.036 56.9934 11
    endloop
  endfacet
  facet normal -0 0 -1
    outer loop
      vertex 153.225 58.4046 11
      vertex 152.862 57.0523 11
      vertex 152.865 58.476 11
    endloop
  endfacet
  facet normal 0 0 -1
    outer loop
      vertex 152.683 57.088 11
      vertex 152.865 58.476 11
      vertex 152.862 57.0523 11
    endloop
  endfacet
  facet normal 0 0 -1
    outer loop
      vertex 152.5 57.1 11
      vertex 152.865 58.476 11
      vertex 152.683 57.088 11
    endloop
  endfacet
  facet normal 0 0 -1
    outer loop
      vertex 152.5 57.1 11
      vertex 152.5 58.5 11
      vertex 152.865 58.476 11
    endloop
  endfacet
  facet normal 0 0 -1
    outer loop
      vertex 152.317 57.088 11
      vertex 152.5 58.5 11
      vertex 152.5 57.1 11
    endloop
  endfacet
  facet normal 0 0 -1
    outer loop
      vertex 152.135 58.476 11
      vertex 152.317 57.088 11
      vertex 152.138 57.0523 11
    endloop
  endfacet
  facet normal 0 0 -1
    outer loop
      vertex 152.317 57.088 11
      vertex 152.135 58.476 11
      vertex 152.5 58.5 11
    endloop
  endfacet
  facet normal 0 0 -1
    outer loop
      vertex 151.775 58.4046 11
      vertex 152.138 57.0523 11
      vertex 151.964 56.9934 11
    endloop
  endfacet
  facet normal 0 0 -1
    outer loop
      vertex 151.428 58.2869 11
      vertex 151.964 56.9934 11
      vertex 151.8 56.9124 11
    endloop
  endfacet
  facet normal 0 0 -1
    outer loop
      vertex 152.138 57.0523 11
      vertex 151.775 58.4046 11
      vertex 152.135 58.476 11
    endloop
  endfacet
  facet normal 0 0 -1
    outer loop
      vertex 151.1 58.1249 11
      vertex 151.8 56.9124 11
      vertex 151.648 56.8107 11
    endloop
  endfacet
  facet normal 0 0 -1
    outer loop
      vertex 151.1 58.1249 11
      vertex 151.648 56.8107 11
      vertex 151.51 56.6899 11
    endloop
  endfacet
  facet normal 0 0 -1
    outer loop
      vertex 151.964 56.9934 11
      vertex 151.428 58.2869 11
      vertex 151.775 58.4046 11
    endloop
  endfacet
  facet normal 0 0 -1
    outer loop
      vertex 151.1 58.1249 11
      vertex 151.51 56.6899 11
      vertex 151.389 56.5523 11
    endloop
  endfacet
  facet normal 0 0 -1
    outer loop
      vertex 151.1 58.1249 11
      vertex 151.389 56.5523 11
      vertex 151.288 56.4 11
    endloop
  endfacet
  facet normal 0 0 -1
    outer loop
      vertex 151.1 58.1249 11
      vertex 151.288 56.4 11
      vertex 151.207 56.2358 11
    endloop
  endfacet
  facet normal 0 0 -1
    outer loop
      vertex 151.1 58.1249 11
      vertex 151.207 56.2358 11
      vertex 151.148 56.0623 11
    endloop
  endfacet
  facet normal 0 0 -1
    outer loop
      vertex 151.1 58.1249 11
      vertex 151.148 56.0623 11
      vertex 151.112 55.8827 11
    endloop
  endfacet
  facet normal 0 0 -1
    outer loop
      vertex 151.8 56.9124 11
      vertex 151.1 58.1249 11
      vertex 151.428 58.2869 11
    endloop
  endfacet
  facet normal 0 0 -1
    outer loop
      vertex 151.1 58.1249 11
      vertex 151.112 55.8827 11
      vertex 151.1 55.7 11
    endloop
  endfacet
  facet normal 0.555015 -0.83184 0
    outer loop
      vertex 150.795 57.9214 0
      vertex 151.1 58.1249 11
      vertex 150.795 57.9214 11
    endloop
  endfacet
  facet normal 0.555015 -0.83184 0
    outer loop
      vertex 151.1 58.1249 11
      vertex 150.795 57.9214 0
      vertex 151.1 58.1249 0
    endloop
  endfacet
  facet normal 0.321218 -0.947005 0
    outer loop
      vertex 151.428 58.2869 0
      vertex 151.775 58.4046 11
      vertex 151.428 58.2869 11
    endloop
  endfacet
  facet normal 0.321218 -0.947005 0
    outer loop
      vertex 151.775 58.4046 11
      vertex 151.428 58.2869 0
      vertex 151.775 58.4046 0
    endloop
  endfacet
  facet normal -0.981019 0.19391 0
    outer loop
      vertex 155.205 54.9753 0
      vertex 155.276 55.3345 11
      vertex 155.276 55.3345 0
    endloop
  endfacet
  facet normal -0.981019 0.19391 0
    outer loop
      vertex 155.276 55.3345 11
      vertex 155.205 54.9753 0
      vertex 155.205 54.9753 11
    endloop
  endfacet
  facet normal -0.194544 0.980894 0
    outer loop
      vertex 153.225 52.9954 0
      vertex 152.865 52.924 11
      vertex 153.225 52.9954 11
    endloop
  endfacet
  facet normal -0.194544 0.980894 0
    outer loop
      vertex 152.865 52.924 11
      vertex 153.225 52.9954 0
      vertex 152.865 52.924 0
    endloop
  endfacet
  facet normal -0.442835 0.896603 0
    outer loop
      vertex 153.9 53.2751 0
      vertex 153.572 53.1131 11
      vertex 153.9 53.2751 11
    endloop
  endfacet
  facet normal -0.442835 0.896603 0
    outer loop
      vertex 153.572 53.1131 11
      vertex 153.9 53.2751 0
      vertex 153.572 53.1131 0
    endloop
  endfacet
  facet normal -0.9467 -0.322118 0
    outer loop
      vertex 155.205 56.4247 0
      vertex 155.087 56.7715 11
      vertex 155.087 56.7715 0
    endloop
  endfacet
  facet normal -0.9467 -0.322118 0
    outer loop
      vertex 155.087 56.7715 11
      vertex 155.205 56.4247 0
      vertex 155.205 56.4247 11
    endloop
  endfacet
  facet normal -0.981019 -0.19391 0
    outer loop
      vertex 155.276 56.0655 0
      vertex 155.205 56.4247 11
      vertex 155.205 56.4247 0
    endloop
  endfacet
  facet normal -0.981019 -0.19391 0
    outer loop
      vertex 155.205 56.4247 11
      vertex 155.276 56.0655 0
      vertex 155.276 56.0655 11
    endloop
  endfacet
  facet normal -0.752543 -0.658543 0
    outer loop
      vertex 154.721 57.4045 0
      vertex 154.48 57.6799 11
      vertex 154.48 57.6799 0
    endloop
  endfacet
  facet normal -0.752543 -0.658543 0
    outer loop
      vertex 154.48 57.6799 11
      vertex 154.721 57.4045 0
      vertex 154.721 57.4045 11
    endloop
  endfacet
  facet normal -0.0656117 -0.997845 0
    outer loop
      vertex 152.5 58.5 0
      vertex 152.865 58.476 11
      vertex 152.5 58.5 11
    endloop
  endfacet
  facet normal -0.0656117 -0.997845 -0
    outer loop
      vertex 152.865 58.476 11
      vertex 152.5 58.5 0
      vertex 152.865 58.476 0
    endloop
  endfacet
  facet normal -0.555015 -0.83184 0
    outer loop
      vertex 153.9 58.1249 0
      vertex 154.205 57.9214 11
      vertex 153.9 58.1249 11
    endloop
  endfacet
  facet normal -0.555015 -0.83184 -0
    outer loop
      vertex 154.205 57.9214 11
      vertex 153.9 58.1249 0
      vertex 154.205 57.9214 0
    endloop
  endfacet
  facet normal 0.896871 -0.442292 0
    outer loop
      vertex 149.913 56.7715 11
      vertex 150.075 57.1 0
      vertex 150.075 57.1 11
    endloop
  endfacet
  facet normal 0.896871 -0.442292 0
    outer loop
      vertex 150.075 57.1 0
      vertex 149.913 56.7715 11
      vertex 149.913 56.7715 0
    endloop
  endfacet
  facet normal 0.830789 -0.556588 0
    outer loop
      vertex 150.075 57.1 11
      vertex 150.279 57.4045 0
      vertex 150.279 57.4045 11
    endloop
  endfacet
  facet normal 0.830789 -0.556588 0
    outer loop
      vertex 150.279 57.4045 0
      vertex 150.075 57.1 11
      vertex 150.075 57.1 0
    endloop
  endfacet
  facet normal 0.981019 -0.19391 0
    outer loop
      vertex 149.724 56.0655 11
      vertex 149.795 56.4247 0
      vertex 149.795 56.4247 11
    endloop
  endfacet
  facet normal 0.981019 -0.19391 0
    outer loop
      vertex 149.795 56.4247 0
      vertex 149.724 56.0655 11
      vertex 149.724 56.0655 0
    endloop
  endfacet
  facet normal 0.997851 -0.0655224 0
    outer loop
      vertex 149.7 55.7 11
      vertex 149.724 56.0655 0
      vertex 149.724 56.0655 11
    endloop
  endfacet
  facet normal 0.997851 -0.0655224 0
    outer loop
      vertex 149.724 56.0655 0
      vertex 149.7 55.7 11
      vertex 149.7 55.7 0
    endloop
  endfacet
  facet normal 0.997851 0.0655224 0
    outer loop
      vertex 149.724 55.3345 11
      vertex 149.7 55.7 0
      vertex 149.7 55.7 11
    endloop
  endfacet
  facet normal 0.997851 0.0655224 0
    outer loop
      vertex 149.7 55.7 0
      vertex 149.724 55.3345 11
      vertex 149.724 55.3345 0
    endloop
  endfacet
  facet normal 0.659858 -0.751391 0
    outer loop
      vertex 150.52 57.6799 0
      vertex 150.795 57.9214 11
      vertex 150.52 57.6799 11
    endloop
  endfacet
  facet normal 0.659858 -0.751391 0
    outer loop
      vertex 150.795 57.9214 11
      vertex 150.52 57.6799 0
      vertex 150.795 57.9214 0
    endloop
  endfacet
  facet normal 0.194544 -0.980894 0
    outer loop
      vertex 151.775 58.4046 0
      vertex 152.135 58.476 11
      vertex 151.775 58.4046 11
    endloop
  endfacet
  facet normal 0.194544 -0.980894 0
    outer loop
      vertex 152.135 58.476 11
      vertex 151.775 58.4046 0
      vertex 152.135 58.476 0
    endloop
  endfacet
  facet normal -0.997851 0.0655224 0
    outer loop
      vertex 155.276 55.3345 0
      vertex 155.3 55.7 11
      vertex 155.3 55.7 0
    endloop
  endfacet
  facet normal -0.997851 0.0655224 0
    outer loop
      vertex 155.3 55.7 11
      vertex 155.276 55.3345 0
      vertex 155.276 55.3345 11
    endloop
  endfacet
  facet normal -0.9467 0.322118 0
    outer loop
      vertex 155.087 54.6285 0
      vertex 155.205 54.9753 11
      vertex 155.205 54.9753 0
    endloop
  endfacet
  facet normal -0.9467 0.322118 0
    outer loop
      vertex 155.205 54.9753 11
      vertex 155.087 54.6285 0
      vertex 155.087 54.6285 11
    endloop
  endfacet
  facet normal 0.555015 0.83184 -0
    outer loop
      vertex 151.1 53.2751 0
      vertex 150.795 53.4786 11
      vertex 151.1 53.2751 11
    endloop
  endfacet
  facet normal 0.555015 0.83184 0
    outer loop
      vertex 150.795 53.4786 11
      vertex 151.1 53.2751 0
      vertex 150.795 53.4786 0
    endloop
  endfacet
  facet normal 0.830789 0.556588 0
    outer loop
      vertex 150.279 53.9955 11
      vertex 150.075 54.3 0
      vertex 150.075 54.3 11
    endloop
  endfacet
  facet normal 0.830789 0.556588 0
    outer loop
      vertex 150.075 54.3 0
      vertex 150.279 53.9955 11
      vertex 150.279 53.9955 0
    endloop
  endfacet
  facet normal 0.752543 0.658543 0
    outer loop
      vertex 150.52 53.7201 11
      vertex 150.279 53.9955 0
      vertex 150.279 53.9955 11
    endloop
  endfacet
  facet normal 0.752543 0.658543 0
    outer loop
      vertex 150.279 53.9955 0
      vertex 150.52 53.7201 11
      vertex 150.52 53.7201 0
    endloop
  endfacet
  facet normal -0.555015 0.83184 0
    outer loop
      vertex 154.205 53.4786 0
      vertex 153.9 53.2751 11
      vertex 154.205 53.4786 11
    endloop
  endfacet
  facet normal -0.555015 0.83184 0
    outer loop
      vertex 153.9 53.2751 11
      vertex 154.205 53.4786 0
      vertex 153.9 53.2751 0
    endloop
  endfacet
  facet normal 0.194544 0.980894 -0
    outer loop
      vertex 152.135 52.924 0
      vertex 151.775 52.9954 11
      vertex 152.135 52.924 11
    endloop
  endfacet
  facet normal 0.194544 0.980894 0
    outer loop
      vertex 151.775 52.9954 11
      vertex 152.135 52.924 0
      vertex 151.775 52.9954 0
    endloop
  endfacet
  facet normal 0.659858 0.751391 -0
    outer loop
      vertex 150.795 53.4786 0
      vertex 150.52 53.7201 11
      vertex 150.795 53.4786 11
    endloop
  endfacet
  facet normal 0.659858 0.751391 0
    outer loop
      vertex 150.52 53.7201 11
      vertex 150.795 53.4786 0
      vertex 150.52 53.7201 0
    endloop
  endfacet
  facet normal 0.896871 0.442292 0
    outer loop
      vertex 150.075 54.3 11
      vertex 149.913 54.6285 0
      vertex 149.913 54.6285 11
    endloop
  endfacet
  facet normal 0.896871 0.442292 0
    outer loop
      vertex 149.913 54.6285 0
      vertex 150.075 54.3 11
      vertex 150.075 54.3 0
    endloop
  endfacet
  facet normal -0.659858 0.751391 0
    outer loop
      vertex 154.48 53.7201 0
      vertex 154.205 53.4786 11
      vertex 154.48 53.7201 11
    endloop
  endfacet
  facet normal -0.659858 0.751391 0
    outer loop
      vertex 154.205 53.4786 11
      vertex 154.48 53.7201 0
      vertex 154.205 53.4786 0
    endloop
  endfacet
  facet normal -0.321218 0.947005 0
    outer loop
      vertex 153.572 53.1131 0
      vertex 153.225 52.9954 11
      vertex 153.572 53.1131 11
    endloop
  endfacet
  facet normal -0.321218 0.947005 0
    outer loop
      vertex 153.225 52.9954 11
      vertex 153.572 53.1131 0
      vertex 153.225 52.9954 0
    endloop
  endfacet
  facet normal -0.896871 0.442292 0
    outer loop
      vertex 154.925 54.3 0
      vertex 155.087 54.6285 11
      vertex 155.087 54.6285 0
    endloop
  endfacet
  facet normal -0.896871 0.442292 0
    outer loop
      vertex 155.087 54.6285 11
      vertex 154.925 54.3 0
      vertex 154.925 54.3 11
    endloop
  endfacet
  facet normal -0.830789 0.556588 0
    outer loop
      vertex 154.721 53.9955 0
      vertex 154.925 54.3 11
      vertex 154.925 54.3 0
    endloop
  endfacet
  facet normal -0.830789 0.556588 0
    outer loop
      vertex 154.925 54.3 11
      vertex 154.721 53.9955 0
      vertex 154.721 53.9955 11
    endloop
  endfacet
  facet normal 0.0656117 0.997845 -0
    outer loop
      vertex 152.5 52.9 0
      vertex 152.135 52.924 11
      vertex 152.5 52.9 11
    endloop
  endfacet
  facet normal 0.0656117 0.997845 0
    outer loop
      vertex 152.135 52.924 11
      vertex 152.5 52.9 0
      vertex 152.135 52.924 0
    endloop
  endfacet
  facet normal 0.442835 0.896603 -0
    outer loop
      vertex 151.428 53.1131 0
      vertex 151.1 53.2751 11
      vertex 151.428 53.1131 11
    endloop
  endfacet
  facet normal 0.442835 0.896603 0
    outer loop
      vertex 151.1 53.2751 11
      vertex 151.428 53.1131 0
      vertex 151.1 53.2751 0
    endloop
  endfacet
  facet normal 0.9467 0.322118 0
    outer loop
      vertex 149.913 54.6285 11
      vertex 149.795 54.9753 0
      vertex 149.795 54.9753 11
    endloop
  endfacet
  facet normal 0.9467 0.322118 0
    outer loop
      vertex 149.795 54.9753 0
      vertex 149.913 54.6285 11
      vertex 149.913 54.6285 0
    endloop
  endfacet
  facet normal 0.981019 0.19391 0
    outer loop
      vertex 149.795 54.9753 11
      vertex 149.724 55.3345 0
      vertex 149.724 55.3345 11
    endloop
  endfacet
  facet normal 0.981019 0.19391 0
    outer loop
      vertex 149.724 55.3345 0
      vertex 149.795 54.9753 11
      vertex 149.795 54.9753 0
    endloop
  endfacet
  facet normal 0.321218 0.947005 -0
    outer loop
      vertex 151.775 52.9954 0
      vertex 151.428 53.1131 11
      vertex 151.775 52.9954 11
    endloop
  endfacet
  facet normal 0.321218 0.947005 0
    outer loop
      vertex 151.428 53.1131 11
      vertex 151.775 52.9954 0
      vertex 151.428 53.1131 0
    endloop
  endfacet
  facet normal -0.99785 -0.0655402 0
    outer loop
      vertex 153.9 55.7 11
      vertex 153.888 55.8827 13
      vertex 153.888 55.8827 11
    endloop
  endfacet
  facet normal -0.99785 -0.0655402 0
    outer loop
      vertex 153.888 55.8827 13
      vertex 153.9 55.7 11
      vertex 153.9 55.7 13
    endloop
  endfacet
  facet normal 0.0654332 -0.997857 0
    outer loop
      vertex 152.317 57.088 11
      vertex 152.5 57.1 13
      vertex 152.317 57.088 13
    endloop
  endfacet
  facet normal 0.0654332 -0.997857 0
    outer loop
      vertex 152.5 57.1 13
      vertex 152.317 57.088 11
      vertex 152.5 57.1 11
    endloop
  endfacet
  facet normal -0.658659 -0.752442 0
    outer loop
      vertex 153.352 56.8107 11
      vertex 153.49 56.6899 13
      vertex 153.352 56.8107 13
    endloop
  endfacet
  facet normal -0.658659 -0.752442 -0
    outer loop
      vertex 153.49 56.6899 13
      vertex 153.352 56.8107 11
      vertex 153.49 56.6899 11
    endloop
  endfacet
  facet normal 0.750952 -0.660357 0
    outer loop
      vertex 151.389 56.5523 13
      vertex 151.51 56.6899 11
      vertex 151.51 56.6899 13
    endloop
  endfacet
  facet normal 0.750952 -0.660357 0
    outer loop
      vertex 151.51 56.6899 11
      vertex 151.389 56.5523 13
      vertex 151.389 56.5523 11
    endloop
  endfacet
  facet normal 0.442835 -0.896603 0
    outer loop
      vertex 151.8 56.9124 11
      vertex 151.964 56.9934 13
      vertex 151.8 56.9124 13
    endloop
  endfacet
  facet normal 0.442835 -0.896603 0
    outer loop
      vertex 151.964 56.9934 13
      vertex 151.8 56.9124 11
      vertex 151.964 56.9934 11
    endloop
  endfacet
  facet normal -0.896817 -0.442401 0
    outer loop
      vertex 153.793 56.2358 11
      vertex 153.712 56.4 13
      vertex 153.712 56.4 11
    endloop
  endfacet
  facet normal -0.896817 -0.442401 0
    outer loop
      vertex 153.712 56.4 13
      vertex 153.793 56.2358 11
      vertex 153.793 56.2358 13
    endloop
  endfacet
  facet normal -0.320634 -0.947203 0
    outer loop
      vertex 152.862 57.0523 11
      vertex 153.036 56.9934 13
      vertex 152.862 57.0523 13
    endloop
  endfacet
  facet normal -0.320634 -0.947203 -0
    outer loop
      vertex 153.036 56.9934 13
      vertex 152.862 57.0523 11
      vertex 153.036 56.9934 11
    endloop
  endfacet
  facet normal -0.556087 -0.831124 0
    outer loop
      vertex 153.2 56.9124 11
      vertex 153.352 56.8107 13
      vertex 153.2 56.9124 13
    endloop
  endfacet
  facet normal -0.556087 -0.831124 -0
    outer loop
      vertex 153.352 56.8107 13
      vertex 153.2 56.9124 11
      vertex 153.352 56.8107 11
    endloop
  endfacet
  facet normal 0.946756 -0.321952 0
    outer loop
      vertex 151.148 56.0623 13
      vertex 151.207 56.2358 11
      vertex 151.207 56.2358 13
    endloop
  endfacet
  facet normal 0.946756 -0.321952 0
    outer loop
      vertex 151.207 56.2358 11
      vertex 151.148 56.0623 13
      vertex 151.148 56.0623 11
    endloop
  endfacet
  facet normal 0.195589 -0.980686 0
    outer loop
      vertex 152.138 57.0523 11
      vertex 152.317 57.088 13
      vertex 152.138 57.0523 13
    endloop
  endfacet
  facet normal 0.195589 -0.980686 0
    outer loop
      vertex 152.317 57.088 13
      vertex 152.138 57.0523 11
      vertex 152.317 57.088 11
    endloop
  endfacet
  facet normal -0.195589 0.980686 0
    outer loop
      vertex 152.862 54.3477 11
      vertex 152.683 54.312 13
      vertex 152.862 54.3477 13
    endloop
  endfacet
  facet normal -0.195589 0.980686 0
    outer loop
      vertex 152.683 54.312 13
      vertex 152.862 54.3477 11
      vertex 152.683 54.312 11
    endloop
  endfacet
  facet normal -0.980497 0.196536 0
    outer loop
      vertex 153.852 55.3377 11
      vertex 153.888 55.5173 13
      vertex 153.888 55.5173 11
    endloop
  endfacet
  facet normal -0.980497 0.196536 0
    outer loop
      vertex 153.888 55.5173 13
      vertex 153.852 55.3377 11
      vertex 153.852 55.3377 13
    endloop
  endfacet
  facet normal 0.556087 0.831124 -0
    outer loop
      vertex 151.8 54.4876 11
      vertex 151.648 54.5893 13
      vertex 151.8 54.4876 13
    endloop
  endfacet
  facet normal 0.556087 0.831124 0
    outer loop
      vertex 151.648 54.5893 13
      vertex 151.8 54.4876 11
      vertex 151.648 54.5893 11
    endloop
  endfacet
  facet normal -0.946756 -0.321952 0
    outer loop
      vertex 153.852 56.0623 11
      vertex 153.793 56.2358 13
      vertex 153.793 56.2358 11
    endloop
  endfacet
  facet normal -0.946756 -0.321952 0
    outer loop
      vertex 153.793 56.2358 13
      vertex 153.852 56.0623 11
      vertex 153.852 56.0623 13
    endloop
  endfacet
  facet normal -0.980497 -0.196536 0
    outer loop
      vertex 153.888 55.8827 11
      vertex 153.852 56.0623 13
      vertex 153.852 56.0623 11
    endloop
  endfacet
  facet normal -0.980497 -0.196536 0
    outer loop
      vertex 153.852 56.0623 13
      vertex 153.888 55.8827 11
      vertex 153.888 55.8827 13
    endloop
  endfacet
  facet normal -0.750952 -0.660357 0
    outer loop
      vertex 153.611 56.5523 11
      vertex 153.49 56.6899 13
      vertex 153.49 56.6899 11
    endloop
  endfacet
  facet normal -0.750952 -0.660357 0
    outer loop
      vertex 153.49 56.6899 13
      vertex 153.611 56.5523 11
      vertex 153.611 56.5523 13
    endloop
  endfacet
  facet normal -0.833395 -0.552678 0
    outer loop
      vertex 153.712 56.4 11
      vertex 153.611 56.5523 13
      vertex 153.611 56.5523 11
    endloop
  endfacet
  facet normal -0.833395 -0.552678 0
    outer loop
      vertex 153.611 56.5523 13
      vertex 153.712 56.4 11
      vertex 153.712 56.4 13
    endloop
  endfacet
  facet normal -0.195589 -0.980686 0
    outer loop
      vertex 152.683 57.088 11
      vertex 152.862 57.0523 13
      vertex 152.683 57.088 13
    endloop
  endfacet
  facet normal -0.195589 -0.980686 -0
    outer loop
      vertex 152.862 57.0523 13
      vertex 152.683 57.088 11
      vertex 152.862 57.0523 11
    endloop
  endfacet
  facet normal -0.0654332 -0.997857 0
    outer loop
      vertex 152.5 57.1 11
      vertex 152.683 57.088 13
      vertex 152.5 57.1 13
    endloop
  endfacet
  facet normal -0.0654332 -0.997857 -0
    outer loop
      vertex 152.683 57.088 13
      vertex 152.5 57.1 11
      vertex 152.683 57.088 11
    endloop
  endfacet
  facet normal -0.442835 -0.896603 0
    outer loop
      vertex 153.036 56.9934 11
      vertex 153.2 56.9124 13
      vertex 153.036 56.9934 13
    endloop
  endfacet
  facet normal -0.442835 -0.896603 -0
    outer loop
      vertex 153.2 56.9124 13
      vertex 153.036 56.9934 11
      vertex 153.2 56.9124 11
    endloop
  endfacet
  facet normal 0.896817 -0.442401 0
    outer loop
      vertex 151.207 56.2358 13
      vertex 151.288 56.4 11
      vertex 151.288 56.4 13
    endloop
  endfacet
  facet normal 0.896817 -0.442401 0
    outer loop
      vertex 151.288 56.4 11
      vertex 151.207 56.2358 13
      vertex 151.207 56.2358 11
    endloop
  endfacet
  facet normal 0.833395 -0.552678 0
    outer loop
      vertex 151.288 56.4 13
      vertex 151.389 56.5523 11
      vertex 151.389 56.5523 13
    endloop
  endfacet
  facet normal 0.833395 -0.552678 0
    outer loop
      vertex 151.389 56.5523 11
      vertex 151.288 56.4 13
      vertex 151.288 56.4 11
    endloop
  endfacet
  facet normal 0.980497 -0.196536 0
    outer loop
      vertex 151.112 55.8827 13
      vertex 151.148 56.0623 11
      vertex 151.148 56.0623 13
    endloop
  endfacet
  facet normal 0.980497 -0.196536 0
    outer loop
      vertex 151.148 56.0623 11
      vertex 151.112 55.8827 13
      vertex 151.112 55.8827 11
    endloop
  endfacet
  facet normal 0.99785 -0.0655402 0
    outer loop
      vertex 151.1 55.7 13
      vertex 151.112 55.8827 11
      vertex 151.112 55.8827 13
    endloop
  endfacet
  facet normal 0.99785 -0.0655402 0
    outer loop
      vertex 151.112 55.8827 11
      vertex 151.1 55.7 13
      vertex 151.1 55.7 11
    endloop
  endfacet
  facet normal 0.99785 0.0655402 0
    outer loop
      vertex 151.112 55.5173 13
      vertex 151.1 55.7 11
      vertex 151.1 55.7 13
    endloop
  endfacet
  facet normal 0.99785 0.0655402 0
    outer loop
      vertex 151.1 55.7 11
      vertex 151.112 55.5173 13
      vertex 151.112 55.5173 11
    endloop
  endfacet
  facet normal 0.556087 -0.831124 0
    outer loop
      vertex 151.648 56.8107 11
      vertex 151.8 56.9124 13
      vertex 151.648 56.8107 13
    endloop
  endfacet
  facet normal 0.556087 -0.831124 0
    outer loop
      vertex 151.8 56.9124 13
      vertex 151.648 56.8107 11
      vertex 151.8 56.9124 11
    endloop
  endfacet
  facet normal 0.658659 -0.752442 0
    outer loop
      vertex 151.51 56.6899 11
      vertex 151.648 56.8107 13
      vertex 151.51 56.6899 13
    endloop
  endfacet
  facet normal 0.658659 -0.752442 0
    outer loop
      vertex 151.648 56.8107 13
      vertex 151.51 56.6899 11
      vertex 151.648 56.8107 11
    endloop
  endfacet
  facet normal 0.320634 -0.947203 0
    outer loop
      vertex 151.964 56.9934 11
      vertex 152.138 57.0523 13
      vertex 151.964 56.9934 13
    endloop
  endfacet
  facet normal 0.320634 -0.947203 0
    outer loop
      vertex 152.138 57.0523 13
      vertex 151.964 56.9934 11
      vertex 152.138 57.0523 11
    endloop
  endfacet
  facet normal -0.99785 0.0655402 0
    outer loop
      vertex 153.888 55.5173 11
      vertex 153.9 55.7 13
      vertex 153.9 55.7 11
    endloop
  endfacet
  facet normal -0.99785 0.0655402 0
    outer loop
      vertex 153.9 55.7 13
      vertex 153.888 55.5173 11
      vertex 153.888 55.5173 13
    endloop
  endfacet
  facet normal -0.320634 0.947203 0
    outer loop
      vertex 153.036 54.4066 11
      vertex 152.862 54.3477 13
      vertex 153.036 54.4066 13
    endloop
  endfacet
  facet normal -0.320634 0.947203 0
    outer loop
      vertex 152.862 54.3477 13
      vertex 153.036 54.4066 11
      vertex 152.862 54.3477 11
    endloop
  endfacet
  facet normal -0.751189 0.660087 0
    outer loop
      vertex 153.49 54.71 11
      vertex 153.611 54.8477 13
      vertex 153.611 54.8477 11
    endloop
  endfacet
  facet normal -0.751189 0.660087 0
    outer loop
      vertex 153.611 54.8477 13
      vertex 153.49 54.71 11
      vertex 153.49 54.71 13
    endloop
  endfacet
  facet normal -0.556087 0.831124 0
    outer loop
      vertex 153.352 54.5893 11
      vertex 153.2 54.4876 13
      vertex 153.352 54.5893 13
    endloop
  endfacet
  facet normal -0.556087 0.831124 0
    outer loop
      vertex 153.2 54.4876 13
      vertex 153.352 54.5893 11
      vertex 153.2 54.4876 11
    endloop
  endfacet
  facet normal -0.833395 0.552678 0
    outer loop
      vertex 153.611 54.8477 11
      vertex 153.712 55 13
      vertex 153.712 55 11
    endloop
  endfacet
  facet normal -0.833395 0.552678 0
    outer loop
      vertex 153.712 55 13
      vertex 153.611 54.8477 11
      vertex 153.611 54.8477 13
    endloop
  endfacet
  facet normal 0.442835 0.896603 -0
    outer loop
      vertex 151.964 54.4066 11
      vertex 151.8 54.4876 13
      vertex 151.964 54.4066 13
    endloop
  endfacet
  facet normal 0.442835 0.896603 0
    outer loop
      vertex 151.8 54.4876 13
      vertex 151.964 54.4066 11
      vertex 151.8 54.4876 11
    endloop
  endfacet
  facet normal 0.195589 0.980686 -0
    outer loop
      vertex 152.317 54.312 11
      vertex 152.138 54.3477 13
      vertex 152.317 54.312 13
    endloop
  endfacet
  facet normal 0.195589 0.980686 0
    outer loop
      vertex 152.138 54.3477 13
      vertex 152.317 54.312 11
      vertex 152.138 54.3477 11
    endloop
  endfacet
  facet normal -0.0654332 0.997857 0
    outer loop
      vertex 152.683 54.312 11
      vertex 152.5 54.3 13
      vertex 152.683 54.312 13
    endloop
  endfacet
  facet normal -0.0654332 0.997857 0
    outer loop
      vertex 152.5 54.3 13
      vertex 152.683 54.312 11
      vertex 152.5 54.3 11
    endloop
  endfacet
  facet normal 0.833395 0.552678 0
    outer loop
      vertex 151.389 54.8477 13
      vertex 151.288 55 11
      vertex 151.288 55 13
    endloop
  endfacet
  facet normal 0.833395 0.552678 0
    outer loop
      vertex 151.288 55 11
      vertex 151.389 54.8477 13
      vertex 151.389 54.8477 11
    endloop
  endfacet
  facet normal 0.65835 0.752712 -0
    outer loop
      vertex 151.648 54.5893 11
      vertex 151.51 54.71 13
      vertex 151.648 54.5893 13
    endloop
  endfacet
  facet normal 0.65835 0.752712 0
    outer loop
      vertex 151.51 54.71 13
      vertex 151.648 54.5893 11
      vertex 151.51 54.71 11
    endloop
  endfacet
  facet normal 0.896817 0.442401 0
    outer loop
      vertex 151.288 55 13
      vertex 151.207 55.1642 11
      vertex 151.207 55.1642 13
    endloop
  endfacet
  facet normal 0.896817 0.442401 0
    outer loop
      vertex 151.207 55.1642 11
      vertex 151.288 55 13
      vertex 151.288 55 11
    endloop
  endfacet
  facet normal 0.980497 0.196536 0
    outer loop
      vertex 151.148 55.3377 13
      vertex 151.112 55.5173 11
      vertex 151.112 55.5173 13
    endloop
  endfacet
  facet normal 0.980497 0.196536 0
    outer loop
      vertex 151.112 55.5173 11
      vertex 151.148 55.3377 13
      vertex 151.148 55.3377 11
    endloop
  endfacet
  facet normal -0.946756 0.321952 0
    outer loop
      vertex 153.793 55.1642 11
      vertex 153.852 55.3377 13
      vertex 153.852 55.3377 11
    endloop
  endfacet
  facet normal -0.946756 0.321952 0
    outer loop
      vertex 153.852 55.3377 13
      vertex 153.793 55.1642 11
      vertex 153.793 55.1642 13
    endloop
  endfacet
  facet normal -0.442835 0.896603 0
    outer loop
      vertex 153.2 54.4876 11
      vertex 153.036 54.4066 13
      vertex 153.2 54.4876 13
    endloop
  endfacet
  facet normal -0.442835 0.896603 0
    outer loop
      vertex 153.036 54.4066 13
      vertex 153.2 54.4876 11
      vertex 153.036 54.4066 11
    endloop
  endfacet
  facet normal -0.65835 0.752712 0
    outer loop
      vertex 153.49 54.71 11
      vertex 153.352 54.5893 13
      vertex 153.49 54.71 13
    endloop
  endfacet
  facet normal -0.65835 0.752712 0
    outer loop
      vertex 153.352 54.5893 13
      vertex 153.49 54.71 11
      vertex 153.352 54.5893 11
    endloop
  endfacet
  facet normal 0.320634 0.947203 -0
    outer loop
      vertex 152.138 54.3477 11
      vertex 151.964 54.4066 13
      vertex 152.138 54.3477 13
    endloop
  endfacet
  facet normal 0.320634 0.947203 0
    outer loop
      vertex 151.964 54.4066 13
      vertex 152.138 54.3477 11
      vertex 151.964 54.4066 11
    endloop
  endfacet
  facet normal 0.0654332 0.997857 -0
    outer loop
      vertex 152.5 54.3 11
      vertex 152.317 54.312 13
      vertex 152.5 54.3 13
    endloop
  endfacet
  facet normal 0.0654332 0.997857 0
    outer loop
      vertex 152.317 54.312 13
      vertex 152.5 54.3 11
      vertex 152.317 54.312 11
    endloop
  endfacet
  facet normal 0.751189 0.660087 0
    outer loop
      vertex 151.51 54.71 13
      vertex 151.389 54.8477 11
      vertex 151.389 54.8477 13
    endloop
  endfacet
  facet normal 0.751189 0.660087 0
    outer loop
      vertex 151.389 54.8477 11
      vertex 151.51 54.71 13
      vertex 151.51 54.71 11
    endloop
  endfacet
  facet normal 0.946756 0.321952 0
    outer loop
      vertex 151.207 55.1642 13
      vertex 151.148 55.3377 11
      vertex 151.148 55.3377 13
    endloop
  endfacet
  facet normal 0.946756 0.321952 0
    outer loop
      vertex 151.148 55.3377 11
      vertex 151.207 55.1642 13
      vertex 151.207 55.1642 11
    endloop
  endfacet
  facet normal -0.896817 0.442401 0
    outer loop
      vertex 153.712 55 11
      vertex 153.793 55.1642 13
      vertex 153.793 55.1642 11
    endloop
  endfacet
  facet normal -0.896817 0.442401 0
    outer loop
      vertex 153.793 55.1642 13
      vertex 153.712 55 11
      vertex 153.712 55 13
    endloop
  endfacet
  facet normal -0.997851 -0.0655224 0
    outer loop
      vertex 213.3 55.7 0
      vertex 213.276 56.0655 11
      vertex 213.276 56.0655 0
    endloop
  endfacet
  facet normal -0.997851 -0.0655224 0
    outer loop
      vertex 213.276 56.0655 11
      vertex 213.3 55.7 0
      vertex 213.3 55.7 11
    endloop
  endfacet
  facet normal 0.0656117 -0.997845 0
    outer loop
      vertex 210.135 58.476 0
      vertex 210.5 58.5 11
      vertex 210.135 58.476 11
    endloop
  endfacet
  facet normal 0.0656117 -0.997845 0
    outer loop
      vertex 210.5 58.5 11
      vertex 210.135 58.476 0
      vertex 210.5 58.5 0
    endloop
  endfacet
  facet normal -0.0656117 0.997845 0
    outer loop
      vertex 210.865 52.924 0
      vertex 210.5 52.9 11
      vertex 210.865 52.924 11
    endloop
  endfacet
  facet normal -0.0656117 0.997845 0
    outer loop
      vertex 210.5 52.9 11
      vertex 210.865 52.924 0
      vertex 210.5 52.9 0
    endloop
  endfacet
  facet normal -0.752543 0.658543 0
    outer loop
      vertex 212.48 53.7201 0
      vertex 212.721 53.9955 11
      vertex 212.721 53.9955 0
    endloop
  endfacet
  facet normal -0.752543 0.658543 0
    outer loop
      vertex 212.721 53.9955 11
      vertex 212.48 53.7201 0
      vertex 212.48 53.7201 11
    endloop
  endfacet
  facet normal -0.659858 -0.751391 0
    outer loop
      vertex 212.205 57.9214 0
      vertex 212.48 57.6799 11
      vertex 212.205 57.9214 11
    endloop
  endfacet
  facet normal -0.659858 -0.751391 -0
    outer loop
      vertex 212.48 57.6799 11
      vertex 212.205 57.9214 0
      vertex 212.48 57.6799 0
    endloop
  endfacet
  facet normal 0.752543 -0.658543 0
    outer loop
      vertex 208.279 57.4045 11
      vertex 208.52 57.6799 0
      vertex 208.52 57.6799 11
    endloop
  endfacet
  facet normal 0.752543 -0.658543 0
    outer loop
      vertex 208.52 57.6799 0
      vertex 208.279 57.4045 11
      vertex 208.279 57.4045 0
    endloop
  endfacet
  facet normal 0.442835 -0.896603 0
    outer loop
      vertex 209.1 58.1249 0
      vertex 209.428 58.2869 11
      vertex 209.1 58.1249 11
    endloop
  endfacet
  facet normal 0.442835 -0.896603 0
    outer loop
      vertex 209.428 58.2869 11
      vertex 209.1 58.1249 0
      vertex 209.428 58.2869 0
    endloop
  endfacet
  facet normal -0.896871 -0.442292 0
    outer loop
      vertex 213.087 56.7715 0
      vertex 212.925 57.1 11
      vertex 212.925 57.1 0
    endloop
  endfacet
  facet normal -0.896871 -0.442292 0
    outer loop
      vertex 212.925 57.1 11
      vertex 213.087 56.7715 0
      vertex 213.087 56.7715 11
    endloop
  endfacet
  facet normal -0.830789 -0.556588 0
    outer loop
      vertex 212.925 57.1 0
      vertex 212.721 57.4045 11
      vertex 212.721 57.4045 0
    endloop
  endfacet
  facet normal -0.830789 -0.556588 0
    outer loop
      vertex 212.721 57.4045 11
      vertex 212.925 57.1 0
      vertex 212.925 57.1 11
    endloop
  endfacet
  facet normal -0.321218 -0.947005 0
    outer loop
      vertex 211.225 58.4046 0
      vertex 211.572 58.2869 11
      vertex 211.225 58.4046 11
    endloop
  endfacet
  facet normal -0.321218 -0.947005 -0
    outer loop
      vertex 211.572 58.2869 11
      vertex 211.225 58.4046 0
      vertex 211.572 58.2869 0
    endloop
  endfacet
  facet normal -0.194544 -0.980894 0
    outer loop
      vertex 210.865 58.476 0
      vertex 211.225 58.4046 11
      vertex 210.865 58.476 11
    endloop
  endfacet
  facet normal -0.194544 -0.980894 -0
    outer loop
      vertex 211.225 58.4046 11
      vertex 210.865 58.476 0
      vertex 211.225 58.4046 0
    endloop
  endfacet
  facet normal -0.442835 -0.896603 0
    outer loop
      vertex 211.572 58.2869 0
      vertex 211.9 58.1249 11
      vertex 211.572 58.2869 11
    endloop
  endfacet
  facet normal -0.442835 -0.896603 -0
    outer loop
      vertex 211.9 58.1249 11
      vertex 211.572 58.2869 0
      vertex 211.9 58.1249 0
    endloop
  endfacet
  facet normal 0.9467 -0.322118 0
    outer loop
      vertex 207.795 56.4247 11
      vertex 207.913 56.7715 0
      vertex 207.913 56.7715 11
    endloop
  endfacet
  facet normal 0.9467 -0.322118 0
    outer loop
      vertex 207.913 56.7715 0
      vertex 207.795 56.4247 11
      vertex 207.795 56.4247 0
    endloop
  endfacet
  facet normal 0.896871 -0.442292 0
    outer loop
      vertex 207.913 56.7715 11
      vertex 208.075 57.1 0
      vertex 208.075 57.1 11
    endloop
  endfacet
  facet normal 0.896871 -0.442292 0
    outer loop
      vertex 208.075 57.1 0
      vertex 207.913 56.7715 11
      vertex 207.913 56.7715 0
    endloop
  endfacet
  facet normal 0.555015 -0.83184 0
    outer loop
      vertex 208.795 57.9214 0
      vertex 209.1 58.1249 11
      vertex 208.795 57.9214 11
    endloop
  endfacet
  facet normal 0.555015 -0.83184 0
    outer loop
      vertex 209.1 58.1249 11
      vertex 208.795 57.9214 0
      vertex 209.1 58.1249 0
    endloop
  endfacet
  facet normal 0.321218 -0.947005 0
    outer loop
      vertex 209.428 58.2869 0
      vertex 209.775 58.4046 11
      vertex 209.428 58.2869 11
    endloop
  endfacet
  facet normal 0.321218 -0.947005 0
    outer loop
      vertex 209.775 58.4046 11
      vertex 209.428 58.2869 0
      vertex 209.775 58.4046 0
    endloop
  endfacet
  facet normal -0.9467 -0.322118 0
    outer loop
      vertex 213.205 56.4247 0
      vertex 213.087 56.7715 11
      vertex 213.087 56.7715 0
    endloop
  endfacet
  facet normal -0.9467 -0.322118 0
    outer loop
      vertex 213.087 56.7715 11
      vertex 213.205 56.4247 0
      vertex 213.205 56.4247 11
    endloop
  endfacet
  facet normal -0.981019 -0.19391 0
    outer loop
      vertex 213.276 56.0655 0
      vertex 213.205 56.4247 11
      vertex 213.205 56.4247 0
    endloop
  endfacet
  facet normal -0.981019 -0.19391 0
    outer loop
      vertex 213.205 56.4247 11
      vertex 213.276 56.0655 0
      vertex 213.276 56.0655 11
    endloop
  endfacet
  facet normal -0.752543 -0.658543 0
    outer loop
      vertex 212.721 57.4045 0
      vertex 212.48 57.6799 11
      vertex 212.48 57.6799 0
    endloop
  endfacet
  facet normal -0.752543 -0.658543 0
    outer loop
      vertex 212.48 57.6799 11
      vertex 212.721 57.4045 0
      vertex 212.721 57.4045 11
    endloop
  endfacet
  facet normal -0.0656117 -0.997845 0
    outer loop
      vertex 210.5 58.5 0
      vertex 210.865 58.476 11
      vertex 210.5 58.5 11
    endloop
  endfacet
  facet normal -0.0656117 -0.997845 -0
    outer loop
      vertex 210.865 58.476 11
      vertex 210.5 58.5 0
      vertex 210.865 58.476 0
    endloop
  endfacet
  facet normal -0.555015 -0.83184 0
    outer loop
      vertex 211.9 58.1249 0
      vertex 212.205 57.9214 11
      vertex 211.9 58.1249 11
    endloop
  endfacet
  facet normal -0.555015 -0.83184 -0
    outer loop
      vertex 212.205 57.9214 11
      vertex 211.9 58.1249 0
      vertex 212.205 57.9214 0
    endloop
  endfacet
  facet normal 0.997851 -0.0655224 0
    outer loop
      vertex 207.7 55.7 11
      vertex 207.724 56.0655 0
      vertex 207.724 56.0655 11
    endloop
  endfacet
  facet normal 0.997851 -0.0655224 0
    outer loop
      vertex 207.724 56.0655 0
      vertex 207.7 55.7 11
      vertex 207.7 55.7 0
    endloop
  endfacet
  facet normal 0.997851 0.0655224 0
    outer loop
      vertex 207.724 55.3345 11
      vertex 207.7 55.7 0
      vertex 207.7 55.7 11
    endloop
  endfacet
  facet normal 0.997851 0.0655224 0
    outer loop
      vertex 207.7 55.7 0
      vertex 207.724 55.3345 11
      vertex 207.724 55.3345 0
    endloop
  endfacet
  facet normal 0.194544 -0.980894 0
    outer loop
      vertex 209.775 58.4046 0
      vertex 210.135 58.476 11
      vertex 209.775 58.4046 11
    endloop
  endfacet
  facet normal 0.194544 -0.980894 0
    outer loop
      vertex 210.135 58.476 11
      vertex 209.775 58.4046 0
      vertex 210.135 58.476 0
    endloop
  endfacet
  facet normal -0.997851 0.0655224 0
    outer loop
      vertex 213.276 55.3345 0
      vertex 213.3 55.7 11
      vertex 213.3 55.7 0
    endloop
  endfacet
  facet normal -0.997851 0.0655224 0
    outer loop
      vertex 213.3 55.7 11
      vertex 213.276 55.3345 0
      vertex 213.276 55.3345 11
    endloop
  endfacet
  facet normal -0.9467 0.322118 0
    outer loop
      vertex 213.087 54.6285 0
      vertex 213.205 54.9753 11
      vertex 213.205 54.9753 0
    endloop
  endfacet
  facet normal -0.9467 0.322118 0
    outer loop
      vertex 213.205 54.9753 11
      vertex 213.087 54.6285 0
      vertex 213.087 54.6285 11
    endloop
  endfacet
  facet normal 0.830789 0.556588 0
    outer loop
      vertex 208.279 53.9955 11
      vertex 208.075 54.3 0
      vertex 208.075 54.3 11
    endloop
  endfacet
  facet normal 0.830789 0.556588 0
    outer loop
      vertex 208.075 54.3 0
      vertex 208.279 53.9955 11
      vertex 208.279 53.9955 0
    endloop
  endfacet
  facet normal -0.555015 0.83184 0
    outer loop
      vertex 212.205 53.4786 0
      vertex 211.9 53.2751 11
      vertex 212.205 53.4786 11
    endloop
  endfacet
  facet normal -0.555015 0.83184 0
    outer loop
      vertex 211.9 53.2751 11
      vertex 212.205 53.4786 0
      vertex 211.9 53.2751 0
    endloop
  endfacet
  facet normal -0.442835 0.896603 0
    outer loop
      vertex 211.9 53.2751 0
      vertex 211.572 53.1131 11
      vertex 211.9 53.2751 11
    endloop
  endfacet
  facet normal -0.442835 0.896603 0
    outer loop
      vertex 211.572 53.1131 11
      vertex 211.9 53.2751 0
      vertex 211.572 53.1131 0
    endloop
  endfacet
  facet normal 0.830789 -0.556588 0
    outer loop
      vertex 208.075 57.1 11
      vertex 208.279 57.4045 0
      vertex 208.279 57.4045 11
    endloop
  endfacet
  facet normal 0.830789 -0.556588 0
    outer loop
      vertex 208.279 57.4045 0
      vertex 208.075 57.1 11
      vertex 208.075 57.1 0
    endloop
  endfacet
  facet normal 0 0 -1
    outer loop
      vertex 213.276 55.3345 11
      vertex 211.888 55.5173 11
      vertex 211.9 55.7 11
    endloop
  endfacet
  facet normal 0 0 -1
    outer loop
      vertex 212.205 53.4786 11
      vertex 211.852 55.3377 11
      vertex 211.888 55.5173 11
    endloop
  endfacet
  facet normal 0 0 -1
    outer loop
      vertex 212.205 53.4786 11
      vertex 211.793 55.1642 11
      vertex 211.852 55.3377 11
    endloop
  endfacet
  facet normal 0 0 -1
    outer loop
      vertex 212.205 53.4786 11
      vertex 211.712 55 11
      vertex 211.793 55.1642 11
    endloop
  endfacet
  facet normal 0 0 -1
    outer loop
      vertex 212.205 53.4786 11
      vertex 211.611 54.8477 11
      vertex 211.712 55 11
    endloop
  endfacet
  facet normal 0 0 -1
    outer loop
      vertex 211.2 54.4876 11
      vertex 211.9 53.2751 11
      vertex 211.572 53.1131 11
    endloop
  endfacet
  facet normal 0 0 -1
    outer loop
      vertex 212.205 53.4786 11
      vertex 211.49 54.71 11
      vertex 211.611 54.8477 11
    endloop
  endfacet
  facet normal 0 0 -1
    outer loop
      vertex 212.205 53.4786 11
      vertex 211.352 54.5893 11
      vertex 211.49 54.71 11
    endloop
  endfacet
  facet normal 0 0 -1
    outer loop
      vertex 211.036 54.4066 11
      vertex 211.572 53.1131 11
      vertex 211.225 52.9954 11
    endloop
  endfacet
  facet normal 0 0 -1
    outer loop
      vertex 211.9 53.2751 11
      vertex 211.2 54.4876 11
      vertex 211.352 54.5893 11
    endloop
  endfacet
  facet normal 0 0 -1
    outer loop
      vertex 211.572 53.1131 11
      vertex 211.036 54.4066 11
      vertex 211.2 54.4876 11
    endloop
  endfacet
  facet normal 0 0 -1
    outer loop
      vertex 210.862 54.3477 11
      vertex 211.225 52.9954 11
      vertex 210.865 52.924 11
    endloop
  endfacet
  facet normal 0 0 -1
    outer loop
      vertex 211.225 52.9954 11
      vertex 210.862 54.3477 11
      vertex 211.036 54.4066 11
    endloop
  endfacet
  facet normal 0 0 -1
    outer loop
      vertex 210.865 52.924 11
      vertex 210.683 54.312 11
      vertex 210.862 54.3477 11
    endloop
  endfacet
  facet normal 0 0 -1
    outer loop
      vertex 210.5 52.9 11
      vertex 210.683 54.312 11
      vertex 210.865 52.924 11
    endloop
  endfacet
  facet normal 0 0 -1
    outer loop
      vertex 210.5 52.9 11
      vertex 210.5 54.3 11
      vertex 210.683 54.312 11
    endloop
  endfacet
  facet normal 0 0 -1
    outer loop
      vertex 210.5 52.9 11
      vertex 210.317 54.312 11
      vertex 210.5 54.3 11
    endloop
  endfacet
  facet normal 0 0 -1
    outer loop
      vertex 210.135 52.924 11
      vertex 210.317 54.312 11
      vertex 210.5 52.9 11
    endloop
  endfacet
  facet normal -0 0 -1
    outer loop
      vertex 210.317 54.312 11
      vertex 210.135 52.924 11
      vertex 210.138 54.3477 11
    endloop
  endfacet
  facet normal 0 0 -1
    outer loop
      vertex 209.775 52.9954 11
      vertex 210.138 54.3477 11
      vertex 210.135 52.924 11
    endloop
  endfacet
  facet normal -0 0 -1
    outer loop
      vertex 210.138 54.3477 11
      vertex 209.775 52.9954 11
      vertex 209.964 54.4066 11
    endloop
  endfacet
  facet normal 0 0 -1
    outer loop
      vertex 209.428 53.1131 11
      vertex 209.964 54.4066 11
      vertex 209.775 52.9954 11
    endloop
  endfacet
  facet normal -0 0 -1
    outer loop
      vertex 209.964 54.4066 11
      vertex 209.428 53.1131 11
      vertex 209.8 54.4876 11
    endloop
  endfacet
  facet normal 0 0 -1
    outer loop
      vertex 209.1 53.2751 11
      vertex 209.8 54.4876 11
      vertex 209.428 53.1131 11
    endloop
  endfacet
  facet normal -0 0 -1
    outer loop
      vertex 209.8 54.4876 11
      vertex 209.1 53.2751 11
      vertex 209.648 54.5893 11
    endloop
  endfacet
  facet normal 0 0 -1
    outer loop
      vertex 208.795 53.4786 11
      vertex 209.648 54.5893 11
      vertex 209.1 53.2751 11
    endloop
  endfacet
  facet normal -0 0 -1
    outer loop
      vertex 209.648 54.5893 11
      vertex 208.795 53.4786 11
      vertex 209.51 54.71 11
    endloop
  endfacet
  facet normal 0 0 -1
    outer loop
      vertex 208.52 53.7201 11
      vertex 209.51 54.71 11
      vertex 208.795 53.4786 11
    endloop
  endfacet
  facet normal -0 0 -1
    outer loop
      vertex 209.51 54.71 11
      vertex 208.52 53.7201 11
      vertex 209.389 54.8477 11
    endloop
  endfacet
  facet normal 0 0 -1
    outer loop
      vertex 208.279 53.9955 11
      vertex 209.389 54.8477 11
      vertex 208.52 53.7201 11
    endloop
  endfacet
  facet normal -0 0 -1
    outer loop
      vertex 209.389 54.8477 11
      vertex 208.279 53.9955 11
      vertex 209.288 55 11
    endloop
  endfacet
  facet normal 0 0 -1
    outer loop
      vertex 208.075 54.3 11
      vertex 209.288 55 11
      vertex 208.279 53.9955 11
    endloop
  endfacet
  facet normal -0 0 -1
    outer loop
      vertex 209.288 55 11
      vertex 208.075 54.3 11
      vertex 209.207 55.1642 11
    endloop
  endfacet
  facet normal 0 0 -1
    outer loop
      vertex 207.913 54.6285 11
      vertex 209.207 55.1642 11
      vertex 208.075 54.3 11
    endloop
  endfacet
  facet normal 0 0 -1
    outer loop
      vertex 209.1 55.7 11
      vertex 208.795 57.9214 11
      vertex 209.1 58.1249 11
    endloop
  endfacet
  facet normal -0 0 -1
    outer loop
      vertex 209.207 55.1642 11
      vertex 207.913 54.6285 11
      vertex 209.148 55.3377 11
    endloop
  endfacet
  facet normal 0 0 -1
    outer loop
      vertex 209.1 55.7 11
      vertex 208.52 57.6799 11
      vertex 208.795 57.9214 11
    endloop
  endfacet
  facet normal 0 0 -1
    outer loop
      vertex 207.795 54.9753 11
      vertex 209.148 55.3377 11
      vertex 207.913 54.6285 11
    endloop
  endfacet
  facet normal 0 0 -1
    outer loop
      vertex 209.1 55.7 11
      vertex 208.279 57.4045 11
      vertex 208.52 57.6799 11
    endloop
  endfacet
  facet normal -0 0 -1
    outer loop
      vertex 209.148 55.3377 11
      vertex 207.795 54.9753 11
      vertex 209.112 55.5173 11
    endloop
  endfacet
  facet normal 0 0 -1
    outer loop
      vertex 209.1 55.7 11
      vertex 208.075 57.1 11
      vertex 208.279 57.4045 11
    endloop
  endfacet
  facet normal 0 0 -1
    outer loop
      vertex 207.724 55.3345 11
      vertex 209.112 55.5173 11
      vertex 207.795 54.9753 11
    endloop
  endfacet
  facet normal 0 0 -1
    outer loop
      vertex 209.1 55.7 11
      vertex 207.913 56.7715 11
      vertex 208.075 57.1 11
    endloop
  endfacet
  facet normal -0 0 -1
    outer loop
      vertex 209.112 55.5173 11
      vertex 207.724 55.3345 11
      vertex 209.1 55.7 11
    endloop
  endfacet
  facet normal 0 0 -1
    outer loop
      vertex 209.1 55.7 11
      vertex 207.795 56.4247 11
      vertex 207.913 56.7715 11
    endloop
  endfacet
  facet normal 0 0 -1
    outer loop
      vertex 207.7 55.7 11
      vertex 209.1 55.7 11
      vertex 207.724 55.3345 11
    endloop
  endfacet
  facet normal 0 0 -1
    outer loop
      vertex 209.1 55.7 11
      vertex 207.724 56.0655 11
      vertex 207.795 56.4247 11
    endloop
  endfacet
  facet normal 0 0 -1
    outer loop
      vertex 209.1 55.7 11
      vertex 207.7 55.7 11
      vertex 207.724 56.0655 11
    endloop
  endfacet
  facet normal 0 0 -1
    outer loop
      vertex 211.9 55.7 11
      vertex 213.3 55.7 11
      vertex 213.276 55.3345 11
    endloop
  endfacet
  facet normal 0 0 -1
    outer loop
      vertex 211.888 55.5173 11
      vertex 213.276 55.3345 11
      vertex 213.205 54.9753 11
    endloop
  endfacet
  facet normal 0 0 -1
    outer loop
      vertex 213.3 55.7 11
      vertex 211.9 55.7 11
      vertex 213.276 56.0655 11
    endloop
  endfacet
  facet normal 0 0 -1
    outer loop
      vertex 211.888 55.5173 11
      vertex 213.205 54.9753 11
      vertex 213.087 54.6285 11
    endloop
  endfacet
  facet normal 0 0 -1
    outer loop
      vertex 211.888 55.8827 11
      vertex 213.276 56.0655 11
      vertex 211.9 55.7 11
    endloop
  endfacet
  facet normal 0 0 -1
    outer loop
      vertex 211.888 55.5173 11
      vertex 213.087 54.6285 11
      vertex 212.925 54.3 11
    endloop
  endfacet
  facet normal -0 0 -1
    outer loop
      vertex 213.276 56.0655 11
      vertex 211.888 55.8827 11
      vertex 213.205 56.4247 11
    endloop
  endfacet
  facet normal 0 0 -1
    outer loop
      vertex 211.888 55.5173 11
      vertex 212.925 54.3 11
      vertex 212.721 53.9955 11
    endloop
  endfacet
  facet normal 0 0 -1
    outer loop
      vertex 211.852 56.0623 11
      vertex 213.205 56.4247 11
      vertex 211.888 55.8827 11
    endloop
  endfacet
  facet normal 0 0 -1
    outer loop
      vertex 211.888 55.5173 11
      vertex 212.721 53.9955 11
      vertex 212.48 53.7201 11
    endloop
  endfacet
  facet normal -0 0 -1
    outer loop
      vertex 213.205 56.4247 11
      vertex 211.852 56.0623 11
      vertex 213.087 56.7715 11
    endloop
  endfacet
  facet normal 0 0 -1
    outer loop
      vertex 211.888 55.5173 11
      vertex 212.48 53.7201 11
      vertex 212.205 53.4786 11
    endloop
  endfacet
  facet normal 0 0 -1
    outer loop
      vertex 211.793 56.2358 11
      vertex 213.087 56.7715 11
      vertex 211.852 56.0623 11
    endloop
  endfacet
  facet normal 0 0 -1
    outer loop
      vertex 211.352 54.5893 11
      vertex 212.205 53.4786 11
      vertex 211.9 53.2751 11
    endloop
  endfacet
  facet normal -0 0 -1
    outer loop
      vertex 213.087 56.7715 11
      vertex 211.793 56.2358 11
      vertex 212.925 57.1 11
    endloop
  endfacet
  facet normal 0 0 -1
    outer loop
      vertex 211.712 56.4 11
      vertex 212.925 57.1 11
      vertex 211.793 56.2358 11
    endloop
  endfacet
  facet normal -0 0 -1
    outer loop
      vertex 212.925 57.1 11
      vertex 211.712 56.4 11
      vertex 212.721 57.4045 11
    endloop
  endfacet
  facet normal 0 0 -1
    outer loop
      vertex 211.611 56.5523 11
      vertex 212.721 57.4045 11
      vertex 211.712 56.4 11
    endloop
  endfacet
  facet normal -0 0 -1
    outer loop
      vertex 212.721 57.4045 11
      vertex 211.611 56.5523 11
      vertex 212.48 57.6799 11
    endloop
  endfacet
  facet normal 0 0 -1
    outer loop
      vertex 211.49 56.6899 11
      vertex 212.48 57.6799 11
      vertex 211.611 56.5523 11
    endloop
  endfacet
  facet normal -0 0 -1
    outer loop
      vertex 212.48 57.6799 11
      vertex 211.49 56.6899 11
      vertex 212.205 57.9214 11
    endloop
  endfacet
  facet normal 0 0 -1
    outer loop
      vertex 211.352 56.8107 11
      vertex 212.205 57.9214 11
      vertex 211.49 56.6899 11
    endloop
  endfacet
  facet normal -0 0 -1
    outer loop
      vertex 212.205 57.9214 11
      vertex 211.352 56.8107 11
      vertex 211.9 58.1249 11
    endloop
  endfacet
  facet normal 0 0 -1
    outer loop
      vertex 211.2 56.9124 11
      vertex 211.9 58.1249 11
      vertex 211.352 56.8107 11
    endloop
  endfacet
  facet normal -0 0 -1
    outer loop
      vertex 211.9 58.1249 11
      vertex 211.2 56.9124 11
      vertex 211.572 58.2869 11
    endloop
  endfacet
  facet normal 0 0 -1
    outer loop
      vertex 211.036 56.9934 11
      vertex 211.572 58.2869 11
      vertex 211.2 56.9124 11
    endloop
  endfacet
  facet normal -0 0 -1
    outer loop
      vertex 211.572 58.2869 11
      vertex 211.036 56.9934 11
      vertex 211.225 58.4046 11
    endloop
  endfacet
  facet normal 0 0 -1
    outer loop
      vertex 210.862 57.0523 11
      vertex 211.225 58.4046 11
      vertex 211.036 56.9934 11
    endloop
  endfacet
  facet normal -0 0 -1
    outer loop
      vertex 211.225 58.4046 11
      vertex 210.862 57.0523 11
      vertex 210.865 58.476 11
    endloop
  endfacet
  facet normal 0 0 -1
    outer loop
      vertex 210.683 57.088 11
      vertex 210.865 58.476 11
      vertex 210.862 57.0523 11
    endloop
  endfacet
  facet normal 0 0 -1
    outer loop
      vertex 210.5 57.1 11
      vertex 210.865 58.476 11
      vertex 210.683 57.088 11
    endloop
  endfacet
  facet normal 0 0 -1
    outer loop
      vertex 210.5 57.1 11
      vertex 210.5 58.5 11
      vertex 210.865 58.476 11
    endloop
  endfacet
  facet normal 0 0 -1
    outer loop
      vertex 210.317 57.088 11
      vertex 210.5 58.5 11
      vertex 210.5 57.1 11
    endloop
  endfacet
  facet normal 0 0 -1
    outer loop
      vertex 210.135 58.476 11
      vertex 210.317 57.088 11
      vertex 210.138 57.0523 11
    endloop
  endfacet
  facet normal 0 0 -1
    outer loop
      vertex 210.317 57.088 11
      vertex 210.135 58.476 11
      vertex 210.5 58.5 11
    endloop
  endfacet
  facet normal 0 0 -1
    outer loop
      vertex 209.775 58.4046 11
      vertex 210.138 57.0523 11
      vertex 209.964 56.9934 11
    endloop
  endfacet
  facet normal 0 0 -1
    outer loop
      vertex 209.428 58.2869 11
      vertex 209.964 56.9934 11
      vertex 209.8 56.9124 11
    endloop
  endfacet
  facet normal 0 0 -1
    outer loop
      vertex 210.138 57.0523 11
      vertex 209.775 58.4046 11
      vertex 210.135 58.476 11
    endloop
  endfacet
  facet normal 0 0 -1
    outer loop
      vertex 209.1 58.1249 11
      vertex 209.8 56.9124 11
      vertex 209.648 56.8107 11
    endloop
  endfacet
  facet normal 0 0 -1
    outer loop
      vertex 209.1 58.1249 11
      vertex 209.648 56.8107 11
      vertex 209.51 56.6899 11
    endloop
  endfacet
  facet normal 0 0 -1
    outer loop
      vertex 209.964 56.9934 11
      vertex 209.428 58.2869 11
      vertex 209.775 58.4046 11
    endloop
  endfacet
  facet normal 0 0 -1
    outer loop
      vertex 209.1 58.1249 11
      vertex 209.51 56.6899 11
      vertex 209.389 56.5523 11
    endloop
  endfacet
  facet normal 0 0 -1
    outer loop
      vertex 209.1 58.1249 11
      vertex 209.389 56.5523 11
      vertex 209.288 56.4 11
    endloop
  endfacet
  facet normal 0 0 -1
    outer loop
      vertex 209.1 58.1249 11
      vertex 209.288 56.4 11
      vertex 209.207 56.2358 11
    endloop
  endfacet
  facet normal 0 0 -1
    outer loop
      vertex 209.1 58.1249 11
      vertex 209.207 56.2358 11
      vertex 209.148 56.0623 11
    endloop
  endfacet
  facet normal 0 0 -1
    outer loop
      vertex 209.1 58.1249 11
      vertex 209.148 56.0623 11
      vertex 209.112 55.8827 11
    endloop
  endfacet
  facet normal 0 0 -1
    outer loop
      vertex 209.8 56.9124 11
      vertex 209.1 58.1249 11
      vertex 209.428 58.2869 11
    endloop
  endfacet
  facet normal 0 0 -1
    outer loop
      vertex 209.1 58.1249 11
      vertex 209.112 55.8827 11
      vertex 209.1 55.7 11
    endloop
  endfacet
  facet normal 0.981019 -0.19391 0
    outer loop
      vertex 207.724 56.0655 11
      vertex 207.795 56.4247 0
      vertex 207.795 56.4247 11
    endloop
  endfacet
  facet normal 0.981019 -0.19391 0
    outer loop
      vertex 207.795 56.4247 0
      vertex 207.724 56.0655 11
      vertex 207.724 56.0655 0
    endloop
  endfacet
  facet normal 0.659858 -0.751391 0
    outer loop
      vertex 208.52 57.6799 0
      vertex 208.795 57.9214 11
      vertex 208.52 57.6799 11
    endloop
  endfacet
  facet normal 0.659858 -0.751391 0
    outer loop
      vertex 208.795 57.9214 11
      vertex 208.52 57.6799 0
      vertex 208.795 57.9214 0
    endloop
  endfacet
  facet normal -0.981019 0.19391 0
    outer loop
      vertex 213.205 54.9753 0
      vertex 213.276 55.3345 11
      vertex 213.276 55.3345 0
    endloop
  endfacet
  facet normal -0.981019 0.19391 0
    outer loop
      vertex 213.276 55.3345 11
      vertex 213.205 54.9753 0
      vertex 213.205 54.9753 11
    endloop
  endfacet
  facet normal 0.194544 0.980894 -0
    outer loop
      vertex 210.135 52.924 0
      vertex 209.775 52.9954 11
      vertex 210.135 52.924 11
    endloop
  endfacet
  facet normal 0.194544 0.980894 0
    outer loop
      vertex 209.775 52.9954 11
      vertex 210.135 52.924 0
      vertex 209.775 52.9954 0
    endloop
  endfacet
  facet normal 0.555015 0.83184 -0
    outer loop
      vertex 209.1 53.2751 0
      vertex 208.795 53.4786 11
      vertex 209.1 53.2751 11
    endloop
  endfacet
  facet normal 0.555015 0.83184 0
    outer loop
      vertex 208.795 53.4786 11
      vertex 209.1 53.2751 0
      vertex 208.795 53.4786 0
    endloop
  endfacet
  facet normal 0.896871 0.442292 0
    outer loop
      vertex 208.075 54.3 11
      vertex 207.913 54.6285 0
      vertex 207.913 54.6285 11
    endloop
  endfacet
  facet normal 0.896871 0.442292 0
    outer loop
      vertex 207.913 54.6285 0
      vertex 208.075 54.3 11
      vertex 208.075 54.3 0
    endloop
  endfacet
  facet normal -0.659858 0.751391 0
    outer loop
      vertex 212.48 53.7201 0
      vertex 212.205 53.4786 11
      vertex 212.48 53.7201 11
    endloop
  endfacet
  facet normal -0.659858 0.751391 0
    outer loop
      vertex 212.205 53.4786 11
      vertex 212.48 53.7201 0
      vertex 212.205 53.4786 0
    endloop
  endfacet
  facet normal -0.321218 0.947005 0
    outer loop
      vertex 211.572 53.1131 0
      vertex 211.225 52.9954 11
      vertex 211.572 53.1131 11
    endloop
  endfacet
  facet normal -0.321218 0.947005 0
    outer loop
      vertex 211.225 52.9954 11
      vertex 211.572 53.1131 0
      vertex 211.225 52.9954 0
    endloop
  endfacet
  facet normal -0.194544 0.980894 0
    outer loop
      vertex 211.225 52.9954 0
      vertex 210.865 52.924 11
      vertex 211.225 52.9954 11
    endloop
  endfacet
  facet normal -0.194544 0.980894 0
    outer loop
      vertex 210.865 52.924 11
      vertex 211.225 52.9954 0
      vertex 210.865 52.924 0
    endloop
  endfacet
  facet normal -0.896871 0.442292 0
    outer loop
      vertex 212.925 54.3 0
      vertex 213.087 54.6285 11
      vertex 213.087 54.6285 0
    endloop
  endfacet
  facet normal -0.896871 0.442292 0
    outer loop
      vertex 213.087 54.6285 11
      vertex 212.925 54.3 0
      vertex 212.925 54.3 11
    endloop
  endfacet
  facet normal -0.830789 0.556588 0
    outer loop
      vertex 212.721 53.9955 0
      vertex 212.925 54.3 11
      vertex 212.925 54.3 0
    endloop
  endfacet
  facet normal -0.830789 0.556588 0
    outer loop
      vertex 212.925 54.3 11
      vertex 212.721 53.9955 0
      vertex 212.721 53.9955 11
    endloop
  endfacet
  facet normal 0.0656117 0.997845 -0
    outer loop
      vertex 210.5 52.9 0
      vertex 210.135 52.924 11
      vertex 210.5 52.9 11
    endloop
  endfacet
  facet normal 0.0656117 0.997845 0
    outer loop
      vertex 210.135 52.924 11
      vertex 210.5 52.9 0
      vertex 210.135 52.924 0
    endloop
  endfacet
  facet normal 0.442835 0.896603 -0
    outer loop
      vertex 209.428 53.1131 0
      vertex 209.1 53.2751 11
      vertex 209.428 53.1131 11
    endloop
  endfacet
  facet normal 0.442835 0.896603 0
    outer loop
      vertex 209.1 53.2751 11
      vertex 209.428 53.1131 0
      vertex 209.1 53.2751 0
    endloop
  endfacet
  facet normal 0.659858 0.751391 -0
    outer loop
      vertex 208.795 53.4786 0
      vertex 208.52 53.7201 11
      vertex 208.795 53.4786 11
    endloop
  endfacet
  facet normal 0.659858 0.751391 0
    outer loop
      vertex 208.52 53.7201 11
      vertex 208.795 53.4786 0
      vertex 208.52 53.7201 0
    endloop
  endfacet
  facet normal 0.752543 0.658543 0
    outer loop
      vertex 208.52 53.7201 11
      vertex 208.279 53.9955 0
      vertex 208.279 53.9955 11
    endloop
  endfacet
  facet normal 0.752543 0.658543 0
    outer loop
      vertex 208.279 53.9955 0
      vertex 208.52 53.7201 11
      vertex 208.52 53.7201 0
    endloop
  endfacet
  facet normal 0.9467 0.322118 0
    outer loop
      vertex 207.913 54.6285 11
      vertex 207.795 54.9753 0
      vertex 207.795 54.9753 11
    endloop
  endfacet
  facet normal 0.9467 0.322118 0
    outer loop
      vertex 207.795 54.9753 0
      vertex 207.913 54.6285 11
      vertex 207.913 54.6285 0
    endloop
  endfacet
  facet normal 0.981019 0.19391 0
    outer loop
      vertex 207.795 54.9753 11
      vertex 207.724 55.3345 0
      vertex 207.724 55.3345 11
    endloop
  endfacet
  facet normal 0.981019 0.19391 0
    outer loop
      vertex 207.724 55.3345 0
      vertex 207.795 54.9753 11
      vertex 207.795 54.9753 0
    endloop
  endfacet
  facet normal 0.321218 0.947005 -0
    outer loop
      vertex 209.775 52.9954 0
      vertex 209.428 53.1131 11
      vertex 209.775 52.9954 11
    endloop
  endfacet
  facet normal 0.321218 0.947005 0
    outer loop
      vertex 209.428 53.1131 11
      vertex 209.775 52.9954 0
      vertex 209.428 53.1131 0
    endloop
  endfacet
  facet normal -0.99785 -0.0655402 0
    outer loop
      vertex 211.9 55.7 11
      vertex 211.888 55.8827 13
      vertex 211.888 55.8827 11
    endloop
  endfacet
  facet normal -0.99785 -0.0655402 0
    outer loop
      vertex 211.888 55.8827 13
      vertex 211.9 55.7 11
      vertex 211.9 55.7 13
    endloop
  endfacet
  facet normal 0.0654332 -0.997857 0
    outer loop
      vertex 210.317 57.088 11
      vertex 210.5 57.1 13
      vertex 210.317 57.088 13
    endloop
  endfacet
  facet normal 0.0654332 -0.997857 0
    outer loop
      vertex 210.5 57.1 13
      vertex 210.317 57.088 11
      vertex 210.5 57.1 11
    endloop
  endfacet
  facet normal -0.658659 -0.752442 0
    outer loop
      vertex 211.352 56.8107 11
      vertex 211.49 56.6899 13
      vertex 211.352 56.8107 13
    endloop
  endfacet
  facet normal -0.658659 -0.752442 -0
    outer loop
      vertex 211.49 56.6899 13
      vertex 211.352 56.8107 11
      vertex 211.49 56.6899 11
    endloop
  endfacet
  facet normal 0.750952 -0.660357 0
    outer loop
      vertex 209.389 56.5523 13
      vertex 209.51 56.6899 11
      vertex 209.51 56.6899 13
    endloop
  endfacet
  facet normal 0.750952 -0.660357 0
    outer loop
      vertex 209.51 56.6899 11
      vertex 209.389 56.5523 13
      vertex 209.389 56.5523 11
    endloop
  endfacet
  facet normal 0.442835 -0.896603 0
    outer loop
      vertex 209.8 56.9124 11
      vertex 209.964 56.9934 13
      vertex 209.8 56.9124 13
    endloop
  endfacet
  facet normal 0.442835 -0.896603 0
    outer loop
      vertex 209.964 56.9934 13
      vertex 209.8 56.9124 11
      vertex 209.964 56.9934 11
    endloop
  endfacet
  facet normal -0.896817 0.442401 0
    outer loop
      vertex 211.712 55 11
      vertex 211.793 55.1642 13
      vertex 211.793 55.1642 11
    endloop
  endfacet
  facet normal -0.896817 0.442401 0
    outer loop
      vertex 211.793 55.1642 13
      vertex 211.712 55 11
      vertex 211.712 55 13
    endloop
  endfacet
  facet normal -0.896817 -0.442401 0
    outer loop
      vertex 211.793 56.2358 11
      vertex 211.712 56.4 13
      vertex 211.712 56.4 11
    endloop
  endfacet
  facet normal -0.896817 -0.442401 0
    outer loop
      vertex 211.712 56.4 13
      vertex 211.793 56.2358 11
      vertex 211.793 56.2358 13
    endloop
  endfacet
  facet normal -0.320634 -0.947203 0
    outer loop
      vertex 210.862 57.0523 11
      vertex 211.036 56.9934 13
      vertex 210.862 57.0523 13
    endloop
  endfacet
  facet normal -0.320634 -0.947203 -0
    outer loop
      vertex 211.036 56.9934 13
      vertex 210.862 57.0523 11
      vertex 211.036 56.9934 11
    endloop
  endfacet
  facet normal -0.556087 -0.831124 0
    outer loop
      vertex 211.2 56.9124 11
      vertex 211.352 56.8107 13
      vertex 211.2 56.9124 13
    endloop
  endfacet
  facet normal -0.556087 -0.831124 -0
    outer loop
      vertex 211.352 56.8107 13
      vertex 211.2 56.9124 11
      vertex 211.352 56.8107 11
    endloop
  endfacet
  facet normal 0.946756 -0.321952 0
    outer loop
      vertex 209.148 56.0623 13
      vertex 209.207 56.2358 11
      vertex 209.207 56.2358 13
    endloop
  endfacet
  facet normal 0.946756 -0.321952 0
    outer loop
      vertex 209.207 56.2358 11
      vertex 209.148 56.0623 13
      vertex 209.148 56.0623 11
    endloop
  endfacet
  facet normal 0.896817 -0.442401 0
    outer loop
      vertex 209.207 56.2358 13
      vertex 209.288 56.4 11
      vertex 209.288 56.4 13
    endloop
  endfacet
  facet normal 0.896817 -0.442401 0
    outer loop
      vertex 209.288 56.4 11
      vertex 209.207 56.2358 13
      vertex 209.207 56.2358 11
    endloop
  endfacet
  facet normal 0.658659 -0.752442 0
    outer loop
      vertex 209.51 56.6899 11
      vertex 209.648 56.8107 13
      vertex 209.51 56.6899 13
    endloop
  endfacet
  facet normal 0.658659 -0.752442 0
    outer loop
      vertex 209.648 56.8107 13
      vertex 209.51 56.6899 11
      vertex 209.648 56.8107 11
    endloop
  endfacet
  facet normal 0.195589 -0.980686 0
    outer loop
      vertex 210.138 57.0523 11
      vertex 210.317 57.088 13
      vertex 210.138 57.0523 13
    endloop
  endfacet
  facet normal 0.195589 -0.980686 0
    outer loop
      vertex 210.317 57.088 13
      vertex 210.138 57.0523 11
      vertex 210.317 57.088 11
    endloop
  endfacet
  facet normal -0.320634 0.947203 0
    outer loop
      vertex 211.036 54.4066 11
      vertex 210.862 54.3477 13
      vertex 211.036 54.4066 13
    endloop
  endfacet
  facet normal -0.320634 0.947203 0
    outer loop
      vertex 210.862 54.3477 13
      vertex 211.036 54.4066 11
      vertex 210.862 54.3477 11
    endloop
  endfacet
  facet normal -0.195589 0.980686 0
    outer loop
      vertex 210.862 54.3477 11
      vertex 210.683 54.312 13
      vertex 210.862 54.3477 13
    endloop
  endfacet
  facet normal -0.195589 0.980686 0
    outer loop
      vertex 210.683 54.312 13
      vertex 210.862 54.3477 11
      vertex 210.683 54.312 11
    endloop
  endfacet
  facet normal 0.556087 0.831124 -0
    outer loop
      vertex 209.8 54.4876 11
      vertex 209.648 54.5893 13
      vertex 209.8 54.4876 13
    endloop
  endfacet
  facet normal 0.556087 0.831124 0
    outer loop
      vertex 209.648 54.5893 13
      vertex 209.8 54.4876 11
      vertex 209.648 54.5893 11
    endloop
  endfacet
  facet normal 0.195589 0.980686 -0
    outer loop
      vertex 210.317 54.312 11
      vertex 210.138 54.3477 13
      vertex 210.317 54.312 13
    endloop
  endfacet
  facet normal 0.195589 0.980686 0
    outer loop
      vertex 210.138 54.3477 13
      vertex 210.317 54.312 11
      vertex 210.138 54.3477 11
    endloop
  endfacet
  facet normal 0.65835 0.752712 -0
    outer loop
      vertex 209.648 54.5893 11
      vertex 209.51 54.71 13
      vertex 209.648 54.5893 13
    endloop
  endfacet
  facet normal 0.65835 0.752712 0
    outer loop
      vertex 209.51 54.71 13
      vertex 209.648 54.5893 11
      vertex 209.51 54.71 11
    endloop
  endfacet
  facet normal -0.946756 -0.321952 0
    outer loop
      vertex 211.852 56.0623 11
      vertex 211.793 56.2358 13
      vertex 211.793 56.2358 11
    endloop
  endfacet
  facet normal -0.946756 -0.321952 0
    outer loop
      vertex 211.793 56.2358 13
      vertex 211.852 56.0623 11
      vertex 211.852 56.0623 13
    endloop
  endfacet
  facet normal -0.980497 -0.196536 0
    outer loop
      vertex 211.888 55.8827 11
      vertex 211.852 56.0623 13
      vertex 211.852 56.0623 11
    endloop
  endfacet
  facet normal -0.980497 -0.196536 0
    outer loop
      vertex 211.852 56.0623 13
      vertex 211.888 55.8827 11
      vertex 211.888 55.8827 13
    endloop
  endfacet
  facet normal -0.750952 -0.660357 0
    outer loop
      vertex 211.611 56.5523 11
      vertex 211.49 56.6899 13
      vertex 211.49 56.6899 11
    endloop
  endfacet
  facet normal -0.750952 -0.660357 0
    outer loop
      vertex 211.49 56.6899 13
      vertex 211.611 56.5523 11
      vertex 211.611 56.5523 13
    endloop
  endfacet
  facet normal -0.833395 -0.552678 0
    outer loop
      vertex 211.712 56.4 11
      vertex 211.611 56.5523 13
      vertex 211.611 56.5523 11
    endloop
  endfacet
  facet normal -0.833395 -0.552678 0
    outer loop
      vertex 211.611 56.5523 13
      vertex 211.712 56.4 11
      vertex 211.712 56.4 13
    endloop
  endfacet
  facet normal -0.0654332 -0.997857 0
    outer loop
      vertex 210.5 57.1 11
      vertex 210.683 57.088 13
      vertex 210.5 57.1 13
    endloop
  endfacet
  facet normal -0.0654332 -0.997857 -0
    outer loop
      vertex 210.683 57.088 13
      vertex 210.5 57.1 11
      vertex 210.683 57.088 11
    endloop
  endfacet
  facet normal 0.99785 -0.0655402 0
    outer loop
      vertex 209.1 55.7 13
      vertex 209.112 55.8827 11
      vertex 209.112 55.8827 13
    endloop
  endfacet
  facet normal 0.99785 -0.0655402 0
    outer loop
      vertex 209.112 55.8827 11
      vertex 209.1 55.7 13
      vertex 209.1 55.7 11
    endloop
  endfacet
  facet normal 0.99785 0.0655402 0
    outer loop
      vertex 209.112 55.5173 13
      vertex 209.1 55.7 11
      vertex 209.1 55.7 13
    endloop
  endfacet
  facet normal 0.99785 0.0655402 0
    outer loop
      vertex 209.1 55.7 11
      vertex 209.112 55.5173 13
      vertex 209.112 55.5173 11
    endloop
  endfacet
  facet normal -0.99785 0.0655402 0
    outer loop
      vertex 211.888 55.5173 11
      vertex 211.9 55.7 13
      vertex 211.9 55.7 11
    endloop
  endfacet
  facet normal -0.99785 0.0655402 0
    outer loop
      vertex 211.9 55.7 13
      vertex 211.888 55.5173 11
      vertex 211.888 55.5173 13
    endloop
  endfacet
  facet normal -0.980497 0.196536 0
    outer loop
      vertex 211.852 55.3377 11
      vertex 211.888 55.5173 13
      vertex 211.888 55.5173 11
    endloop
  endfacet
  facet normal -0.980497 0.196536 0
    outer loop
      vertex 211.888 55.5173 13
      vertex 211.852 55.3377 11
      vertex 211.852 55.3377 13
    endloop
  endfacet
  facet normal -0.556087 0.831124 0
    outer loop
      vertex 211.352 54.5893 11
      vertex 211.2 54.4876 13
      vertex 211.352 54.5893 13
    endloop
  endfacet
  facet normal -0.556087 0.831124 0
    outer loop
      vertex 211.2 54.4876 13
      vertex 211.352 54.5893 11
      vertex 211.2 54.4876 11
    endloop
  endfacet
  facet normal -0.751189 0.660087 0
    outer loop
      vertex 211.49 54.71 11
      vertex 211.611 54.8477 13
      vertex 211.611 54.8477 11
    endloop
  endfacet
  facet normal -0.751189 0.660087 0
    outer loop
      vertex 211.611 54.8477 13
      vertex 211.49 54.71 11
      vertex 211.49 54.71 13
    endloop
  endfacet
  facet normal -0.65835 0.752712 0
    outer loop
      vertex 211.49 54.71 11
      vertex 211.352 54.5893 13
      vertex 211.49 54.71 13
    endloop
  endfacet
  facet normal -0.65835 0.752712 0
    outer loop
      vertex 211.352 54.5893 13
      vertex 211.49 54.71 11
      vertex 211.352 54.5893 11
    endloop
  endfacet
  facet normal -0.833395 0.552678 0
    outer loop
      vertex 211.611 54.8477 11
      vertex 211.712 55 13
      vertex 211.712 55 11
    endloop
  endfacet
  facet normal -0.833395 0.552678 0
    outer loop
      vertex 211.712 55 13
      vertex 211.611 54.8477 11
      vertex 211.611 54.8477 13
    endloop
  endfacet
  facet normal 0.442835 0.896603 -0
    outer loop
      vertex 209.964 54.4066 11
      vertex 209.8 54.4876 13
      vertex 209.964 54.4066 13
    endloop
  endfacet
  facet normal 0.442835 0.896603 0
    outer loop
      vertex 209.8 54.4876 13
      vertex 209.964 54.4066 11
      vertex 209.8 54.4876 11
    endloop
  endfacet
  facet normal -0.0654332 0.997857 0
    outer loop
      vertex 210.683 54.312 11
      vertex 210.5 54.3 13
      vertex 210.683 54.312 13
    endloop
  endfacet
  facet normal -0.0654332 0.997857 0
    outer loop
      vertex 210.5 54.3 13
      vertex 210.683 54.312 11
      vertex 210.5 54.3 11
    endloop
  endfacet
  facet normal 0.833395 0.552678 0
    outer loop
      vertex 209.389 54.8477 13
      vertex 209.288 55 11
      vertex 209.288 55 13
    endloop
  endfacet
  facet normal 0.833395 0.552678 0
    outer loop
      vertex 209.288 55 11
      vertex 209.389 54.8477 13
      vertex 209.389 54.8477 11
    endloop
  endfacet
  facet normal 0.896817 0.442401 0
    outer loop
      vertex 209.288 55 13
      vertex 209.207 55.1642 11
      vertex 209.207 55.1642 13
    endloop
  endfacet
  facet normal 0.896817 0.442401 0
    outer loop
      vertex 209.207 55.1642 11
      vertex 209.288 55 13
      vertex 209.288 55 11
    endloop
  endfacet
  facet normal 0.980497 0.196536 0
    outer loop
      vertex 209.148 55.3377 13
      vertex 209.112 55.5173 11
      vertex 209.112 55.5173 13
    endloop
  endfacet
  facet normal 0.980497 0.196536 0
    outer loop
      vertex 209.112 55.5173 11
      vertex 209.148 55.3377 13
      vertex 209.148 55.3377 11
    endloop
  endfacet
  facet normal -0.195589 -0.980686 0
    outer loop
      vertex 210.683 57.088 11
      vertex 210.862 57.0523 13
      vertex 210.683 57.088 13
    endloop
  endfacet
  facet normal -0.195589 -0.980686 -0
    outer loop
      vertex 210.862 57.0523 13
      vertex 210.683 57.088 11
      vertex 210.862 57.0523 11
    endloop
  endfacet
  facet normal -0.442835 -0.896603 0
    outer loop
      vertex 211.036 56.9934 11
      vertex 211.2 56.9124 13
      vertex 211.036 56.9934 13
    endloop
  endfacet
  facet normal -0.442835 -0.896603 -0
    outer loop
      vertex 211.2 56.9124 13
      vertex 211.036 56.9934 11
      vertex 211.2 56.9124 11
    endloop
  endfacet
  facet normal 0.833395 -0.552678 0
    outer loop
      vertex 209.288 56.4 13
      vertex 209.389 56.5523 11
      vertex 209.389 56.5523 13
    endloop
  endfacet
  facet normal 0.833395 -0.552678 0
    outer loop
      vertex 209.389 56.5523 11
      vertex 209.288 56.4 13
      vertex 209.288 56.4 11
    endloop
  endfacet
  facet normal 0.980497 -0.196536 0
    outer loop
      vertex 209.112 55.8827 13
      vertex 209.148 56.0623 11
      vertex 209.148 56.0623 13
    endloop
  endfacet
  facet normal 0.980497 -0.196536 0
    outer loop
      vertex 209.148 56.0623 11
      vertex 209.112 55.8827 13
      vertex 209.112 55.8827 11
    endloop
  endfacet
  facet normal 0.556087 -0.831124 0
    outer loop
      vertex 209.648 56.8107 11
      vertex 209.8 56.9124 13
      vertex 209.648 56.8107 13
    endloop
  endfacet
  facet normal 0.556087 -0.831124 0
    outer loop
      vertex 209.8 56.9124 13
      vertex 209.648 56.8107 11
      vertex 209.8 56.9124 11
    endloop
  endfacet
  facet normal 0.320634 -0.947203 0
    outer loop
      vertex 209.964 56.9934 11
      vertex 210.138 57.0523 13
      vertex 209.964 56.9934 13
    endloop
  endfacet
  facet normal 0.320634 -0.947203 0
    outer loop
      vertex 210.138 57.0523 13
      vertex 209.964 56.9934 11
      vertex 210.138 57.0523 11
    endloop
  endfacet
  facet normal -0.946756 0.321952 0
    outer loop
      vertex 211.793 55.1642 11
      vertex 211.852 55.3377 13
      vertex 211.852 55.3377 11
    endloop
  endfacet
  facet normal -0.946756 0.321952 0
    outer loop
      vertex 211.852 55.3377 13
      vertex 211.793 55.1642 11
      vertex 211.793 55.1642 13
    endloop
  endfacet
  facet normal -0.442835 0.896603 0
    outer loop
      vertex 211.2 54.4876 11
      vertex 211.036 54.4066 13
      vertex 211.2 54.4876 13
    endloop
  endfacet
  facet normal -0.442835 0.896603 0
    outer loop
      vertex 211.036 54.4066 13
      vertex 211.2 54.4876 11
      vertex 211.036 54.4066 11
    endloop
  endfacet
  facet normal 0.320634 0.947203 -0
    outer loop
      vertex 210.138 54.3477 11
      vertex 209.964 54.4066 13
      vertex 210.138 54.3477 13
    endloop
  endfacet
  facet normal 0.320634 0.947203 0
    outer loop
      vertex 209.964 54.4066 13
      vertex 210.138 54.3477 11
      vertex 209.964 54.4066 11
    endloop
  endfacet
  facet normal 0.0654332 0.997857 -0
    outer loop
      vertex 210.5 54.3 11
      vertex 210.317 54.312 13
      vertex 210.5 54.3 13
    endloop
  endfacet
  facet normal 0.0654332 0.997857 0
    outer loop
      vertex 210.317 54.312 13
      vertex 210.5 54.3 11
      vertex 210.317 54.312 11
    endloop
  endfacet
  facet normal 0.751189 0.660087 0
    outer loop
      vertex 209.51 54.71 13
      vertex 209.389 54.8477 11
      vertex 209.389 54.8477 13
    endloop
  endfacet
  facet normal 0.751189 0.660087 0
    outer loop
      vertex 209.389 54.8477 11
      vertex 209.51 54.71 13
      vertex 209.51 54.71 11
    endloop
  endfacet
  facet normal 0.946756 0.321952 0
    outer loop
      vertex 209.207 55.1642 13
      vertex 209.148 55.3377 11
      vertex 209.148 55.3377 13
    endloop
  endfacet
  facet normal 0.946756 0.321952 0
    outer loop
      vertex 209.148 55.3377 11
      vertex 209.207 55.1642 13
      vertex 209.207 55.1642 11
    endloop
  endfacet
  facet normal 1 -0 0
    outer loop
      vertex 131.4 142 29.6
      vertex 131.4 142.2 7.4
      vertex 131.4 142.2 29.6
    endloop
  endfacet
  facet normal 1 0 0
    outer loop
      vertex 131.4 142.2 7.4
      vertex 131.4 142 29.6
      vertex 131.4 142 7.4
    endloop
  endfacet
  facet normal 0 0 -1
    outer loop
      vertex 131.4 142 29.6
      vertex 205.6 142.2 29.6
      vertex 205.6 142 29.6
    endloop
  endfacet
  facet normal -0 0 -1
    outer loop
      vertex 205.6 142.2 29.6
      vertex 131.4 142 29.6
      vertex 131.4 142.2 29.6
    endloop
  endfacet
  facet normal -1 0 0
    outer loop
      vertex 205.6 142 7.4
      vertex 205.6 142.2 14.0275
      vertex 205.6 142.2 7.4
    endloop
  endfacet
  facet normal -1 -0 0
    outer loop
      vertex 205.6 142.2 14.0275
      vertex 205.6 142 7.4
      vertex 205.6 142 14.0275
    endloop
  endfacet
  facet normal -1 0 0
    outer loop
      vertex 205.6 142 18.9725
      vertex 205.6 142.2 29.6
      vertex 205.6 142.2 18.9725
    endloop
  endfacet
  facet normal -1 -0 0
    outer loop
      vertex 205.6 142.2 29.6
      vertex 205.6 142 18.9725
      vertex 205.6 142 29.6
    endloop
  endfacet
  facet normal 0 -1 0
    outer loop
      vertex 202 142.2 27
      vertex 131.4 142.2 29.6
      vertex 132 142.2 27
    endloop
  endfacet
  facet normal 0 -1 0
    outer loop
      vertex 131.4 142.2 7.4
      vertex 132 142.2 27
      vertex 131.4 142.2 29.6
    endloop
  endfacet
  facet normal 0 -1 -0
    outer loop
      vertex 132 142.2 27
      vertex 131.4 142.2 7.4
      vertex 132 142.2 7.4
    endloop
  endfacet
  facet normal 0 -1 0
    outer loop
      vertex 131.4 142.2 29.6
      vertex 202 142.2 27
      vertex 205.6 142.2 29.6
    endloop
  endfacet
  facet normal 0 -1 0
    outer loop
      vertex 202 142.2 27
      vertex 205.6 142.2 18.9725
      vertex 205.6 142.2 29.6
    endloop
  endfacet
  facet normal 0 -1 0
    outer loop
      vertex 202 142.2 27
      vertex 205.419 142.2 18.6048
      vertex 205.6 142.2 18.9725
    endloop
  endfacet
  facet normal 0 -1 0
    outer loop
      vertex 202 142.2 27
      vertex 205.187 142.2 17.9235
      vertex 205.419 142.2 18.6048
    endloop
  endfacet
  facet normal 0 -1 0
    outer loop
      vertex 202 142.2 27
      vertex 205.047 142.2 17.2179
      vertex 205.187 142.2 17.9235
    endloop
  endfacet
  facet normal 0 -1 0
    outer loop
      vertex 202 142.2 27
      vertex 205 142.2 16.5
      vertex 205.047 142.2 17.2179
    endloop
  endfacet
  facet normal 0 -1 0
    outer loop
      vertex 202 142.2 7.4
      vertex 205 142.2 16.5
      vertex 202 142.2 27
    endloop
  endfacet
  facet normal 0 -1 -0
    outer loop
      vertex 205 142.2 16.5
      vertex 202 142.2 7.4
      vertex 205.047 142.2 15.7821
    endloop
  endfacet
  facet normal 0 -1 -0
    outer loop
      vertex 205.047 142.2 15.7821
      vertex 202 142.2 7.4
      vertex 205.187 142.2 15.0765
    endloop
  endfacet
  facet normal 0 -1 0
    outer loop
      vertex 202 142.2 7.4
      vertex 205.419 142.2 14.3952
      vertex 205.187 142.2 15.0765
    endloop
  endfacet
  facet normal 0 -1 0
    outer loop
      vertex 202 142.2 7.4
      vertex 205.6 142.2 14.0275
      vertex 205.419 142.2 14.3952
    endloop
  endfacet
  facet normal 0 -1 -0
    outer loop
      vertex 205.6 142.2 14.0275
      vertex 202 142.2 7.4
      vertex 205.6 142.2 7.4
    endloop
  endfacet
  facet normal -0 0 1
    outer loop
      vertex 202 142.2 7.4
      vertex 205.6 142 7.4
      vertex 205.6 142.2 7.4
    endloop
  endfacet
  facet normal 0 0 1
    outer loop
      vertex 205.6 142 7.4
      vertex 202 142.2 7.4
      vertex 202 142 7.4
    endloop
  endfacet
  facet normal -0 0 1
    outer loop
      vertex 131.4 142.2 7.4
      vertex 132 142 7.4
      vertex 132 142.2 7.4
    endloop
  endfacet
  facet normal 0 0 1
    outer loop
      vertex 132 142 7.4
      vertex 131.4 142.2 7.4
      vertex 131.4 142 7.4
    endloop
  endfacet
  facet normal 0 0 1
    outer loop
      vertex 202 130 7.4
      vertex 204 135 7.4
      vertex 202 135 7.4
    endloop
  endfacet
  facet normal 0 0 1
    outer loop
      vertex 204 135 7.4
      vertex 202 130 7.4
      vertex 204 127 7.4
    endloop
  endfacet
  facet normal 0 0 1
    outer loop
      vertex 196 127 7.4
      vertex 202 130 7.4
      vertex 196 130 7.4
    endloop
  endfacet
  facet normal 0 0 1
    outer loop
      vertex 202 130 7.4
      vertex 196 127 7.4
      vertex 204 127 7.4
    endloop
  endfacet
  facet normal -0.997864 0 0.0653289
    outer loop
      vertex 215.953 142 15.7821
      vertex 216 145 16.5
      vertex 215.953 145 15.7821
    endloop
  endfacet
  facet normal -0.997864 0 0.0653289
    outer loop
      vertex 216 145 16.5
      vertex 215.953 142 15.7821
      vertex 216 142 16.5
    endloop
  endfacet
  facet normal 0.997864 0 -0.0653289
    outer loop
      vertex 205.047 142.2 17.2179
      vertex 205 145 16.5
      vertex 205.047 145 17.2179
    endloop
  endfacet
  facet normal 0.997864 0 -0.0653289
    outer loop
      vertex 205 145 16.5
      vertex 205.047 142.2 17.2179
      vertex 205 142.2 16.5
    endloop
  endfacet
  facet normal 0.0654582 0 0.997855
    outer loop
      vertex 209.782 145 11.0471
      vertex 210.5 142 11
      vertex 210.5 145 11
    endloop
  endfacet
  facet normal 0.0654582 0 0.997855
    outer loop
      vertex 210.5 142 11
      vertex 209.782 145 11.0471
      vertex 209.782 142 11.0471
    endloop
  endfacet
  facet normal -0.0654582 0 -0.997855
    outer loop
      vertex 210.5 142 22
      vertex 211.218 145 21.9529
      vertex 211.218 142 21.9529
    endloop
  endfacet
  facet normal -0.0654582 0 -0.997855
    outer loop
      vertex 211.218 145 21.9529
      vertex 210.5 142 22
      vertex 210.5 145 22
    endloop
  endfacet
  facet normal -0.659232 0 0.751939
    outer loop
      vertex 213.848 145 12.1366
      vertex 214.389 142 12.6109
      vertex 214.389 145 12.6109
    endloop
  endfacet
  facet normal -0.659232 0 0.751939
    outer loop
      vertex 214.389 142 12.6109
      vertex 213.848 145 12.1366
      vertex 213.848 142 12.1366
    endloop
  endfacet
  facet normal 0.752086 -0 0.659066
    outer loop
      vertex 206.137 142 13.1518
      vertex 206.611 145 12.6109
      vertex 206.137 145 13.1518
    endloop
  endfacet
  facet normal 0.752086 0 0.659066
    outer loop
      vertex 206.611 145 12.6109
      vertex 206.137 142 13.1518
      vertex 206.611 142 12.6109
    endloop
  endfacet
  facet normal 0.442424 0 0.896806
    outer loop
      vertex 207.75 145 11.7369
      vertex 208.395 142 11.4187
      vertex 208.395 145 11.4187
    endloop
  endfacet
  facet normal 0.442424 0 0.896806
    outer loop
      vertex 208.395 142 11.4187
      vertex 207.75 145 11.7369
      vertex 207.75 142 11.7369
    endloop
  endfacet
  facet normal -0.896971 0 0.44209
    outer loop
      vertex 215.263 142 13.75
      vertex 215.581 145 14.3952
      vertex 215.263 145 13.75
    endloop
  endfacet
  facet normal -0.896971 0 0.44209
    outer loop
      vertex 215.581 145 14.3952
      vertex 215.263 142 13.75
      vertex 215.581 142 14.3952
    endloop
  endfacet
  facet normal -0.321604 0 0.946874
    outer loop
      vertex 211.924 145 11.1874
      vertex 212.605 142 11.4187
      vertex 212.605 145 11.4187
    endloop
  endfacet
  facet normal -0.321604 0 0.946874
    outer loop
      vertex 212.605 142 11.4187
      vertex 211.924 145 11.1874
      vertex 211.924 142 11.1874
    endloop
  endfacet
  facet normal -0.194914 0 0.98082
    outer loop
      vertex 211.218 145 11.0471
      vertex 211.924 142 11.1874
      vertex 211.924 145 11.1874
    endloop
  endfacet
  facet normal -0.194914 0 0.98082
    outer loop
      vertex 211.924 142 11.1874
      vertex 211.218 145 11.0471
      vertex 211.218 142 11.0471
    endloop
  endfacet
  facet normal -0.442424 0 0.896806
    outer loop
      vertex 212.605 145 11.4187
      vertex 213.25 142 11.7369
      vertex 213.25 145 11.7369
    endloop
  endfacet
  facet normal -0.442424 0 0.896806
    outer loop
      vertex 213.25 142 11.7369
      vertex 212.605 145 11.4187
      vertex 212.605 142 11.4187
    endloop
  endfacet
  facet normal 0.946621 -0 0.322349
    outer loop
      vertex 205.187 142.2 15.0765
      vertex 205.419 145 14.3952
      vertex 205.187 145 15.0765
    endloop
  endfacet
  facet normal 0.946621 0 0.322349
    outer loop
      vertex 205.419 145 14.3952
      vertex 205.187 142.2 15.0765
      vertex 205.419 142.2 14.3952
    endloop
  endfacet
  facet normal 0.897192 0 0.441642
    outer loop
      vertex 205.6 142.2 14.0275
      vertex 205.419 145 14.3952
      vertex 205.419 142.2 14.3952
    endloop
  endfacet
  facet normal 0.896971 -7.31852e-05 0.44209
    outer loop
      vertex 205.419 145 14.3952
      vertex 205.6 142.2 14.0275
      vertex 205.737 145 13.75
    endloop
  endfacet
  facet normal 0.896678 0 0.442684
    outer loop
      vertex 205.737 142 13.75
      vertex 205.6 142.2 14.0275
      vertex 205.6 142 14.0275
    endloop
  endfacet
  facet normal 0.896678 0 0.442684
    outer loop
      vertex 205.6 142.2 14.0275
      vertex 205.737 142 13.75
      vertex 205.737 145 13.75
    endloop
  endfacet
  facet normal 0.980879 -0 0.194619
    outer loop
      vertex 205.047 142.2 15.7821
      vertex 205.187 145 15.0765
      vertex 205.047 145 15.7821
    endloop
  endfacet
  facet normal 0.980879 0 0.194619
    outer loop
      vertex 205.187 145 15.0765
      vertex 205.047 142.2 15.7821
      vertex 205.187 142.2 15.0765
    endloop
  endfacet
  facet normal 0.659232 0 0.751939
    outer loop
      vertex 206.611 145 12.6109
      vertex 207.152 142 12.1366
      vertex 207.152 145 12.1366
    endloop
  endfacet
  facet normal 0.659232 0 0.751939
    outer loop
      vertex 207.152 142 12.1366
      vertex 206.611 145 12.6109
      vertex 206.611 142 12.6109
    endloop
  endfacet
  facet normal 0.321604 0 0.946874
    outer loop
      vertex 208.395 145 11.4187
      vertex 209.076 142 11.1874
      vertex 209.076 145 11.1874
    endloop
  endfacet
  facet normal 0.321604 0 0.946874
    outer loop
      vertex 209.076 142 11.1874
      vertex 208.395 145 11.4187
      vertex 208.395 142 11.4187
    endloop
  endfacet
  facet normal 0.896971 -7.31852e-05 -0.44209
    outer loop
      vertex 205.737 145 19.25
      vertex 205.6 142.2 18.9725
      vertex 205.419 145 18.6048
    endloop
  endfacet
  facet normal 0.896678 0 -0.442684
    outer loop
      vertex 205.737 142 19.25
      vertex 205.6 142.2 18.9725
      vertex 205.737 145 19.25
    endloop
  endfacet
  facet normal 0.896678 0 -0.442684
    outer loop
      vertex 205.6 142.2 18.9725
      vertex 205.737 142 19.25
      vertex 205.6 142 18.9725
    endloop
  endfacet
  facet normal 0.897192 0 -0.441642
    outer loop
      vertex 205.419 145 18.6048
      vertex 205.6 142.2 18.9725
      vertex 205.419 142.2 18.6048
    endloop
  endfacet
  facet normal -0.194914 0 -0.98082
    outer loop
      vertex 211.218 142 21.9529
      vertex 211.924 145 21.8126
      vertex 211.924 142 21.8126
    endloop
  endfacet
  facet normal -0.194914 0 -0.98082
    outer loop
      vertex 211.924 145 21.8126
      vertex 211.218 142 21.9529
      vertex 211.218 145 21.9529
    endloop
  endfacet
  facet normal -0.946621 0 0.322349
    outer loop
      vertex 215.581 142 14.3952
      vertex 215.813 145 15.0765
      vertex 215.581 145 14.3952
    endloop
  endfacet
  facet normal -0.946621 0 0.322349
    outer loop
      vertex 215.813 145 15.0765
      vertex 215.581 142 14.3952
      vertex 215.813 142 15.0765
    endloop
  endfacet
  facet normal -0.980879 0 0.194619
    outer loop
      vertex 215.813 142 15.0765
      vertex 215.953 145 15.7821
      vertex 215.813 145 15.0765
    endloop
  endfacet
  facet normal -0.980879 0 0.194619
    outer loop
      vertex 215.953 145 15.7821
      vertex 215.813 142 15.0765
      vertex 215.953 142 15.7821
    endloop
  endfacet
  facet normal -0.752086 0 0.659066
    outer loop
      vertex 214.389 142 12.6109
      vertex 214.863 145 13.1518
      vertex 214.389 145 12.6109
    endloop
  endfacet
  facet normal -0.752086 0 0.659066
    outer loop
      vertex 214.863 145 13.1518
      vertex 214.389 142 12.6109
      vertex 214.863 142 13.1518
    endloop
  endfacet
  facet normal -0.83128 0 0.555854
    outer loop
      vertex 214.863 142 13.1518
      vertex 215.263 145 13.75
      vertex 214.863 145 13.1518
    endloop
  endfacet
  facet normal -0.83128 0 0.555854
    outer loop
      vertex 215.263 145 13.75
      vertex 214.863 142 13.1518
      vertex 215.263 142 13.75
    endloop
  endfacet
  facet normal -0.0654582 0 0.997855
    outer loop
      vertex 210.5 145 11
      vertex 211.218 142 11.0471
      vertex 211.218 145 11.0471
    endloop
  endfacet
  facet normal -0.0654582 0 0.997855
    outer loop
      vertex 211.218 142 11.0471
      vertex 210.5 145 11
      vertex 210.5 142 11
    endloop
  endfacet
  facet normal -0.555694 0 0.831387
    outer loop
      vertex 213.25 145 11.7369
      vertex 213.848 142 12.1366
      vertex 213.848 145 12.1366
    endloop
  endfacet
  facet normal -0.555694 0 0.831387
    outer loop
      vertex 213.848 142 12.1366
      vertex 213.25 145 11.7369
      vertex 213.25 142 11.7369
    endloop
  endfacet
  facet normal 0.997864 -0 0.0653289
    outer loop
      vertex 205 142.2 16.5
      vertex 205.047 145 15.7821
      vertex 205 145 16.5
    endloop
  endfacet
  facet normal 0.997864 0 0.0653289
    outer loop
      vertex 205.047 145 15.7821
      vertex 205 142.2 16.5
      vertex 205.047 142.2 15.7821
    endloop
  endfacet
  facet normal 0.194914 0 0.98082
    outer loop
      vertex 209.076 145 11.1874
      vertex 209.782 142 11.0471
      vertex 209.782 145 11.0471
    endloop
  endfacet
  facet normal 0.194914 0 0.98082
    outer loop
      vertex 209.782 142 11.0471
      vertex 209.076 145 11.1874
      vertex 209.076 142 11.1874
    endloop
  endfacet
  facet normal -0.997864 0 -0.0653289
    outer loop
      vertex 216 142 16.5
      vertex 215.953 145 17.2179
      vertex 216 145 16.5
    endloop
  endfacet
  facet normal -0.997864 -0 -0.0653289
    outer loop
      vertex 215.953 145 17.2179
      vertex 216 142 16.5
      vertex 215.953 142 17.2179
    endloop
  endfacet
  facet normal -0.752086 0 -0.659066
    outer loop
      vertex 214.863 142 19.8482
      vertex 214.389 145 20.3891
      vertex 214.863 145 19.8482
    endloop
  endfacet
  facet normal -0.752086 -0 -0.659066
    outer loop
      vertex 214.389 145 20.3891
      vertex 214.863 142 19.8482
      vertex 214.389 142 20.3891
    endloop
  endfacet
  facet normal -0.946621 0 -0.322349
    outer loop
      vertex 215.813 142 17.9235
      vertex 215.581 145 18.6048
      vertex 215.813 145 17.9235
    endloop
  endfacet
  facet normal -0.946621 -0 -0.322349
    outer loop
      vertex 215.581 145 18.6048
      vertex 215.813 142 17.9235
      vertex 215.581 142 18.6048
    endloop
  endfacet
  facet normal -0.980879 0 -0.194619
    outer loop
      vertex 215.953 142 17.2179
      vertex 215.813 145 17.9235
      vertex 215.953 145 17.2179
    endloop
  endfacet
  facet normal -0.980879 -0 -0.194619
    outer loop
      vertex 215.813 145 17.9235
      vertex 215.953 142 17.2179
      vertex 215.813 142 17.9235
    endloop
  endfacet
  facet normal -0.442424 0 -0.896806
    outer loop
      vertex 212.605 142 21.5813
      vertex 213.25 145 21.2631
      vertex 213.25 142 21.2631
    endloop
  endfacet
  facet normal -0.442424 0 -0.896806
    outer loop
      vertex 213.25 145 21.2631
      vertex 212.605 142 21.5813
      vertex 212.605 145 21.5813
    endloop
  endfacet
  facet normal 0.83128 -0 0.555854
    outer loop
      vertex 205.737 142 13.75
      vertex 206.137 145 13.1518
      vertex 205.737 145 13.75
    endloop
  endfacet
  facet normal 0.83128 0 0.555854
    outer loop
      vertex 206.137 145 13.1518
      vertex 205.737 142 13.75
      vertex 206.137 142 13.1518
    endloop
  endfacet
  facet normal 0.555694 0 0.831387
    outer loop
      vertex 207.152 145 12.1366
      vertex 207.75 142 11.7369
      vertex 207.75 145 11.7369
    endloop
  endfacet
  facet normal 0.555694 0 0.831387
    outer loop
      vertex 207.75 142 11.7369
      vertex 207.152 145 12.1366
      vertex 207.152 142 12.1366
    endloop
  endfacet
  facet normal -0.83128 0 -0.555854
    outer loop
      vertex 215.263 142 19.25
      vertex 214.863 145 19.8482
      vertex 215.263 145 19.25
    endloop
  endfacet
  facet normal -0.83128 -0 -0.555854
    outer loop
      vertex 214.863 145 19.8482
      vertex 215.263 142 19.25
      vertex 214.863 142 19.8482
    endloop
  endfacet
  facet normal -0.555694 0 -0.831387
    outer loop
      vertex 213.25 142 21.2631
      vertex 213.848 145 20.8634
      vertex 213.848 142 20.8634
    endloop
  endfacet
  facet normal -0.555694 0 -0.831387
    outer loop
      vertex 213.848 145 20.8634
      vertex 213.25 142 21.2631
      vertex 213.25 145 21.2631
    endloop
  endfacet
  facet normal 0.321604 0 -0.946874
    outer loop
      vertex 208.395 142 21.5813
      vertex 209.076 145 21.8126
      vertex 209.076 142 21.8126
    endloop
  endfacet
  facet normal 0.321604 0 -0.946874
    outer loop
      vertex 209.076 145 21.8126
      vertex 208.395 142 21.5813
      vertex 208.395 145 21.5813
    endloop
  endfacet
  facet normal 0.659232 0 -0.751939
    outer loop
      vertex 206.611 142 20.3891
      vertex 207.152 145 20.8634
      vertex 207.152 142 20.8634
    endloop
  endfacet
  facet normal 0.659232 0 -0.751939
    outer loop
      vertex 207.152 145 20.8634
      vertex 206.611 142 20.3891
      vertex 206.611 145 20.3891
    endloop
  endfacet
  facet normal -0.321604 0 -0.946874
    outer loop
      vertex 211.924 142 21.8126
      vertex 212.605 145 21.5813
      vertex 212.605 142 21.5813
    endloop
  endfacet
  facet normal -0.321604 0 -0.946874
    outer loop
      vertex 212.605 145 21.5813
      vertex 211.924 142 21.8126
      vertex 211.924 145 21.8126
    endloop
  endfacet
  facet normal -0.896971 0 -0.44209
    outer loop
      vertex 215.581 142 18.6048
      vertex 215.263 145 19.25
      vertex 215.581 145 18.6048
    endloop
  endfacet
  facet normal -0.896971 -0 -0.44209
    outer loop
      vertex 215.263 145 19.25
      vertex 215.581 142 18.6048
      vertex 215.263 142 19.25
    endloop
  endfacet
  facet normal -0.659232 0 -0.751939
    outer loop
      vertex 213.848 142 20.8634
      vertex 214.389 145 20.3891
      vertex 214.389 142 20.3891
    endloop
  endfacet
  facet normal -0.659232 0 -0.751939
    outer loop
      vertex 214.389 145 20.3891
      vertex 213.848 142 20.8634
      vertex 213.848 145 20.8634
    endloop
  endfacet
  facet normal 0.555694 0 -0.831387
    outer loop
      vertex 207.152 142 20.8634
      vertex 207.75 145 21.2631
      vertex 207.75 142 21.2631
    endloop
  endfacet
  facet normal 0.555694 0 -0.831387
    outer loop
      vertex 207.75 145 21.2631
      vertex 207.152 142 20.8634
      vertex 207.152 145 20.8634
    endloop
  endfacet
  facet normal 0.194914 0 -0.98082
    outer loop
      vertex 209.076 142 21.8126
      vertex 209.782 145 21.9529
      vertex 209.782 142 21.9529
    endloop
  endfacet
  facet normal 0.194914 0 -0.98082
    outer loop
      vertex 209.782 145 21.9529
      vertex 209.076 142 21.8126
      vertex 209.076 145 21.8126
    endloop
  endfacet
  facet normal 0.83128 0 -0.555854
    outer loop
      vertex 206.137 142 19.8482
      vertex 205.737 145 19.25
      vertex 206.137 145 19.8482
    endloop
  endfacet
  facet normal 0.83128 0 -0.555854
    outer loop
      vertex 205.737 145 19.25
      vertex 206.137 142 19.8482
      vertex 205.737 142 19.25
    endloop
  endfacet
  facet normal 0.946621 0 -0.322349
    outer loop
      vertex 205.419 142.2 18.6048
      vertex 205.187 145 17.9235
      vertex 205.419 145 18.6048
    endloop
  endfacet
  facet normal 0.946621 0 -0.322349
    outer loop
      vertex 205.187 145 17.9235
      vertex 205.419 142.2 18.6048
      vertex 205.187 142.2 17.9235
    endloop
  endfacet
  facet normal 0.980879 0 -0.194619
    outer loop
      vertex 205.187 142.2 17.9235
      vertex 205.047 145 17.2179
      vertex 205.187 145 17.9235
    endloop
  endfacet
  facet normal 0.980879 0 -0.194619
    outer loop
      vertex 205.047 145 17.2179
      vertex 205.187 142.2 17.9235
      vertex 205.047 142.2 17.2179
    endloop
  endfacet
  facet normal 0.442424 0 -0.896806
    outer loop
      vertex 207.75 142 21.2631
      vertex 208.395 145 21.5813
      vertex 208.395 142 21.5813
    endloop
  endfacet
  facet normal 0.442424 0 -0.896806
    outer loop
      vertex 208.395 145 21.5813
      vertex 207.75 142 21.2631
      vertex 207.75 145 21.2631
    endloop
  endfacet
  facet normal 0.0654582 0 -0.997855
    outer loop
      vertex 209.782 142 21.9529
      vertex 210.5 145 22
      vertex 210.5 142 22
    endloop
  endfacet
  facet normal 0.0654582 0 -0.997855
    outer loop
      vertex 210.5 145 22
      vertex 209.782 142 21.9529
      vertex 209.782 145 21.9529
    endloop
  endfacet
  facet normal 0.752086 0 -0.659066
    outer loop
      vertex 206.611 142 20.3891
      vertex 206.137 145 19.8482
      vertex 206.611 145 20.3891
    endloop
  endfacet
  facet normal 0.752086 0 -0.659066
    outer loop
      vertex 206.137 145 19.8482
      vertex 206.611 142 20.3891
      vertex 206.137 142 19.8482
    endloop
  endfacet
  facet normal 0.997772 0 -0.066722
    outer loop
      vertex 154.474 2.4 24.4249
      vertex 154.45 3 24.066
      vertex 154.474 3 24.4249
    endloop
  endfacet
  facet normal 0.997772 0 -0.066722
    outer loop
      vertex 154.45 3 24.066
      vertex 154.474 2.4 24.4249
      vertex 154.45 2.4 24.066
    endloop
  endfacet
  facet normal -0.980879 0 -0.194619
    outer loop
      vertex 165.926 2.4 24.4249
      vertex 165.856 3 24.7777
      vertex 165.926 3 24.4249
    endloop
  endfacet
  facet normal -0.980879 -0 -0.194619
    outer loop
      vertex 165.856 3 24.7777
      vertex 165.926 2.4 24.4249
      vertex 165.856 2.4 24.7777
    endloop
  endfacet
  facet normal 0 0 -1
    outer loop
      vertex 157.2 2.4 26.816
      vertex 163.2 3 26.816
      vertex 163.2 2.4 26.816
    endloop
  endfacet
  facet normal -0 0 -1
    outer loop
      vertex 163.2 3 26.816
      vertex 157.2 2.4 26.816
      vertex 157.2 3 26.816
    endloop
  endfacet
  facet normal 0.0653198 0 -0.997864
    outer loop
      vertex 156.841 2.4 26.7925
      vertex 157.2 3 26.816
      vertex 157.2 2.4 26.816
    endloop
  endfacet
  facet normal 0.0653198 0 -0.997864
    outer loop
      vertex 157.2 3 26.816
      vertex 156.841 2.4 26.7925
      vertex 156.841 3 26.7925
    endloop
  endfacet
  facet normal -0.980879 0 0.194619
    outer loop
      vertex 165.856 2.4 23.3543
      vertex 165.926 3 23.7071
      vertex 165.856 3 23.3543
    endloop
  endfacet
  facet normal -0.980879 0 0.194619
    outer loop
      vertex 165.926 3 23.7071
      vertex 165.856 2.4 23.3543
      vertex 165.926 2.4 23.7071
    endloop
  endfacet
  facet normal -0.0653198 0 0.997864
    outer loop
      vertex 163.2 3 21.316
      vertex 163.559 2.4 21.3395
      vertex 163.559 3 21.3395
    endloop
  endfacet
  facet normal -0.0653198 0 0.997864
    outer loop
      vertex 163.559 2.4 21.3395
      vertex 163.2 3 21.316
      vertex 163.2 2.4 21.316
    endloop
  endfacet
  facet normal 0.195047 0 0.980794
    outer loop
      vertex 156.488 3 21.4097
      vertex 156.841 2.4 21.3395
      vertex 156.841 3 21.3395
    endloop
  endfacet
  facet normal 0.195047 0 0.980794
    outer loop
      vertex 156.841 2.4 21.3395
      vertex 156.488 3 21.4097
      vertex 156.488 2.4 21.4097
    endloop
  endfacet
  facet normal -0.997772 0 0.066722
    outer loop
      vertex 165.926 2.4 23.7071
      vertex 165.95 3 24.066
      vertex 165.926 3 23.7071
    endloop
  endfacet
  facet normal -0.997772 0 0.066722
    outer loop
      vertex 165.95 3 24.066
      vertex 165.926 2.4 23.7071
      vertex 165.95 2.4 24.066
    endloop
  endfacet
  facet normal -0.947481 0 -0.319813
    outer loop
      vertex 165.856 2.4 24.7777
      vertex 165.741 3 25.1184
      vertex 165.856 3 24.7777
    endloop
  endfacet
  facet normal -0.947481 -0 -0.319813
    outer loop
      vertex 165.741 3 25.1184
      vertex 165.856 2.4 24.7777
      vertex 165.741 2.4 25.1184
    endloop
  endfacet
  facet normal -0.195047 0 -0.980794
    outer loop
      vertex 163.559 2.4 26.7925
      vertex 163.912 3 26.7223
      vertex 163.912 2.4 26.7223
    endloop
  endfacet
  facet normal -0.195047 0 -0.980794
    outer loop
      vertex 163.912 3 26.7223
      vertex 163.559 2.4 26.7925
      vertex 163.559 3 26.7925
    endloop
  endfacet
  facet normal 0.980879 0 -0.194619
    outer loop
      vertex 154.544 2.4 24.7777
      vertex 154.474 3 24.4249
      vertex 154.544 3 24.7777
    endloop
  endfacet
  facet normal 0.980879 0 -0.194619
    outer loop
      vertex 154.474 3 24.4249
      vertex 154.544 2.4 24.7777
      vertex 154.474 2.4 24.4249
    endloop
  endfacet
  facet normal -0.441873 0 0.897078
    outer loop
      vertex 164.252 3 21.5253
      vertex 164.575 2.4 21.6844
      vertex 164.575 3 21.6844
    endloop
  endfacet
  facet normal -0.441873 0 0.897078
    outer loop
      vertex 164.575 2.4 21.6844
      vertex 164.252 3 21.5253
      vertex 164.252 2.4 21.5253
    endloop
  endfacet
  facet normal -0 0 1
    outer loop
      vertex 157.2 3 21.316
      vertex 163.2 2.4 21.316
      vertex 163.2 3 21.316
    endloop
  endfacet
  facet normal 0 0 1
    outer loop
      vertex 163.2 2.4 21.316
      vertex 157.2 3 21.316
      vertex 157.2 2.4 21.316
    endloop
  endfacet
  facet normal -0.997772 0 -0.066722
    outer loop
      vertex 165.95 2.4 24.066
      vertex 165.926 3 24.4249
      vertex 165.95 3 24.066
    endloop
  endfacet
  facet normal -0.997772 -0 -0.066722
    outer loop
      vertex 165.926 3 24.4249
      vertex 165.95 2.4 24.066
      vertex 165.926 2.4 24.4249
    endloop
  endfacet
  facet normal -0.752025 0 -0.659134
    outer loop
      vertex 165.382 2.4 25.7401
      vertex 165.145 3 26.0105
      vertex 165.382 3 25.7401
    endloop
  endfacet
  facet normal -0.752025 -0 -0.659134
    outer loop
      vertex 165.145 3 26.0105
      vertex 165.382 2.4 25.7401
      vertex 165.145 2.4 26.0105
    endloop
  endfacet
  facet normal -0.321903 0 -0.946773
    outer loop
      vertex 163.912 2.4 26.7223
      vertex 164.252 3 26.6067
      vertex 164.252 2.4 26.6067
    endloop
  endfacet
  facet normal -0.321903 0 -0.946773
    outer loop
      vertex 164.252 3 26.6067
      vertex 163.912 2.4 26.7223
      vertex 163.912 3 26.7223
    endloop
  endfacet
  facet normal -0.0653198 0 -0.997864
    outer loop
      vertex 163.2 2.4 26.816
      vertex 163.559 3 26.7925
      vertex 163.559 2.4 26.7925
    endloop
  endfacet
  facet normal -0.0653198 0 -0.997864
    outer loop
      vertex 163.559 3 26.7925
      vertex 163.2 2.4 26.816
      vertex 163.2 3 26.816
    endloop
  endfacet
  facet normal 0.195047 0 -0.980794
    outer loop
      vertex 156.488 2.4 26.7223
      vertex 156.841 3 26.7925
      vertex 156.841 2.4 26.7925
    endloop
  endfacet
  facet normal 0.195047 0 -0.980794
    outer loop
      vertex 156.841 3 26.7925
      vertex 156.488 2.4 26.7223
      vertex 156.488 3 26.7223
    endloop
  endfacet
  facet normal 0.896971 0 -0.44209
    outer loop
      vertex 154.818 2.4 25.441
      vertex 154.659 3 25.1184
      vertex 154.818 3 25.441
    endloop
  endfacet
  facet normal 0.896971 0 -0.44209
    outer loop
      vertex 154.659 3 25.1184
      vertex 154.818 2.4 25.441
      vertex 154.659 2.4 25.1184
    endloop
  endfacet
  facet normal 0.83128 0 -0.555854
    outer loop
      vertex 155.018 2.4 25.7401
      vertex 154.818 3 25.441
      vertex 155.018 3 25.7401
    endloop
  endfacet
  facet normal 0.83128 0 -0.555854
    outer loop
      vertex 154.818 3 25.441
      vertex 155.018 2.4 25.7401
      vertex 154.818 2.4 25.441
    endloop
  endfacet
  facet normal -0.947481 0 0.319813
    outer loop
      vertex 165.741 2.4 23.0136
      vertex 165.856 3 23.3543
      vertex 165.741 3 23.0136
    endloop
  endfacet
  facet normal -0.947481 0 0.319813
    outer loop
      vertex 165.856 3 23.3543
      vertex 165.741 2.4 23.0136
      vertex 165.856 2.4 23.3543
    endloop
  endfacet
  facet normal -0.321903 0 0.946773
    outer loop
      vertex 163.912 3 21.4097
      vertex 164.252 2.4 21.5253
      vertex 164.252 3 21.5253
    endloop
  endfacet
  facet normal -0.321903 0 0.946773
    outer loop
      vertex 164.252 2.4 21.5253
      vertex 163.912 3 21.4097
      vertex 163.912 2.4 21.4097
    endloop
  endfacet
  facet normal 0.0653198 0 0.997864
    outer loop
      vertex 156.841 3 21.3395
      vertex 157.2 2.4 21.316
      vertex 157.2 3 21.316
    endloop
  endfacet
  facet normal 0.0653198 0 0.997864
    outer loop
      vertex 157.2 2.4 21.316
      vertex 156.841 3 21.3395
      vertex 156.841 2.4 21.3395
    endloop
  endfacet
  facet normal 0.658623 0 0.752473
    outer loop
      vertex 155.255 3 22.1215
      vertex 155.526 2.4 21.8843
      vertex 155.526 3 21.8843
    endloop
  endfacet
  facet normal 0.658623 0 0.752473
    outer loop
      vertex 155.526 2.4 21.8843
      vertex 155.255 3 22.1215
      vertex 155.255 2.4 22.1215
    endloop
  endfacet
  facet normal -0.658623 0 -0.752473
    outer loop
      vertex 164.874 2.4 26.2477
      vertex 165.145 3 26.0105
      vertex 165.145 2.4 26.0105
    endloop
  endfacet
  facet normal -0.658623 0 -0.752473
    outer loop
      vertex 165.145 3 26.0105
      vertex 164.874 2.4 26.2477
      vertex 164.874 3 26.2477
    endloop
  endfacet
  facet normal -0.55579 0 -0.831322
    outer loop
      vertex 164.575 2.4 26.4476
      vertex 164.874 3 26.2477
      vertex 164.874 2.4 26.2477
    endloop
  endfacet
  facet normal -0.55579 0 -0.831322
    outer loop
      vertex 164.874 3 26.2477
      vertex 164.575 2.4 26.4476
      vertex 164.575 3 26.4476
    endloop
  endfacet
  facet normal 0.55579 0 -0.831322
    outer loop
      vertex 155.526 2.4 26.2477
      vertex 155.825 3 26.4476
      vertex 155.825 2.4 26.4476
    endloop
  endfacet
  facet normal 0.55579 0 -0.831322
    outer loop
      vertex 155.825 3 26.4476
      vertex 155.526 2.4 26.2477
      vertex 155.526 3 26.2477
    endloop
  endfacet
  facet normal 0.752025 0 -0.659134
    outer loop
      vertex 155.255 2.4 26.0105
      vertex 155.018 3 25.7401
      vertex 155.255 3 26.0105
    endloop
  endfacet
  facet normal 0.752025 0 -0.659134
    outer loop
      vertex 155.018 3 25.7401
      vertex 155.255 2.4 26.0105
      vertex 155.018 2.4 25.7401
    endloop
  endfacet
  facet normal 0.658623 0 -0.752473
    outer loop
      vertex 155.255 2.4 26.0105
      vertex 155.526 3 26.2477
      vertex 155.526 2.4 26.2477
    endloop
  endfacet
  facet normal 0.658623 0 -0.752473
    outer loop
      vertex 155.526 3 26.2477
      vertex 155.255 2.4 26.0105
      vertex 155.255 3 26.0105
    endloop
  endfacet
  facet normal 0.947481 0 -0.319813
    outer loop
      vertex 154.659 2.4 25.1184
      vertex 154.544 3 24.7777
      vertex 154.659 3 25.1184
    endloop
  endfacet
  facet normal 0.947481 0 -0.319813
    outer loop
      vertex 154.544 3 24.7777
      vertex 154.659 2.4 25.1184
      vertex 154.544 2.4 24.7777
    endloop
  endfacet
  facet normal -0.83128 0 0.555854
    outer loop
      vertex 165.382 2.4 22.3919
      vertex 165.582 3 22.691
      vertex 165.382 3 22.3919
    endloop
  endfacet
  facet normal -0.83128 0 0.555854
    outer loop
      vertex 165.582 3 22.691
      vertex 165.382 2.4 22.3919
      vertex 165.582 2.4 22.691
    endloop
  endfacet
  facet normal -0.55579 0 0.831322
    outer loop
      vertex 164.575 3 21.6844
      vertex 164.874 2.4 21.8843
      vertex 164.874 3 21.8843
    endloop
  endfacet
  facet normal -0.55579 0 0.831322
    outer loop
      vertex 164.874 2.4 21.8843
      vertex 164.575 3 21.6844
      vertex 164.575 2.4 21.6844
    endloop
  endfacet
  facet normal -0.658623 0 0.752473
    outer loop
      vertex 164.874 3 21.8843
      vertex 165.145 2.4 22.1215
      vertex 165.145 3 22.1215
    endloop
  endfacet
  facet normal -0.658623 0 0.752473
    outer loop
      vertex 165.145 2.4 22.1215
      vertex 164.874 3 21.8843
      vertex 164.874 2.4 21.8843
    endloop
  endfacet
  facet normal -0.752025 0 0.659134
    outer loop
      vertex 165.145 2.4 22.1215
      vertex 165.382 3 22.3919
      vertex 165.145 3 22.1215
    endloop
  endfacet
  facet normal -0.752025 0 0.659134
    outer loop
      vertex 165.382 3 22.3919
      vertex 165.145 2.4 22.1215
      vertex 165.382 2.4 22.3919
    endloop
  endfacet
  facet normal 0.321903 0 0.946773
    outer loop
      vertex 156.148 3 21.5253
      vertex 156.488 2.4 21.4097
      vertex 156.488 3 21.4097
    endloop
  endfacet
  facet normal 0.321903 0 0.946773
    outer loop
      vertex 156.488 2.4 21.4097
      vertex 156.148 3 21.5253
      vertex 156.148 2.4 21.5253
    endloop
  endfacet
  facet normal 0.947481 -0 0.319813
    outer loop
      vertex 154.544 2.4 23.3543
      vertex 154.659 3 23.0136
      vertex 154.544 3 23.3543
    endloop
  endfacet
  facet normal 0.947481 0 0.319813
    outer loop
      vertex 154.659 3 23.0136
      vertex 154.544 2.4 23.3543
      vertex 154.659 2.4 23.0136
    endloop
  endfacet
  facet normal -0.896971 0 -0.44209
    outer loop
      vertex 165.741 2.4 25.1184
      vertex 165.582 3 25.441
      vertex 165.741 3 25.1184
    endloop
  endfacet
  facet normal -0.896971 -0 -0.44209
    outer loop
      vertex 165.582 3 25.441
      vertex 165.741 2.4 25.1184
      vertex 165.582 2.4 25.441
    endloop
  endfacet
  facet normal -0.83128 0 -0.555854
    outer loop
      vertex 165.582 2.4 25.441
      vertex 165.382 3 25.7401
      vertex 165.582 3 25.441
    endloop
  endfacet
  facet normal -0.83128 -0 -0.555854
    outer loop
      vertex 165.382 3 25.7401
      vertex 165.582 2.4 25.441
      vertex 165.382 2.4 25.7401
    endloop
  endfacet
  facet normal -0.441873 0 -0.897078
    outer loop
      vertex 164.252 2.4 26.6067
      vertex 164.575 3 26.4476
      vertex 164.575 2.4 26.4476
    endloop
  endfacet
  facet normal -0.441873 0 -0.897078
    outer loop
      vertex 164.575 3 26.4476
      vertex 164.252 2.4 26.6067
      vertex 164.252 3 26.6067
    endloop
  endfacet
  facet normal 0.441873 0 -0.897078
    outer loop
      vertex 155.825 2.4 26.4476
      vertex 156.148 3 26.6067
      vertex 156.148 2.4 26.6067
    endloop
  endfacet
  facet normal 0.441873 0 -0.897078
    outer loop
      vertex 156.148 3 26.6067
      vertex 155.825 2.4 26.4476
      vertex 155.825 3 26.4476
    endloop
  endfacet
  facet normal 0.321903 0 -0.946773
    outer loop
      vertex 156.148 2.4 26.6067
      vertex 156.488 3 26.7223
      vertex 156.488 2.4 26.7223
    endloop
  endfacet
  facet normal 0.321903 0 -0.946773
    outer loop
      vertex 156.488 3 26.7223
      vertex 156.148 2.4 26.6067
      vertex 156.148 3 26.6067
    endloop
  endfacet
  facet normal -0.896971 0 0.44209
    outer loop
      vertex 165.582 2.4 22.691
      vertex 165.741 3 23.0136
      vertex 165.582 3 22.691
    endloop
  endfacet
  facet normal -0.896971 0 0.44209
    outer loop
      vertex 165.741 3 23.0136
      vertex 165.582 2.4 22.691
      vertex 165.741 2.4 23.0136
    endloop
  endfacet
  facet normal -0.195047 0 0.980794
    outer loop
      vertex 163.559 3 21.3395
      vertex 163.912 2.4 21.4097
      vertex 163.912 3 21.4097
    endloop
  endfacet
  facet normal -0.195047 0 0.980794
    outer loop
      vertex 163.912 2.4 21.4097
      vertex 163.559 3 21.3395
      vertex 163.559 2.4 21.3395
    endloop
  endfacet
  facet normal 0.997772 -0 0.066722
    outer loop
      vertex 154.45 2.4 24.066
      vertex 154.474 3 23.7071
      vertex 154.45 3 24.066
    endloop
  endfacet
  facet normal 0.997772 0 0.066722
    outer loop
      vertex 154.474 3 23.7071
      vertex 154.45 2.4 24.066
      vertex 154.474 2.4 23.7071
    endloop
  endfacet
  facet normal 0.980879 -0 0.194619
    outer loop
      vertex 154.474 2.4 23.7071
      vertex 154.544 3 23.3543
      vertex 154.474 3 23.7071
    endloop
  endfacet
  facet normal 0.980879 0 0.194619
    outer loop
      vertex 154.544 3 23.3543
      vertex 154.474 2.4 23.7071
      vertex 154.544 2.4 23.3543
    endloop
  endfacet
  facet normal 0.752025 -0 0.659134
    outer loop
      vertex 155.018 2.4 22.3919
      vertex 155.255 3 22.1215
      vertex 155.018 3 22.3919
    endloop
  endfacet
  facet normal 0.752025 0 0.659134
    outer loop
      vertex 155.255 3 22.1215
      vertex 155.018 2.4 22.3919
      vertex 155.255 2.4 22.1215
    endloop
  endfacet
  facet normal 0.896971 -0 0.44209
    outer loop
      vertex 154.659 2.4 23.0136
      vertex 154.818 3 22.691
      vertex 154.659 3 23.0136
    endloop
  endfacet
  facet normal 0.896971 0 0.44209
    outer loop
      vertex 154.818 3 22.691
      vertex 154.659 2.4 23.0136
      vertex 154.818 2.4 22.691
    endloop
  endfacet
  facet normal 0.55579 0 0.831322
    outer loop
      vertex 155.526 3 21.8843
      vertex 155.825 2.4 21.6844
      vertex 155.825 3 21.6844
    endloop
  endfacet
  facet normal 0.55579 0 0.831322
    outer loop
      vertex 155.825 2.4 21.6844
      vertex 155.526 3 21.8843
      vertex 155.526 2.4 21.8843
    endloop
  endfacet
  facet normal 0.441873 0 0.897078
    outer loop
      vertex 155.825 3 21.6844
      vertex 156.148 2.4 21.5253
      vertex 156.148 3 21.5253
    endloop
  endfacet
  facet normal 0.441873 0 0.897078
    outer loop
      vertex 156.148 2.4 21.5253
      vertex 155.825 3 21.6844
      vertex 155.825 2.4 21.6844
    endloop
  endfacet
  facet normal 0.83128 -0 0.555854
    outer loop
      vertex 154.818 2.4 22.691
      vertex 155.018 3 22.3919
      vertex 154.818 3 22.691
    endloop
  endfacet
  facet normal 0.83128 0 0.555854
    outer loop
      vertex 155.018 3 22.3919
      vertex 154.818 2.4 22.691
      vertex 155.018 2.4 22.3919
    endloop
  endfacet
  facet normal 0 -1 0
    outer loop
      vertex 153.6 2.4 27.866
      vertex 154 2.4 28.266
      vertex 153.948 2.4 28.2626
    endloop
  endfacet
  facet normal 0 -1 0
    outer loop
      vertex 154 2.4 28.266
      vertex 157.2 2.4 26.816
      vertex 166.4 2.4 28.266
    endloop
  endfacet
  facet normal 0 -1 0
    outer loop
      vertex 153.6 2.4 27.866
      vertex 153.948 2.4 28.2626
      vertex 153.896 2.4 28.2524
    endloop
  endfacet
  facet normal 0 -1 0
    outer loop
      vertex 163.2 2.4 26.816
      vertex 166.4 2.4 28.266
      vertex 157.2 2.4 26.816
    endloop
  endfacet
  facet normal 0 -1 0
    outer loop
      vertex 153.6 2.4 27.866
      vertex 153.896 2.4 28.2524
      vertex 153.847 2.4 28.2355
    endloop
  endfacet
  facet normal 0 -1 0
    outer loop
      vertex 163.559 2.4 26.7925
      vertex 166.4 2.4 28.266
      vertex 163.2 2.4 26.816
    endloop
  endfacet
  facet normal 0 -1 0
    outer loop
      vertex 153.6 2.4 27.866
      vertex 153.847 2.4 28.2355
      vertex 153.8 2.4 28.2124
    endloop
  endfacet
  facet normal 0 -1 0
    outer loop
      vertex 163.912 2.4 26.7223
      vertex 166.4 2.4 28.266
      vertex 163.559 2.4 26.7925
    endloop
  endfacet
  facet normal 0 -1 0
    outer loop
      vertex 153.6 2.4 27.866
      vertex 153.8 2.4 28.2124
      vertex 153.757 2.4 28.1833
    endloop
  endfacet
  facet normal 0 -1 0
    outer loop
      vertex 164.252 2.4 26.6067
      vertex 166.4 2.4 28.266
      vertex 163.912 2.4 26.7223
    endloop
  endfacet
  facet normal 0 -1 0
    outer loop
      vertex 153.6 2.4 27.866
      vertex 153.757 2.4 28.1833
      vertex 153.717 2.4 28.1488
    endloop
  endfacet
  facet normal 0 -1 0
    outer loop
      vertex 164.575 2.4 26.4476
      vertex 166.4 2.4 28.266
      vertex 164.252 2.4 26.6067
    endloop
  endfacet
  facet normal 0 -1 0
    outer loop
      vertex 153.6 2.4 27.866
      vertex 153.717 2.4 28.1488
      vertex 153.683 2.4 28.1095
    endloop
  endfacet
  facet normal 0 -1 0
    outer loop
      vertex 164.874 2.4 26.2477
      vertex 166.4 2.4 28.266
      vertex 164.575 2.4 26.4476
    endloop
  endfacet
  facet normal 0 -1 0
    outer loop
      vertex 153.6 2.4 27.866
      vertex 153.683 2.4 28.1095
      vertex 153.654 2.4 28.066
    endloop
  endfacet
  facet normal -0 -1 0
    outer loop
      vertex 166.8 2.4 27.866
      vertex 166.4 2.4 28.266
      vertex 164.874 2.4 26.2477
    endloop
  endfacet
  facet normal 0 -1 0
    outer loop
      vertex 153.6 2.4 27.866
      vertex 153.654 2.4 28.066
      vertex 153.63 2.4 28.0191
    endloop
  endfacet
  facet normal 0 -1 0
    outer loop
      vertex 166.4 2.4 28.266
      vertex 166.8 2.4 27.866
      vertex 166.452 2.4 28.2626
    endloop
  endfacet
  facet normal 0 -1 0
    outer loop
      vertex 153.6 2.4 27.866
      vertex 153.63 2.4 28.0191
      vertex 153.614 2.4 27.9695
    endloop
  endfacet
  facet normal 0 -1 0
    outer loop
      vertex 166.452 2.4 28.2626
      vertex 166.8 2.4 27.866
      vertex 166.504 2.4 28.2524
    endloop
  endfacet
  facet normal 0 -1 0
    outer loop
      vertex 153.6 2.4 27.866
      vertex 153.614 2.4 27.9695
      vertex 153.603 2.4 27.9182
    endloop
  endfacet
  facet normal 0 -1 0
    outer loop
      vertex 166.504 2.4 28.2524
      vertex 166.8 2.4 27.866
      vertex 166.553 2.4 28.2355
    endloop
  endfacet
  facet normal 0 -1 -0
    outer loop
      vertex 154 2.4 28.266
      vertex 153.6 2.4 27.866
      vertex 155.526 2.4 26.2477
    endloop
  endfacet
  facet normal 0 -1 0
    outer loop
      vertex 166.553 2.4 28.2355
      vertex 166.8 2.4 27.866
      vertex 166.6 2.4 28.2124
    endloop
  endfacet
  facet normal 0 -1 0
    outer loop
      vertex 166.643 2.4 28.1833
      vertex 166.8 2.4 27.866
      vertex 166.683 2.4 28.1488
    endloop
  endfacet
  facet normal 0 -1 0
    outer loop
      vertex 154 2.4 28.266
      vertex 156.841 2.4 26.7925
      vertex 157.2 2.4 26.816
    endloop
  endfacet
  facet normal 0 -1 0
    outer loop
      vertex 154 2.4 28.266
      vertex 156.488 2.4 26.7223
      vertex 156.841 2.4 26.7925
    endloop
  endfacet
  facet normal 0 -1 0
    outer loop
      vertex 154 2.4 28.266
      vertex 156.148 2.4 26.6067
      vertex 156.488 2.4 26.7223
    endloop
  endfacet
  facet normal 0 -1 0
    outer loop
      vertex 154 2.4 28.266
      vertex 155.825 2.4 26.4476
      vertex 156.148 2.4 26.6067
    endloop
  endfacet
  facet normal 0 -1 0
    outer loop
      vertex 154 2.4 28.266
      vertex 155.526 2.4 26.2477
      vertex 155.825 2.4 26.4476
    endloop
  endfacet
  facet normal 0 -1 0
    outer loop
      vertex 153.6 2.4 27.866
      vertex 155.255 2.4 26.0105
      vertex 155.526 2.4 26.2477
    endloop
  endfacet
  facet normal 0 -1 0
    outer loop
      vertex 153.6 2.4 27.866
      vertex 155.018 2.4 25.7401
      vertex 155.255 2.4 26.0105
    endloop
  endfacet
  facet normal 0 -1 0
    outer loop
      vertex 153.6 2.4 27.866
      vertex 154.818 2.4 25.441
      vertex 155.018 2.4 25.7401
    endloop
  endfacet
  facet normal 0 -1 0
    outer loop
      vertex 153.6 2.4 27.866
      vertex 154.659 2.4 25.1184
      vertex 154.818 2.4 25.441
    endloop
  endfacet
  facet normal 0 -1 0
    outer loop
      vertex 153.6 2.4 27.866
      vertex 154.544 2.4 24.7777
      vertex 154.659 2.4 25.1184
    endloop
  endfacet
  facet normal 0 -1 0
    outer loop
      vertex 153.6 2.4 27.866
      vertex 154.474 2.4 24.4249
      vertex 154.544 2.4 24.7777
    endloop
  endfacet
  facet normal 0 -1 0
    outer loop
      vertex 153.6 2.4 27.866
      vertex 154.45 2.4 24.066
      vertex 154.474 2.4 24.4249
    endloop
  endfacet
  facet normal 0 -1 0
    outer loop
      vertex 153.6 2.4 21.366
      vertex 154.45 2.4 24.066
      vertex 153.6 2.4 27.866
    endloop
  endfacet
  facet normal 0 -1 -0
    outer loop
      vertex 154.45 2.4 24.066
      vertex 153.6 2.4 21.366
      vertex 154.474 2.4 23.7071
    endloop
  endfacet
  facet normal 0 -1 -0
    outer loop
      vertex 154.474 2.4 23.7071
      vertex 153.6 2.4 21.366
      vertex 154.544 2.4 23.3543
    endloop
  endfacet
  facet normal 0 -1 0
    outer loop
      vertex 153.6 2.4 21.366
      vertex 154.659 2.4 23.0136
      vertex 154.544 2.4 23.3543
    endloop
  endfacet
  facet normal 0 -1 0
    outer loop
      vertex 153.6 2.4 21.366
      vertex 154.818 2.4 22.691
      vertex 154.659 2.4 23.0136
    endloop
  endfacet
  facet normal 0 -1 0
    outer loop
      vertex 153.6 2.4 21.366
      vertex 155.018 2.4 22.3919
      vertex 154.818 2.4 22.691
    endloop
  endfacet
  facet normal 0 -1 0
    outer loop
      vertex 154 2.4 20.966
      vertex 155.018 2.4 22.3919
      vertex 153.6 2.4 21.366
    endloop
  endfacet
  facet normal 0 -1 -0
    outer loop
      vertex 155.018 2.4 22.3919
      vertex 154 2.4 20.966
      vertex 155.255 2.4 22.1215
    endloop
  endfacet
  facet normal 0 -1 -0
    outer loop
      vertex 155.255 2.4 22.1215
      vertex 154 2.4 20.966
      vertex 155.526 2.4 21.8843
    endloop
  endfacet
  facet normal 0 -1 -0
    outer loop
      vertex 155.526 2.4 21.8843
      vertex 154 2.4 20.966
      vertex 155.825 2.4 21.6844
    endloop
  endfacet
  facet normal 0 -1 -0
    outer loop
      vertex 155.825 2.4 21.6844
      vertex 154 2.4 20.966
      vertex 156.148 2.4 21.5253
    endloop
  endfacet
  facet normal 0 -1 -0
    outer loop
      vertex 156.148 2.4 21.5253
      vertex 154 2.4 20.966
      vertex 156.488 2.4 21.4097
    endloop
  endfacet
  facet normal 0 -1 -0
    outer loop
      vertex 156.488 2.4 21.4097
      vertex 154 2.4 20.966
      vertex 156.841 2.4 21.3395
    endloop
  endfacet
  facet normal 0 -1 -0
    outer loop
      vertex 156.841 2.4 21.3395
      vertex 154 2.4 20.966
      vertex 157.2 2.4 21.316
    endloop
  endfacet
  facet normal 0 -1 0
    outer loop
      vertex 154 2.4 20.966
      vertex 153.6 2.4 21.366
      vertex 153.603 2.4 21.3138
    endloop
  endfacet
  facet normal 0 -1 0
    outer loop
      vertex 166.683 2.4 28.1488
      vertex 166.8 2.4 27.866
      vertex 166.717 2.4 28.1095
    endloop
  endfacet
  facet normal 0 -1 0
    outer loop
      vertex 166.717 2.4 28.1095
      vertex 166.8 2.4 27.866
      vertex 166.746 2.4 28.066
    endloop
  endfacet
  facet normal 0 -1 0
    outer loop
      vertex 166.746 2.4 28.066
      vertex 166.8 2.4 27.866
      vertex 166.77 2.4 28.0191
    endloop
  endfacet
  facet normal 0 -1 0
    outer loop
      vertex 166.77 2.4 28.0191
      vertex 166.8 2.4 27.866
      vertex 166.786 2.4 27.9695
    endloop
  endfacet
  facet normal 0 -1 0
    outer loop
      vertex 166.786 2.4 27.9695
      vertex 166.8 2.4 27.866
      vertex 166.797 2.4 27.9182
    endloop
  endfacet
  facet normal 0 -1 0
    outer loop
      vertex 166.6 2.4 28.2124
      vertex 166.8 2.4 27.866
      vertex 166.643 2.4 28.1833
    endloop
  endfacet
  facet normal 0 -1 0
    outer loop
      vertex 165.145 2.4 26.0105
      vertex 166.8 2.4 27.866
      vertex 164.874 2.4 26.2477
    endloop
  endfacet
  facet normal 0 -1 0
    outer loop
      vertex 165.382 2.4 25.7401
      vertex 166.8 2.4 27.866
      vertex 165.145 2.4 26.0105
    endloop
  endfacet
  facet normal 0 -1 0
    outer loop
      vertex 165.582 2.4 25.441
      vertex 166.8 2.4 27.866
      vertex 165.382 2.4 25.7401
    endloop
  endfacet
  facet normal 0 -1 0
    outer loop
      vertex 165.741 2.4 25.1184
      vertex 166.8 2.4 27.866
      vertex 165.582 2.4 25.441
    endloop
  endfacet
  facet normal 0 -1 0
    outer loop
      vertex 165.856 2.4 24.7777
      vertex 166.8 2.4 27.866
      vertex 165.741 2.4 25.1184
    endloop
  endfacet
  facet normal 0 -1 0
    outer loop
      vertex 165.926 2.4 24.4249
      vertex 166.8 2.4 27.866
      vertex 165.856 2.4 24.7777
    endloop
  endfacet
  facet normal 0 -1 0
    outer loop
      vertex 165.95 2.4 24.066
      vertex 166.8 2.4 27.866
      vertex 165.926 2.4 24.4249
    endloop
  endfacet
  facet normal 0 -1 0
    outer loop
      vertex 166.8 2.4 21.366
      vertex 165.95 2.4 24.066
      vertex 165.926 2.4 23.7071
    endloop
  endfacet
  facet normal 0 -1 0
    outer loop
      vertex 166.8 2.4 21.366
      vertex 165.926 2.4 23.7071
      vertex 165.856 2.4 23.3543
    endloop
  endfacet
  facet normal 0 -1 0
    outer loop
      vertex 165.95 2.4 24.066
      vertex 166.8 2.4 21.366
      vertex 166.8 2.4 27.866
    endloop
  endfacet
  facet normal 0 -1 0
    outer loop
      vertex 165.741 2.4 23.0136
      vertex 166.8 2.4 21.366
      vertex 165.856 2.4 23.3543
    endloop
  endfacet
  facet normal 0 -1 0
    outer loop
      vertex 165.582 2.4 22.691
      vertex 166.8 2.4 21.366
      vertex 165.741 2.4 23.0136
    endloop
  endfacet
  facet normal 0 -1 0
    outer loop
      vertex 165.382 2.4 22.3919
      vertex 166.8 2.4 21.366
      vertex 165.582 2.4 22.691
    endloop
  endfacet
  facet normal 0 -1 0
    outer loop
      vertex 166.4 2.4 20.966
      vertex 165.382 2.4 22.3919
      vertex 165.145 2.4 22.1215
    endloop
  endfacet
  facet normal 0 -1 0
    outer loop
      vertex 166.4 2.4 20.966
      vertex 165.145 2.4 22.1215
      vertex 164.874 2.4 21.8843
    endloop
  endfacet
  facet normal 0 -1 0
    outer loop
      vertex 166.4 2.4 20.966
      vertex 164.874 2.4 21.8843
      vertex 164.575 2.4 21.6844
    endloop
  endfacet
  facet normal 0 -1 0
    outer loop
      vertex 166.4 2.4 20.966
      vertex 164.575 2.4 21.6844
      vertex 164.252 2.4 21.5253
    endloop
  endfacet
  facet normal 0 -1 0
    outer loop
      vertex 166.4 2.4 20.966
      vertex 164.252 2.4 21.5253
      vertex 163.912 2.4 21.4097
    endloop
  endfacet
  facet normal 0 -1 0
    outer loop
      vertex 166.4 2.4 20.966
      vertex 163.912 2.4 21.4097
      vertex 163.559 2.4 21.3395
    endloop
  endfacet
  facet normal 0 -1 0
    outer loop
      vertex 166.4 2.4 20.966
      vertex 163.559 2.4 21.3395
      vertex 163.2 2.4 21.316
    endloop
  endfacet
  facet normal 0 -1 0
    outer loop
      vertex 165.382 2.4 22.3919
      vertex 166.4 2.4 20.966
      vertex 166.8 2.4 21.366
    endloop
  endfacet
  facet normal 0 -1 -0
    outer loop
      vertex 157.2 2.4 21.316
      vertex 154 2.4 20.966
      vertex 163.2 2.4 21.316
    endloop
  endfacet
  facet normal 0 -1 0
    outer loop
      vertex 154 2.4 20.966
      vertex 153.603 2.4 21.3138
      vertex 153.614 2.4 21.2625
    endloop
  endfacet
  facet normal 0 -1 0
    outer loop
      vertex 166.4 2.4 20.966
      vertex 163.2 2.4 21.316
      vertex 154 2.4 20.966
    endloop
  endfacet
  facet normal 0 -1 0
    outer loop
      vertex 154 2.4 20.966
      vertex 153.614 2.4 21.2625
      vertex 153.63 2.4 21.2129
    endloop
  endfacet
  facet normal 0 -1 0
    outer loop
      vertex 166.8 2.4 21.366
      vertex 166.4 2.4 20.966
      vertex 166.797 2.4 21.3138
    endloop
  endfacet
  facet normal 0 -1 0
    outer loop
      vertex 154 2.4 20.966
      vertex 153.63 2.4 21.2129
      vertex 153.654 2.4 21.166
    endloop
  endfacet
  facet normal 0 -1 0
    outer loop
      vertex 166.797 2.4 21.3138
      vertex 166.4 2.4 20.966
      vertex 166.786 2.4 21.2625
    endloop
  endfacet
  facet normal 0 -1 0
    outer loop
      vertex 154 2.4 20.966
      vertex 153.654 2.4 21.166
      vertex 153.683 2.4 21.1225
    endloop
  endfacet
  facet normal 0 -1 0
    outer loop
      vertex 166.786 2.4 21.2625
      vertex 166.4 2.4 20.966
      vertex 166.77 2.4 21.2129
    endloop
  endfacet
  facet normal 0 -1 0
    outer loop
      vertex 154 2.4 20.966
      vertex 153.683 2.4 21.1225
      vertex 153.717 2.4 21.0832
    endloop
  endfacet
  facet normal 0 -1 0
    outer loop
      vertex 166.77 2.4 21.2129
      vertex 166.4 2.4 20.966
      vertex 166.746 2.4 21.166
    endloop
  endfacet
  facet normal 0 -1 0
    outer loop
      vertex 154 2.4 20.966
      vertex 153.717 2.4 21.0832
      vertex 153.757 2.4 21.0487
    endloop
  endfacet
  facet normal 0 -1 0
    outer loop
      vertex 166.746 2.4 21.166
      vertex 166.4 2.4 20.966
      vertex 166.717 2.4 21.1225
    endloop
  endfacet
  facet normal 0 -1 0
    outer loop
      vertex 154 2.4 20.966
      vertex 153.757 2.4 21.0487
      vertex 153.8 2.4 21.0196
    endloop
  endfacet
  facet normal 0 -1 0
    outer loop
      vertex 166.717 2.4 21.1225
      vertex 166.4 2.4 20.966
      vertex 166.683 2.4 21.0832
    endloop
  endfacet
  facet normal 0 -1 0
    outer loop
      vertex 154 2.4 20.966
      vertex 153.8 2.4 21.0196
      vertex 153.847 2.4 20.9965
    endloop
  endfacet
  facet normal 0 -1 0
    outer loop
      vertex 166.683 2.4 21.0832
      vertex 166.4 2.4 20.966
      vertex 166.643 2.4 21.0487
    endloop
  endfacet
  facet normal 0 -1 0
    outer loop
      vertex 154 2.4 20.966
      vertex 153.847 2.4 20.9965
      vertex 153.896 2.4 20.9796
    endloop
  endfacet
  facet normal 0 -1 0
    outer loop
      vertex 166.643 2.4 21.0487
      vertex 166.4 2.4 20.966
      vertex 166.6 2.4 21.0196
    endloop
  endfacet
  facet normal 0 -1 0
    outer loop
      vertex 154 2.4 20.966
      vertex 153.896 2.4 20.9796
      vertex 153.948 2.4 20.9694
    endloop
  endfacet
  facet normal 0 -1 0
    outer loop
      vertex 166.6 2.4 21.0196
      vertex 166.4 2.4 20.966
      vertex 166.553 2.4 20.9965
    endloop
  endfacet
  facet normal 0 -1 0
    outer loop
      vertex 166.553 2.4 20.9965
      vertex 166.4 2.4 20.966
      vertex 166.504 2.4 20.9796
    endloop
  endfacet
  facet normal 0 -1 0
    outer loop
      vertex 166.504 2.4 20.9796
      vertex 166.4 2.4 20.966
      vertex 166.452 2.4 20.9694
    endloop
  endfacet
  facet normal 0.977775 -0 0.209659
    outer loop
      vertex 153.603 0 21.3138
      vertex 153.614 2.4 21.2625
      vertex 153.603 2.4 21.3138
    endloop
  endfacet
  facet normal 0.977775 0 0.209659
    outer loop
      vertex 153.614 2.4 21.2625
      vertex 153.603 0 21.3138
      vertex 153.614 0 21.2625
    endloop
  endfacet
  facet normal 1 -0 0
    outer loop
      vertex 153.6 0 27.866
      vertex 153.6 2.4 21.366
      vertex 153.6 2.4 27.866
    endloop
  endfacet
  facet normal 1 0 0
    outer loop
      vertex 153.6 2.4 21.366
      vertex 153.6 0 27.866
      vertex 153.6 0 21.366
    endloop
  endfacet
  facet normal -0.998353 0 -0.0573766
    outer loop
      vertex 166.8 0 27.866
      vertex 166.797 2.4 27.9182
      vertex 166.8 2.4 27.866
    endloop
  endfacet
  facet normal -0.998353 -0 -0.0573766
    outer loop
      vertex 166.797 2.4 27.9182
      vertex 166.8 0 27.866
      vertex 166.797 0 27.9182
    endloop
  endfacet
  facet normal 0.998353 -0 0.0573766
    outer loop
      vertex 153.6 0 21.366
      vertex 153.603 2.4 21.3138
      vertex 153.6 2.4 21.366
    endloop
  endfacet
  facet normal 0.998353 0 0.0573766
    outer loop
      vertex 153.603 2.4 21.3138
      vertex 153.6 0 21.366
      vertex 153.603 0 21.3138
    endloop
  endfacet
  facet normal 0.441093 0 -0.897462
    outer loop
      vertex 153.8 0 28.2124
      vertex 153.847 2.4 28.2355
      vertex 153.847 0 28.2355
    endloop
  endfacet
  facet normal 0.441093 0 -0.897462
    outer loop
      vertex 153.847 2.4 28.2355
      vertex 153.8 0 28.2124
      vertex 153.8 2.4 28.2124
    endloop
  endfacet
  facet normal -0.890212 0 -0.455546
    outer loop
      vertex 166.77 0 28.0191
      vertex 166.746 2.4 28.066
      vertex 166.77 2.4 28.0191
    endloop
  endfacet
  facet normal -0.890212 -0 -0.455546
    outer loop
      vertex 166.746 2.4 28.066
      vertex 166.77 0 28.0191
      vertex 166.746 0 28.066
    endloop
  endfacet
  facet normal -0.0652453 0 -0.997869
    outer loop
      vertex 166.4 0 28.266
      vertex 166.452 2.4 28.2626
      vertex 166.452 0 28.2626
    endloop
  endfacet
  facet normal -0.0652453 0 -0.997869
    outer loop
      vertex 166.452 2.4 28.2626
      vertex 166.4 0 28.266
      vertex 166.4 2.4 28.266
    endloop
  endfacet
  facet normal 0.653127 0 -0.757249
    outer loop
      vertex 153.717 0 28.1488
      vertex 153.757 2.4 28.1833
      vertex 153.757 0 28.1833
    endloop
  endfacet
  facet normal 0.653127 0 -0.757249
    outer loop
      vertex 153.757 2.4 28.1833
      vertex 153.717 0 28.1488
      vertex 153.717 2.4 28.1488
    endloop
  endfacet
  facet normal 0.998353 0 -0.0573766
    outer loop
      vertex 153.603 0 27.9182
      vertex 153.6 2.4 27.866
      vertex 153.603 2.4 27.9182
    endloop
  endfacet
  facet normal 0.998353 0 -0.0573766
    outer loop
      vertex 153.6 2.4 27.866
      vertex 153.603 0 27.9182
      vertex 153.6 0 27.866
    endloop
  endfacet
  facet normal 0 0 -1
    outer loop
      vertex 154 0 28.266
      vertex 166.4 2.4 28.266
      vertex 166.4 0 28.266
    endloop
  endfacet
  facet normal -0 0 -1
    outer loop
      vertex 166.4 2.4 28.266
      vertex 154 0 28.266
      vertex 154 2.4 28.266
    endloop
  endfacet
  facet normal -0.998353 0 0.0573766
    outer loop
      vertex 166.797 0 21.3138
      vertex 166.8 2.4 21.366
      vertex 166.797 2.4 21.3138
    endloop
  endfacet
  facet normal -0.998353 0 0.0573766
    outer loop
      vertex 166.8 2.4 21.366
      vertex 166.797 0 21.3138
      vertex 166.8 0 21.366
    endloop
  endfacet
  facet normal -1 0 0
    outer loop
      vertex 166.8 0 21.366
      vertex 166.8 2.4 27.866
      vertex 166.8 2.4 21.366
    endloop
  endfacet
  facet normal -1 -0 0
    outer loop
      vertex 166.8 2.4 27.866
      vertex 166.8 0 21.366
      vertex 166.8 0 27.866
    endloop
  endfacet
  facet normal -0 0 1
    outer loop
      vertex 154 2.4 20.966
      vertex 166.4 0 20.966
      vertex 166.4 2.4 20.966
    endloop
  endfacet
  facet normal 0 0 1
    outer loop
      vertex 166.4 0 20.966
      vertex 154 2.4 20.966
      vertex 154 0 20.966
    endloop
  endfacet
  facet normal -0.441093 0 0.897462
    outer loop
      vertex 166.553 2.4 20.9965
      vertex 166.6 0 21.0196
      vertex 166.6 2.4 21.0196
    endloop
  endfacet
  facet normal -0.441093 0 0.897462
    outer loop
      vertex 166.6 0 21.0196
      vertex 166.553 2.4 20.9965
      vertex 166.553 0 20.9965
    endloop
  endfacet
  facet normal 0.0652453 0 0.997869
    outer loop
      vertex 153.948 2.4 20.9694
      vertex 154 0 20.966
      vertex 154 2.4 20.966
    endloop
  endfacet
  facet normal 0.0652453 0 0.997869
    outer loop
      vertex 154 0 20.966
      vertex 153.948 2.4 20.9694
      vertex 153.948 0 20.9694
    endloop
  endfacet
  facet normal 0.75626 -0 0.654271
    outer loop
      vertex 153.683 0 21.1225
      vertex 153.717 2.4 21.0832
      vertex 153.683 2.4 21.1225
    endloop
  endfacet
  facet normal 0.75626 0 0.654271
    outer loop
      vertex 153.717 2.4 21.0832
      vertex 153.683 0 21.1225
      vertex 153.717 0 21.0832
    endloop
  endfacet
  facet normal -0.83205 0 -0.5547
    outer loop
      vertex 166.746 0 28.066
      vertex 166.717 2.4 28.1095
      vertex 166.746 2.4 28.066
    endloop
  endfacet
  facet normal -0.83205 -0 -0.5547
    outer loop
      vertex 166.717 2.4 28.1095
      vertex 166.746 0 28.066
      vertex 166.717 0 28.1095
    endloop
  endfacet
  facet normal 0.192486 0 -0.9813
    outer loop
      vertex 153.896 0 28.2524
      vertex 153.948 2.4 28.2626
      vertex 153.948 0 28.2626
    endloop
  endfacet
  facet normal 0.192486 0 -0.9813
    outer loop
      vertex 153.948 2.4 28.2626
      vertex 153.896 0 28.2524
      vertex 153.896 2.4 28.2524
    endloop
  endfacet
  facet normal 0.83205 0 -0.5547
    outer loop
      vertex 153.683 0 28.1095
      vertex 153.654 2.4 28.066
      vertex 153.683 2.4 28.1095
    endloop
  endfacet
  facet normal 0.83205 0 -0.5547
    outer loop
      vertex 153.654 2.4 28.066
      vertex 153.683 0 28.1095
      vertex 153.654 0 28.066
    endloop
  endfacet
  facet normal 0.75626 0 -0.654271
    outer loop
      vertex 153.717 0 28.1488
      vertex 153.683 2.4 28.1095
      vertex 153.717 2.4 28.1488
    endloop
  endfacet
  facet normal 0.75626 0 -0.654271
    outer loop
      vertex 153.683 2.4 28.1095
      vertex 153.717 0 28.1488
      vertex 153.683 0 28.1095
    endloop
  endfacet
  facet normal -0.560465 0 0.828178
    outer loop
      vertex 166.6 2.4 21.0196
      vertex 166.643 0 21.0487
      vertex 166.643 2.4 21.0487
    endloop
  endfacet
  facet normal -0.560465 0 0.828178
    outer loop
      vertex 166.643 0 21.0487
      vertex 166.6 2.4 21.0196
      vertex 166.6 0 21.0196
    endloop
  endfacet
  facet normal -0.653127 0 0.757249
    outer loop
      vertex 166.643 2.4 21.0487
      vertex 166.683 0 21.0832
      vertex 166.683 2.4 21.0832
    endloop
  endfacet
  facet normal -0.653127 0 0.757249
    outer loop
      vertex 166.683 0 21.0832
      vertex 166.643 2.4 21.0487
      vertex 166.643 0 21.0487
    endloop
  endfacet
  facet normal -0.75626 0 0.654271
    outer loop
      vertex 166.683 0 21.0832
      vertex 166.717 2.4 21.1225
      vertex 166.683 2.4 21.0832
    endloop
  endfacet
  facet normal -0.75626 0 0.654271
    outer loop
      vertex 166.717 2.4 21.1225
      vertex 166.683 0 21.0832
      vertex 166.717 0 21.1225
    endloop
  endfacet
  facet normal -0.977775 0 0.209659
    outer loop
      vertex 166.786 0 21.2625
      vertex 166.797 2.4 21.3138
      vertex 166.786 2.4 21.2625
    endloop
  endfacet
  facet normal -0.977775 0 0.209659
    outer loop
      vertex 166.797 2.4 21.3138
      vertex 166.786 0 21.2625
      vertex 166.797 0 21.3138
    endloop
  endfacet
  facet normal -0.192486 0 0.9813
    outer loop
      vertex 166.452 2.4 20.9694
      vertex 166.504 0 20.9796
      vertex 166.504 2.4 20.9796
    endloop
  endfacet
  facet normal -0.192486 0 0.9813
    outer loop
      vertex 166.504 0 20.9796
      vertex 166.452 2.4 20.9694
      vertex 166.452 0 20.9694
    endloop
  endfacet
  facet normal -0.0652453 0 0.997869
    outer loop
      vertex 166.4 2.4 20.966
      vertex 166.452 0 20.9694
      vertex 166.452 2.4 20.9694
    endloop
  endfacet
  facet normal -0.0652453 0 0.997869
    outer loop
      vertex 166.452 0 20.9694
      vertex 166.4 2.4 20.966
      vertex 166.4 0 20.966
    endloop
  endfacet
  facet normal -0.32605 0 0.945352
    outer loop
      vertex 166.504 2.4 20.9796
      vertex 166.553 0 20.9965
      vertex 166.553 2.4 20.9965
    endloop
  endfacet
  facet normal -0.32605 0 0.945352
    outer loop
      vertex 166.553 0 20.9965
      vertex 166.504 2.4 20.9796
      vertex 166.504 0 20.9796
    endloop
  endfacet
  facet normal 0.192486 0 0.9813
    outer loop
      vertex 153.896 2.4 20.9796
      vertex 153.948 0 20.9694
      vertex 153.948 2.4 20.9694
    endloop
  endfacet
  facet normal 0.192486 0 0.9813
    outer loop
      vertex 153.948 0 20.9694
      vertex 153.896 2.4 20.9796
      vertex 153.896 0 20.9796
    endloop
  endfacet
  facet normal -0.951709 0 -0.307003
    outer loop
      vertex 166.786 0 27.9695
      vertex 166.77 2.4 28.0191
      vertex 166.786 2.4 27.9695
    endloop
  endfacet
  facet normal -0.951709 -0 -0.307003
    outer loop
      vertex 166.77 2.4 28.0191
      vertex 166.786 0 27.9695
      vertex 166.77 0 28.0191
    endloop
  endfacet
  facet normal -0.653127 0 -0.757249
    outer loop
      vertex 166.643 0 28.1833
      vertex 166.683 2.4 28.1488
      vertex 166.683 0 28.1488
    endloop
  endfacet
  facet normal -0.653127 0 -0.757249
    outer loop
      vertex 166.683 2.4 28.1488
      vertex 166.643 0 28.1833
      vertex 166.643 2.4 28.1833
    endloop
  endfacet
  facet normal -0.192486 0 -0.9813
    outer loop
      vertex 166.452 0 28.2626
      vertex 166.504 2.4 28.2524
      vertex 166.504 0 28.2524
    endloop
  endfacet
  facet normal -0.192486 0 -0.9813
    outer loop
      vertex 166.504 2.4 28.2524
      vertex 166.452 0 28.2626
      vertex 166.452 2.4 28.2626
    endloop
  endfacet
  facet normal -0.560465 0 -0.828178
    outer loop
      vertex 166.6 0 28.2124
      vertex 166.643 2.4 28.1833
      vertex 166.643 0 28.1833
    endloop
  endfacet
  facet normal -0.560465 0 -0.828178
    outer loop
      vertex 166.643 2.4 28.1833
      vertex 166.6 0 28.2124
      vertex 166.6 2.4 28.2124
    endloop
  endfacet
  facet normal -0.32605 0 -0.945352
    outer loop
      vertex 166.504 0 28.2524
      vertex 166.553 2.4 28.2355
      vertex 166.553 0 28.2355
    endloop
  endfacet
  facet normal -0.32605 0 -0.945352
    outer loop
      vertex 166.553 2.4 28.2355
      vertex 166.504 0 28.2524
      vertex 166.504 2.4 28.2524
    endloop
  endfacet
  facet normal 0.32605 0 -0.945352
    outer loop
      vertex 153.847 0 28.2355
      vertex 153.896 2.4 28.2524
      vertex 153.896 0 28.2524
    endloop
  endfacet
  facet normal 0.32605 0 -0.945352
    outer loop
      vertex 153.896 2.4 28.2524
      vertex 153.847 0 28.2355
      vertex 153.847 2.4 28.2355
    endloop
  endfacet
  facet normal 0.0652453 0 -0.997869
    outer loop
      vertex 153.948 0 28.2626
      vertex 154 2.4 28.266
      vertex 154 0 28.266
    endloop
  endfacet
  facet normal 0.0652453 0 -0.997869
    outer loop
      vertex 154 2.4 28.266
      vertex 153.948 0 28.2626
      vertex 153.948 2.4 28.2626
    endloop
  endfacet
  facet normal 0.560465 0 -0.828178
    outer loop
      vertex 153.757 0 28.1833
      vertex 153.8 2.4 28.2124
      vertex 153.8 0 28.2124
    endloop
  endfacet
  facet normal 0.560465 0 -0.828178
    outer loop
      vertex 153.8 2.4 28.2124
      vertex 153.757 0 28.1833
      vertex 153.757 2.4 28.1833
    endloop
  endfacet
  facet normal 0.977775 0 -0.209659
    outer loop
      vertex 153.614 0 27.9695
      vertex 153.603 2.4 27.9182
      vertex 153.614 2.4 27.9695
    endloop
  endfacet
  facet normal 0.977775 0 -0.209659
    outer loop
      vertex 153.603 2.4 27.9182
      vertex 153.614 0 27.9695
      vertex 153.603 0 27.9182
    endloop
  endfacet
  facet normal 0.890212 0 -0.455546
    outer loop
      vertex 153.654 0 28.066
      vertex 153.63 2.4 28.0191
      vertex 153.654 2.4 28.066
    endloop
  endfacet
  facet normal 0.890212 0 -0.455546
    outer loop
      vertex 153.63 2.4 28.0191
      vertex 153.654 0 28.066
      vertex 153.63 0 28.0191
    endloop
  endfacet
  facet normal 0.951709 0 -0.307003
    outer loop
      vertex 153.63 0 28.0191
      vertex 153.614 2.4 27.9695
      vertex 153.63 2.4 28.0191
    endloop
  endfacet
  facet normal 0.951709 0 -0.307003
    outer loop
      vertex 153.614 2.4 27.9695
      vertex 153.63 0 28.0191
      vertex 153.614 0 27.9695
    endloop
  endfacet
  facet normal -0.83205 0 0.5547
    outer loop
      vertex 166.717 0 21.1225
      vertex 166.746 2.4 21.166
      vertex 166.717 2.4 21.1225
    endloop
  endfacet
  facet normal -0.83205 0 0.5547
    outer loop
      vertex 166.746 2.4 21.166
      vertex 166.717 0 21.1225
      vertex 166.746 0 21.166
    endloop
  endfacet
  facet normal -0.890212 0 0.455546
    outer loop
      vertex 166.746 0 21.166
      vertex 166.77 2.4 21.2129
      vertex 166.746 2.4 21.166
    endloop
  endfacet
  facet normal -0.890212 0 0.455546
    outer loop
      vertex 166.77 2.4 21.2129
      vertex 166.746 0 21.166
      vertex 166.77 0 21.2129
    endloop
  endfacet
  facet normal -0.951709 0 0.307003
    outer loop
      vertex 166.77 0 21.2129
      vertex 166.786 2.4 21.2625
      vertex 166.77 2.4 21.2129
    endloop
  endfacet
  facet normal -0.951709 0 0.307003
    outer loop
      vertex 166.786 2.4 21.2625
      vertex 166.77 0 21.2129
      vertex 166.786 0 21.2625
    endloop
  endfacet
  facet normal 0.560465 0 0.828178
    outer loop
      vertex 153.757 2.4 21.0487
      vertex 153.8 0 21.0196
      vertex 153.8 2.4 21.0196
    endloop
  endfacet
  facet normal 0.560465 0 0.828178
    outer loop
      vertex 153.8 0 21.0196
      vertex 153.757 2.4 21.0487
      vertex 153.757 0 21.0487
    endloop
  endfacet
  facet normal 0.653127 0 0.757249
    outer loop
      vertex 153.717 2.4 21.0832
      vertex 153.757 0 21.0487
      vertex 153.757 2.4 21.0487
    endloop
  endfacet
  facet normal 0.653127 0 0.757249
    outer loop
      vertex 153.757 0 21.0487
      vertex 153.717 2.4 21.0832
      vertex 153.717 0 21.0832
    endloop
  endfacet
  facet normal 0.83205 -0 0.5547
    outer loop
      vertex 153.654 0 21.166
      vertex 153.683 2.4 21.1225
      vertex 153.654 2.4 21.166
    endloop
  endfacet
  facet normal 0.83205 0 0.5547
    outer loop
      vertex 153.683 2.4 21.1225
      vertex 153.654 0 21.166
      vertex 153.683 0 21.1225
    endloop
  endfacet
  facet normal 0.951709 -0 0.307003
    outer loop
      vertex 153.614 0 21.2625
      vertex 153.63 2.4 21.2129
      vertex 153.614 2.4 21.2625
    endloop
  endfacet
  facet normal 0.951709 0 0.307003
    outer loop
      vertex 153.63 2.4 21.2129
      vertex 153.614 0 21.2625
      vertex 153.63 0 21.2129
    endloop
  endfacet
  facet normal 0.890212 -0 0.455546
    outer loop
      vertex 153.63 0 21.2129
      vertex 153.654 2.4 21.166
      vertex 153.63 2.4 21.2129
    endloop
  endfacet
  facet normal 0.890212 0 0.455546
    outer loop
      vertex 153.654 2.4 21.166
      vertex 153.63 0 21.2129
      vertex 153.654 0 21.166
    endloop
  endfacet
  facet normal -0.977775 0 -0.209659
    outer loop
      vertex 166.797 0 27.9182
      vertex 166.786 2.4 27.9695
      vertex 166.797 2.4 27.9182
    endloop
  endfacet
  facet normal -0.977775 -0 -0.209659
    outer loop
      vertex 166.786 2.4 27.9695
      vertex 166.797 0 27.9182
      vertex 166.786 0 27.9695
    endloop
  endfacet
  facet normal -0.75626 0 -0.654271
    outer loop
      vertex 166.717 0 28.1095
      vertex 166.683 2.4 28.1488
      vertex 166.717 2.4 28.1095
    endloop
  endfacet
  facet normal -0.75626 -0 -0.654271
    outer loop
      vertex 166.683 2.4 28.1488
      vertex 166.717 0 28.1095
      vertex 166.683 0 28.1488
    endloop
  endfacet
  facet normal -0.441093 0 -0.897462
    outer loop
      vertex 166.553 0 28.2355
      vertex 166.6 2.4 28.2124
      vertex 166.6 0 28.2124
    endloop
  endfacet
  facet normal -0.441093 0 -0.897462
    outer loop
      vertex 166.6 2.4 28.2124
      vertex 166.553 0 28.2355
      vertex 166.553 2.4 28.2355
    endloop
  endfacet
  facet normal 0.441093 0 0.897462
    outer loop
      vertex 153.8 2.4 21.0196
      vertex 153.847 0 20.9965
      vertex 153.847 2.4 20.9965
    endloop
  endfacet
  facet normal 0.441093 0 0.897462
    outer loop
      vertex 153.847 0 20.9965
      vertex 153.8 2.4 21.0196
      vertex 153.8 0 21.0196
    endloop
  endfacet
  facet normal 0.32605 0 0.945352
    outer loop
      vertex 153.847 2.4 20.9965
      vertex 153.896 0 20.9796
      vertex 153.896 2.4 20.9796
    endloop
  endfacet
  facet normal 0.32605 0 0.945352
    outer loop
      vertex 153.896 0 20.9796
      vertex 153.847 2.4 20.9965
      vertex 153.847 0 20.9965
    endloop
  endfacet
  facet normal -0.997865 0 0.0653124
    outer loop
      vertex 234.183 142 52.0846
      vertex 234.4 145 55.4
      vertex 234.183 145 52.0846
    endloop
  endfacet
  facet normal -0.997865 0 0.0653124
    outer loop
      vertex 234.4 145 55.4
      vertex 234.183 142 52.0846
      vertex 234.4 142 55.4
    endloop
  endfacet
  facet normal 0.997865 -0 0.0653124
    outer loop
      vertex 183.6 142 55.4
      vertex 183.817 145 52.0846
      vertex 183.6 145 55.4
    endloop
  endfacet
  facet normal 0.997865 0 0.0653124
    outer loop
      vertex 183.817 145 52.0846
      vertex 183.6 142 55.4
      vertex 183.817 142 52.0846
    endloop
  endfacet
  facet normal 0.0654101 0 0.997858
    outer loop
      vertex 205.685 145 30.2173
      vertex 209 142 30
      vertex 209 145 30
    endloop
  endfacet
  facet normal 0.0654101 0 0.997858
    outer loop
      vertex 209 142 30
      vertex 205.685 145 30.2173
      vertex 205.685 142 30.2173
    endloop
  endfacet
  facet normal -0.0654101 0 -0.997858
    outer loop
      vertex 209 142 80.8
      vertex 212.315 145 80.5827
      vertex 212.315 142 80.5827
    endloop
  endfacet
  facet normal -0.0654101 0 -0.997858
    outer loop
      vertex 212.315 145 80.5827
      vertex 209 142 80.8
      vertex 209 145 80.8
    endloop
  endfacet
  facet normal -0.751942 0 -0.659229
    outer loop
      vertex 229.151 142 70.8625
      vertex 226.961 145 73.3605
      vertex 229.151 145 70.8625
    endloop
  endfacet
  facet normal -0.751942 -0 -0.659229
    outer loop
      vertex 226.961 145 73.3605
      vertex 229.151 142 70.8625
      vertex 226.961 142 73.3605
    endloop
  endfacet
  facet normal -0.659348 0 0.751838
    outer loop
      vertex 224.463 145 35.2488
      vertex 226.961 142 37.4395
      vertex 226.961 145 37.4395
    endloop
  endfacet
  facet normal -0.659348 0 0.751838
    outer loop
      vertex 226.961 142 37.4395
      vertex 224.463 145 35.2488
      vertex 224.463 142 35.2488
    endloop
  endfacet
  facet normal 0.751942 -0 0.659229
    outer loop
      vertex 188.849 142 39.9375
      vertex 191.039 145 37.4395
      vertex 188.849 145 39.9375
    endloop
  endfacet
  facet normal 0.751942 0 0.659229
    outer loop
      vertex 191.039 145 37.4395
      vertex 188.849 142 39.9375
      vertex 191.039 142 37.4395
    endloop
  endfacet
  facet normal 0.442271 0 0.896882
    outer loop
      vertex 196.3 145 33.403
      vertex 199.28 142 31.9335
      vertex 199.28 145 31.9335
    endloop
  endfacet
  facet normal 0.442271 0 0.896882
    outer loop
      vertex 199.28 142 31.9335
      vertex 196.3 145 33.403
      vertex 196.3 142 33.403
    endloop
  endfacet
  facet normal -0.89681 0 0.442416
    outer loop
      vertex 230.997 142 42.7
      vertex 232.467 145 45.6798
      vertex 230.997 145 42.7
    endloop
  endfacet
  facet normal -0.89681 0 0.442416
    outer loop
      vertex 232.467 145 45.6798
      vertex 230.997 142 42.7
      vertex 232.467 142 45.6798
    endloop
  endfacet
  facet normal -0.831448 0 0.555603
    outer loop
      vertex 229.151 142 39.9375
      vertex 230.997 145 42.7
      vertex 229.151 145 39.9375
    endloop
  endfacet
  facet normal -0.831448 0 0.555603
    outer loop
      vertex 230.997 145 42.7
      vertex 229.151 142 39.9375
      vertex 230.997 142 42.7
    endloop
  endfacet
  facet normal -0.32146 0 0.946923
    outer loop
      vertex 215.574 145 30.8655
      vertex 218.72 142 31.9335
      vertex 218.72 145 31.9335
    endloop
  endfacet
  facet normal -0.32146 0 0.946923
    outer loop
      vertex 218.72 142 31.9335
      vertex 215.574 145 30.8655
      vertex 215.574 142 30.8655
    endloop
  endfacet
  facet normal -0.555492 0 0.831522
    outer loop
      vertex 221.7 145 33.403
      vertex 224.463 142 35.2488
      vertex 224.463 145 35.2488
    endloop
  endfacet
  facet normal -0.555492 0 0.831522
    outer loop
      vertex 224.463 142 35.2488
      vertex 221.7 145 33.403
      vertex 221.7 142 33.403
    endloop
  endfacet
  facet normal 0.946929 -0 0.321442
    outer loop
      vertex 184.465 142 48.826
      vertex 185.533 145 45.6798
      vertex 184.465 145 48.826
    endloop
  endfacet
  facet normal 0.946929 0 0.321442
    outer loop
      vertex 185.533 145 45.6798
      vertex 184.465 142 48.826
      vertex 185.533 142 45.6798
    endloop
  endfacet
  facet normal 0.89681 -0 0.442416
    outer loop
      vertex 185.533 142 45.6798
      vertex 187.003 145 42.7
      vertex 185.533 145 45.6798
    endloop
  endfacet
  facet normal 0.89681 0 0.442416
    outer loop
      vertex 187.003 145 42.7
      vertex 185.533 142 45.6798
      vertex 187.003 142 42.7
    endloop
  endfacet
  facet normal 0.980795 -0 0.195039
    outer loop
      vertex 183.817 142 52.0846
      vertex 184.465 145 48.826
      vertex 183.817 145 52.0846
    endloop
  endfacet
  facet normal 0.980795 0 0.195039
    outer loop
      vertex 184.465 145 48.826
      vertex 183.817 142 52.0846
      vertex 184.465 142 48.826
    endloop
  endfacet
  facet normal 0.659348 0 0.751838
    outer loop
      vertex 191.039 145 37.4395
      vertex 193.537 142 35.2488
      vertex 193.537 145 35.2488
    endloop
  endfacet
  facet normal 0.659348 0 0.751838
    outer loop
      vertex 193.537 142 35.2488
      vertex 191.039 145 37.4395
      vertex 191.039 142 37.4395
    endloop
  endfacet
  facet normal 0.195074 0 0.980788
    outer loop
      vertex 202.426 145 30.8655
      vertex 205.685 142 30.2173
      vertex 205.685 145 30.2173
    endloop
  endfacet
  facet normal 0.195074 0 0.980788
    outer loop
      vertex 205.685 142 30.2173
      vertex 202.426 145 30.8655
      vertex 202.426 142 30.8655
    endloop
  endfacet
  facet normal -0.946929 0 0.321442
    outer loop
      vertex 232.467 142 45.6798
      vertex 233.535 145 48.826
      vertex 232.467 145 45.6798
    endloop
  endfacet
  facet normal -0.946929 0 0.321442
    outer loop
      vertex 233.535 145 48.826
      vertex 232.467 142 45.6798
      vertex 233.535 142 48.826
    endloop
  endfacet
  facet normal -0.980795 0 0.195039
    outer loop
      vertex 233.535 142 48.826
      vertex 234.183 145 52.0846
      vertex 233.535 145 48.826
    endloop
  endfacet
  facet normal -0.980795 0 0.195039
    outer loop
      vertex 234.183 145 52.0846
      vertex 233.535 142 48.826
      vertex 234.183 142 52.0846
    endloop
  endfacet
  facet normal -0.751942 0 0.659229
    outer loop
      vertex 226.961 142 37.4395
      vertex 229.151 145 39.9375
      vertex 226.961 145 37.4395
    endloop
  endfacet
  facet normal -0.751942 0 0.659229
    outer loop
      vertex 229.151 145 39.9375
      vertex 226.961 142 37.4395
      vertex 229.151 142 39.9375
    endloop
  endfacet
  facet normal -0.195074 0 0.980788
    outer loop
      vertex 212.315 145 30.2173
      vertex 215.574 142 30.8655
      vertex 215.574 145 30.8655
    endloop
  endfacet
  facet normal -0.195074 0 0.980788
    outer loop
      vertex 215.574 142 30.8655
      vertex 212.315 145 30.2173
      vertex 212.315 142 30.2173
    endloop
  endfacet
  facet normal -0.0654101 0 0.997858
    outer loop
      vertex 209 145 30
      vertex 212.315 142 30.2173
      vertex 212.315 145 30.2173
    endloop
  endfacet
  facet normal -0.0654101 0 0.997858
    outer loop
      vertex 212.315 142 30.2173
      vertex 209 145 30
      vertex 209 142 30
    endloop
  endfacet
  facet normal 0.32146 0 0.946923
    outer loop
      vertex 199.28 145 31.9335
      vertex 202.426 142 30.8655
      vertex 202.426 145 30.8655
    endloop
  endfacet
  facet normal 0.32146 0 0.946923
    outer loop
      vertex 202.426 142 30.8655
      vertex 199.28 145 31.9335
      vertex 199.28 142 31.9335
    endloop
  endfacet
  facet normal -0.997865 0 -0.0653124
    outer loop
      vertex 234.4 142 55.4
      vertex 234.183 145 58.7154
      vertex 234.4 145 55.4
    endloop
  endfacet
  facet normal -0.997865 -0 -0.0653124
    outer loop
      vertex 234.183 145 58.7154
      vertex 234.4 142 55.4
      vertex 234.183 142 58.7154
    endloop
  endfacet
  facet normal -0.946929 0 -0.321442
    outer loop
      vertex 233.535 142 61.974
      vertex 232.467 145 65.1202
      vertex 233.535 145 61.974
    endloop
  endfacet
  facet normal -0.946929 -0 -0.321442
    outer loop
      vertex 232.467 145 65.1202
      vertex 233.535 142 61.974
      vertex 232.467 142 65.1202
    endloop
  endfacet
  facet normal -0.980795 0 -0.195039
    outer loop
      vertex 234.183 142 58.7154
      vertex 233.535 145 61.974
      vertex 234.183 145 58.7154
    endloop
  endfacet
  facet normal -0.980795 -0 -0.195039
    outer loop
      vertex 233.535 145 61.974
      vertex 234.183 142 58.7154
      vertex 233.535 142 61.974
    endloop
  endfacet
  facet normal -0.659348 0 -0.751838
    outer loop
      vertex 224.463 142 75.5512
      vertex 226.961 145 73.3605
      vertex 226.961 142 73.3605
    endloop
  endfacet
  facet normal -0.659348 0 -0.751838
    outer loop
      vertex 226.961 145 73.3605
      vertex 224.463 142 75.5512
      vertex 224.463 145 75.5512
    endloop
  endfacet
  facet normal -0.442271 0 -0.896882
    outer loop
      vertex 218.72 142 78.8665
      vertex 221.7 145 77.397
      vertex 221.7 142 77.397
    endloop
  endfacet
  facet normal -0.442271 0 -0.896882
    outer loop
      vertex 221.7 145 77.397
      vertex 218.72 142 78.8665
      vertex 218.72 145 78.8665
    endloop
  endfacet
  facet normal -0.442271 0 0.896882
    outer loop
      vertex 218.72 145 31.9335
      vertex 221.7 142 33.403
      vertex 221.7 145 33.403
    endloop
  endfacet
  facet normal -0.442271 0 0.896882
    outer loop
      vertex 221.7 142 33.403
      vertex 218.72 145 31.9335
      vertex 218.72 142 31.9335
    endloop
  endfacet
  facet normal 0.831448 -0 0.555603
    outer loop
      vertex 187.003 142 42.7
      vertex 188.849 145 39.9375
      vertex 187.003 145 42.7
    endloop
  endfacet
  facet normal 0.831448 0 0.555603
    outer loop
      vertex 188.849 145 39.9375
      vertex 187.003 142 42.7
      vertex 188.849 142 39.9375
    endloop
  endfacet
  facet normal 0.555492 0 0.831522
    outer loop
      vertex 193.537 145 35.2488
      vertex 196.3 142 33.403
      vertex 196.3 145 33.403
    endloop
  endfacet
  facet normal 0.555492 0 0.831522
    outer loop
      vertex 196.3 142 33.403
      vertex 193.537 145 35.2488
      vertex 193.537 142 35.2488
    endloop
  endfacet
  facet normal 0.751942 0 -0.659229
    outer loop
      vertex 191.039 142 73.3605
      vertex 188.849 145 70.8625
      vertex 191.039 145 73.3605
    endloop
  endfacet
  facet normal 0.751942 0 -0.659229
    outer loop
      vertex 188.849 145 70.8625
      vertex 191.039 142 73.3605
      vertex 188.849 142 70.8625
    endloop
  endfacet
  facet normal 0.89681 0 -0.442416
    outer loop
      vertex 187.003 142 68.1
      vertex 185.533 145 65.1202
      vertex 187.003 145 68.1
    endloop
  endfacet
  facet normal 0.89681 0 -0.442416
    outer loop
      vertex 185.533 145 65.1202
      vertex 187.003 142 68.1
      vertex 185.533 142 65.1202
    endloop
  endfacet
  facet normal 0.997865 0 -0.0653124
    outer loop
      vertex 183.817 142 58.7154
      vertex 183.6 145 55.4
      vertex 183.817 145 58.7154
    endloop
  endfacet
  facet normal 0.997865 0 -0.0653124
    outer loop
      vertex 183.6 145 55.4
      vertex 183.817 142 58.7154
      vertex 183.6 142 55.4
    endloop
  endfacet
  facet normal 0.980795 0 -0.195039
    outer loop
      vertex 184.465 142 61.974
      vertex 183.817 145 58.7154
      vertex 184.465 145 61.974
    endloop
  endfacet
  facet normal 0.980795 0 -0.195039
    outer loop
      vertex 183.817 145 58.7154
      vertex 184.465 142 61.974
      vertex 183.817 142 58.7154
    endloop
  endfacet
  facet normal 0.946929 0 -0.321442
    outer loop
      vertex 185.533 142 65.1202
      vertex 184.465 145 61.974
      vertex 185.533 145 65.1202
    endloop
  endfacet
  facet normal 0.946929 0 -0.321442
    outer loop
      vertex 184.465 145 61.974
      vertex 185.533 142 65.1202
      vertex 184.465 142 61.974
    endloop
  endfacet
  facet normal -0.555492 0 -0.831522
    outer loop
      vertex 221.7 142 77.397
      vertex 224.463 145 75.5512
      vertex 224.463 142 75.5512
    endloop
  endfacet
  facet normal -0.555492 0 -0.831522
    outer loop
      vertex 224.463 145 75.5512
      vertex 221.7 142 77.397
      vertex 221.7 145 77.397
    endloop
  endfacet
  facet normal -0.32146 0 -0.946923
    outer loop
      vertex 215.574 142 79.9345
      vertex 218.72 145 78.8665
      vertex 218.72 142 78.8665
    endloop
  endfacet
  facet normal -0.32146 0 -0.946923
    outer loop
      vertex 218.72 145 78.8665
      vertex 215.574 142 79.9345
      vertex 215.574 145 79.9345
    endloop
  endfacet
  facet normal -0.195074 0 -0.980788
    outer loop
      vertex 212.315 142 80.5827
      vertex 215.574 145 79.9345
      vertex 215.574 142 79.9345
    endloop
  endfacet
  facet normal -0.195074 0 -0.980788
    outer loop
      vertex 215.574 145 79.9345
      vertex 212.315 142 80.5827
      vertex 212.315 145 80.5827
    endloop
  endfacet
  facet normal -0.89681 0 -0.442416
    outer loop
      vertex 232.467 142 65.1202
      vertex 230.997 145 68.1
      vertex 232.467 145 65.1202
    endloop
  endfacet
  facet normal -0.89681 -0 -0.442416
    outer loop
      vertex 230.997 145 68.1
      vertex 232.467 142 65.1202
      vertex 230.997 142 68.1
    endloop
  endfacet
  facet normal -0.831448 0 -0.555603
    outer loop
      vertex 230.997 142 68.1
      vertex 229.151 145 70.8625
      vertex 230.997 145 68.1
    endloop
  endfacet
  facet normal -0.831448 -0 -0.555603
    outer loop
      vertex 229.151 145 70.8625
      vertex 230.997 142 68.1
      vertex 229.151 142 70.8625
    endloop
  endfacet
  facet normal 0.0654101 0 -0.997858
    outer loop
      vertex 205.685 142 80.5827
      vertex 209 145 80.8
      vertex 209 142 80.8
    endloop
  endfacet
  facet normal 0.0654101 0 -0.997858
    outer loop
      vertex 209 145 80.8
      vertex 205.685 142 80.5827
      vertex 205.685 145 80.5827
    endloop
  endfacet
  facet normal 0.442271 0 -0.896882
    outer loop
      vertex 196.3 142 77.397
      vertex 199.28 145 78.8665
      vertex 199.28 142 78.8665
    endloop
  endfacet
  facet normal 0.442271 0 -0.896882
    outer loop
      vertex 199.28 145 78.8665
      vertex 196.3 142 77.397
      vertex 196.3 145 77.397
    endloop
  endfacet
  facet normal 0.195074 0 -0.980788
    outer loop
      vertex 202.426 142 79.9345
      vertex 205.685 145 80.5827
      vertex 205.685 142 80.5827
    endloop
  endfacet
  facet normal 0.195074 0 -0.980788
    outer loop
      vertex 205.685 145 80.5827
      vertex 202.426 142 79.9345
      vertex 202.426 145 79.9345
    endloop
  endfacet
  facet normal 0.831448 0 -0.555603
    outer loop
      vertex 188.849 142 70.8625
      vertex 187.003 145 68.1
      vertex 188.849 145 70.8625
    endloop
  endfacet
  facet normal 0.831448 0 -0.555603
    outer loop
      vertex 187.003 145 68.1
      vertex 188.849 142 70.8625
      vertex 187.003 142 68.1
    endloop
  endfacet
  facet normal 0.659348 0 -0.751838
    outer loop
      vertex 191.039 142 73.3605
      vertex 193.537 145 75.5512
      vertex 193.537 142 75.5512
    endloop
  endfacet
  facet normal 0.659348 0 -0.751838
    outer loop
      vertex 193.537 145 75.5512
      vertex 191.039 142 73.3605
      vertex 191.039 145 73.3605
    endloop
  endfacet
  facet normal 0.555492 0 -0.831522
    outer loop
      vertex 193.537 142 75.5512
      vertex 196.3 145 77.397
      vertex 196.3 142 77.397
    endloop
  endfacet
  facet normal 0.555492 0 -0.831522
    outer loop
      vertex 196.3 145 77.397
      vertex 193.537 142 75.5512
      vertex 193.537 145 75.5512
    endloop
  endfacet
  facet normal 0.32146 0 -0.946923
    outer loop
      vertex 199.28 142 78.8665
      vertex 202.426 145 79.9345
      vertex 202.426 142 79.9345
    endloop
  endfacet
  facet normal 0.32146 0 -0.946923
    outer loop
      vertex 202.426 145 79.9345
      vertex 199.28 142 78.8665
      vertex 199.28 145 78.8665
    endloop
  endfacet
  facet normal 0 0 -1
    outer loop
      vertex 237 5.15 36.6
      vertex 238.21 21.75 36.6
      vertex 238.21 5.15 36.6
    endloop
  endfacet
  facet normal -0 0 -1
    outer loop
      vertex 238.21 21.75 36.6
      vertex 237 5.15 36.6
      vertex 237 21.75 36.6
    endloop
  endfacet
  facet normal -1 0 0
    outer loop
      vertex 238.21 21.75 20.7
      vertex 238.21 21.45 22.836
      vertex 238.21 21.75 36.6
    endloop
  endfacet
  facet normal -1 0 0
    outer loop
      vertex 238.21 21.75 20.7
      vertex 238.21 5.45 22.836
      vertex 238.21 21.45 22.836
    endloop
  endfacet
  facet normal -1 0 0
    outer loop
      vertex 238.21 5.15 36.6
      vertex 238.21 5.45 22.836
      vertex 238.21 5.15 20.7
    endloop
  endfacet
  facet normal -1 0 0
    outer loop
      vertex 238.21 5.15 20.7
      vertex 238.21 5.45 22.836
      vertex 238.21 21.75 20.7
    endloop
  endfacet
  facet normal -1 0 0
    outer loop
      vertex 238.21 21.45 36.336
      vertex 238.21 21.75 36.6
      vertex 238.21 21.45 22.836
    endloop
  endfacet
  facet normal -1 0 0
    outer loop
      vertex 238.21 5.45 36.336
      vertex 238.21 21.75 36.6
      vertex 238.21 21.45 36.336
    endloop
  endfacet
  facet normal -1 0 0
    outer loop
      vertex 238.21 5.45 36.336
      vertex 238.21 5.15 36.6
      vertex 238.21 21.75 36.6
    endloop
  endfacet
  facet normal -1 0 0
    outer loop
      vertex 238.21 5.45 22.836
      vertex 238.21 5.15 36.6
      vertex 238.21 5.45 36.336
    endloop
  endfacet
  facet normal -0 0 1
    outer loop
      vertex 237 21.75 20.7
      vertex 238.21 5.15 20.7
      vertex 238.21 21.75 20.7
    endloop
  endfacet
  facet normal 0 0 1
    outer loop
      vertex 238.21 5.15 20.7
      vertex 237 21.75 20.7
      vertex 237 5.15 20.7
    endloop
  endfacet
  facet normal 0 1 -0
    outer loop
      vertex 238.21 5.15 20.7
      vertex 237 5.15 36.6
      vertex 238.21 5.15 36.6
    endloop
  endfacet
  facet normal 0 1 0
    outer loop
      vertex 237 5.15 36.6
      vertex 238.21 5.15 20.7
      vertex 237 5.15 20.7
    endloop
  endfacet
  facet normal 0 -1 0
    outer loop
      vertex 237 21.75 20.7
      vertex 238.21 21.75 36.6
      vertex 237 21.75 36.6
    endloop
  endfacet
  facet normal 0 -1 -0
    outer loop
      vertex 238.21 21.75 36.6
      vertex 237 21.75 20.7
      vertex 238.21 21.75 20.7
    endloop
  endfacet
  facet normal 0 0 -1
    outer loop
      vertex 238.21 5.45 36.336
      vertex 240 21.45 36.336
      vertex 240 5.45 36.336
    endloop
  endfacet
  facet normal -0 0 -1
    outer loop
      vertex 240 21.45 36.336
      vertex 238.21 5.45 36.336
      vertex 238.21 21.45 36.336
    endloop
  endfacet
  facet normal -0 0 1
    outer loop
      vertex 238.21 21.45 22.836
      vertex 240 5.45 22.836
      vertex 240 21.45 22.836
    endloop
  endfacet
  facet normal 0 0 1
    outer loop
      vertex 240 5.45 22.836
      vertex 238.21 21.45 22.836
      vertex 238.21 5.45 22.836
    endloop
  endfacet
  facet normal 0 1 -0
    outer loop
      vertex 240 5.45 22.836
      vertex 238.21 5.45 36.336
      vertex 240 5.45 36.336
    endloop
  endfacet
  facet normal 0 1 0
    outer loop
      vertex 238.21 5.45 36.336
      vertex 240 5.45 22.836
      vertex 238.21 5.45 22.836
    endloop
  endfacet
  facet normal 0 -1 0
    outer loop
      vertex 238.21 21.45 22.836
      vertex 240 21.45 36.336
      vertex 238.21 21.45 36.336
    endloop
  endfacet
  facet normal 0 -1 -0
    outer loop
      vertex 240 21.45 36.336
      vertex 238.21 21.45 22.836
      vertex 240 21.45 22.836
    endloop
  endfacet
endsolid OpenSCAD_Model
