solid OpenSCAD_Model
  facet normal -1 0 0
    outer loop
      vertex 0 96.2855 4.7781
      vertex 0 108 8
      vertex 0 108 0
    endloop
  endfacet
  facet normal -1 0 0
    outer loop
      vertex 0 108 8
      vertex 0 96.2855 4.7781
      vertex 0 96.3 5
    endloop
  endfacet
  facet normal -1 0 0
    outer loop
      vertex 0 108 0
      vertex 0 96.2421 4.56001
      vertex 0 96.2855 4.7781
    endloop
  endfacet
  facet normal -1 0 0
    outer loop
      vertex 0 108 0
      vertex 0 96.1706 4.34944
      vertex 0 96.2421 4.56001
    endloop
  endfacet
  facet normal -1 0 0
    outer loop
      vertex 0 108 0
      vertex 0 96.0722 4.15
      vertex 0 96.1706 4.34944
    endloop
  endfacet
  facet normal -1 0 0
    outer loop
      vertex 0 108 0
      vertex 0 95.9487 3.96511
      vertex 0 96.0722 4.15
    endloop
  endfacet
  facet normal -1 0 0
    outer loop
      vertex 0 108 0
      vertex 0 95.8021 3.79792
      vertex 0 95.9487 3.96511
    endloop
  endfacet
  facet normal -1 0 0
    outer loop
      vertex 0 108 0
      vertex 0 95.6349 3.6513
      vertex 0 95.8021 3.79792
    endloop
  endfacet
  facet normal -1 0 0
    outer loop
      vertex 0 108 0
      vertex 0 95.45 3.52776
      vertex 0 95.6349 3.6513
    endloop
  endfacet
  facet normal -1 0 0
    outer loop
      vertex 0 108 0
      vertex 0 95.2506 3.4294
      vertex 0 95.45 3.52776
    endloop
  endfacet
  facet normal -1 0 0
    outer loop
      vertex 0 108 0
      vertex 0 95.04 3.35793
      vertex 0 95.2506 3.4294
    endloop
  endfacet
  facet normal -1 0 0
    outer loop
      vertex 0 108 0
      vertex 0 94.8219 3.31454
      vertex 0 95.04 3.35793
    endloop
  endfacet
  facet normal -1 0 0
    outer loop
      vertex 0 108 0
      vertex 0 94.6 3.3
      vertex 0 94.8219 3.31454
    endloop
  endfacet
  facet normal -1 0 0
    outer loop
      vertex 0 108 0
      vertex 0 94.3781 3.31454
      vertex 0 94.6 3.3
    endloop
  endfacet
  facet normal -1 0 0
    outer loop
      vertex 0 108 0
      vertex 0 94.16 3.35793
      vertex 0 94.3781 3.31454
    endloop
  endfacet
  facet normal -1 0 0
    outer loop
      vertex 0 92.9145 4.7781
      vertex 0 19.7 5
      vertex 0 92.9 5
    endloop
  endfacet
  facet normal -1 0 0
    outer loop
      vertex 0 19.6855 4.7781
      vertex 0 92.9145 4.7781
      vertex 0 92.9579 4.56001
    endloop
  endfacet
  facet normal -1 0 0
    outer loop
      vertex 0 19.6421 4.56001
      vertex 0 92.9579 4.56001
      vertex 0 93.0294 4.34944
    endloop
  endfacet
  facet normal -1 0 0
    outer loop
      vertex 0 19.5706 4.34944
      vertex 0 93.0294 4.34944
      vertex 0 93.1278 4.15
    endloop
  endfacet
  facet normal -1 0 0
    outer loop
      vertex 0 19.4722 4.15
      vertex 0 93.1278 4.15
      vertex 0 93.2513 3.96511
    endloop
  endfacet
  facet normal -1 0 0
    outer loop
      vertex 0 19.3487 3.96511
      vertex 0 93.2513 3.96511
      vertex 0 93.3979 3.79792
    endloop
  endfacet
  facet normal -1 0 0
    outer loop
      vertex 0 19.2021 3.79792
      vertex 0 93.3979 3.79792
      vertex 0 93.5651 3.6513
    endloop
  endfacet
  facet normal -1 0 0
    outer loop
      vertex 0 19.0349 3.6513
      vertex 0 93.5651 3.6513
      vertex 0 93.75 3.52776
    endloop
  endfacet
  facet normal -1 0 0
    outer loop
      vertex 0 18.85 3.52776
      vertex 0 93.75 3.52776
      vertex 0 93.9494 3.4294
    endloop
  endfacet
  facet normal -1 0 0
    outer loop
      vertex 0 18.6506 3.4294
      vertex 0 93.9494 3.4294
      vertex 0 94.16 3.35793
    endloop
  endfacet
  facet normal -1 0 0
    outer loop
      vertex 0 18.44 3.35793
      vertex 0 94.16 3.35793
      vertex 0 108 0
    endloop
  endfacet
  facet normal -1 0 0
    outer loop
      vertex 0 92.9145 4.7781
      vertex 0 19.6855 4.7781
      vertex 0 19.7 5
    endloop
  endfacet
  facet normal -1 0 0
    outer loop
      vertex 0 92.9579 4.56001
      vertex 0 19.6421 4.56001
      vertex 0 19.6855 4.7781
    endloop
  endfacet
  facet normal -1 0 0
    outer loop
      vertex 0 93.0294 4.34944
      vertex 0 19.5706 4.34944
      vertex 0 19.6421 4.56001
    endloop
  endfacet
  facet normal -1 0 0
    outer loop
      vertex 0 93.1278 4.15
      vertex 0 19.4722 4.15
      vertex 0 19.5706 4.34944
    endloop
  endfacet
  facet normal -1 0 0
    outer loop
      vertex 0 93.2513 3.96511
      vertex 0 19.3487 3.96511
      vertex 0 19.4722 4.15
    endloop
  endfacet
  facet normal -1 0 0
    outer loop
      vertex 0 93.3979 3.79792
      vertex 0 19.2021 3.79792
      vertex 0 19.3487 3.96511
    endloop
  endfacet
  facet normal -1 0 0
    outer loop
      vertex 0 93.5651 3.6513
      vertex 0 19.0349 3.6513
      vertex 0 19.2021 3.79792
    endloop
  endfacet
  facet normal -1 0 0
    outer loop
      vertex 0 93.75 3.52776
      vertex 0 18.85 3.52776
      vertex 0 19.0349 3.6513
    endloop
  endfacet
  facet normal -1 0 0
    outer loop
      vertex 0 93.9494 3.4294
      vertex 0 18.6506 3.4294
      vertex 0 18.85 3.52776
    endloop
  endfacet
  facet normal -1 0 0
    outer loop
      vertex 0 94.16 3.35793
      vertex 0 18.44 3.35793
      vertex 0 18.6506 3.4294
    endloop
  endfacet
  facet normal -1 0 0
    outer loop
      vertex 0 108 0
      vertex 0 18.2219 3.31454
      vertex 0 18.44 3.35793
    endloop
  endfacet
  facet normal -1 0 0
    outer loop
      vertex 0 0 0
      vertex 0 18.2219 3.31454
      vertex 0 108 0
    endloop
  endfacet
  facet normal -1 0 0
    outer loop
      vertex 0 16.3145 4.7781
      vertex 0 3 8
      vertex 0 16.3 5
    endloop
  endfacet
  facet normal -1 0 0
    outer loop
      vertex 0 16.3579 4.56001
      vertex 0 3 8
      vertex 0 16.3145 4.7781
    endloop
  endfacet
  facet normal -1 0 0
    outer loop
      vertex 0 16.4294 4.34944
      vertex 0 3 8
      vertex 0 16.3579 4.56001
    endloop
  endfacet
  facet normal -1 0 0
    outer loop
      vertex 0 0 0
      vertex 0 16.4294 4.34944
      vertex 0 16.5278 4.15
    endloop
  endfacet
  facet normal -1 0 0
    outer loop
      vertex 0 0 0
      vertex 0 16.5278 4.15
      vertex 0 16.6513 3.96511
    endloop
  endfacet
  facet normal -1 0 0
    outer loop
      vertex 0 0 0
      vertex 0 16.6513 3.96511
      vertex 0 16.7979 3.79792
    endloop
  endfacet
  facet normal -1 0 0
    outer loop
      vertex 0 0 0
      vertex 0 16.7979 3.79792
      vertex 0 16.9651 3.6513
    endloop
  endfacet
  facet normal -1 0 0
    outer loop
      vertex 0 0 0
      vertex 0 16.9651 3.6513
      vertex 0 17.15 3.52776
    endloop
  endfacet
  facet normal -1 0 0
    outer loop
      vertex 0 0 0
      vertex 0 17.15 3.52776
      vertex 0 17.3494 3.4294
    endloop
  endfacet
  facet normal -1 0 0
    outer loop
      vertex 0 0 0
      vertex 0 17.3494 3.4294
      vertex 0 17.56 3.35793
    endloop
  endfacet
  facet normal -1 0 0
    outer loop
      vertex 0 18.2219 3.31454
      vertex 0 0 0
      vertex 0 18 3.3
    endloop
  endfacet
  facet normal -1 0 0
    outer loop
      vertex 0 0 0
      vertex 0 17.7781 3.31454
      vertex 0 18 3.3
    endloop
  endfacet
  facet normal -1 0 0
    outer loop
      vertex 0 0 0
      vertex 0 17.56 3.35793
      vertex 0 17.7781 3.31454
    endloop
  endfacet
  facet normal -1 -0 0
    outer loop
      vertex 0 16.4294 4.34944
      vertex 0 0 0
      vertex 0 3 8
    endloop
  endfacet
  facet normal -1 0 0
    outer loop
      vertex 0 0 17.4
      vertex 0 3 8
      vertex 0 0 0
    endloop
  endfacet
  facet normal -1 0 0
    outer loop
      vertex 0 3 8
      vertex 0 0 17.4
      vertex 0 3 17.4
    endloop
  endfacet
  facet normal -1 0 0
    outer loop
      vertex 0 96.2855 5.22189
      vertex 0 108 8
      vertex 0 96.3 5
    endloop
  endfacet
  facet normal -1 0 0
    outer loop
      vertex 0 96.2421 5.43999
      vertex 0 108 8
      vertex 0 96.2855 5.22189
    endloop
  endfacet
  facet normal -1 0 0
    outer loop
      vertex 0 96.1706 5.65056
      vertex 0 108 8
      vertex 0 96.2421 5.43999
    endloop
  endfacet
  facet normal -1 0 0
    outer loop
      vertex 0 96.0722 5.85
      vertex 0 108 8
      vertex 0 96.1706 5.65056
    endloop
  endfacet
  facet normal -1 0 0
    outer loop
      vertex 0 95.9487 6.03489
      vertex 0 108 8
      vertex 0 96.0722 5.85
    endloop
  endfacet
  facet normal -1 0 0
    outer loop
      vertex 0 95.8021 6.20208
      vertex 0 108 8
      vertex 0 95.9487 6.03489
    endloop
  endfacet
  facet normal -1 0 0
    outer loop
      vertex 0 95.6349 6.3487
      vertex 0 108 8
      vertex 0 95.8021 6.20208
    endloop
  endfacet
  facet normal -1 0 0
    outer loop
      vertex 0 95.45 6.47224
      vertex 0 108 8
      vertex 0 95.6349 6.3487
    endloop
  endfacet
  facet normal -1 0 0
    outer loop
      vertex 0 95.2506 6.57059
      vertex 0 108 8
      vertex 0 95.45 6.47224
    endloop
  endfacet
  facet normal -1 0 0
    outer loop
      vertex 0 95.04 6.64207
      vertex 0 108 8
      vertex 0 95.2506 6.57059
    endloop
  endfacet
  facet normal -1 0 0
    outer loop
      vertex 0 94.8219 6.68546
      vertex 0 108 8
      vertex 0 95.04 6.64207
    endloop
  endfacet
  facet normal -1 0 0
    outer loop
      vertex 0 94.6 6.7
      vertex 0 108 8
      vertex 0 94.8219 6.68546
    endloop
  endfacet
  facet normal -1 0 0
    outer loop
      vertex 0 94.3781 6.68546
      vertex 0 108 8
      vertex 0 94.6 6.7
    endloop
  endfacet
  facet normal -1 0 0
    outer loop
      vertex 0 19.7 5
      vertex 0 92.9145 5.22189
      vertex 0 92.9 5
    endloop
  endfacet
  facet normal -1 0 0
    outer loop
      vertex 0 19.6855 5.22189
      vertex 0 92.9145 5.22189
      vertex 0 19.7 5
    endloop
  endfacet
  facet normal -1 0 0
    outer loop
      vertex 0 92.9145 5.22189
      vertex 0 19.6855 5.22189
      vertex 0 92.9579 5.43999
    endloop
  endfacet
  facet normal -1 0 0
    outer loop
      vertex 0 19.6421 5.43999
      vertex 0 92.9579 5.43999
      vertex 0 19.6855 5.22189
    endloop
  endfacet
  facet normal -1 0 0
    outer loop
      vertex 0 92.9579 5.43999
      vertex 0 19.6421 5.43999
      vertex 0 93.0294 5.65056
    endloop
  endfacet
  facet normal -1 0 0
    outer loop
      vertex 0 19.5706 5.65056
      vertex 0 93.0294 5.65056
      vertex 0 19.6421 5.43999
    endloop
  endfacet
  facet normal -1 0 0
    outer loop
      vertex 0 93.0294 5.65056
      vertex 0 19.5706 5.65056
      vertex 0 93.1278 5.85
    endloop
  endfacet
  facet normal -1 0 0
    outer loop
      vertex 0 19.4722 5.85
      vertex 0 93.1278 5.85
      vertex 0 19.5706 5.65056
    endloop
  endfacet
  facet normal -1 0 0
    outer loop
      vertex 0 93.1278 5.85
      vertex 0 19.4722 5.85
      vertex 0 93.2513 6.03489
    endloop
  endfacet
  facet normal -1 0 0
    outer loop
      vertex 0 19.3487 6.03489
      vertex 0 93.2513 6.03489
      vertex 0 19.4722 5.85
    endloop
  endfacet
  facet normal -1 0 0
    outer loop
      vertex 0 93.2513 6.03489
      vertex 0 19.3487 6.03489
      vertex 0 93.3979 6.20208
    endloop
  endfacet
  facet normal -1 0 0
    outer loop
      vertex 0 19.2021 6.20208
      vertex 0 93.3979 6.20208
      vertex 0 19.3487 6.03489
    endloop
  endfacet
  facet normal -1 0 0
    outer loop
      vertex 0 93.3979 6.20208
      vertex 0 19.2021 6.20208
      vertex 0 93.5651 6.3487
    endloop
  endfacet
  facet normal -1 0 0
    outer loop
      vertex 0 19.0349 6.3487
      vertex 0 93.5651 6.3487
      vertex 0 19.2021 6.20208
    endloop
  endfacet
  facet normal -1 0 0
    outer loop
      vertex 0 93.5651 6.3487
      vertex 0 19.0349 6.3487
      vertex 0 93.75 6.47224
    endloop
  endfacet
  facet normal -1 0 0
    outer loop
      vertex 0 18.85 6.47224
      vertex 0 93.75 6.47224
      vertex 0 19.0349 6.3487
    endloop
  endfacet
  facet normal -1 0 0
    outer loop
      vertex 0 93.75 6.47224
      vertex 0 18.85 6.47224
      vertex 0 93.9494 6.57059
    endloop
  endfacet
  facet normal -1 0 0
    outer loop
      vertex 0 18.6506 6.57059
      vertex 0 93.9494 6.57059
      vertex 0 18.85 6.47224
    endloop
  endfacet
  facet normal -1 0 0
    outer loop
      vertex 0 93.9494 6.57059
      vertex 0 18.6506 6.57059
      vertex 0 94.16 6.64207
    endloop
  endfacet
  facet normal -1 0 0
    outer loop
      vertex 0 18.44 6.64207
      vertex 0 94.16 6.64207
      vertex 0 18.6506 6.57059
    endloop
  endfacet
  facet normal -1 0 0
    outer loop
      vertex 0 94.16 6.64207
      vertex 0 18.44 6.64207
      vertex 0 94.3781 6.68546
    endloop
  endfacet
  facet normal -1 0 0
    outer loop
      vertex 0 18.2219 6.68546
      vertex 0 94.3781 6.68546
      vertex 0 18.44 6.64207
    endloop
  endfacet
  facet normal -1 0 0
    outer loop
      vertex 0 94.3781 6.68546
      vertex 0 18.2219 6.68546
      vertex 0 108 8
    endloop
  endfacet
  facet normal -1 0 0
    outer loop
      vertex 0 18 6.7
      vertex 0 108 8
      vertex 0 18.2219 6.68546
    endloop
  endfacet
  facet normal -1 0 0
    outer loop
      vertex 0 18 6.7
      vertex 0 3 8
      vertex 0 108 8
    endloop
  endfacet
  facet normal -1 0 0
    outer loop
      vertex 0 17.7781 6.68546
      vertex 0 3 8
      vertex 0 18 6.7
    endloop
  endfacet
  facet normal -1 0 0
    outer loop
      vertex 0 17.56 6.64207
      vertex 0 3 8
      vertex 0 17.7781 6.68546
    endloop
  endfacet
  facet normal -1 0 0
    outer loop
      vertex 0 17.3494 6.57059
      vertex 0 3 8
      vertex 0 17.56 6.64207
    endloop
  endfacet
  facet normal -1 0 0
    outer loop
      vertex 0 17.15 6.47224
      vertex 0 3 8
      vertex 0 17.3494 6.57059
    endloop
  endfacet
  facet normal -1 0 0
    outer loop
      vertex 0 16.9651 6.3487
      vertex 0 3 8
      vertex 0 17.15 6.47224
    endloop
  endfacet
  facet normal -1 0 0
    outer loop
      vertex 0 16.7979 6.20208
      vertex 0 3 8
      vertex 0 16.9651 6.3487
    endloop
  endfacet
  facet normal -1 0 0
    outer loop
      vertex 0 16.6513 6.03489
      vertex 0 3 8
      vertex 0 16.7979 6.20208
    endloop
  endfacet
  facet normal -1 0 0
    outer loop
      vertex 0 16.5278 5.85
      vertex 0 3 8
      vertex 0 16.6513 6.03489
    endloop
  endfacet
  facet normal -1 0 0
    outer loop
      vertex 0 16.4294 5.65056
      vertex 0 3 8
      vertex 0 16.5278 5.85
    endloop
  endfacet
  facet normal -1 0 0
    outer loop
      vertex 0 16.3579 5.43999
      vertex 0 3 8
      vertex 0 16.4294 5.65056
    endloop
  endfacet
  facet normal -1 0 0
    outer loop
      vertex 0 16.3145 5.22189
      vertex 0 3 8
      vertex 0 16.3579 5.43999
    endloop
  endfacet
  facet normal -1 0 0
    outer loop
      vertex 0 3 8
      vertex 0 16.3145 5.22189
      vertex 0 16.3 5
    endloop
  endfacet
  facet normal -0 0 1
    outer loop
      vertex 8.69208 92.9979 2
      vertex 17 87 2
      vertex 8.8387 93.1651 2
    endloop
  endfacet
  facet normal 0 0 1
    outer loop
      vertex 17 53 2
      vertex 9.17546 18.6219 2
      vertex 9.19 18.4 2
    endloop
  endfacet
  facet normal -0 0 1
    outer loop
      vertex 8.52489 92.8513 2
      vertex 17 87 2
      vertex 8.69208 92.9979 2
    endloop
  endfacet
  facet normal 0 0 1
    outer loop
      vertex 17 53 2
      vertex 9.13207 18.84 2
      vertex 9.17546 18.6219 2
    endloop
  endfacet
  facet normal -0 0 1
    outer loop
      vertex 8.34 92.7278 2
      vertex 17 87 2
      vertex 8.52489 92.8513 2
    endloop
  endfacet
  facet normal 0 0 1
    outer loop
      vertex 17 53 2
      vertex 9.06059 19.0506 2
      vertex 9.13207 18.84 2
    endloop
  endfacet
  facet normal -0 0 1
    outer loop
      vertex 8.14056 92.6294 2
      vertex 17 87 2
      vertex 8.34 92.7278 2
    endloop
  endfacet
  facet normal 0 0 1
    outer loop
      vertex 17 53 2
      vertex 8.96224 19.25 2
      vertex 9.06059 19.0506 2
    endloop
  endfacet
  facet normal -0 0 1
    outer loop
      vertex 7.92999 92.5579 2
      vertex 17 87 2
      vertex 8.14056 92.6294 2
    endloop
  endfacet
  facet normal 0 0 1
    outer loop
      vertex 17 53 2
      vertex 8.8387 19.4349 2
      vertex 8.96224 19.25 2
    endloop
  endfacet
  facet normal -0 0 1
    outer loop
      vertex 7.71189 92.5145 2
      vertex 17 87 2
      vertex 7.92999 92.5579 2
    endloop
  endfacet
  facet normal 0 0 1
    outer loop
      vertex 17 53 2
      vertex 8.69208 19.6021 2
      vertex 8.8387 19.4349 2
    endloop
  endfacet
  facet normal -0 0 1
    outer loop
      vertex 7.49 92.5 2
      vertex 17 87 2
      vertex 7.71189 92.5145 2
    endloop
  endfacet
  facet normal 0 0 1
    outer loop
      vertex 17 53 2
      vertex 8.52489 19.7487 2
      vertex 8.69208 19.6021 2
    endloop
  endfacet
  facet normal 0 0 1
    outer loop
      vertex 17 87 2
      vertex 7.49 92.5 2
      vertex 17 76 2
    endloop
  endfacet
  facet normal 0 0 1
    outer loop
      vertex 17 53 2
      vertex 8.34 19.8722 2
      vertex 8.52489 19.7487 2
    endloop
  endfacet
  facet normal 0 0 1
    outer loop
      vertex 7.2681 92.5145 2
      vertex 17 76 2
      vertex 7.49 92.5 2
    endloop
  endfacet
  facet normal 0 0 1
    outer loop
      vertex 17 53 2
      vertex 8.14056 19.9706 2
      vertex 8.34 19.8722 2
    endloop
  endfacet
  facet normal 0 0 1
    outer loop
      vertex 7.05001 92.5579 2
      vertex 17 76 2
      vertex 7.2681 92.5145 2
    endloop
  endfacet
  facet normal 0 0 1
    outer loop
      vertex 17 53 2
      vertex 7.92999 20.0421 2
      vertex 8.14056 19.9706 2
    endloop
  endfacet
  facet normal 0 0 1
    outer loop
      vertex 6.83944 92.6294 2
      vertex 17 76 2
      vertex 7.05001 92.5579 2
    endloop
  endfacet
  facet normal 0 0 1
    outer loop
      vertex 17 53 2
      vertex 7.71189 20.0855 2
      vertex 7.92999 20.0421 2
    endloop
  endfacet
  facet normal 0 0 1
    outer loop
      vertex 6.64 92.7278 2
      vertex 17 76 2
      vertex 6.83944 92.6294 2
    endloop
  endfacet
  facet normal 0 0 1
    outer loop
      vertex 17 53 2
      vertex 7.49 20.1 2
      vertex 7.71189 20.0855 2
    endloop
  endfacet
  facet normal 0 0 1
    outer loop
      vertex 17 76 2
      vertex 6.64 92.7278 2
      vertex 17 70 2
    endloop
  endfacet
  facet normal 0 0 1
    outer loop
      vertex 17 53 2
      vertex 7.2681 20.0855 2
      vertex 7.49 20.1 2
    endloop
  endfacet
  facet normal 0 0 1
    outer loop
      vertex 6.4551 92.8513 2
      vertex 17 70 2
      vertex 6.64 92.7278 2
    endloop
  endfacet
  facet normal 0 0 1
    outer loop
      vertex 17 53 2
      vertex 7.05001 20.0421 2
      vertex 7.2681 20.0855 2
    endloop
  endfacet
  facet normal 0 0 1
    outer loop
      vertex 6.28792 92.9979 2
      vertex 17 70 2
      vertex 6.4551 92.8513 2
    endloop
  endfacet
  facet normal 0 0 1
    outer loop
      vertex 17 53 2
      vertex 6.83944 19.9706 2
      vertex 7.05001 20.0421 2
    endloop
  endfacet
  facet normal 0 0 1
    outer loop
      vertex 17 70 2
      vertex 6.28792 92.9979 2
      vertex 17 59 2
    endloop
  endfacet
  facet normal 0 0 1
    outer loop
      vertex 17 53 2
      vertex 6.64 19.8722 2
      vertex 6.83944 19.9706 2
    endloop
  endfacet
  facet normal 0 0 1
    outer loop
      vertex 6.1413 93.1651 2
      vertex 17 59 2
      vertex 6.28792 92.9979 2
    endloop
  endfacet
  facet normal 0 0 1
    outer loop
      vertex 17 53 2
      vertex 6.4551 19.7487 2
      vertex 6.64 19.8722 2
    endloop
  endfacet
  facet normal 0 0 1
    outer loop
      vertex 6.01776 93.35 2
      vertex 17 59 2
      vertex 6.1413 93.1651 2
    endloop
  endfacet
  facet normal 0 0 1
    outer loop
      vertex 17 53 2
      vertex 6.28792 19.6021 2
      vertex 6.4551 19.7487 2
    endloop
  endfacet
  facet normal 0 0 1
    outer loop
      vertex 17 59 2
      vertex 6.01776 93.35 2
      vertex 17 53 2
    endloop
  endfacet
  facet normal 0 0 1
    outer loop
      vertex 17 53 2
      vertex 6.1413 19.4349 2
      vertex 6.28792 19.6021 2
    endloop
  endfacet
  facet normal 0 0 1
    outer loop
      vertex 6.01776 19.25 2
      vertex 17 53 2
      vertex 6.01776 93.35 2
    endloop
  endfacet
  facet normal 0 0 1
    outer loop
      vertex 17 53 2
      vertex 6.01776 19.25 2
      vertex 6.1413 19.4349 2
    endloop
  endfacet
  facet normal 0 0 1
    outer loop
      vertex 5.9194 93.5494 2
      vertex 6.01776 19.25 2
      vertex 6.01776 93.35 2
    endloop
  endfacet
  facet normal 0 0 1
    outer loop
      vertex 5.9194 93.5494 2
      vertex 5.9194 19.0506 2
      vertex 6.01776 19.25 2
    endloop
  endfacet
  facet normal 0 0 1
    outer loop
      vertex 5.84793 93.76 2
      vertex 5.9194 19.0506 2
      vertex 5.9194 93.5494 2
    endloop
  endfacet
  facet normal 0 0 1
    outer loop
      vertex 5.84793 93.76 2
      vertex 5.84793 18.84 2
      vertex 5.9194 19.0506 2
    endloop
  endfacet
  facet normal 0 0 1
    outer loop
      vertex 2.5 106 2
      vertex 5.84793 93.76 2
      vertex 5.80454 93.9781 2
    endloop
  endfacet
  facet normal 0 0 1
    outer loop
      vertex 5.84793 93.76 2
      vertex 2.5 106 2
      vertex 5.84793 18.84 2
    endloop
  endfacet
  facet normal 0 0 1
    outer loop
      vertex 2.5 106 2
      vertex 5.80454 93.9781 2
      vertex 5.79 94.2 2
    endloop
  endfacet
  facet normal 0 0 1
    outer loop
      vertex 5.84793 18.84 2
      vertex 2.5 106 2
      vertex 5.80454 18.6219 2
    endloop
  endfacet
  facet normal -0 0 1
    outer loop
      vertex 17 42 2
      vertex 25 36 2
      vertex 25 42 2
    endloop
  endfacet
  facet normal 0 0 1
    outer loop
      vertex 25 36 2
      vertex 17 42 2
      vertex 17 36 2
    endloop
  endfacet
  facet normal -0 0 1
    outer loop
      vertex 17 59 2
      vertex 25 53 2
      vertex 25 59 2
    endloop
  endfacet
  facet normal 0 0 1
    outer loop
      vertex 25 53 2
      vertex 17 59 2
      vertex 17 53 2
    endloop
  endfacet
  facet normal -0 0 1
    outer loop
      vertex 17 76 2
      vertex 25 70 2
      vertex 25 76 2
    endloop
  endfacet
  facet normal 0 0 1
    outer loop
      vertex 25 70 2
      vertex 17 76 2
      vertex 17 70 2
    endloop
  endfacet
  facet normal -0 0 1
    outer loop
      vertex 30 42 2
      vertex 38 36 2
      vertex 38 42 2
    endloop
  endfacet
  facet normal 0 0 1
    outer loop
      vertex 38 36 2
      vertex 30 42 2
      vertex 30 36 2
    endloop
  endfacet
  facet normal -0 0 1
    outer loop
      vertex 30 59 2
      vertex 38 53 2
      vertex 38 59 2
    endloop
  endfacet
  facet normal 0 0 1
    outer loop
      vertex 38 53 2
      vertex 30 59 2
      vertex 30 53 2
    endloop
  endfacet
  facet normal -0 0 1
    outer loop
      vertex 30 76 2
      vertex 38 70 2
      vertex 38 76 2
    endloop
  endfacet
  facet normal 0 0 1
    outer loop
      vertex 38 70 2
      vertex 30 76 2
      vertex 30 70 2
    endloop
  endfacet
  facet normal -0 0 1
    outer loop
      vertex 43 42 2
      vertex 51 36 2
      vertex 51 42 2
    endloop
  endfacet
  facet normal 0 0 1
    outer loop
      vertex 51 36 2
      vertex 43 42 2
      vertex 43 36 2
    endloop
  endfacet
  facet normal -0 0 1
    outer loop
      vertex 43 59 2
      vertex 51 53 2
      vertex 51 59 2
    endloop
  endfacet
  facet normal 0 0 1
    outer loop
      vertex 51 53 2
      vertex 43 59 2
      vertex 43 53 2
    endloop
  endfacet
  facet normal -0 0 1
    outer loop
      vertex 43 76 2
      vertex 51 70 2
      vertex 51 76 2
    endloop
  endfacet
  facet normal 0 0 1
    outer loop
      vertex 51 70 2
      vertex 43 76 2
      vertex 43 70 2
    endloop
  endfacet
  facet normal -0 0 1
    outer loop
      vertex 56 42 2
      vertex 64 36 2
      vertex 64 42 2
    endloop
  endfacet
  facet normal 0 0 1
    outer loop
      vertex 64 36 2
      vertex 56 42 2
      vertex 56 36 2
    endloop
  endfacet
  facet normal -0 0 1
    outer loop
      vertex 56 59 2
      vertex 64 53 2
      vertex 64 59 2
    endloop
  endfacet
  facet normal 0 0 1
    outer loop
      vertex 64 53 2
      vertex 56 59 2
      vertex 56 53 2
    endloop
  endfacet
  facet normal -0 0 1
    outer loop
      vertex 56 76 2
      vertex 64 70 2
      vertex 64 76 2
    endloop
  endfacet
  facet normal 0 0 1
    outer loop
      vertex 64 70 2
      vertex 56 76 2
      vertex 56 70 2
    endloop
  endfacet
  facet normal 0 0 1
    outer loop
      vertex 70.8521 93.76 2
      vertex 74.2 106 2
      vertex 70.8955 93.9781 2
    endloop
  endfacet
  facet normal 0 0 1
    outer loop
      vertex 74.2 106 2
      vertex 70.8955 18.6219 2
      vertex 70.91 18.4 2
    endloop
  endfacet
  facet normal 0 0 1
    outer loop
      vertex 70.8521 18.84 2
      vertex 74.2 106 2
      vertex 70.8521 93.76 2
    endloop
  endfacet
  facet normal 0 0 1
    outer loop
      vertex 74.2 106 2
      vertex 70.8521 18.84 2
      vertex 70.8955 18.6219 2
    endloop
  endfacet
  facet normal -0 0 1
    outer loop
      vertex 70.7806 93.5494 2
      vertex 70.8521 18.84 2
      vertex 70.8521 93.76 2
    endloop
  endfacet
  facet normal 0 0 1
    outer loop
      vertex 70.7806 93.5494 2
      vertex 70.7806 19.0506 2
      vertex 70.8521 18.84 2
    endloop
  endfacet
  facet normal 0 0 1
    outer loop
      vertex 64 59 2
      vertex 70.7806 93.5494 2
      vertex 70.6822 93.35 2
    endloop
  endfacet
  facet normal 0 0 1
    outer loop
      vertex 70.7806 93.5494 2
      vertex 64 59 2
      vertex 70.7806 19.0506 2
    endloop
  endfacet
  facet normal 0 0 1
    outer loop
      vertex 64 70 2
      vertex 70.6822 93.35 2
      vertex 70.5587 93.1651 2
    endloop
  endfacet
  facet normal -0 0 1
    outer loop
      vertex 64 53 2
      vertex 70.7806 19.0506 2
      vertex 64 59 2
    endloop
  endfacet
  facet normal 0 0 1
    outer loop
      vertex 64 76 2
      vertex 70.5587 93.1651 2
      vertex 70.4121 92.9979 2
    endloop
  endfacet
  facet normal 0 0 1
    outer loop
      vertex 70.7806 19.0506 2
      vertex 64 53 2
      vertex 70.6822 19.25 2
    endloop
  endfacet
  facet normal 0 0 1
    outer loop
      vertex 64 76 2
      vertex 70.4121 92.9979 2
      vertex 70.2449 92.8513 2
    endloop
  endfacet
  facet normal -0 0 1
    outer loop
      vertex 64 42 2
      vertex 70.6822 19.25 2
      vertex 64 53 2
    endloop
  endfacet
  facet normal 0 0 1
    outer loop
      vertex 64 76 2
      vertex 70.2449 92.8513 2
      vertex 70.06 92.7278 2
    endloop
  endfacet
  facet normal 0 0 1
    outer loop
      vertex 70.6822 19.25 2
      vertex 64 42 2
      vertex 70.5587 19.4349 2
    endloop
  endfacet
  facet normal 0 0 1
    outer loop
      vertex 64 76 2
      vertex 70.06 92.7278 2
      vertex 69.8606 92.6294 2
    endloop
  endfacet
  facet normal -0 0 1
    outer loop
      vertex 64 36 2
      vertex 70.5587 19.4349 2
      vertex 64 42 2
    endloop
  endfacet
  facet normal 0 0 1
    outer loop
      vertex 64 87 2
      vertex 69.8606 92.6294 2
      vertex 69.65 92.5579 2
    endloop
  endfacet
  facet normal 0 0 1
    outer loop
      vertex 70.5587 19.4349 2
      vertex 64 36 2
      vertex 70.4121 19.6021 2
    endloop
  endfacet
  facet normal 0 0 1
    outer loop
      vertex 64 87 2
      vertex 69.65 92.5579 2
      vertex 69.4319 92.5145 2
    endloop
  endfacet
  facet normal 0 0 1
    outer loop
      vertex 70.4121 19.6021 2
      vertex 64 36 2
      vertex 70.2449 19.7487 2
    endloop
  endfacet
  facet normal 0 0 1
    outer loop
      vertex 64 87 2
      vertex 69.4319 92.5145 2
      vertex 69.21 92.5 2
    endloop
  endfacet
  facet normal 0 0 1
    outer loop
      vertex 70.2449 19.7487 2
      vertex 64 36 2
      vertex 70.06 19.8722 2
    endloop
  endfacet
  facet normal 0 0 1
    outer loop
      vertex 64 87 2
      vertex 69.21 92.5 2
      vertex 68.9881 92.5145 2
    endloop
  endfacet
  facet normal 0 0 1
    outer loop
      vertex 70.06 19.8722 2
      vertex 64 36 2
      vertex 69.8606 19.9706 2
    endloop
  endfacet
  facet normal 0 0 1
    outer loop
      vertex 64 87 2
      vertex 68.9881 92.5145 2
      vertex 68.77 92.5579 2
    endloop
  endfacet
  facet normal -0 0 1
    outer loop
      vertex 64 25 2
      vertex 69.8606 19.9706 2
      vertex 64 36 2
    endloop
  endfacet
  facet normal 0 0 1
    outer loop
      vertex 64 87 2
      vertex 68.77 92.5579 2
      vertex 68.5594 92.6294 2
    endloop
  endfacet
  facet normal 0 0 1
    outer loop
      vertex 69.8606 19.9706 2
      vertex 64 25 2
      vertex 69.65 20.0421 2
    endloop
  endfacet
  facet normal 0 0 1
    outer loop
      vertex 64 87 2
      vertex 68.5594 92.6294 2
      vertex 68.36 92.7278 2
    endloop
  endfacet
  facet normal 0 0 1
    outer loop
      vertex 69.65 20.0421 2
      vertex 64 25 2
      vertex 69.4319 20.0855 2
    endloop
  endfacet
  facet normal 0 0 1
    outer loop
      vertex 64 87 2
      vertex 68.36 92.7278 2
      vertex 68.1751 92.8513 2
    endloop
  endfacet
  facet normal 0 0 1
    outer loop
      vertex 69.4319 20.0855 2
      vertex 64 25 2
      vertex 69.21 20.1 2
    endloop
  endfacet
  facet normal 0 0 1
    outer loop
      vertex 64 87 2
      vertex 68.1751 92.8513 2
      vertex 68.0079 92.9979 2
    endloop
  endfacet
  facet normal 0 0 1
    outer loop
      vertex 69.21 20.1 2
      vertex 64 25 2
      vertex 68.9881 20.0855 2
    endloop
  endfacet
  facet normal 0 0 1
    outer loop
      vertex 64 87 2
      vertex 68.0079 92.9979 2
      vertex 67.8613 93.1651 2
    endloop
  endfacet
  facet normal 0 0 1
    outer loop
      vertex 68.9881 20.0855 2
      vertex 64 25 2
      vertex 68.77 20.0421 2
    endloop
  endfacet
  facet normal 0 0 1
    outer loop
      vertex 64 87 2
      vertex 67.8613 93.1651 2
      vertex 67.7378 93.35 2
    endloop
  endfacet
  facet normal 0 0 1
    outer loop
      vertex 68.77 20.0421 2
      vertex 64 25 2
      vertex 68.5594 19.9706 2
    endloop
  endfacet
  facet normal 0 0 1
    outer loop
      vertex 64 87 2
      vertex 67.7378 93.35 2
      vertex 67.6394 93.5494 2
    endloop
  endfacet
  facet normal 0 0 1
    outer loop
      vertex 68.5594 19.9706 2
      vertex 64 25 2
      vertex 68.36 19.8722 2
    endloop
  endfacet
  facet normal 0 0 1
    outer loop
      vertex 64 87 2
      vertex 67.6394 93.5494 2
      vertex 67.5679 93.76 2
    endloop
  endfacet
  facet normal 0 0 1
    outer loop
      vertex 68.36 19.8722 2
      vertex 64 25 2
      vertex 68.1751 19.7487 2
    endloop
  endfacet
  facet normal 0 0 1
    outer loop
      vertex 64 87 2
      vertex 67.5679 93.76 2
      vertex 67.5245 93.9781 2
    endloop
  endfacet
  facet normal 0 0 1
    outer loop
      vertex 68.1751 19.7487 2
      vertex 64 25 2
      vertex 68.0079 19.6021 2
    endloop
  endfacet
  facet normal 0 0 1
    outer loop
      vertex 56 87 2
      vertex 67.5245 93.9781 2
      vertex 67.51 94.2 2
    endloop
  endfacet
  facet normal 0 0 1
    outer loop
      vertex 68.0079 19.6021 2
      vertex 64 25 2
      vertex 67.8613 19.4349 2
    endloop
  endfacet
  facet normal 0 0 1
    outer loop
      vertex 68.0079 96.2021 2
      vertex 72.7 106 2
      vertex 72.7 108 2
    endloop
  endfacet
  facet normal 0 0 1
    outer loop
      vertex 72.7 106 2
      vertex 70.8955 95.2219 2
      vertex 70.91 95 2
    endloop
  endfacet
  facet normal 0 0 1
    outer loop
      vertex 72.7 106 2
      vertex 70.8521 95.44 2
      vertex 70.8955 95.2219 2
    endloop
  endfacet
  facet normal 0 0 1
    outer loop
      vertex 72.7 106 2
      vertex 70.7806 95.6506 2
      vertex 70.8521 95.44 2
    endloop
  endfacet
  facet normal 0 0 1
    outer loop
      vertex 72.7 106 2
      vertex 70.6822 95.85 2
      vertex 70.7806 95.6506 2
    endloop
  endfacet
  facet normal 0 0 1
    outer loop
      vertex 72.7 106 2
      vertex 70.5587 96.0349 2
      vertex 70.6822 95.85 2
    endloop
  endfacet
  facet normal 0 0 1
    outer loop
      vertex 72.7 106 2
      vertex 70.4121 96.2021 2
      vertex 70.5587 96.0349 2
    endloop
  endfacet
  facet normal 0 0 1
    outer loop
      vertex 72.7 106 2
      vertex 70.2449 96.3487 2
      vertex 70.4121 96.2021 2
    endloop
  endfacet
  facet normal 0 0 1
    outer loop
      vertex 72.7 106 2
      vertex 70.06 96.4722 2
      vertex 70.2449 96.3487 2
    endloop
  endfacet
  facet normal 0 0 1
    outer loop
      vertex 72.7 106 2
      vertex 69.8606 96.5706 2
      vertex 70.06 96.4722 2
    endloop
  endfacet
  facet normal 0 0 1
    outer loop
      vertex 72.7 106 2
      vertex 69.65 96.6421 2
      vertex 69.8606 96.5706 2
    endloop
  endfacet
  facet normal 0 0 1
    outer loop
      vertex 72.7 106 2
      vertex 69.4319 96.6855 2
      vertex 69.65 96.6421 2
    endloop
  endfacet
  facet normal 0 0 1
    outer loop
      vertex 72.7 106 2
      vertex 69.21 96.7 2
      vertex 69.4319 96.6855 2
    endloop
  endfacet
  facet normal 0 0 1
    outer loop
      vertex 72.7 106 2
      vertex 68.9881 96.6855 2
      vertex 69.21 96.7 2
    endloop
  endfacet
  facet normal 0 0 1
    outer loop
      vertex 72.7 106 2
      vertex 68.77 96.6421 2
      vertex 68.9881 96.6855 2
    endloop
  endfacet
  facet normal 0 0 1
    outer loop
      vertex 72.7 106 2
      vertex 68.5594 96.5706 2
      vertex 68.77 96.6421 2
    endloop
  endfacet
  facet normal 0 0 1
    outer loop
      vertex 72.7 106 2
      vertex 68.36 96.4722 2
      vertex 68.5594 96.5706 2
    endloop
  endfacet
  facet normal 0 0 1
    outer loop
      vertex 72.7 106 2
      vertex 68.1751 96.3487 2
      vertex 68.36 96.4722 2
    endloop
  endfacet
  facet normal 0 0 1
    outer loop
      vertex 72.7 106 2
      vertex 68.0079 96.2021 2
      vertex 68.1751 96.3487 2
    endloop
  endfacet
  facet normal 0 0 1
    outer loop
      vertex 72.7 108 2
      vertex 67.8613 96.0349 2
      vertex 68.0079 96.2021 2
    endloop
  endfacet
  facet normal 0 0 1
    outer loop
      vertex 51 87 2
      vertex 67.8613 96.0349 2
      vertex 72.7 108 2
    endloop
  endfacet
  facet normal 0 0 1
    outer loop
      vertex 67.8613 96.0349 2
      vertex 51 87 2
      vertex 67.7378 95.85 2
    endloop
  endfacet
  facet normal 0 0 1
    outer loop
      vertex 56 87 2
      vertex 67.51 94.2 2
      vertex 67.51 95 2
    endloop
  endfacet
  facet normal 0 0 1
    outer loop
      vertex 67.8613 19.4349 2
      vertex 64 25 2
      vertex 67.7378 19.25 2
    endloop
  endfacet
  facet normal 0 0 1
    outer loop
      vertex 69.8606 92.6294 2
      vertex 64 87 2
      vertex 64 76 2
    endloop
  endfacet
  facet normal 0 0 1
    outer loop
      vertex 56 87 2
      vertex 67.51 95 2
      vertex 67.5245 95.2219 2
    endloop
  endfacet
  facet normal 0 0 1
    outer loop
      vertex 56 87 2
      vertex 67.5245 95.2219 2
      vertex 67.5679 95.44 2
    endloop
  endfacet
  facet normal 0 0 1
    outer loop
      vertex 56 87 2
      vertex 67.5679 95.44 2
      vertex 67.6394 95.6506 2
    endloop
  endfacet
  facet normal 0 0 1
    outer loop
      vertex 67.7378 95.85 2
      vertex 51 87 2
      vertex 67.6394 95.6506 2
    endloop
  endfacet
  facet normal 0 0 1
    outer loop
      vertex 67.5245 93.9781 2
      vertex 56 87 2
      vertex 64 87 2
    endloop
  endfacet
  facet normal 0 0 1
    outer loop
      vertex 51 76 2
      vertex 56 76 2
      vertex 56 87 2
    endloop
  endfacet
  facet normal 0 0 1
    outer loop
      vertex 56 76 2
      vertex 51 76 2
      vertex 56 70 2
    endloop
  endfacet
  facet normal 0 0 1
    outer loop
      vertex 56 70 2
      vertex 51 70 2
      vertex 56 59 2
    endloop
  endfacet
  facet normal 0 0 1
    outer loop
      vertex 51 59 2
      vertex 56 59 2
      vertex 51 70 2
    endloop
  endfacet
  facet normal 0 0 1
    outer loop
      vertex 51 53 2
      vertex 56 53 2
      vertex 51 59 2
    endloop
  endfacet
  facet normal 0 0 1
    outer loop
      vertex 56 53 2
      vertex 51 53 2
      vertex 56 42 2
    endloop
  endfacet
  facet normal 0 0 1
    outer loop
      vertex 51 76 2
      vertex 56 87 2
      vertex 51 87 2
    endloop
  endfacet
  facet normal 0 0 1
    outer loop
      vertex 67.6394 95.6506 2
      vertex 51 87 2
      vertex 56 87 2
    endloop
  endfacet
  facet normal 0 0 1
    outer loop
      vertex 72.7 108 2
      vertex 43 87 2
      vertex 51 87 2
    endloop
  endfacet
  facet normal 0 0 1
    outer loop
      vertex 38 76 2
      vertex 43 76 2
      vertex 43 87 2
    endloop
  endfacet
  facet normal 0 0 1
    outer loop
      vertex 43 76 2
      vertex 38 76 2
      vertex 43 70 2
    endloop
  endfacet
  facet normal 0 0 1
    outer loop
      vertex 43 70 2
      vertex 38 70 2
      vertex 43 59 2
    endloop
  endfacet
  facet normal 0 0 1
    outer loop
      vertex 38 59 2
      vertex 43 59 2
      vertex 38 70 2
    endloop
  endfacet
  facet normal 0 0 1
    outer loop
      vertex 38 53 2
      vertex 43 53 2
      vertex 38 59 2
    endloop
  endfacet
  facet normal 0 0 1
    outer loop
      vertex 43 53 2
      vertex 38 53 2
      vertex 43 42 2
    endloop
  endfacet
  facet normal 0 0 1
    outer loop
      vertex 38 76 2
      vertex 43 87 2
      vertex 38 87 2
    endloop
  endfacet
  facet normal 0 0 1
    outer loop
      vertex 72.7 108 2
      vertex 38 87 2
      vertex 43 87 2
    endloop
  endfacet
  facet normal -0 0 1
    outer loop
      vertex 4 108 2
      vertex 38 87 2
      vertex 72.7 108 2
    endloop
  endfacet
  facet normal 0 0 1
    outer loop
      vertex 25 76 2
      vertex 30 76 2
      vertex 30 87 2
    endloop
  endfacet
  facet normal 0 0 1
    outer loop
      vertex 30 76 2
      vertex 25 76 2
      vertex 30 70 2
    endloop
  endfacet
  facet normal 0 0 1
    outer loop
      vertex 30 70 2
      vertex 25 70 2
      vertex 30 59 2
    endloop
  endfacet
  facet normal 0 0 1
    outer loop
      vertex 25 59 2
      vertex 30 59 2
      vertex 25 70 2
    endloop
  endfacet
  facet normal 0 0 1
    outer loop
      vertex 25 53 2
      vertex 30 53 2
      vertex 25 59 2
    endloop
  endfacet
  facet normal 0 0 1
    outer loop
      vertex 30 53 2
      vertex 25 53 2
      vertex 30 42 2
    endloop
  endfacet
  facet normal 0 0 1
    outer loop
      vertex 25 76 2
      vertex 30 87 2
      vertex 25 87 2
    endloop
  endfacet
  facet normal 0 0 1
    outer loop
      vertex 38 87 2
      vertex 4 108 2
      vertex 30 87 2
    endloop
  endfacet
  facet normal 0 0 1
    outer loop
      vertex 30 87 2
      vertex 4 108 2
      vertex 25 87 2
    endloop
  endfacet
  facet normal -0 0 1
    outer loop
      vertex 9.17546 93.9781 2
      vertex 17 87 2
      vertex 9.19 94.2 2
    endloop
  endfacet
  facet normal -0 0 1
    outer loop
      vertex 9.13207 93.76 2
      vertex 17 87 2
      vertex 9.17546 93.9781 2
    endloop
  endfacet
  facet normal -0 0 1
    outer loop
      vertex 9.06059 93.5494 2
      vertex 17 87 2
      vertex 9.13207 93.76 2
    endloop
  endfacet
  facet normal -0 0 1
    outer loop
      vertex 8.96224 93.35 2
      vertex 17 87 2
      vertex 9.06059 93.5494 2
    endloop
  endfacet
  facet normal -0 0 1
    outer loop
      vertex 8.8387 93.1651 2
      vertex 17 87 2
      vertex 8.96224 93.35 2
    endloop
  endfacet
  facet normal 0 0 1
    outer loop
      vertex 17 53 2
      vertex 9.19 18.4 2
      vertex 17 42 2
    endloop
  endfacet
  facet normal -0 0 1
    outer loop
      vertex 9.19 94.2 2
      vertex 17 87 2
      vertex 9.19 95 2
    endloop
  endfacet
  facet normal -0 -0 1
    outer loop
      vertex 9.06059 95.6506 2
      vertex 25 87 2
      vertex 8.96224 95.85 2
    endloop
  endfacet
  facet normal 0 0 1
    outer loop
      vertex 17 87 2
      vertex 9.17546 95.2219 2
      vertex 9.19 95 2
    endloop
  endfacet
  facet normal 0 0 1
    outer loop
      vertex 17 87 2
      vertex 9.13207 95.44 2
      vertex 9.17546 95.2219 2
    endloop
  endfacet
  facet normal 0 0 1
    outer loop
      vertex 25 87 2
      vertex 9.13207 95.44 2
      vertex 17 87 2
    endloop
  endfacet
  facet normal -0 -0 1
    outer loop
      vertex 9.13207 95.44 2
      vertex 25 87 2
      vertex 9.06059 95.6506 2
    endloop
  endfacet
  facet normal -0 -0 1
    outer loop
      vertex 8.8387 96.0349 2
      vertex 25 87 2
      vertex 4 108 2
    endloop
  endfacet
  facet normal 0 0 1
    outer loop
      vertex 25 87 2
      vertex 8.8387 96.0349 2
      vertex 8.96224 95.85 2
    endloop
  endfacet
  facet normal 0 0 1
    outer loop
      vertex 8.8387 96.0349 2
      vertex 4 108 2
      vertex 8.69208 96.2021 2
    endloop
  endfacet
  facet normal -0 0 1
    outer loop
      vertex 4 106 2
      vertex 8.69208 96.2021 2
      vertex 4 108 2
    endloop
  endfacet
  facet normal 0 0 1
    outer loop
      vertex 8.69208 96.2021 2
      vertex 4 106 2
      vertex 8.52489 96.3487 2
    endloop
  endfacet
  facet normal 0 0 1
    outer loop
      vertex 8.52489 96.3487 2
      vertex 4 106 2
      vertex 8.34 96.4722 2
    endloop
  endfacet
  facet normal 0 0 1
    outer loop
      vertex 8.34 96.4722 2
      vertex 4 106 2
      vertex 8.14056 96.5706 2
    endloop
  endfacet
  facet normal 0 0 1
    outer loop
      vertex 8.14056 96.5706 2
      vertex 4 106 2
      vertex 7.92999 96.6421 2
    endloop
  endfacet
  facet normal 0 0 1
    outer loop
      vertex 7.92999 96.6421 2
      vertex 4 106 2
      vertex 7.71189 96.6855 2
    endloop
  endfacet
  facet normal 0 0 1
    outer loop
      vertex 2.5 106 2
      vertex 5.79 94.2 2
      vertex 5.79 95 2
    endloop
  endfacet
  facet normal 0 0 1
    outer loop
      vertex 2.5 3 2
      vertex 5.80454 18.6219 2
      vertex 2.5 106 2
    endloop
  endfacet
  facet normal 0 0 1
    outer loop
      vertex 5.84793 95.44 2
      vertex 2.5 106 2
      vertex 5.80454 95.2219 2
    endloop
  endfacet
  facet normal 0 0 1
    outer loop
      vertex 5.9194 95.6506 2
      vertex 2.5 106 2
      vertex 5.84793 95.44 2
    endloop
  endfacet
  facet normal 0 0 1
    outer loop
      vertex 6.01776 95.85 2
      vertex 2.5 106 2
      vertex 5.9194 95.6506 2
    endloop
  endfacet
  facet normal 0 0 1
    outer loop
      vertex 6.1413 96.0349 2
      vertex 2.5 106 2
      vertex 6.01776 95.85 2
    endloop
  endfacet
  facet normal 0 0 1
    outer loop
      vertex 6.28792 96.2021 2
      vertex 2.5 106 2
      vertex 6.1413 96.0349 2
    endloop
  endfacet
  facet normal 0 0 1
    outer loop
      vertex 6.4551 96.3487 2
      vertex 2.5 106 2
      vertex 6.28792 96.2021 2
    endloop
  endfacet
  facet normal -0 0 1
    outer loop
      vertex 2.5 106 2
      vertex 6.4551 96.3487 2
      vertex 4 106 2
    endloop
  endfacet
  facet normal 0 0 1
    outer loop
      vertex 6.64 96.4722 2
      vertex 4 106 2
      vertex 6.4551 96.3487 2
    endloop
  endfacet
  facet normal 0 0 1
    outer loop
      vertex 6.83944 96.5706 2
      vertex 4 106 2
      vertex 6.64 96.4722 2
    endloop
  endfacet
  facet normal 0 0 1
    outer loop
      vertex 7.05001 96.6421 2
      vertex 4 106 2
      vertex 6.83944 96.5706 2
    endloop
  endfacet
  facet normal 0 0 1
    outer loop
      vertex 7.2681 96.6855 2
      vertex 4 106 2
      vertex 7.05001 96.6421 2
    endloop
  endfacet
  facet normal 0 0 1
    outer loop
      vertex 7.49 96.7 2
      vertex 4 106 2
      vertex 7.2681 96.6855 2
    endloop
  endfacet
  facet normal 0 0 1
    outer loop
      vertex 7.71189 96.6855 2
      vertex 4 106 2
      vertex 7.49 96.7 2
    endloop
  endfacet
  facet normal 0 0 1
    outer loop
      vertex 70.91 95 2
      vertex 74.2 106 2
      vertex 72.7 106 2
    endloop
  endfacet
  facet normal 0 0 1
    outer loop
      vertex 74.2 106 2
      vertex 70.91 95 2
      vertex 70.91 94.2 2
    endloop
  endfacet
  facet normal 0 0 1
    outer loop
      vertex 70.8955 93.9781 2
      vertex 74.2 106 2
      vertex 70.91 94.2 2
    endloop
  endfacet
  facet normal 0 0 1
    outer loop
      vertex 74.2 106 2
      vertex 70.91 18.4 2
      vertex 74.2 3 2
    endloop
  endfacet
  facet normal -0 0 1
    outer loop
      vertex 70.91 17.6 2
      vertex 74.2 3 2
      vertex 70.91 18.4 2
    endloop
  endfacet
  facet normal -0 0 1
    outer loop
      vertex 70.8955 17.3781 2
      vertex 74.2 3 2
      vertex 70.91 17.6 2
    endloop
  endfacet
  facet normal -0 0 1
    outer loop
      vertex 70.8521 17.16 2
      vertex 74.2 3 2
      vertex 70.8955 17.3781 2
    endloop
  endfacet
  facet normal -0 0 1
    outer loop
      vertex 70.7806 16.9494 2
      vertex 74.2 3 2
      vertex 70.8521 17.16 2
    endloop
  endfacet
  facet normal -0 0 1
    outer loop
      vertex 70.6822 16.75 2
      vertex 74.2 3 2
      vertex 70.7806 16.9494 2
    endloop
  endfacet
  facet normal -0 0 1
    outer loop
      vertex 70.5587 16.5651 2
      vertex 74.2 3 2
      vertex 70.6822 16.75 2
    endloop
  endfacet
  facet normal -0 0 1
    outer loop
      vertex 70.4121 16.3979 2
      vertex 74.2 3 2
      vertex 70.5587 16.5651 2
    endloop
  endfacet
  facet normal -0 0 1
    outer loop
      vertex 70.2449 16.2513 2
      vertex 74.2 3 2
      vertex 70.4121 16.3979 2
    endloop
  endfacet
  facet normal -0 0 1
    outer loop
      vertex 70.06 16.1278 2
      vertex 74.2 3 2
      vertex 70.2449 16.2513 2
    endloop
  endfacet
  facet normal -0 0 1
    outer loop
      vertex 69.8606 16.0294 2
      vertex 74.2 3 2
      vertex 70.06 16.1278 2
    endloop
  endfacet
  facet normal -0 0 1
    outer loop
      vertex 69.65 15.9579 2
      vertex 74.2 3 2
      vertex 69.8606 16.0294 2
    endloop
  endfacet
  facet normal -0 0 1
    outer loop
      vertex 69.4319 15.9145 2
      vertex 74.2 3 2
      vertex 69.65 15.9579 2
    endloop
  endfacet
  facet normal -0 0 1
    outer loop
      vertex 69.21 15.9 2
      vertex 74.2 3 2
      vertex 69.4319 15.9145 2
    endloop
  endfacet
  facet normal 0 0 1
    outer loop
      vertex 68.9881 15.9145 2
      vertex 74.2 3 2
      vertex 69.21 15.9 2
    endloop
  endfacet
  facet normal 0 0 1
    outer loop
      vertex 68.77 15.9579 2
      vertex 74.2 3 2
      vertex 68.9881 15.9145 2
    endloop
  endfacet
  facet normal 0 0 1
    outer loop
      vertex 68.5594 16.0294 2
      vertex 74.2 3 2
      vertex 68.77 15.9579 2
    endloop
  endfacet
  facet normal 0 0 1
    outer loop
      vertex 68.36 16.1278 2
      vertex 74.2 3 2
      vertex 68.5594 16.0294 2
    endloop
  endfacet
  facet normal 0 0 1
    outer loop
      vertex 68.1751 16.2513 2
      vertex 74.2 3 2
      vertex 68.36 16.1278 2
    endloop
  endfacet
  facet normal 0 0 1
    outer loop
      vertex 68.0079 16.3979 2
      vertex 74.2 3 2
      vertex 68.1751 16.2513 2
    endloop
  endfacet
  facet normal 0 0 1
    outer loop
      vertex 67.8613 16.5651 2
      vertex 74.2 3 2
      vertex 68.0079 16.3979 2
    endloop
  endfacet
  facet normal 0 0 1
    outer loop
      vertex 51 25 2
      vertex 67.8613 16.5651 2
      vertex 67.7378 16.75 2
    endloop
  endfacet
  facet normal 0 0 1
    outer loop
      vertex 56 25 2
      vertex 67.7378 16.75 2
      vertex 67.6394 16.9494 2
    endloop
  endfacet
  facet normal 0 0 1
    outer loop
      vertex 70.5587 93.1651 2
      vertex 64 76 2
      vertex 64 70 2
    endloop
  endfacet
  facet normal 0 0 1
    outer loop
      vertex 70.6822 93.35 2
      vertex 64 70 2
      vertex 64 59 2
    endloop
  endfacet
  facet normal 0 0 1
    outer loop
      vertex 67.7378 19.25 2
      vertex 64 25 2
      vertex 67.6394 19.0506 2
    endloop
  endfacet
  facet normal 0 0 1
    outer loop
      vertex 67.6394 19.0506 2
      vertex 64 25 2
      vertex 67.5679 18.84 2
    endloop
  endfacet
  facet normal 0 0 1
    outer loop
      vertex 67.5679 18.84 2
      vertex 64 25 2
      vertex 67.5245 18.6219 2
    endloop
  endfacet
  facet normal 0 0 1
    outer loop
      vertex 67.5245 18.6219 2
      vertex 64 25 2
      vertex 67.51 18.4 2
    endloop
  endfacet
  facet normal -0 0 1
    outer loop
      vertex 56 25 2
      vertex 67.51 18.4 2
      vertex 64 25 2
    endloop
  endfacet
  facet normal 0 0 1
    outer loop
      vertex 67.51 18.4 2
      vertex 56 25 2
      vertex 67.51 17.6 2
    endloop
  endfacet
  facet normal 0 0 1
    outer loop
      vertex 67.51 17.6 2
      vertex 56 25 2
      vertex 67.5245 17.3781 2
    endloop
  endfacet
  facet normal 0 0 1
    outer loop
      vertex 67.5245 17.3781 2
      vertex 56 25 2
      vertex 67.5679 17.16 2
    endloop
  endfacet
  facet normal 0 0 1
    outer loop
      vertex 67.5679 17.16 2
      vertex 56 25 2
      vertex 67.6394 16.9494 2
    endloop
  endfacet
  facet normal 0 0 1
    outer loop
      vertex 67.7378 16.75 2
      vertex 56 25 2
      vertex 51 25 2
    endloop
  endfacet
  facet normal 0 0 1
    outer loop
      vertex 56 70 2
      vertex 51 76 2
      vertex 51 70 2
    endloop
  endfacet
  facet normal 0 0 1
    outer loop
      vertex 56 59 2
      vertex 51 59 2
      vertex 56 53 2
    endloop
  endfacet
  facet normal 0 0 1
    outer loop
      vertex 51 42 2
      vertex 56 42 2
      vertex 51 53 2
    endloop
  endfacet
  facet normal 0 0 1
    outer loop
      vertex 56 42 2
      vertex 51 42 2
      vertex 56 36 2
    endloop
  endfacet
  facet normal 0 0 1
    outer loop
      vertex 51 36 2
      vertex 56 36 2
      vertex 51 42 2
    endloop
  endfacet
  facet normal 0 0 1
    outer loop
      vertex 56 36 2
      vertex 51 36 2
      vertex 56 25 2
    endloop
  endfacet
  facet normal 0 0 1
    outer loop
      vertex 51 25 2
      vertex 56 25 2
      vertex 51 36 2
    endloop
  endfacet
  facet normal 0 0 1
    outer loop
      vertex 67.8613 16.5651 2
      vertex 51 25 2
      vertex 74.2 3 2
    endloop
  endfacet
  facet normal -0 0 1
    outer loop
      vertex 43 25 2
      vertex 74.2 3 2
      vertex 51 25 2
    endloop
  endfacet
  facet normal 0 0 1
    outer loop
      vertex 43 70 2
      vertex 38 76 2
      vertex 38 70 2
    endloop
  endfacet
  facet normal 0 0 1
    outer loop
      vertex 43 59 2
      vertex 38 59 2
      vertex 43 53 2
    endloop
  endfacet
  facet normal 0 0 1
    outer loop
      vertex 38 42 2
      vertex 43 42 2
      vertex 38 53 2
    endloop
  endfacet
  facet normal 0 0 1
    outer loop
      vertex 43 42 2
      vertex 38 42 2
      vertex 43 36 2
    endloop
  endfacet
  facet normal 0 0 1
    outer loop
      vertex 38 36 2
      vertex 43 36 2
      vertex 38 42 2
    endloop
  endfacet
  facet normal 0 0 1
    outer loop
      vertex 43 36 2
      vertex 38 36 2
      vertex 43 25 2
    endloop
  endfacet
  facet normal 0 0 1
    outer loop
      vertex 38 25 2
      vertex 43 25 2
      vertex 38 36 2
    endloop
  endfacet
  facet normal -0 0 1
    outer loop
      vertex 38 25 2
      vertex 74.2 3 2
      vertex 43 25 2
    endloop
  endfacet
  facet normal 0 0 1
    outer loop
      vertex 2.5 3 2
      vertex 38 25 2
      vertex 30 25 2
    endloop
  endfacet
  facet normal 0 0 1
    outer loop
      vertex 30 70 2
      vertex 25 76 2
      vertex 25 70 2
    endloop
  endfacet
  facet normal 0 0 1
    outer loop
      vertex 30 59 2
      vertex 25 59 2
      vertex 30 53 2
    endloop
  endfacet
  facet normal 0 0 1
    outer loop
      vertex 25 42 2
      vertex 30 42 2
      vertex 25 53 2
    endloop
  endfacet
  facet normal 0 0 1
    outer loop
      vertex 30 42 2
      vertex 25 42 2
      vertex 30 36 2
    endloop
  endfacet
  facet normal 0 0 1
    outer loop
      vertex 25 36 2
      vertex 30 36 2
      vertex 25 42 2
    endloop
  endfacet
  facet normal 0 0 1
    outer loop
      vertex 30 36 2
      vertex 25 36 2
      vertex 30 25 2
    endloop
  endfacet
  facet normal 0 0 1
    outer loop
      vertex 25 25 2
      vertex 30 25 2
      vertex 25 36 2
    endloop
  endfacet
  facet normal 0 0 1
    outer loop
      vertex 8.8387 16.5651 2
      vertex 30 25 2
      vertex 25 25 2
    endloop
  endfacet
  facet normal 0 0 1
    outer loop
      vertex 9.06059 16.9494 2
      vertex 25 25 2
      vertex 17 25 2
    endloop
  endfacet
  facet normal 0 0 1
    outer loop
      vertex 17 42 2
      vertex 9.19 18.4 2
      vertex 17 36 2
    endloop
  endfacet
  facet normal 0 0 1
    outer loop
      vertex 17 36 2
      vertex 9.19 18.4 2
      vertex 17 25 2
    endloop
  endfacet
  facet normal 0 0 1
    outer loop
      vertex 9.19 17.6 2
      vertex 17 25 2
      vertex 9.19 18.4 2
    endloop
  endfacet
  facet normal 0 0 1
    outer loop
      vertex 9.17546 17.3781 2
      vertex 17 25 2
      vertex 9.19 17.6 2
    endloop
  endfacet
  facet normal 0 0 1
    outer loop
      vertex 9.13207 17.16 2
      vertex 17 25 2
      vertex 9.17546 17.3781 2
    endloop
  endfacet
  facet normal 0 0 1
    outer loop
      vertex 9.06059 16.9494 2
      vertex 17 25 2
      vertex 9.13207 17.16 2
    endloop
  endfacet
  facet normal 0 0 1
    outer loop
      vertex 25 25 2
      vertex 9.06059 16.9494 2
      vertex 8.96224 16.75 2
    endloop
  endfacet
  facet normal 0 0 1
    outer loop
      vertex 25 25 2
      vertex 8.96224 16.75 2
      vertex 8.8387 16.5651 2
    endloop
  endfacet
  facet normal 0 0 1
    outer loop
      vertex 30 25 2
      vertex 8.8387 16.5651 2
      vertex 2.5 3 2
    endloop
  endfacet
  facet normal 0 0 1
    outer loop
      vertex 2.5 3 2
      vertex 8.8387 16.5651 2
      vertex 8.69208 16.3979 2
    endloop
  endfacet
  facet normal 0 0 1
    outer loop
      vertex 2.5 3 2
      vertex 8.69208 16.3979 2
      vertex 8.52489 16.2513 2
    endloop
  endfacet
  facet normal 0 0 1
    outer loop
      vertex 2.5 3 2
      vertex 8.52489 16.2513 2
      vertex 8.34 16.1278 2
    endloop
  endfacet
  facet normal 0 0 1
    outer loop
      vertex 2.5 3 2
      vertex 8.34 16.1278 2
      vertex 8.14056 16.0294 2
    endloop
  endfacet
  facet normal 0 0 1
    outer loop
      vertex 2.5 3 2
      vertex 8.14056 16.0294 2
      vertex 7.92999 15.9579 2
    endloop
  endfacet
  facet normal 0 0 1
    outer loop
      vertex 2.5 3 2
      vertex 7.92999 15.9579 2
      vertex 7.71189 15.9145 2
    endloop
  endfacet
  facet normal 0 0 1
    outer loop
      vertex 2.5 3 2
      vertex 7.71189 15.9145 2
      vertex 7.49 15.9 2
    endloop
  endfacet
  facet normal 0 0 1
    outer loop
      vertex 2.5 3 2
      vertex 7.49 15.9 2
      vertex 7.2681 15.9145 2
    endloop
  endfacet
  facet normal 0 0 1
    outer loop
      vertex 5.80454 95.2219 2
      vertex 2.5 106 2
      vertex 5.79 95 2
    endloop
  endfacet
  facet normal 0 0 1
    outer loop
      vertex 5.80454 18.6219 2
      vertex 2.5 3 2
      vertex 5.79 18.4 2
    endloop
  endfacet
  facet normal 0 0 1
    outer loop
      vertex 38 25 2
      vertex 2.5 3 2
      vertex 74.2 3 2
    endloop
  endfacet
  facet normal 0 0 1
    outer loop
      vertex 7.05001 15.9579 2
      vertex 2.5 3 2
      vertex 7.2681 15.9145 2
    endloop
  endfacet
  facet normal 0 0 1
    outer loop
      vertex 6.83944 16.0294 2
      vertex 2.5 3 2
      vertex 7.05001 15.9579 2
    endloop
  endfacet
  facet normal 0 0 1
    outer loop
      vertex 6.64 16.1278 2
      vertex 2.5 3 2
      vertex 6.83944 16.0294 2
    endloop
  endfacet
  facet normal 0 0 1
    outer loop
      vertex 6.4551 16.2513 2
      vertex 2.5 3 2
      vertex 6.64 16.1278 2
    endloop
  endfacet
  facet normal 0 0 1
    outer loop
      vertex 6.28792 16.3979 2
      vertex 2.5 3 2
      vertex 6.4551 16.2513 2
    endloop
  endfacet
  facet normal 0 0 1
    outer loop
      vertex 6.1413 16.5651 2
      vertex 2.5 3 2
      vertex 6.28792 16.3979 2
    endloop
  endfacet
  facet normal 0 0 1
    outer loop
      vertex 6.01776 16.75 2
      vertex 2.5 3 2
      vertex 6.1413 16.5651 2
    endloop
  endfacet
  facet normal 0 0 1
    outer loop
      vertex 5.9194 16.9494 2
      vertex 2.5 3 2
      vertex 6.01776 16.75 2
    endloop
  endfacet
  facet normal 0 0 1
    outer loop
      vertex 5.84793 17.16 2
      vertex 2.5 3 2
      vertex 5.9194 16.9494 2
    endloop
  endfacet
  facet normal 0 0 1
    outer loop
      vertex 5.80454 17.3781 2
      vertex 2.5 3 2
      vertex 5.84793 17.16 2
    endloop
  endfacet
  facet normal 0 0 1
    outer loop
      vertex 5.79 17.6 2
      vertex 2.5 3 2
      vertex 5.80454 17.3781 2
    endloop
  endfacet
  facet normal 0 0 1
    outer loop
      vertex 5.79 18.4 2
      vertex 2.5 3 2
      vertex 5.79 17.6 2
    endloop
  endfacet
  facet normal 1 0 0
    outer loop
      vertex 76.7 3 17.4
      vertex 76.7 0 17.4
      vertex 76.7 3 8
    endloop
  endfacet
  facet normal 1 0 0
    outer loop
      vertex 76.7 96.2855 4.7781
      vertex 76.7 108 8
      vertex 76.7 96.3 5
    endloop
  endfacet
  facet normal 1 0 0
    outer loop
      vertex 76.7 108 8
      vertex 76.7 96.2855 5.22189
      vertex 76.7 96.3 5
    endloop
  endfacet
  facet normal 1 0 0
    outer loop
      vertex 76.7 108 8
      vertex 76.7 96.2421 5.43999
      vertex 76.7 96.2855 5.22189
    endloop
  endfacet
  facet normal 1 0 0
    outer loop
      vertex 76.7 108 8
      vertex 76.7 96.1706 5.65056
      vertex 76.7 96.2421 5.43999
    endloop
  endfacet
  facet normal 1 0 0
    outer loop
      vertex 76.7 108 8
      vertex 76.7 96.0722 5.85
      vertex 76.7 96.1706 5.65056
    endloop
  endfacet
  facet normal 1 0 0
    outer loop
      vertex 76.7 108 8
      vertex 76.7 95.9487 6.03489
      vertex 76.7 96.0722 5.85
    endloop
  endfacet
  facet normal 1 0 0
    outer loop
      vertex 76.7 108 8
      vertex 76.7 95.8021 6.20208
      vertex 76.7 95.9487 6.03489
    endloop
  endfacet
  facet normal 1 0 0
    outer loop
      vertex 76.7 108 8
      vertex 76.7 95.6349 6.3487
      vertex 76.7 95.8021 6.20208
    endloop
  endfacet
  facet normal 1 0 0
    outer loop
      vertex 76.7 108 8
      vertex 76.7 95.45 6.47224
      vertex 76.7 95.6349 6.3487
    endloop
  endfacet
  facet normal 1 0 0
    outer loop
      vertex 76.7 108 8
      vertex 76.7 95.2506 6.57059
      vertex 76.7 95.45 6.47224
    endloop
  endfacet
  facet normal 1 0 0
    outer loop
      vertex 76.7 108 8
      vertex 76.7 95.04 6.64207
      vertex 76.7 95.2506 6.57059
    endloop
  endfacet
  facet normal 1 0 0
    outer loop
      vertex 76.7 108 8
      vertex 76.7 94.8219 6.68546
      vertex 76.7 95.04 6.64207
    endloop
  endfacet
  facet normal 1 0 0
    outer loop
      vertex 76.7 108 8
      vertex 76.7 94.6 6.7
      vertex 76.7 94.8219 6.68546
    endloop
  endfacet
  facet normal 1 0 0
    outer loop
      vertex 76.7 108 8
      vertex 76.7 94.3781 6.68546
      vertex 76.7 94.6 6.7
    endloop
  endfacet
  facet normal 1 0 0
    outer loop
      vertex 76.7 92.9145 5.22189
      vertex 76.7 19.7 5
      vertex 76.7 92.9 5
    endloop
  endfacet
  facet normal 1 0 0
    outer loop
      vertex 76.7 19.6855 5.22189
      vertex 76.7 92.9145 5.22189
      vertex 76.7 92.9579 5.43999
    endloop
  endfacet
  facet normal 1 0 0
    outer loop
      vertex 76.7 19.6421 5.43999
      vertex 76.7 92.9579 5.43999
      vertex 76.7 93.0294 5.65056
    endloop
  endfacet
  facet normal 1 0 0
    outer loop
      vertex 76.7 19.5706 5.65056
      vertex 76.7 93.0294 5.65056
      vertex 76.7 93.1278 5.85
    endloop
  endfacet
  facet normal 1 0 0
    outer loop
      vertex 76.7 19.4722 5.85
      vertex 76.7 93.1278 5.85
      vertex 76.7 93.2513 6.03489
    endloop
  endfacet
  facet normal 1 0 0
    outer loop
      vertex 76.7 19.3487 6.03489
      vertex 76.7 93.2513 6.03489
      vertex 76.7 93.3979 6.20208
    endloop
  endfacet
  facet normal 1 0 0
    outer loop
      vertex 76.7 19.2021 6.20208
      vertex 76.7 93.3979 6.20208
      vertex 76.7 93.5651 6.3487
    endloop
  endfacet
  facet normal 1 0 0
    outer loop
      vertex 76.7 19.0349 6.3487
      vertex 76.7 93.5651 6.3487
      vertex 76.7 93.75 6.47224
    endloop
  endfacet
  facet normal 1 0 0
    outer loop
      vertex 76.7 18.85 6.47224
      vertex 76.7 93.75 6.47224
      vertex 76.7 93.9494 6.57059
    endloop
  endfacet
  facet normal 1 0 0
    outer loop
      vertex 76.7 18.6506 6.57059
      vertex 76.7 93.9494 6.57059
      vertex 76.7 94.16 6.64207
    endloop
  endfacet
  facet normal 1 0 0
    outer loop
      vertex 76.7 18.44 6.64207
      vertex 76.7 94.16 6.64207
      vertex 76.7 94.3781 6.68546
    endloop
  endfacet
  facet normal 1 0 0
    outer loop
      vertex 76.7 18.2219 6.68546
      vertex 76.7 94.3781 6.68546
      vertex 76.7 108 8
    endloop
  endfacet
  facet normal 1 0 0
    outer loop
      vertex 76.7 92.9145 5.22189
      vertex 76.7 19.6855 5.22189
      vertex 76.7 19.7 5
    endloop
  endfacet
  facet normal 1 0 0
    outer loop
      vertex 76.7 92.9579 5.43999
      vertex 76.7 19.6421 5.43999
      vertex 76.7 19.6855 5.22189
    endloop
  endfacet
  facet normal 1 0 0
    outer loop
      vertex 76.7 93.0294 5.65056
      vertex 76.7 19.5706 5.65056
      vertex 76.7 19.6421 5.43999
    endloop
  endfacet
  facet normal 1 0 0
    outer loop
      vertex 76.7 93.1278 5.85
      vertex 76.7 19.4722 5.85
      vertex 76.7 19.5706 5.65056
    endloop
  endfacet
  facet normal 1 0 0
    outer loop
      vertex 76.7 93.2513 6.03489
      vertex 76.7 19.3487 6.03489
      vertex 76.7 19.4722 5.85
    endloop
  endfacet
  facet normal 1 0 0
    outer loop
      vertex 76.7 93.3979 6.20208
      vertex 76.7 19.2021 6.20208
      vertex 76.7 19.3487 6.03489
    endloop
  endfacet
  facet normal 1 0 0
    outer loop
      vertex 76.7 93.5651 6.3487
      vertex 76.7 19.0349 6.3487
      vertex 76.7 19.2021 6.20208
    endloop
  endfacet
  facet normal 1 0 0
    outer loop
      vertex 76.7 93.75 6.47224
      vertex 76.7 18.85 6.47224
      vertex 76.7 19.0349 6.3487
    endloop
  endfacet
  facet normal 1 0 0
    outer loop
      vertex 76.7 93.9494 6.57059
      vertex 76.7 18.6506 6.57059
      vertex 76.7 18.85 6.47224
    endloop
  endfacet
  facet normal 1 0 0
    outer loop
      vertex 76.7 94.16 6.64207
      vertex 76.7 18.44 6.64207
      vertex 76.7 18.6506 6.57059
    endloop
  endfacet
  facet normal 1 0 0
    outer loop
      vertex 76.7 94.3781 6.68546
      vertex 76.7 18.2219 6.68546
      vertex 76.7 18.44 6.64207
    endloop
  endfacet
  facet normal 1 0 0
    outer loop
      vertex 76.7 108 8
      vertex 76.7 18 6.7
      vertex 76.7 18.2219 6.68546
    endloop
  endfacet
  facet normal 1 0 0
    outer loop
      vertex 76.7 16.3145 5.22189
      vertex 76.7 3 8
      vertex 76.7 16.3 5
    endloop
  endfacet
  facet normal 1 0 0
    outer loop
      vertex 76.7 16.3579 5.43999
      vertex 76.7 3 8
      vertex 76.7 16.3145 5.22189
    endloop
  endfacet
  facet normal 1 0 0
    outer loop
      vertex 76.7 16.4294 5.65056
      vertex 76.7 3 8
      vertex 76.7 16.3579 5.43999
    endloop
  endfacet
  facet normal 1 0 0
    outer loop
      vertex 76.7 16.5278 5.85
      vertex 76.7 3 8
      vertex 76.7 16.4294 5.65056
    endloop
  endfacet
  facet normal 1 0 0
    outer loop
      vertex 76.7 16.6513 6.03489
      vertex 76.7 3 8
      vertex 76.7 16.5278 5.85
    endloop
  endfacet
  facet normal 1 0 0
    outer loop
      vertex 76.7 16.7979 6.20208
      vertex 76.7 3 8
      vertex 76.7 16.6513 6.03489
    endloop
  endfacet
  facet normal 1 0 0
    outer loop
      vertex 76.7 16.9651 6.3487
      vertex 76.7 3 8
      vertex 76.7 16.7979 6.20208
    endloop
  endfacet
  facet normal 1 0 0
    outer loop
      vertex 76.7 17.15 6.47224
      vertex 76.7 3 8
      vertex 76.7 16.9651 6.3487
    endloop
  endfacet
  facet normal 1 0 0
    outer loop
      vertex 76.7 17.3494 6.57059
      vertex 76.7 3 8
      vertex 76.7 17.15 6.47224
    endloop
  endfacet
  facet normal 1 0 0
    outer loop
      vertex 76.7 17.56 6.64207
      vertex 76.7 3 8
      vertex 76.7 17.3494 6.57059
    endloop
  endfacet
  facet normal 1 0 0
    outer loop
      vertex 76.7 17.7781 6.68546
      vertex 76.7 3 8
      vertex 76.7 17.56 6.64207
    endloop
  endfacet
  facet normal 1 0 0
    outer loop
      vertex 76.7 18 6.7
      vertex 76.7 3 8
      vertex 76.7 17.7781 6.68546
    endloop
  endfacet
  facet normal 1 -0 0
    outer loop
      vertex 76.7 3 8
      vertex 76.7 18 6.7
      vertex 76.7 108 8
    endloop
  endfacet
  facet normal 1 0 0
    outer loop
      vertex 76.7 108 8
      vertex 76.7 96.2855 4.7781
      vertex 76.7 108 0
    endloop
  endfacet
  facet normal 1 -0 0
    outer loop
      vertex 76.7 96.2421 4.56001
      vertex 76.7 108 0
      vertex 76.7 96.2855 4.7781
    endloop
  endfacet
  facet normal 1 -0 0
    outer loop
      vertex 76.7 96.1706 4.34944
      vertex 76.7 108 0
      vertex 76.7 96.2421 4.56001
    endloop
  endfacet
  facet normal 1 -0 0
    outer loop
      vertex 76.7 96.0722 4.15
      vertex 76.7 108 0
      vertex 76.7 96.1706 4.34944
    endloop
  endfacet
  facet normal 1 -0 0
    outer loop
      vertex 76.7 95.9487 3.96511
      vertex 76.7 108 0
      vertex 76.7 96.0722 4.15
    endloop
  endfacet
  facet normal 1 -0 0
    outer loop
      vertex 76.7 95.8021 3.79792
      vertex 76.7 108 0
      vertex 76.7 95.9487 3.96511
    endloop
  endfacet
  facet normal 1 -0 0
    outer loop
      vertex 76.7 95.6349 3.6513
      vertex 76.7 108 0
      vertex 76.7 95.8021 3.79792
    endloop
  endfacet
  facet normal 1 -0 0
    outer loop
      vertex 76.7 95.45 3.52776
      vertex 76.7 108 0
      vertex 76.7 95.6349 3.6513
    endloop
  endfacet
  facet normal 1 -0 0
    outer loop
      vertex 76.7 95.2506 3.4294
      vertex 76.7 108 0
      vertex 76.7 95.45 3.52776
    endloop
  endfacet
  facet normal 1 -0 0
    outer loop
      vertex 76.7 95.04 3.35793
      vertex 76.7 108 0
      vertex 76.7 95.2506 3.4294
    endloop
  endfacet
  facet normal 1 -0 0
    outer loop
      vertex 76.7 94.8219 3.31454
      vertex 76.7 108 0
      vertex 76.7 95.04 3.35793
    endloop
  endfacet
  facet normal 1 -0 0
    outer loop
      vertex 76.7 94.6 3.3
      vertex 76.7 108 0
      vertex 76.7 94.8219 3.31454
    endloop
  endfacet
  facet normal 1 0 0
    outer loop
      vertex 76.7 94.3781 3.31454
      vertex 76.7 108 0
      vertex 76.7 94.6 3.3
    endloop
  endfacet
  facet normal 1 0 0
    outer loop
      vertex 76.7 94.16 3.35793
      vertex 76.7 108 0
      vertex 76.7 94.3781 3.31454
    endloop
  endfacet
  facet normal 1 -0 0
    outer loop
      vertex 76.7 19.7 5
      vertex 76.7 92.9145 4.7781
      vertex 76.7 92.9 5
    endloop
  endfacet
  facet normal 1 0 0
    outer loop
      vertex 76.7 19.6855 4.7781
      vertex 76.7 92.9145 4.7781
      vertex 76.7 19.7 5
    endloop
  endfacet
  facet normal 1 0 0
    outer loop
      vertex 76.7 92.9145 4.7781
      vertex 76.7 19.6855 4.7781
      vertex 76.7 92.9579 4.56001
    endloop
  endfacet
  facet normal 1 0 0
    outer loop
      vertex 76.7 19.6421 4.56001
      vertex 76.7 92.9579 4.56001
      vertex 76.7 19.6855 4.7781
    endloop
  endfacet
  facet normal 1 0 0
    outer loop
      vertex 76.7 92.9579 4.56001
      vertex 76.7 19.6421 4.56001
      vertex 76.7 93.0294 4.34944
    endloop
  endfacet
  facet normal 1 0 0
    outer loop
      vertex 76.7 19.5706 4.34944
      vertex 76.7 93.0294 4.34944
      vertex 76.7 19.6421 4.56001
    endloop
  endfacet
  facet normal 1 0 0
    outer loop
      vertex 76.7 93.0294 4.34944
      vertex 76.7 19.5706 4.34944
      vertex 76.7 93.1278 4.15
    endloop
  endfacet
  facet normal 1 0 0
    outer loop
      vertex 76.7 19.4722 4.15
      vertex 76.7 93.1278 4.15
      vertex 76.7 19.5706 4.34944
    endloop
  endfacet
  facet normal 1 0 0
    outer loop
      vertex 76.7 93.1278 4.15
      vertex 76.7 19.4722 4.15
      vertex 76.7 93.2513 3.96511
    endloop
  endfacet
  facet normal 1 0 0
    outer loop
      vertex 76.7 19.3487 3.96511
      vertex 76.7 93.2513 3.96511
      vertex 76.7 19.4722 4.15
    endloop
  endfacet
  facet normal 1 0 0
    outer loop
      vertex 76.7 93.2513 3.96511
      vertex 76.7 19.3487 3.96511
      vertex 76.7 93.3979 3.79792
    endloop
  endfacet
  facet normal 1 0 0
    outer loop
      vertex 76.7 19.2021 3.79792
      vertex 76.7 93.3979 3.79792
      vertex 76.7 19.3487 3.96511
    endloop
  endfacet
  facet normal 1 0 0
    outer loop
      vertex 76.7 93.3979 3.79792
      vertex 76.7 19.2021 3.79792
      vertex 76.7 93.5651 3.6513
    endloop
  endfacet
  facet normal 1 0 0
    outer loop
      vertex 76.7 19.0349 3.6513
      vertex 76.7 93.5651 3.6513
      vertex 76.7 19.2021 3.79792
    endloop
  endfacet
  facet normal 1 0 0
    outer loop
      vertex 76.7 93.5651 3.6513
      vertex 76.7 19.0349 3.6513
      vertex 76.7 93.75 3.52776
    endloop
  endfacet
  facet normal 1 0 0
    outer loop
      vertex 76.7 18.85 3.52776
      vertex 76.7 93.75 3.52776
      vertex 76.7 19.0349 3.6513
    endloop
  endfacet
  facet normal 1 0 0
    outer loop
      vertex 76.7 93.75 3.52776
      vertex 76.7 18.85 3.52776
      vertex 76.7 93.9494 3.4294
    endloop
  endfacet
  facet normal 1 0 0
    outer loop
      vertex 76.7 18.6506 3.4294
      vertex 76.7 93.9494 3.4294
      vertex 76.7 18.85 3.52776
    endloop
  endfacet
  facet normal 1 0 0
    outer loop
      vertex 76.7 93.9494 3.4294
      vertex 76.7 18.6506 3.4294
      vertex 76.7 94.16 3.35793
    endloop
  endfacet
  facet normal 1 0 0
    outer loop
      vertex 76.7 18.44 3.35793
      vertex 76.7 94.16 3.35793
      vertex 76.7 18.6506 3.4294
    endloop
  endfacet
  facet normal 1 0 0
    outer loop
      vertex 76.7 94.16 3.35793
      vertex 76.7 18.44 3.35793
      vertex 76.7 108 0
    endloop
  endfacet
  facet normal 1 -0 0
    outer loop
      vertex 76.7 18.2219 3.31454
      vertex 76.7 108 0
      vertex 76.7 18.44 3.35793
    endloop
  endfacet
  facet normal 1 0 0
    outer loop
      vertex 76.7 0 0
      vertex 76.7 18.2219 3.31454
      vertex 76.7 18 3.3
    endloop
  endfacet
  facet normal 1 0 0
    outer loop
      vertex 76.7 3 8
      vertex 76.7 16.3145 4.7781
      vertex 76.7 16.3 5
    endloop
  endfacet
  facet normal 1 0 0
    outer loop
      vertex 76.7 3 8
      vertex 76.7 16.3579 4.56001
      vertex 76.7 16.3145 4.7781
    endloop
  endfacet
  facet normal 1 0 0
    outer loop
      vertex 76.7 3 8
      vertex 76.7 16.4294 4.34944
      vertex 76.7 16.3579 4.56001
    endloop
  endfacet
  facet normal 1 0 0
    outer loop
      vertex 76.7 0 0
      vertex 76.7 16.4294 4.34944
      vertex 76.7 3 8
    endloop
  endfacet
  facet normal 1 0 0
    outer loop
      vertex 76.7 16.4294 4.34944
      vertex 76.7 0 0
      vertex 76.7 16.5278 4.15
    endloop
  endfacet
  facet normal 1 0 0
    outer loop
      vertex 76.7 16.5278 4.15
      vertex 76.7 0 0
      vertex 76.7 16.6513 3.96511
    endloop
  endfacet
  facet normal 1 0 0
    outer loop
      vertex 76.7 16.6513 3.96511
      vertex 76.7 0 0
      vertex 76.7 16.7979 3.79792
    endloop
  endfacet
  facet normal 1 0 0
    outer loop
      vertex 76.7 16.7979 3.79792
      vertex 76.7 0 0
      vertex 76.7 16.9651 3.6513
    endloop
  endfacet
  facet normal 1 0 0
    outer loop
      vertex 76.7 16.9651 3.6513
      vertex 76.7 0 0
      vertex 76.7 17.15 3.52776
    endloop
  endfacet
  facet normal 1 0 0
    outer loop
      vertex 76.7 17.15 3.52776
      vertex 76.7 0 0
      vertex 76.7 17.3494 3.4294
    endloop
  endfacet
  facet normal 1 0 0
    outer loop
      vertex 76.7 18.2219 3.31454
      vertex 76.7 0 0
      vertex 76.7 108 0
    endloop
  endfacet
  facet normal 1 0 0
    outer loop
      vertex 76.7 17.7781 3.31454
      vertex 76.7 0 0
      vertex 76.7 18 3.3
    endloop
  endfacet
  facet normal 1 0 0
    outer loop
      vertex 76.7 17.56 3.35793
      vertex 76.7 0 0
      vertex 76.7 17.7781 3.31454
    endloop
  endfacet
  facet normal 1 0 0
    outer loop
      vertex 76.7 17.3494 3.4294
      vertex 76.7 0 0
      vertex 76.7 17.56 3.35793
    endloop
  endfacet
  facet normal 1 0 0
    outer loop
      vertex 76.7 0 0
      vertex 76.7 3 8
      vertex 76.7 0 17.4
    endloop
  endfacet
  facet normal 0 1 0
    outer loop
      vertex 76.7 108 8
      vertex 72.7 108 2
      vertex 72.7 108 8
    endloop
  endfacet
  facet normal 0 1 0
    outer loop
      vertex 72.7 108 2
      vertex 76.7 108 0
      vertex 4 108 2
    endloop
  endfacet
  facet normal 0 1 -0
    outer loop
      vertex 76.7 108 0
      vertex 72.7 108 2
      vertex 76.7 108 8
    endloop
  endfacet
  facet normal 0 1 -0
    outer loop
      vertex 4 108 2
      vertex 0 108 8
      vertex 4 108 8
    endloop
  endfacet
  facet normal 0 1 0
    outer loop
      vertex 4 108 2
      vertex 0 108 0
      vertex 0 108 8
    endloop
  endfacet
  facet normal 0 1 0
    outer loop
      vertex 0 108 0
      vertex 4 108 2
      vertex 76.7 108 0
    endloop
  endfacet
  facet normal 0 0 -1
    outer loop
      vertex 10.3449 19.5825 0
      vertex 17 25 0
      vertex 10.3454 19.581 0
    endloop
  endfacet
  facet normal 0 0 -1
    outer loop
      vertex 17 59 0
      vertex 10.58 94.1984 0
      vertex 10.5801 94.2 0
    endloop
  endfacet
  facet normal 0 0 -1
    outer loop
      vertex 10.3442 19.5839 0
      vertex 17 25 0
      vertex 10.3449 19.5825 0
    endloop
  endfacet
  facet normal 0 0 -1
    outer loop
      vertex 17 59 0
      vertex 10.5536 93.7967 0
      vertex 10.58 94.1984 0
    endloop
  endfacet
  facet normal 0 0 -1
    outer loop
      vertex 10.1661 19.945 0
      vertex 17 25 0
      vertex 10.3442 19.5839 0
    endloop
  endfacet
  facet normal 0 0 -1
    outer loop
      vertex 17 59 0
      vertex 10.4751 93.4018 0
      vertex 10.5536 93.7967 0
    endloop
  endfacet
  facet normal 0 0 -1
    outer loop
      vertex 9.94239 20.2798 0
      vertex 17 25 0
      vertex 10.1661 19.945 0
    endloop
  endfacet
  facet normal 0 0 -1
    outer loop
      vertex 17 59 0
      vertex 10.4748 93.4002 0
      vertex 10.4751 93.4018 0
    endloop
  endfacet
  facet normal 0 0 -1
    outer loop
      vertex 9.94152 20.2811 0
      vertex 17 25 0
      vertex 9.94239 20.2798 0
    endloop
  endfacet
  facet normal 0 0 -1
    outer loop
      vertex 17 59 0
      vertex 10.3454 93.019 0
      vertex 10.4748 93.4002 0
    endloop
  endfacet
  facet normal 0 0 -1
    outer loop
      vertex 9.94048 20.2823 0
      vertex 17 25 0
      vertex 9.94152 20.2811 0
    endloop
  endfacet
  facet normal 0 0 -1
    outer loop
      vertex 17 59 0
      vertex 10.3449 93.0175 0
      vertex 10.3454 93.019 0
    endloop
  endfacet
  facet normal 0 0 -1
    outer loop
      vertex 9.67501 20.585 0
      vertex 17 25 0
      vertex 9.94048 20.2823 0
    endloop
  endfacet
  facet normal 0 0 -1
    outer loop
      vertex 17 59 0
      vertex 10.3442 93.0161 0
      vertex 10.3449 93.0175 0
    endloop
  endfacet
  facet normal 0 0 -1
    outer loop
      vertex 9.3723 20.8505 0
      vertex 17 25 0
      vertex 9.67501 20.585 0
    endloop
  endfacet
  facet normal 0 0 -1
    outer loop
      vertex 17 59 0
      vertex 10.1661 92.655 0
      vertex 10.3442 93.0161 0
    endloop
  endfacet
  facet normal 0 0 -1
    outer loop
      vertex 9.37112 20.8515 0
      vertex 17 25 0
      vertex 9.3723 20.8505 0
    endloop
  endfacet
  facet normal 0 0 -1
    outer loop
      vertex 17 59 0
      vertex 9.94239 92.3202 0
      vertex 10.1661 92.655 0
    endloop
  endfacet
  facet normal 0 0 -1
    outer loop
      vertex 9.03635 21.0752 0
      vertex 17 25 0
      vertex 9.37112 20.8515 0
    endloop
  endfacet
  facet normal 0 0 -1
    outer loop
      vertex 17 59 0
      vertex 9.94152 92.3189 0
      vertex 9.94239 92.3202 0
    endloop
  endfacet
  facet normal 0 0 -1
    outer loop
      vertex 9.03504 21.0761 0
      vertex 17 25 0
      vertex 9.03635 21.0752 0
    endloop
  endfacet
  facet normal 0 0 -1
    outer loop
      vertex 17 59 0
      vertex 9.94048 92.3177 0
      vertex 9.94152 92.3189 0
    endloop
  endfacet
  facet normal 0 0 -1
    outer loop
      vertex 9.03362 21.0768 0
      vertex 17 25 0
      vertex 9.03504 21.0761 0
    endloop
  endfacet
  facet normal 0 0 -1
    outer loop
      vertex 17 59 0
      vertex 9.67501 92.015 0
      vertex 9.94048 92.3177 0
    endloop
  endfacet
  facet normal 0 0 -1
    outer loop
      vertex 8.67252 21.2549 0
      vertex 17 25 0
      vertex 9.03362 21.0768 0
    endloop
  endfacet
  facet normal 0 0 -1
    outer loop
      vertex 17 59 0
      vertex 9.3723 91.7495 0
      vertex 9.67501 92.015 0
    endloop
  endfacet
  facet normal 0 0 -1
    outer loop
      vertex 8.67103 21.2554 0
      vertex 17 25 0
      vertex 8.67252 21.2549 0
    endloop
  endfacet
  facet normal 0 0 -1
    outer loop
      vertex 17 59 0
      vertex 9.37112 91.7485 0
      vertex 9.3723 91.7495 0
    endloop
  endfacet
  facet normal 0 0 -1
    outer loop
      vertex 8.28977 21.3848 0
      vertex 17 25 0
      vertex 8.67103 21.2554 0
    endloop
  endfacet
  facet normal 0 0 -1
    outer loop
      vertex 17 59 0
      vertex 9.03635 91.5248 0
      vertex 9.37112 91.7485 0
    endloop
  endfacet
  facet normal 0 0 -1
    outer loop
      vertex 8.28822 21.3851 0
      vertex 17 25 0
      vertex 8.28977 21.3848 0
    endloop
  endfacet
  facet normal 0 0 -1
    outer loop
      vertex 17 59 0
      vertex 9.03504 91.5239 0
      vertex 9.03635 91.5248 0
    endloop
  endfacet
  facet normal 0 0 -1
    outer loop
      vertex 7.89333 21.4636 0
      vertex 17 25 0
      vertex 8.28822 21.3851 0
    endloop
  endfacet
  facet normal 0 0 -1
    outer loop
      vertex 17 59 0
      vertex 9.03362 91.5232 0
      vertex 9.03504 91.5239 0
    endloop
  endfacet
  facet normal -0 0 -1
    outer loop
      vertex 17 25 0
      vertex 7.89333 21.4636 0
      vertex 17 36 0
    endloop
  endfacet
  facet normal 0 0 -1
    outer loop
      vertex 17 59 0
      vertex 8.67252 91.3451 0
      vertex 9.03362 91.5232 0
    endloop
  endfacet
  facet normal 0 0 -1
    outer loop
      vertex 7.49157 21.49 0
      vertex 17 36 0
      vertex 7.89333 21.4636 0
    endloop
  endfacet
  facet normal 0 0 -1
    outer loop
      vertex 17 59 0
      vertex 8.67103 91.3446 0
      vertex 8.67252 91.3451 0
    endloop
  endfacet
  facet normal 0 0 -1
    outer loop
      vertex 7.49 21.4901 0
      vertex 17 36 0
      vertex 7.49157 21.49 0
    endloop
  endfacet
  facet normal 0 0 -1
    outer loop
      vertex 17 59 0
      vertex 8.28977 91.2152 0
      vertex 8.67103 91.3446 0
    endloop
  endfacet
  facet normal 0 0 -1
    outer loop
      vertex 7.48843 21.49 0
      vertex 17 36 0
      vertex 7.49 21.4901 0
    endloop
  endfacet
  facet normal 0 0 -1
    outer loop
      vertex 17 59 0
      vertex 7.89488 91.1367 0
      vertex 8.28977 91.2152 0
    endloop
  endfacet
  facet normal 0 0 -1
    outer loop
      vertex 7.08666 21.4636 0
      vertex 17 36 0
      vertex 7.48843 21.49 0
    endloop
  endfacet
  facet normal 0 0 -1
    outer loop
      vertex 17 59 0
      vertex 7.89333 91.1364 0
      vertex 7.89488 91.1367 0
    endloop
  endfacet
  facet normal 0 0 -1
    outer loop
      vertex 17 59 0
      vertex 7.89176 91.1363 0
      vertex 7.89333 91.1364 0
    endloop
  endfacet
  facet normal 0 0 -1
    outer loop
      vertex 6.69178 21.3851 0
      vertex 17 36 0
      vertex 7.08666 21.4636 0
    endloop
  endfacet
  facet normal 0 0 -1
    outer loop
      vertex 6.69023 21.3848 0
      vertex 17 36 0
      vertex 6.69178 21.3851 0
    endloop
  endfacet
  facet normal 0 0 -1
    outer loop
      vertex 17 59 0
      vertex 7.49 91.1099 0
      vertex 7.89176 91.1363 0
    endloop
  endfacet
  facet normal 0 0 -1
    outer loop
      vertex 6.30897 21.2554 0
      vertex 17 36 0
      vertex 6.69023 21.3848 0
    endloop
  endfacet
  facet normal 0 0 -1
    outer loop
      vertex 17 59 0
      vertex 7.08824 91.1363 0
      vertex 7.49 91.1099 0
    endloop
  endfacet
  facet normal 0 0 -1
    outer loop
      vertex 6.30748 21.2549 0
      vertex 17 36 0
      vertex 6.30897 21.2554 0
    endloop
  endfacet
  facet normal 0 0 -1
    outer loop
      vertex 17 59 0
      vertex 7.08666 91.1364 0
      vertex 7.08824 91.1363 0
    endloop
  endfacet
  facet normal 0 0 -1
    outer loop
      vertex 17 59 0
      vertex 7.08512 91.1367 0
      vertex 7.08666 91.1364 0
    endloop
  endfacet
  facet normal 0 0 -1
    outer loop
      vertex 6.30607 21.2542 0
      vertex 17 36 0
      vertex 6.30748 21.2549 0
    endloop
  endfacet
  facet normal -0 0 -1
    outer loop
      vertex 17 36 0
      vertex 6.30607 21.2542 0
      vertex 17 42 0
    endloop
  endfacet
  facet normal 0 0 -1
    outer loop
      vertex 17 59 0
      vertex 6.69023 91.2152 0
      vertex 7.08512 91.1367 0
    endloop
  endfacet
  facet normal 0 0 -1
    outer loop
      vertex 5.94496 21.0761 0
      vertex 17 42 0
      vertex 6.30607 21.2542 0
    endloop
  endfacet
  facet normal 0 0 -1
    outer loop
      vertex 17 59 0
      vertex 6.30897 91.3446 0
      vertex 6.69023 91.2152 0
    endloop
  endfacet
  facet normal 0 0 -1
    outer loop
      vertex 5.94365 21.0752 0
      vertex 17 42 0
      vertex 5.94496 21.0761 0
    endloop
  endfacet
  facet normal 0 0 -1
    outer loop
      vertex 17 59 0
      vertex 6.30748 91.3451 0
      vertex 6.30897 91.3446 0
    endloop
  endfacet
  facet normal 0 0 -1
    outer loop
      vertex 5.60888 20.8515 0
      vertex 17 42 0
      vertex 5.94365 21.0752 0
    endloop
  endfacet
  facet normal 0 0 -1
    outer loop
      vertex 17 59 0
      vertex 5.94638 91.5232 0
      vertex 6.30748 91.3451 0
    endloop
  endfacet
  facet normal 0 0 -1
    outer loop
      vertex 5.6077 20.8505 0
      vertex 17 42 0
      vertex 5.60888 20.8515 0
    endloop
  endfacet
  facet normal 0 0 -1
    outer loop
      vertex 17 59 0
      vertex 5.94496 91.5239 0
      vertex 5.94638 91.5232 0
    endloop
  endfacet
  facet normal 0 0 -1
    outer loop
      vertex 5.30499 20.585 0
      vertex 17 42 0
      vertex 5.6077 20.8505 0
    endloop
  endfacet
  facet normal 0 0 -1
    outer loop
      vertex 17 59 0
      vertex 5.94365 91.5248 0
      vertex 5.94496 91.5239 0
    endloop
  endfacet
  facet normal -0 0 -1
    outer loop
      vertex 17 42 0
      vertex 5.30499 20.585 0
      vertex 17 53 0
    endloop
  endfacet
  facet normal 0 0 -1
    outer loop
      vertex 17 59 0
      vertex 5.60888 91.7485 0
      vertex 5.94365 91.5248 0
    endloop
  endfacet
  facet normal 0 0 -1
    outer loop
      vertex 5.03952 20.2823 0
      vertex 17 53 0
      vertex 5.30499 20.585 0
    endloop
  endfacet
  facet normal 0 0 -1
    outer loop
      vertex 17 59 0
      vertex 5.6077 91.7495 0
      vertex 5.60888 91.7485 0
    endloop
  endfacet
  facet normal 0 0 -1
    outer loop
      vertex 5.03848 20.2811 0
      vertex 17 53 0
      vertex 5.03952 20.2823 0
    endloop
  endfacet
  facet normal 0 0 -1
    outer loop
      vertex 17 59 0
      vertex 5.30499 92.015 0
      vertex 5.6077 91.7495 0
    endloop
  endfacet
  facet normal -0 0 -1
    outer loop
      vertex 17 53 0
      vertex 5.03848 20.2811 0
      vertex 17 59 0
    endloop
  endfacet
  facet normal 0 0 -1
    outer loop
      vertex 17 59 0
      vertex 5.03952 92.3177 0
      vertex 5.30499 92.015 0
    endloop
  endfacet
  facet normal 0 0 -1
    outer loop
      vertex 5.03848 92.3189 0
      vertex 17 59 0
      vertex 5.03848 20.2811 0
    endloop
  endfacet
  facet normal 0 0 -1
    outer loop
      vertex 17 59 0
      vertex 5.03848 92.3189 0
      vertex 5.03952 92.3177 0
    endloop
  endfacet
  facet normal 0 0 -1
    outer loop
      vertex 5.0376 20.2798 0
      vertex 5.03848 92.3189 0
      vertex 5.03848 20.2811 0
    endloop
  endfacet
  facet normal 0 0 -1
    outer loop
      vertex 5.0376 20.2798 0
      vertex 4.8148 92.6537 0
      vertex 5.03848 92.3189 0
    endloop
  endfacet
  facet normal 0 0 -1
    outer loop
      vertex 4.81392 19.945 0
      vertex 4.8148 92.6537 0
      vertex 5.0376 20.2798 0
    endloop
  endfacet
  facet normal 0 0 -1
    outer loop
      vertex 4.81392 19.945 0
      vertex 4.81392 92.655 0
      vertex 4.8148 92.6537 0
    endloop
  endfacet
  facet normal 0 0 -1
    outer loop
      vertex 4.81392 19.945 0
      vertex 4.81322 92.6564 0
      vertex 4.81392 92.655 0
    endloop
  endfacet
  facet normal 0 0 -1
    outer loop
      vertex 4.63584 19.5839 0
      vertex 4.81322 92.6564 0
      vertex 4.81392 19.945 0
    endloop
  endfacet
  facet normal 0 0 -1
    outer loop
      vertex 4.63515 19.5825 0
      vertex 4.81322 92.6564 0
      vertex 4.63584 19.5839 0
    endloop
  endfacet
  facet normal 0 0 -1
    outer loop
      vertex 4.63515 19.5825 0
      vertex 4.63515 93.0175 0
      vertex 4.81322 92.6564 0
    endloop
  endfacet
  facet normal 0 0 -1
    outer loop
      vertex 4.63464 19.581 0
      vertex 4.63515 93.0175 0
      vertex 4.63515 19.5825 0
    endloop
  endfacet
  facet normal 0 0 -1
    outer loop
      vertex 4.63464 19.581 0
      vertex 4.63464 93.019 0
      vertex 4.63515 93.0175 0
    endloop
  endfacet
  facet normal 0 0 -1
    outer loop
      vertex 4.50522 19.1998 0
      vertex 4.63464 93.019 0
      vertex 4.63464 19.581 0
    endloop
  endfacet
  facet normal 0 0 -1
    outer loop
      vertex 4.50522 19.1998 0
      vertex 4.50522 93.4002 0
      vertex 4.63464 93.019 0
    endloop
  endfacet
  facet normal 0 0 -1
    outer loop
      vertex 0 108 0
      vertex 4.50522 19.1998 0
      vertex 4.42667 18.8049 0
    endloop
  endfacet
  facet normal 0 0 -1
    outer loop
      vertex 4.50522 19.1998 0
      vertex 0 108 0
      vertex 4.50522 93.4002 0
    endloop
  endfacet
  facet normal 0 0 -1
    outer loop
      vertex 0 108 0
      vertex 4.42667 18.8049 0
      vertex 4.42636 18.8033 0
    endloop
  endfacet
  facet normal 0 0 -1
    outer loop
      vertex 4.50522 93.4002 0
      vertex 0 108 0
      vertex 4.42667 93.7951 0
    endloop
  endfacet
  facet normal 0 0 -1
    outer loop
      vertex 0 0 0
      vertex 4.42636 18.8033 0
      vertex 4.40003 18.4016 0
    endloop
  endfacet
  facet normal 0 0 -1
    outer loop
      vertex 4.42667 93.7951 0
      vertex 0 108 0
      vertex 4.42636 93.7967 0
    endloop
  endfacet
  facet normal 0 0 -1
    outer loop
      vertex 0 0 0
      vertex 4.40003 18.4016 0
      vertex 4.39993 18.4 0
    endloop
  endfacet
  facet normal 0 0 -1
    outer loop
      vertex 4.42636 93.7967 0
      vertex 0 108 0
      vertex 4.40003 94.1984 0
    endloop
  endfacet
  facet normal 0 0 -1
    outer loop
      vertex 17 70 0
      vertex 25 76 0
      vertex 25 70 0
    endloop
  endfacet
  facet normal -0 0 -1
    outer loop
      vertex 25 76 0
      vertex 17 70 0
      vertex 17 76 0
    endloop
  endfacet
  facet normal 0 0 -1
    outer loop
      vertex 17 53 0
      vertex 25 59 0
      vertex 25 53 0
    endloop
  endfacet
  facet normal -0 0 -1
    outer loop
      vertex 25 59 0
      vertex 17 53 0
      vertex 17 59 0
    endloop
  endfacet
  facet normal 0 0 -1
    outer loop
      vertex 17 36 0
      vertex 25 42 0
      vertex 25 36 0
    endloop
  endfacet
  facet normal -0 0 -1
    outer loop
      vertex 25 42 0
      vertex 17 36 0
      vertex 17 42 0
    endloop
  endfacet
  facet normal 0 0 -1
    outer loop
      vertex 30 70 0
      vertex 38 76 0
      vertex 38 70 0
    endloop
  endfacet
  facet normal -0 0 -1
    outer loop
      vertex 38 76 0
      vertex 30 70 0
      vertex 30 76 0
    endloop
  endfacet
  facet normal 0 0 -1
    outer loop
      vertex 30 53 0
      vertex 38 59 0
      vertex 38 53 0
    endloop
  endfacet
  facet normal -0 0 -1
    outer loop
      vertex 38 59 0
      vertex 30 53 0
      vertex 30 59 0
    endloop
  endfacet
  facet normal 0 0 -1
    outer loop
      vertex 30 36 0
      vertex 38 42 0
      vertex 38 36 0
    endloop
  endfacet
  facet normal -0 0 -1
    outer loop
      vertex 38 42 0
      vertex 30 36 0
      vertex 30 42 0
    endloop
  endfacet
  facet normal 0 0 -1
    outer loop
      vertex 43 70 0
      vertex 51 76 0
      vertex 51 70 0
    endloop
  endfacet
  facet normal -0 0 -1
    outer loop
      vertex 51 76 0
      vertex 43 70 0
      vertex 43 76 0
    endloop
  endfacet
  facet normal 0 0 -1
    outer loop
      vertex 43 53 0
      vertex 51 59 0
      vertex 51 53 0
    endloop
  endfacet
  facet normal -0 0 -1
    outer loop
      vertex 51 59 0
      vertex 43 53 0
      vertex 43 59 0
    endloop
  endfacet
  facet normal 0 0 -1
    outer loop
      vertex 43 36 0
      vertex 51 42 0
      vertex 51 36 0
    endloop
  endfacet
  facet normal -0 0 -1
    outer loop
      vertex 51 42 0
      vertex 43 36 0
      vertex 43 42 0
    endloop
  endfacet
  facet normal 0 0 -1
    outer loop
      vertex 56 70 0
      vertex 64 76 0
      vertex 64 70 0
    endloop
  endfacet
  facet normal -0 0 -1
    outer loop
      vertex 64 76 0
      vertex 56 70 0
      vertex 56 76 0
    endloop
  endfacet
  facet normal 0 0 -1
    outer loop
      vertex 56 53 0
      vertex 64 59 0
      vertex 64 53 0
    endloop
  endfacet
  facet normal -0 0 -1
    outer loop
      vertex 64 59 0
      vertex 56 53 0
      vertex 56 59 0
    endloop
  endfacet
  facet normal 0 0 -1
    outer loop
      vertex 56 36 0
      vertex 64 42 0
      vertex 64 36 0
    endloop
  endfacet
  facet normal -0 0 -1
    outer loop
      vertex 64 42 0
      vertex 56 36 0
      vertex 56 42 0
    endloop
  endfacet
  facet normal 0 0 -1
    outer loop
      vertex 76.7 0 0
      vertex 72.2736 18.8033 0
      vertex 76.7 108 0
    endloop
  endfacet
  facet normal 0 0 -1
    outer loop
      vertex 76.7 108 0
      vertex 72.2737 93.7982 0
      vertex 72.3001 94.2 0
    endloop
  endfacet
  facet normal 0 0 -1
    outer loop
      vertex 72.2733 18.8049 0
      vertex 76.7 108 0
      vertex 72.2736 18.8033 0
    endloop
  endfacet
  facet normal 0 0 -1
    outer loop
      vertex 76.7 108 0
      vertex 72.2736 93.7967 0
      vertex 72.2737 93.7982 0
    endloop
  endfacet
  facet normal 0 0 -1
    outer loop
      vertex 72.1948 19.1998 0
      vertex 76.7 108 0
      vertex 72.2733 18.8049 0
    endloop
  endfacet
  facet normal 0 0 -1
    outer loop
      vertex 76.7 108 0
      vertex 72.2733 93.7951 0
      vertex 72.2736 93.7967 0
    endloop
  endfacet
  facet normal 0 0 -1
    outer loop
      vertex 72.1948 93.4002 0
      vertex 76.7 108 0
      vertex 72.1948 19.1998 0
    endloop
  endfacet
  facet normal 0 0 -1
    outer loop
      vertex 76.7 108 0
      vertex 72.1948 93.4002 0
      vertex 72.2733 93.7951 0
    endloop
  endfacet
  facet normal 0 0 -1
    outer loop
      vertex 72.0654 19.581 0
      vertex 72.1948 93.4002 0
      vertex 72.1948 19.1998 0
    endloop
  endfacet
  facet normal 0 0 -1
    outer loop
      vertex 72.0654 19.581 0
      vertex 72.0654 93.019 0
      vertex 72.1948 93.4002 0
    endloop
  endfacet
  facet normal 0 0 -1
    outer loop
      vertex 72.0648 19.5825 0
      vertex 72.0654 93.019 0
      vertex 72.0654 19.581 0
    endloop
  endfacet
  facet normal 0 0 -1
    outer loop
      vertex 72.0648 19.5825 0
      vertex 72.0648 93.0175 0
      vertex 72.0654 93.019 0
    endloop
  endfacet
  facet normal 0 0 -1
    outer loop
      vertex 64 53 0
      vertex 72.0648 19.5825 0
      vertex 72.0642 19.5839 0
    endloop
  endfacet
  facet normal 0 0 -1
    outer loop
      vertex 72.0648 19.5825 0
      vertex 64 53 0
      vertex 72.0648 93.0175 0
    endloop
  endfacet
  facet normal 0 0 -1
    outer loop
      vertex 64 53 0
      vertex 72.0642 19.5839 0
      vertex 71.8861 19.945 0
    endloop
  endfacet
  facet normal 0 0 -1
    outer loop
      vertex 64 59 0
      vertex 72.0648 93.0175 0
      vertex 64 53 0
    endloop
  endfacet
  facet normal 0 0 -1
    outer loop
      vertex 64 42 0
      vertex 71.8861 19.945 0
      vertex 71.8852 19.9463 0
    endloop
  endfacet
  facet normal 0 0 -1
    outer loop
      vertex 72.0648 93.0175 0
      vertex 64 59 0
      vertex 71.8868 92.6564 0
    endloop
  endfacet
  facet normal 0 0 -1
    outer loop
      vertex 64 42 0
      vertex 71.8852 19.9463 0
      vertex 71.6615 20.2811 0
    endloop
  endfacet
  facet normal 0 0 -1
    outer loop
      vertex 71.8868 92.6564 0
      vertex 64 59 0
      vertex 71.8861 92.655 0
    endloop
  endfacet
  facet normal 0 0 -1
    outer loop
      vertex 64 42 0
      vertex 71.6615 20.2811 0
      vertex 71.396 20.5838 0
    endloop
  endfacet
  facet normal 0 0 -1
    outer loop
      vertex 64 70 0
      vertex 71.8861 92.655 0
      vertex 64 59 0
    endloop
  endfacet
  facet normal 0 0 -1
    outer loop
      vertex 64 42 0
      vertex 71.396 20.5838 0
      vertex 71.395 20.585 0
    endloop
  endfacet
  facet normal 0 0 -1
    outer loop
      vertex 71.8861 92.655 0
      vertex 64 70 0
      vertex 71.8852 92.6537 0
    endloop
  endfacet
  facet normal 0 0 -1
    outer loop
      vertex 64 36 0
      vertex 71.395 20.585 0
      vertex 71.0923 20.8505 0
    endloop
  endfacet
  facet normal 0 0 -1
    outer loop
      vertex 71.8852 92.6537 0
      vertex 64 70 0
      vertex 71.6615 92.3189 0
    endloop
  endfacet
  facet normal 0 0 -1
    outer loop
      vertex 64 36 0
      vertex 71.0923 20.8505 0
      vertex 71.0911 20.8515 0
    endloop
  endfacet
  facet normal 0 0 -1
    outer loop
      vertex 71.6615 92.3189 0
      vertex 64 70 0
      vertex 71.396 92.0162 0
    endloop
  endfacet
  facet normal 0 0 -1
    outer loop
      vertex 64 36 0
      vertex 71.0911 20.8515 0
      vertex 71.0898 20.8524 0
    endloop
  endfacet
  facet normal 0 0 -1
    outer loop
      vertex 71.396 92.0162 0
      vertex 64 70 0
      vertex 71.395 92.015 0
    endloop
  endfacet
  facet normal 0 0 -1
    outer loop
      vertex 64 36 0
      vertex 71.0898 20.8524 0
      vertex 70.755 21.0761 0
    endloop
  endfacet
  facet normal 0 0 -1
    outer loop
      vertex 64 76 0
      vertex 71.395 92.015 0
      vertex 64 70 0
    endloop
  endfacet
  facet normal 0 0 -1
    outer loop
      vertex 71.395 92.015 0
      vertex 64 76 0
      vertex 71.0923 91.7495 0
    endloop
  endfacet
  facet normal 0 0 -1
    outer loop
      vertex 64 36 0
      vertex 70.755 21.0761 0
      vertex 70.3939 21.2542 0
    endloop
  endfacet
  facet normal 0 0 -1
    outer loop
      vertex 64 36 0
      vertex 70.3939 21.2542 0
      vertex 70.3925 21.2549 0
    endloop
  endfacet
  facet normal 0 0 -1
    outer loop
      vertex 71.0923 91.7495 0
      vertex 64 76 0
      vertex 71.0911 91.7485 0
    endloop
  endfacet
  facet normal 0 0 -1
    outer loop
      vertex 64 36 0
      vertex 70.3925 21.2549 0
      vertex 70.391 21.2554 0
    endloop
  endfacet
  facet normal 0 0 -1
    outer loop
      vertex 71.0911 91.7485 0
      vertex 64 76 0
      vertex 71.0898 91.7476 0
    endloop
  endfacet
  facet normal 0 0 -1
    outer loop
      vertex 64 36 0
      vertex 70.391 21.2554 0
      vertex 70.0098 21.3848 0
    endloop
  endfacet
  facet normal 0 0 -1
    outer loop
      vertex 71.0898 91.7476 0
      vertex 64 76 0
      vertex 70.755 91.5239 0
    endloop
  endfacet
  facet normal 0 0 -1
    outer loop
      vertex 64 36 0
      vertex 70.0098 21.3848 0
      vertex 70.0082 21.3851 0
    endloop
  endfacet
  facet normal 0 0 -1
    outer loop
      vertex 70.755 91.5239 0
      vertex 64 76 0
      vertex 70.7536 91.5232 0
    endloop
  endfacet
  facet normal 0 0 -1
    outer loop
      vertex 64 36 0
      vertex 70.0082 21.3851 0
      vertex 69.6133 21.4636 0
    endloop
  endfacet
  facet normal 0 0 -1
    outer loop
      vertex 70.7536 91.5232 0
      vertex 64 76 0
      vertex 70.3925 91.3451 0
    endloop
  endfacet
  facet normal 0 0 -1
    outer loop
      vertex 70.3925 91.3451 0
      vertex 64 76 0
      vertex 70.391 91.3446 0
    endloop
  endfacet
  facet normal 0 0 -1
    outer loop
      vertex 64 25 0
      vertex 69.6133 21.4636 0
      vertex 69.2116 21.49 0
    endloop
  endfacet
  facet normal 0 0 -1
    outer loop
      vertex 64 25 0
      vertex 69.2116 21.49 0
      vertex 69.21 21.4901 0
    endloop
  endfacet
  facet normal 0 0 -1
    outer loop
      vertex 70.391 91.3446 0
      vertex 64 76 0
      vertex 70.0098 91.2152 0
    endloop
  endfacet
  facet normal 0 0 -1
    outer loop
      vertex 64 25 0
      vertex 69.21 21.4901 0
      vertex 69.2084 21.49 0
    endloop
  endfacet
  facet normal 0 0 -1
    outer loop
      vertex 64 87 0
      vertex 70.0098 91.2152 0
      vertex 64 76 0
    endloop
  endfacet
  facet normal 0 0 -1
    outer loop
      vertex 64 25 0
      vertex 69.2084 21.49 0
      vertex 68.8067 21.4636 0
    endloop
  endfacet
  facet normal 0 0 -1
    outer loop
      vertex 70.0098 91.2152 0
      vertex 64 87 0
      vertex 69.6149 91.1367 0
    endloop
  endfacet
  facet normal 0 0 -1
    outer loop
      vertex 69.6149 91.1367 0
      vertex 64 87 0
      vertex 69.6133 91.1364 0
    endloop
  endfacet
  facet normal 0 0 -1
    outer loop
      vertex 64 25 0
      vertex 68.8067 21.4636 0
      vertex 68.4118 21.3851 0
    endloop
  endfacet
  facet normal 0 0 -1
    outer loop
      vertex 64 25 0
      vertex 68.4118 21.3851 0
      vertex 68.4102 21.3848 0
    endloop
  endfacet
  facet normal 0 0 -1
    outer loop
      vertex 69.6133 91.1364 0
      vertex 64 87 0
      vertex 69.6118 91.1363 0
    endloop
  endfacet
  facet normal 0 0 -1
    outer loop
      vertex 64 25 0
      vertex 68.4102 21.3848 0
      vertex 68.029 21.2554 0
    endloop
  endfacet
  facet normal 0 0 -1
    outer loop
      vertex 69.6118 91.1363 0
      vertex 64 87 0
      vertex 69.21 91.1099 0
    endloop
  endfacet
  facet normal 0 0 -1
    outer loop
      vertex 64 25 0
      vertex 68.029 21.2554 0
      vertex 68.0275 21.2549 0
    endloop
  endfacet
  facet normal -0 0 -1
    outer loop
      vertex 69.21 91.1099 0
      vertex 64 87 0
      vertex 68.8082 91.1363 0
    endloop
  endfacet
  facet normal 0 0 -1
    outer loop
      vertex 64 25 0
      vertex 68.0275 21.2549 0
      vertex 68.0261 21.2542 0
    endloop
  endfacet
  facet normal -0 0 -1
    outer loop
      vertex 68.8082 91.1363 0
      vertex 64 87 0
      vertex 68.8067 91.1364 0
    endloop
  endfacet
  facet normal 0 0 -1
    outer loop
      vertex 64 25 0
      vertex 68.0261 21.2542 0
      vertex 67.665 21.0761 0
    endloop
  endfacet
  facet normal -0 0 -1
    outer loop
      vertex 68.8067 91.1364 0
      vertex 64 87 0
      vertex 68.8051 91.1367 0
    endloop
  endfacet
  facet normal 0 0 -1
    outer loop
      vertex 64 25 0
      vertex 67.665 21.0761 0
      vertex 67.3302 20.8524 0
    endloop
  endfacet
  facet normal -0 0 -1
    outer loop
      vertex 68.8051 91.1367 0
      vertex 64 87 0
      vertex 68.4102 91.2152 0
    endloop
  endfacet
  facet normal 0 0 -1
    outer loop
      vertex 64 25 0
      vertex 67.3302 20.8524 0
      vertex 67.3289 20.8515 0
    endloop
  endfacet
  facet normal -0 0 -1
    outer loop
      vertex 68.4102 91.2152 0
      vertex 64 87 0
      vertex 68.029 91.3446 0
    endloop
  endfacet
  facet normal 0 0 -1
    outer loop
      vertex 64 25 0
      vertex 67.3289 20.8515 0
      vertex 67.3277 20.8505 0
    endloop
  endfacet
  facet normal -0 0 -1
    outer loop
      vertex 68.029 91.3446 0
      vertex 64 87 0
      vertex 68.0275 91.3451 0
    endloop
  endfacet
  facet normal 0 0 -1
    outer loop
      vertex 64 25 0
      vertex 67.3277 20.8505 0
      vertex 67.025 20.585 0
    endloop
  endfacet
  facet normal -0 0 -1
    outer loop
      vertex 68.0275 91.3451 0
      vertex 64 87 0
      vertex 67.6664 91.5232 0
    endloop
  endfacet
  facet normal 0 0 -1
    outer loop
      vertex 64 25 0
      vertex 67.025 20.585 0
      vertex 67.0239 20.5838 0
    endloop
  endfacet
  facet normal -0 0 -1
    outer loop
      vertex 67.6664 91.5232 0
      vertex 64 87 0
      vertex 67.665 91.5239 0
    endloop
  endfacet
  facet normal 0 0 -1
    outer loop
      vertex 64 25 0
      vertex 67.0239 20.5838 0
      vertex 66.7585 20.2811 0
    endloop
  endfacet
  facet normal -0 0 -1
    outer loop
      vertex 67.665 91.5239 0
      vertex 64 87 0
      vertex 67.3302 91.7476 0
    endloop
  endfacet
  facet normal 0 0 -1
    outer loop
      vertex 64 25 0
      vertex 66.7585 20.2811 0
      vertex 66.5348 19.9463 0
    endloop
  endfacet
  facet normal -0 0 -1
    outer loop
      vertex 67.3302 91.7476 0
      vertex 64 87 0
      vertex 67.3289 91.7485 0
    endloop
  endfacet
  facet normal 0 0 -1
    outer loop
      vertex 64 25 0
      vertex 66.5348 19.9463 0
      vertex 66.5339 19.945 0
    endloop
  endfacet
  facet normal -0 0 -1
    outer loop
      vertex 67.3289 91.7485 0
      vertex 64 87 0
      vertex 67.3277 91.7495 0
    endloop
  endfacet
  facet normal -0 0 -1
    outer loop
      vertex 67.3277 91.7495 0
      vertex 64 87 0
      vertex 67.025 92.015 0
    endloop
  endfacet
  facet normal 0 0 -1
    outer loop
      vertex 64 25 0
      vertex 66.5339 19.945 0
      vertex 66.3558 19.5839 0
    endloop
  endfacet
  facet normal 0 0 -1
    outer loop
      vertex 64 25 0
      vertex 66.3558 19.5839 0
      vertex 66.3551 19.5825 0
    endloop
  endfacet
  facet normal -0 0 -1
    outer loop
      vertex 67.025 92.015 0
      vertex 64 87 0
      vertex 67.0239 92.0162 0
    endloop
  endfacet
  facet normal 0 0 -1
    outer loop
      vertex 64 25 0
      vertex 66.3551 19.5825 0
      vertex 66.3546 19.581 0
    endloop
  endfacet
  facet normal -0 0 -1
    outer loop
      vertex 67.0239 92.0162 0
      vertex 64 87 0
      vertex 66.7585 92.3189 0
    endloop
  endfacet
  facet normal 0 0 -1
    outer loop
      vertex 64 25 0
      vertex 66.3546 19.581 0
      vertex 66.2252 19.1998 0
    endloop
  endfacet
  facet normal -0 0 -1
    outer loop
      vertex 66.7585 92.3189 0
      vertex 64 87 0
      vertex 66.5348 92.6537 0
    endloop
  endfacet
  facet normal 0 0 -1
    outer loop
      vertex 64 25 0
      vertex 66.2252 19.1998 0
      vertex 66.2249 19.1982 0
    endloop
  endfacet
  facet normal -0 0 -1
    outer loop
      vertex 66.5348 92.6537 0
      vertex 64 87 0
      vertex 66.5339 92.655 0
    endloop
  endfacet
  facet normal 0 0 -1
    outer loop
      vertex 64 25 0
      vertex 66.2249 19.1982 0
      vertex 66.1464 18.8033 0
    endloop
  endfacet
  facet normal -0 0 -1
    outer loop
      vertex 66.5339 92.655 0
      vertex 64 87 0
      vertex 66.5332 92.6564 0
    endloop
  endfacet
  facet normal 0 0 -1
    outer loop
      vertex 56 25 0
      vertex 66.1464 18.8033 0
      vertex 66.12 18.4016 0
    endloop
  endfacet
  facet normal -0 0 -1
    outer loop
      vertex 66.5332 92.6564 0
      vertex 64 87 0
      vertex 66.3551 93.0175 0
    endloop
  endfacet
  facet normal 0 0 -1
    outer loop
      vertex 56 25 0
      vertex 66.12 18.4016 0
      vertex 66.1199 18.4 0
    endloop
  endfacet
  facet normal -0 0 -1
    outer loop
      vertex 66.3551 93.0175 0
      vertex 64 87 0
      vertex 66.3546 93.019 0
    endloop
  endfacet
  facet normal 0 0 -1
    outer loop
      vertex 72.3001 18.4 0
      vertex 76.7 0 0
      vertex 72.3001 17.6 0
    endloop
  endfacet
  facet normal 0 0 -1
    outer loop
      vertex 76.7 0 0
      vertex 72.2737 17.1982 0
      vertex 72.3001 17.6 0
    endloop
  endfacet
  facet normal 0 0 -1
    outer loop
      vertex 76.7 0 0
      vertex 72.2736 17.1967 0
      vertex 72.2737 17.1982 0
    endloop
  endfacet
  facet normal 0 0 -1
    outer loop
      vertex 76.7 0 0
      vertex 72.2733 17.1951 0
      vertex 72.2736 17.1967 0
    endloop
  endfacet
  facet normal 0 0 -1
    outer loop
      vertex 76.7 0 0
      vertex 72.1948 16.8002 0
      vertex 72.2733 17.1951 0
    endloop
  endfacet
  facet normal 0 0 -1
    outer loop
      vertex 76.7 0 0
      vertex 72.0654 16.419 0
      vertex 72.1948 16.8002 0
    endloop
  endfacet
  facet normal 0 0 -1
    outer loop
      vertex 76.7 0 0
      vertex 72.0648 16.4175 0
      vertex 72.0654 16.419 0
    endloop
  endfacet
  facet normal 0 0 -1
    outer loop
      vertex 76.7 0 0
      vertex 71.8868 16.0564 0
      vertex 72.0648 16.4175 0
    endloop
  endfacet
  facet normal 0 0 -1
    outer loop
      vertex 76.7 0 0
      vertex 71.8861 16.055 0
      vertex 71.8868 16.0564 0
    endloop
  endfacet
  facet normal 0 0 -1
    outer loop
      vertex 76.7 0 0
      vertex 71.8852 16.0537 0
      vertex 71.8861 16.055 0
    endloop
  endfacet
  facet normal 0 0 -1
    outer loop
      vertex 76.7 0 0
      vertex 71.6615 15.7189 0
      vertex 71.8852 16.0537 0
    endloop
  endfacet
  facet normal 0 0 -1
    outer loop
      vertex 76.7 0 0
      vertex 71.396 15.4162 0
      vertex 71.6615 15.7189 0
    endloop
  endfacet
  facet normal 0 0 -1
    outer loop
      vertex 76.7 0 0
      vertex 71.395 15.415 0
      vertex 71.396 15.4162 0
    endloop
  endfacet
  facet normal 0 0 -1
    outer loop
      vertex 76.7 0 0
      vertex 71.0923 15.1495 0
      vertex 71.395 15.415 0
    endloop
  endfacet
  facet normal 0 0 -1
    outer loop
      vertex 76.7 0 0
      vertex 71.0911 15.1485 0
      vertex 71.0923 15.1495 0
    endloop
  endfacet
  facet normal 0 0 -1
    outer loop
      vertex 76.7 0 0
      vertex 71.0898 15.1476 0
      vertex 71.0911 15.1485 0
    endloop
  endfacet
  facet normal 0 0 -1
    outer loop
      vertex 76.7 0 0
      vertex 70.755 14.9239 0
      vertex 71.0898 15.1476 0
    endloop
  endfacet
  facet normal 0 0 -1
    outer loop
      vertex 76.7 0 0
      vertex 70.3939 14.7458 0
      vertex 70.755 14.9239 0
    endloop
  endfacet
  facet normal 0 0 -1
    outer loop
      vertex 76.7 0 0
      vertex 70.3925 14.7451 0
      vertex 70.3939 14.7458 0
    endloop
  endfacet
  facet normal 0 0 -1
    outer loop
      vertex 76.7 0 0
      vertex 70.391 14.7446 0
      vertex 70.3925 14.7451 0
    endloop
  endfacet
  facet normal 0 0 -1
    outer loop
      vertex 76.7 0 0
      vertex 70.0098 14.6152 0
      vertex 70.391 14.7446 0
    endloop
  endfacet
  facet normal 0 0 -1
    outer loop
      vertex 76.7 0 0
      vertex 70.0082 14.6149 0
      vertex 70.0098 14.6152 0
    endloop
  endfacet
  facet normal 0 0 -1
    outer loop
      vertex 76.7 0 0
      vertex 69.6133 14.5364 0
      vertex 70.0082 14.6149 0
    endloop
  endfacet
  facet normal 0 0 -1
    outer loop
      vertex 76.7 0 0
      vertex 69.2116 14.51 0
      vertex 69.6133 14.5364 0
    endloop
  endfacet
  facet normal 0 0 -1
    outer loop
      vertex 76.7 0 0
      vertex 69.21 14.5099 0
      vertex 69.2116 14.51 0
    endloop
  endfacet
  facet normal 0 0 -1
    outer loop
      vertex 76.7 0 0
      vertex 69.2084 14.51 0
      vertex 69.21 14.5099 0
    endloop
  endfacet
  facet normal 0 0 -1
    outer loop
      vertex 76.7 0 0
      vertex 68.8067 14.5364 0
      vertex 69.2084 14.51 0
    endloop
  endfacet
  facet normal 0 0 -1
    outer loop
      vertex 76.7 0 0
      vertex 68.4118 14.6149 0
      vertex 68.8067 14.5364 0
    endloop
  endfacet
  facet normal 0 0 -1
    outer loop
      vertex 76.7 0 0
      vertex 68.4102 14.6152 0
      vertex 68.4118 14.6149 0
    endloop
  endfacet
  facet normal 0 0 -1
    outer loop
      vertex 76.7 0 0
      vertex 68.029 14.7446 0
      vertex 68.4102 14.6152 0
    endloop
  endfacet
  facet normal 0 0 -1
    outer loop
      vertex 76.7 0 0
      vertex 68.0275 14.7451 0
      vertex 68.029 14.7446 0
    endloop
  endfacet
  facet normal 0 0 -1
    outer loop
      vertex 76.7 0 0
      vertex 68.0261 14.7458 0
      vertex 68.0275 14.7451 0
    endloop
  endfacet
  facet normal 0 0 -1
    outer loop
      vertex 76.7 0 0
      vertex 67.665 14.9239 0
      vertex 68.0261 14.7458 0
    endloop
  endfacet
  facet normal 0 0 -1
    outer loop
      vertex 76.7 0 0
      vertex 67.3302 15.1476 0
      vertex 67.665 14.9239 0
    endloop
  endfacet
  facet normal 0 0 -1
    outer loop
      vertex 76.7 0 0
      vertex 67.3289 15.1485 0
      vertex 67.3302 15.1476 0
    endloop
  endfacet
  facet normal 0 0 -1
    outer loop
      vertex 76.7 0 0
      vertex 67.3277 15.1495 0
      vertex 67.3289 15.1485 0
    endloop
  endfacet
  facet normal 0 0 -1
    outer loop
      vertex 76.7 0 0
      vertex 67.025 15.415 0
      vertex 67.3277 15.1495 0
    endloop
  endfacet
  facet normal 0 0 -1
    outer loop
      vertex 43 25 0
      vertex 67.025 15.415 0
      vertex 76.7 0 0
    endloop
  endfacet
  facet normal 0 0 -1
    outer loop
      vertex 67.025 15.415 0
      vertex 43 25 0
      vertex 67.0239 15.4162 0
    endloop
  endfacet
  facet normal 0 0 -1
    outer loop
      vertex 67.0239 15.4162 0
      vertex 43 25 0
      vertex 66.7585 15.7189 0
    endloop
  endfacet
  facet normal -0 -0 -1
    outer loop
      vertex 51 25 0
      vertex 66.7585 15.7189 0
      vertex 43 25 0
    endloop
  endfacet
  facet normal 0 0 -1
    outer loop
      vertex 56 25 0
      vertex 66.2249 16.8018 0
      vertex 66.2252 16.8002 0
    endloop
  endfacet
  facet normal 0 0 -1
    outer loop
      vertex 56 25 0
      vertex 66.12 17.5984 0
      vertex 66.1464 17.1967 0
    endloop
  endfacet
  facet normal 0 0 -1
    outer loop
      vertex 56 25 0
      vertex 66.1199 18.4 0
      vertex 66.1199 17.6 0
    endloop
  endfacet
  facet normal -0 0 -1
    outer loop
      vertex 66.3546 93.019 0
      vertex 64 87 0
      vertex 66.2252 93.4002 0
    endloop
  endfacet
  facet normal 0 0 -1
    outer loop
      vertex 69.6133 21.4636 0
      vertex 64 25 0
      vertex 64 36 0
    endloop
  endfacet
  facet normal 0 0 -1
    outer loop
      vertex 66.12 17.5984 0
      vertex 56 25 0
      vertex 66.1199 17.6 0
    endloop
  endfacet
  facet normal 0 0 -1
    outer loop
      vertex 66.2249 16.8018 0
      vertex 56 25 0
      vertex 66.1464 17.1967 0
    endloop
  endfacet
  facet normal 0 0 -1
    outer loop
      vertex 66.1464 18.8033 0
      vertex 56 25 0
      vertex 64 25 0
    endloop
  endfacet
  facet normal 0 0 -1
    outer loop
      vertex 66.3546 16.419 0
      vertex 56 25 0
      vertex 66.2252 16.8002 0
    endloop
  endfacet
  facet normal 0 0 -1
    outer loop
      vertex 66.3551 16.4175 0
      vertex 56 25 0
      vertex 66.3546 16.419 0
    endloop
  endfacet
  facet normal 0 0 -1
    outer loop
      vertex 51 25 0
      vertex 66.3551 16.4175 0
      vertex 66.5332 16.0564 0
    endloop
  endfacet
  facet normal 0 0 -1
    outer loop
      vertex 51 25 0
      vertex 66.5332 16.0564 0
      vertex 66.5339 16.055 0
    endloop
  endfacet
  facet normal 0 0 -1
    outer loop
      vertex 66.7585 15.7189 0
      vertex 51 25 0
      vertex 66.5348 16.0537 0
    endloop
  endfacet
  facet normal 0 0 -1
    outer loop
      vertex 51 36 0
      vertex 56 36 0
      vertex 56 25 0
    endloop
  endfacet
  facet normal 0 0 -1
    outer loop
      vertex 56 36 0
      vertex 51 36 0
      vertex 56 42 0
    endloop
  endfacet
  facet normal 0 0 -1
    outer loop
      vertex 56 42 0
      vertex 51 42 0
      vertex 56 53 0
    endloop
  endfacet
  facet normal 0 0 -1
    outer loop
      vertex 51 53 0
      vertex 56 53 0
      vertex 51 42 0
    endloop
  endfacet
  facet normal 0 0 -1
    outer loop
      vertex 51 59 0
      vertex 56 59 0
      vertex 51 53 0
    endloop
  endfacet
  facet normal 0 0 -1
    outer loop
      vertex 56 59 0
      vertex 51 59 0
      vertex 56 70 0
    endloop
  endfacet
  facet normal 0 0 -1
    outer loop
      vertex 51 36 0
      vertex 56 25 0
      vertex 51 25 0
    endloop
  endfacet
  facet normal 0 0 -1
    outer loop
      vertex 66.3551 16.4175 0
      vertex 51 25 0
      vertex 56 25 0
    endloop
  endfacet
  facet normal 0 0 -1
    outer loop
      vertex 66.5348 16.0537 0
      vertex 51 25 0
      vertex 66.5339 16.055 0
    endloop
  endfacet
  facet normal 0 0 -1
    outer loop
      vertex 38 36 0
      vertex 43 36 0
      vertex 43 25 0
    endloop
  endfacet
  facet normal 0 0 -1
    outer loop
      vertex 43 36 0
      vertex 38 36 0
      vertex 43 42 0
    endloop
  endfacet
  facet normal 0 0 -1
    outer loop
      vertex 43 42 0
      vertex 38 42 0
      vertex 43 53 0
    endloop
  endfacet
  facet normal 0 0 -1
    outer loop
      vertex 38 53 0
      vertex 43 53 0
      vertex 38 42 0
    endloop
  endfacet
  facet normal 0 0 -1
    outer loop
      vertex 38 59 0
      vertex 43 59 0
      vertex 38 53 0
    endloop
  endfacet
  facet normal 0 0 -1
    outer loop
      vertex 43 59 0
      vertex 38 59 0
      vertex 43 70 0
    endloop
  endfacet
  facet normal 0 0 -1
    outer loop
      vertex 38 36 0
      vertex 43 25 0
      vertex 38 25 0
    endloop
  endfacet
  facet normal 0 0 -1
    outer loop
      vertex 76.7 0 0
      vertex 38 25 0
      vertex 43 25 0
    endloop
  endfacet
  facet normal 0 0 -1
    outer loop
      vertex 0 0 0
      vertex 38 25 0
      vertex 76.7 0 0
    endloop
  endfacet
  facet normal 0 0 -1
    outer loop
      vertex 25 36 0
      vertex 30 36 0
      vertex 30 25 0
    endloop
  endfacet
  facet normal 0 0 -1
    outer loop
      vertex 30 36 0
      vertex 25 36 0
      vertex 30 42 0
    endloop
  endfacet
  facet normal 0 0 -1
    outer loop
      vertex 30 42 0
      vertex 25 42 0
      vertex 30 53 0
    endloop
  endfacet
  facet normal 0 0 -1
    outer loop
      vertex 25 53 0
      vertex 30 53 0
      vertex 25 42 0
    endloop
  endfacet
  facet normal 0 0 -1
    outer loop
      vertex 25 59 0
      vertex 30 59 0
      vertex 25 53 0
    endloop
  endfacet
  facet normal 0 0 -1
    outer loop
      vertex 30 59 0
      vertex 25 59 0
      vertex 30 70 0
    endloop
  endfacet
  facet normal 0 0 -1
    outer loop
      vertex 25 36 0
      vertex 30 25 0
      vertex 25 25 0
    endloop
  endfacet
  facet normal 0 -0 -1
    outer loop
      vertex 9.67501 15.415 0
      vertex 38 25 0
      vertex 0 0 0
    endloop
  endfacet
  facet normal 0 -0 -1
    outer loop
      vertex 9.94048 15.7177 0
      vertex 30 25 0
      vertex 9.67501 15.415 0
    endloop
  endfacet
  facet normal 0 0 -1
    outer loop
      vertex 10.58 18.4016 0
      vertex 17 25 0
      vertex 10.5801 18.4 0
    endloop
  endfacet
  facet normal 0 0 -1
    outer loop
      vertex 10.5536 18.8033 0
      vertex 17 25 0
      vertex 10.58 18.4016 0
    endloop
  endfacet
  facet normal 0 0 -1
    outer loop
      vertex 10.4751 19.1982 0
      vertex 17 25 0
      vertex 10.5536 18.8033 0
    endloop
  endfacet
  facet normal 0 0 -1
    outer loop
      vertex 10.4748 19.1998 0
      vertex 17 25 0
      vertex 10.4751 19.1982 0
    endloop
  endfacet
  facet normal 0 0 -1
    outer loop
      vertex 10.3454 19.581 0
      vertex 17 25 0
      vertex 10.4748 19.1998 0
    endloop
  endfacet
  facet normal 0 0 -1
    outer loop
      vertex 17 59 0
      vertex 10.5801 94.2 0
      vertex 17 70 0
    endloop
  endfacet
  facet normal 0 0 -1
    outer loop
      vertex 10.5801 18.4 0
      vertex 17 25 0
      vertex 10.5801 17.6 0
    endloop
  endfacet
  facet normal 0 -0 -1
    outer loop
      vertex 10.3442 16.4161 0
      vertex 25 25 0
      vertex 10.1661 16.055 0
    endloop
  endfacet
  facet normal 0 0 -1
    outer loop
      vertex 17 25 0
      vertex 10.58 17.5984 0
      vertex 10.5801 17.6 0
    endloop
  endfacet
  facet normal 0 0 -1
    outer loop
      vertex 17 25 0
      vertex 10.5536 17.1967 0
      vertex 10.58 17.5984 0
    endloop
  endfacet
  facet normal -0 0 -1
    outer loop
      vertex 25 25 0
      vertex 10.5536 17.1967 0
      vertex 17 25 0
    endloop
  endfacet
  facet normal 0 -0 -1
    outer loop
      vertex 10.5536 17.1967 0
      vertex 25 25 0
      vertex 10.4751 16.8018 0
    endloop
  endfacet
  facet normal 0 -0 -1
    outer loop
      vertex 10.4751 16.8018 0
      vertex 25 25 0
      vertex 10.4748 16.8002 0
    endloop
  endfacet
  facet normal 0 -0 -1
    outer loop
      vertex 10.4748 16.8002 0
      vertex 25 25 0
      vertex 10.3454 16.419 0
    endloop
  endfacet
  facet normal 0 -0 -1
    outer loop
      vertex 10.3454 16.419 0
      vertex 25 25 0
      vertex 10.3449 16.4175 0
    endloop
  endfacet
  facet normal 0 -0 -1
    outer loop
      vertex 10.3449 16.4175 0
      vertex 25 25 0
      vertex 10.3442 16.4161 0
    endloop
  endfacet
  facet normal 0 0 -1
    outer loop
      vertex 25 25 0
      vertex 9.94239 15.7202 0
      vertex 10.1661 16.055 0
    endloop
  endfacet
  facet normal 0 0 -1
    outer loop
      vertex 25 25 0
      vertex 9.94152 15.7189 0
      vertex 9.94239 15.7202 0
    endloop
  endfacet
  facet normal -0 0 -1
    outer loop
      vertex 30 25 0
      vertex 9.94152 15.7189 0
      vertex 25 25 0
    endloop
  endfacet
  facet normal 0 -0 -1
    outer loop
      vertex 9.94152 15.7189 0
      vertex 30 25 0
      vertex 9.94048 15.7177 0
    endloop
  endfacet
  facet normal -0 0 -1
    outer loop
      vertex 38 25 0
      vertex 9.67501 15.415 0
      vertex 30 25 0
    endloop
  endfacet
  facet normal 0 0 -1
    outer loop
      vertex 9.67501 15.415 0
      vertex 0 0 0
      vertex 9.3723 15.1495 0
    endloop
  endfacet
  facet normal 0 0 -1
    outer loop
      vertex 9.3723 15.1495 0
      vertex 0 0 0
      vertex 9.37112 15.1485 0
    endloop
  endfacet
  facet normal 0 0 -1
    outer loop
      vertex 9.37112 15.1485 0
      vertex 0 0 0
      vertex 9.03635 14.9248 0
    endloop
  endfacet
  facet normal 0 0 -1
    outer loop
      vertex 9.03635 14.9248 0
      vertex 0 0 0
      vertex 9.03504 14.9239 0
    endloop
  endfacet
  facet normal 0 0 -1
    outer loop
      vertex 9.03504 14.9239 0
      vertex 0 0 0
      vertex 9.03362 14.9232 0
    endloop
  endfacet
  facet normal 0 0 -1
    outer loop
      vertex 9.03362 14.9232 0
      vertex 0 0 0
      vertex 8.67252 14.7451 0
    endloop
  endfacet
  facet normal 0 0 -1
    outer loop
      vertex 8.67252 14.7451 0
      vertex 0 0 0
      vertex 8.67103 14.7446 0
    endloop
  endfacet
  facet normal 0 0 -1
    outer loop
      vertex 8.67103 14.7446 0
      vertex 0 0 0
      vertex 8.28977 14.6152 0
    endloop
  endfacet
  facet normal 0 0 -1
    outer loop
      vertex 8.28977 14.6152 0
      vertex 0 0 0
      vertex 8.28822 14.6149 0
    endloop
  endfacet
  facet normal 0 0 -1
    outer loop
      vertex 8.28822 14.6149 0
      vertex 0 0 0
      vertex 7.89333 14.5364 0
    endloop
  endfacet
  facet normal 0 0 -1
    outer loop
      vertex 7.89333 14.5364 0
      vertex 0 0 0
      vertex 7.49157 14.51 0
    endloop
  endfacet
  facet normal 0 0 -1
    outer loop
      vertex 7.49157 14.51 0
      vertex 0 0 0
      vertex 7.49 14.5099 0
    endloop
  endfacet
  facet normal -0 0 -1
    outer loop
      vertex 7.49 14.5099 0
      vertex 0 0 0
      vertex 7.48843 14.51 0
    endloop
  endfacet
  facet normal -0 0 -1
    outer loop
      vertex 7.48843 14.51 0
      vertex 0 0 0
      vertex 7.08666 14.5364 0
    endloop
  endfacet
  facet normal -0 0 -1
    outer loop
      vertex 7.08666 14.5364 0
      vertex 0 0 0
      vertex 6.69178 14.6149 0
    endloop
  endfacet
  facet normal 0 0 -1
    outer loop
      vertex 0 0 0
      vertex 6.30897 14.7446 0
      vertex 6.69023 14.6152 0
    endloop
  endfacet
  facet normal 0 0 -1
    outer loop
      vertex 0 0 0
      vertex 6.30607 14.7458 0
      vertex 6.30748 14.7451 0
    endloop
  endfacet
  facet normal 0 0 -1
    outer loop
      vertex 0 0 0
      vertex 5.94365 14.9248 0
      vertex 5.94496 14.9239 0
    endloop
  endfacet
  facet normal 0 0 -1
    outer loop
      vertex 0 0 0
      vertex 5.6077 15.1495 0
      vertex 5.60888 15.1485 0
    endloop
  endfacet
  facet normal 0 0 -1
    outer loop
      vertex 0 0 0
      vertex 4.63464 16.419 0
      vertex 4.63515 16.4175 0
    endloop
  endfacet
  facet normal 0 0 1
    outer loop
      vertex 4.42636 17.1967 0
      vertex 4.39993 17.6 0
      vertex 4.40003 17.5984 0
    endloop
  endfacet
  facet normal 0 0 -1
    outer loop
      vertex 0 0 0
      vertex 4.39993 18.4 0
      vertex 4.39993 17.6 0
    endloop
  endfacet
  facet normal 0 0 -1
    outer loop
      vertex 4.40003 94.1984 0
      vertex 0 108 0
      vertex 4.39993 94.2 0
    endloop
  endfacet
  facet normal -0 0 -1
    outer loop
      vertex 4.42636 18.8033 0
      vertex 0 0 0
      vertex 0 108 0
    endloop
  endfacet
  facet normal -0 0 -1
    outer loop
      vertex 4.42636 17.1967 0
      vertex 0 0 0
      vertex 4.39993 17.6 0
    endloop
  endfacet
  facet normal -0 0 -1
    outer loop
      vertex 4.42667 17.1951 0
      vertex 0 0 0
      vertex 4.42636 17.1967 0
    endloop
  endfacet
  facet normal -0 0 -1
    outer loop
      vertex 4.50522 16.8002 0
      vertex 0 0 0
      vertex 4.42667 17.1951 0
    endloop
  endfacet
  facet normal -0 0 -1
    outer loop
      vertex 4.63464 16.419 0
      vertex 0 0 0
      vertex 4.50522 16.8002 0
    endloop
  endfacet
  facet normal -0 0 -1
    outer loop
      vertex 4.81322 16.0564 0
      vertex 0 0 0
      vertex 4.63515 16.4175 0
    endloop
  endfacet
  facet normal -0 0 -1
    outer loop
      vertex 4.81392 16.055 0
      vertex 0 0 0
      vertex 4.81322 16.0564 0
    endloop
  endfacet
  facet normal -0 0 -1
    outer loop
      vertex 4.8148 16.0537 0
      vertex 0 0 0
      vertex 4.81392 16.055 0
    endloop
  endfacet
  facet normal -0 0 -1
    outer loop
      vertex 5.03848 15.7189 0
      vertex 0 0 0
      vertex 4.8148 16.0537 0
    endloop
  endfacet
  facet normal -0 0 -1
    outer loop
      vertex 5.03952 15.7177 0
      vertex 0 0 0
      vertex 5.03848 15.7189 0
    endloop
  endfacet
  facet normal -0 0 -1
    outer loop
      vertex 5.30499 15.415 0
      vertex 0 0 0
      vertex 5.03952 15.7177 0
    endloop
  endfacet
  facet normal -0 0 -1
    outer loop
      vertex 5.6077 15.1495 0
      vertex 0 0 0
      vertex 5.30499 15.415 0
    endloop
  endfacet
  facet normal -0 0 -1
    outer loop
      vertex 5.94365 14.9248 0
      vertex 0 0 0
      vertex 5.60888 15.1485 0
    endloop
  endfacet
  facet normal -0 0 -1
    outer loop
      vertex 6.30607 14.7458 0
      vertex 0 0 0
      vertex 5.94496 14.9239 0
    endloop
  endfacet
  facet normal -0 0 -1
    outer loop
      vertex 6.30897 14.7446 0
      vertex 0 0 0
      vertex 6.30748 14.7451 0
    endloop
  endfacet
  facet normal -0 0 -1
    outer loop
      vertex 6.69178 14.6149 0
      vertex 0 0 0
      vertex 6.69023 14.6152 0
    endloop
  endfacet
  facet normal 0 0 -1
    outer loop
      vertex 72.2737 18.8018 0
      vertex 76.7 0 0
      vertex 72.3001 18.4 0
    endloop
  endfacet
  facet normal 0 0 -1
    outer loop
      vertex 72.2736 18.8033 0
      vertex 76.7 0 0
      vertex 72.2737 18.8018 0
    endloop
  endfacet
  facet normal 0 0 -1
    outer loop
      vertex 72.3001 95 0
      vertex 76.7 108 0
      vertex 72.3001 94.2 0
    endloop
  endfacet
  facet normal 0 0 -1
    outer loop
      vertex 72.2737 95.4018 0
      vertex 76.7 108 0
      vertex 72.3001 95 0
    endloop
  endfacet
  facet normal 0 0 -1
    outer loop
      vertex 72.2736 95.4033 0
      vertex 76.7 108 0
      vertex 72.2737 95.4018 0
    endloop
  endfacet
  facet normal 0 0 -1
    outer loop
      vertex 72.2733 95.4049 0
      vertex 76.7 108 0
      vertex 72.2736 95.4033 0
    endloop
  endfacet
  facet normal 0 0 -1
    outer loop
      vertex 72.1948 95.7998 0
      vertex 76.7 108 0
      vertex 72.2733 95.4049 0
    endloop
  endfacet
  facet normal 0 0 -1
    outer loop
      vertex 72.0654 96.181 0
      vertex 76.7 108 0
      vertex 72.1948 95.7998 0
    endloop
  endfacet
  facet normal 0 0 -1
    outer loop
      vertex 72.0648 96.1825 0
      vertex 76.7 108 0
      vertex 72.0654 96.181 0
    endloop
  endfacet
  facet normal 0 0 -1
    outer loop
      vertex 71.8868 96.5436 0
      vertex 76.7 108 0
      vertex 72.0648 96.1825 0
    endloop
  endfacet
  facet normal 0 0 -1
    outer loop
      vertex 71.8861 96.545 0
      vertex 76.7 108 0
      vertex 71.8868 96.5436 0
    endloop
  endfacet
  facet normal 0 0 -1
    outer loop
      vertex 71.8852 96.5463 0
      vertex 76.7 108 0
      vertex 71.8861 96.545 0
    endloop
  endfacet
  facet normal 0 0 -1
    outer loop
      vertex 71.6615 96.8811 0
      vertex 76.7 108 0
      vertex 71.8852 96.5463 0
    endloop
  endfacet
  facet normal 0 0 -1
    outer loop
      vertex 71.396 97.1838 0
      vertex 76.7 108 0
      vertex 71.6615 96.8811 0
    endloop
  endfacet
  facet normal 0 0 -1
    outer loop
      vertex 71.395 97.185 0
      vertex 76.7 108 0
      vertex 71.396 97.1838 0
    endloop
  endfacet
  facet normal 0 0 -1
    outer loop
      vertex 71.3938 97.1861 0
      vertex 76.7 108 0
      vertex 71.395 97.185 0
    endloop
  endfacet
  facet normal 0 0 -1
    outer loop
      vertex 71.0911 97.4515 0
      vertex 76.7 108 0
      vertex 71.3938 97.1861 0
    endloop
  endfacet
  facet normal 0 0 -1
    outer loop
      vertex 70.7563 97.6752 0
      vertex 76.7 108 0
      vertex 71.0911 97.4515 0
    endloop
  endfacet
  facet normal 0 0 -1
    outer loop
      vertex 70.755 97.6761 0
      vertex 76.7 108 0
      vertex 70.7563 97.6752 0
    endloop
  endfacet
  facet normal 0 0 -1
    outer loop
      vertex 70.7536 97.6768 0
      vertex 76.7 108 0
      vertex 70.755 97.6761 0
    endloop
  endfacet
  facet normal 0 0 -1
    outer loop
      vertex 70.3925 97.8549 0
      vertex 76.7 108 0
      vertex 70.7536 97.6768 0
    endloop
  endfacet
  facet normal 0 0 -1
    outer loop
      vertex 70.391 97.8554 0
      vertex 76.7 108 0
      vertex 70.3925 97.8549 0
    endloop
  endfacet
  facet normal 0 0 -1
    outer loop
      vertex 70.0098 97.9848 0
      vertex 76.7 108 0
      vertex 70.391 97.8554 0
    endloop
  endfacet
  facet normal 0 0 -1
    outer loop
      vertex 69.6149 98.0633 0
      vertex 76.7 108 0
      vertex 70.0098 97.9848 0
    endloop
  endfacet
  facet normal 0 0 -1
    outer loop
      vertex 69.6133 98.0636 0
      vertex 76.7 108 0
      vertex 69.6149 98.0633 0
    endloop
  endfacet
  facet normal 0 0 -1
    outer loop
      vertex 69.6118 98.0637 0
      vertex 76.7 108 0
      vertex 69.6133 98.0636 0
    endloop
  endfacet
  facet normal 0 0 -1
    outer loop
      vertex 69.21 98.0901 0
      vertex 76.7 108 0
      vertex 69.6118 98.0637 0
    endloop
  endfacet
  facet normal 0 0 -1
    outer loop
      vertex 68.8082 98.0637 0
      vertex 76.7 108 0
      vertex 69.21 98.0901 0
    endloop
  endfacet
  facet normal 0 0 -1
    outer loop
      vertex 68.8067 98.0636 0
      vertex 76.7 108 0
      vertex 68.8082 98.0637 0
    endloop
  endfacet
  facet normal 0 0 -1
    outer loop
      vertex 68.8051 98.0633 0
      vertex 76.7 108 0
      vertex 68.8067 98.0636 0
    endloop
  endfacet
  facet normal 0 0 -1
    outer loop
      vertex 68.4102 97.9848 0
      vertex 76.7 108 0
      vertex 68.8051 98.0633 0
    endloop
  endfacet
  facet normal 0 0 -1
    outer loop
      vertex 68.029 97.8554 0
      vertex 76.7 108 0
      vertex 68.4102 97.9848 0
    endloop
  endfacet
  facet normal 0 0 -1
    outer loop
      vertex 68.0275 97.8549 0
      vertex 76.7 108 0
      vertex 68.029 97.8554 0
    endloop
  endfacet
  facet normal 0 0 -1
    outer loop
      vertex 67.6664 97.6768 0
      vertex 76.7 108 0
      vertex 68.0275 97.8549 0
    endloop
  endfacet
  facet normal 0 0 -1
    outer loop
      vertex 67.665 97.6761 0
      vertex 76.7 108 0
      vertex 67.6664 97.6768 0
    endloop
  endfacet
  facet normal 0 0 -1
    outer loop
      vertex 67.6637 97.6752 0
      vertex 76.7 108 0
      vertex 67.665 97.6761 0
    endloop
  endfacet
  facet normal 0 0 -1
    outer loop
      vertex 67.3289 97.4515 0
      vertex 76.7 108 0
      vertex 67.6637 97.6752 0
    endloop
  endfacet
  facet normal 0 0 -1
    outer loop
      vertex 38 87 0
      vertex 67.3289 97.4515 0
      vertex 67.0262 97.1861 0
    endloop
  endfacet
  facet normal 0 0 -1
    outer loop
      vertex 38 87 0
      vertex 67.0262 97.1861 0
      vertex 67.025 97.185 0
    endloop
  endfacet
  facet normal 0 0 1
    outer loop
      vertex 66.7585 96.8811 0
      vertex 67.025 97.185 0
      vertex 67.0239 97.1838 0
    endloop
  endfacet
  facet normal 0 0 -1
    outer loop
      vertex 66.5339 96.545 0
      vertex 66.7585 96.8811 0
      vertex 66.5348 96.5463 0
    endloop
  endfacet
  facet normal 0 0 -1
    outer loop
      vertex 56 87 0
      vertex 66.2249 95.7982 0
      vertex 66.1464 95.4033 0
    endloop
  endfacet
  facet normal 0 0 -1
    outer loop
      vertex 56 87 0
      vertex 66.12 95.0016 0
      vertex 66.1199 95 0
    endloop
  endfacet
  facet normal 0 0 -1
    outer loop
      vertex 71.395 20.585 0
      vertex 64 36 0
      vertex 64 42 0
    endloop
  endfacet
  facet normal 0 0 -1
    outer loop
      vertex 71.8861 19.945 0
      vertex 64 42 0
      vertex 64 53 0
    endloop
  endfacet
  facet normal 0 0 -1
    outer loop
      vertex 56 87 0
      vertex 66.2252 93.4002 0
      vertex 64 87 0
    endloop
  endfacet
  facet normal -0 0 -1
    outer loop
      vertex 66.2252 93.4002 0
      vertex 56 87 0
      vertex 66.2249 93.4018 0
    endloop
  endfacet
  facet normal -0 0 -1
    outer loop
      vertex 66.2249 93.4018 0
      vertex 56 87 0
      vertex 66.1464 93.7967 0
    endloop
  endfacet
  facet normal -0 0 -1
    outer loop
      vertex 66.1464 93.7967 0
      vertex 56 87 0
      vertex 66.12 94.1984 0
    endloop
  endfacet
  facet normal -0 0 -1
    outer loop
      vertex 66.12 94.1984 0
      vertex 56 87 0
      vertex 66.1199 94.2 0
    endloop
  endfacet
  facet normal -0 0 -1
    outer loop
      vertex 66.1199 94.2 0
      vertex 56 87 0
      vertex 66.1199 95 0
    endloop
  endfacet
  facet normal -0 0 -1
    outer loop
      vertex 66.12 95.0016 0
      vertex 56 87 0
      vertex 66.1464 95.4033 0
    endloop
  endfacet
  facet normal -0 0 -1
    outer loop
      vertex 66.2249 95.7982 0
      vertex 56 87 0
      vertex 66.2252 95.7998 0
    endloop
  endfacet
  facet normal 0 0 -1
    outer loop
      vertex 56 87 0
      vertex 66.3546 96.181 0
      vertex 66.2252 95.7998 0
    endloop
  endfacet
  facet normal 0 0 -1
    outer loop
      vertex 51 87 0
      vertex 66.3546 96.181 0
      vertex 56 87 0
    endloop
  endfacet
  facet normal -0 0 -1
    outer loop
      vertex 66.3546 96.181 0
      vertex 51 87 0
      vertex 66.3551 96.1825 0
    endloop
  endfacet
  facet normal -0 0 -1
    outer loop
      vertex 66.3551 96.1825 0
      vertex 51 87 0
      vertex 66.5332 96.5436 0
    endloop
  endfacet
  facet normal -0 0 -1
    outer loop
      vertex 66.5332 96.5436 0
      vertex 51 87 0
      vertex 66.5339 96.545 0
    endloop
  endfacet
  facet normal -0 0 -1
    outer loop
      vertex 66.5339 96.545 0
      vertex 51 87 0
      vertex 66.7585 96.8811 0
    endloop
  endfacet
  facet normal 0 0 -1
    outer loop
      vertex 43 87 0
      vertex 66.7585 96.8811 0
      vertex 51 87 0
    endloop
  endfacet
  facet normal -0 0 -1
    outer loop
      vertex 56 42 0
      vertex 51 36 0
      vertex 51 42 0
    endloop
  endfacet
  facet normal 0 0 -1
    outer loop
      vertex 56 53 0
      vertex 51 53 0
      vertex 56 59 0
    endloop
  endfacet
  facet normal 0 0 -1
    outer loop
      vertex 51 70 0
      vertex 56 70 0
      vertex 51 59 0
    endloop
  endfacet
  facet normal 0 0 -1
    outer loop
      vertex 56 70 0
      vertex 51 70 0
      vertex 56 76 0
    endloop
  endfacet
  facet normal 0 0 -1
    outer loop
      vertex 51 76 0
      vertex 56 76 0
      vertex 51 70 0
    endloop
  endfacet
  facet normal 0 0 -1
    outer loop
      vertex 56 76 0
      vertex 51 76 0
      vertex 56 87 0
    endloop
  endfacet
  facet normal 0 0 -1
    outer loop
      vertex 51 87 0
      vertex 56 87 0
      vertex 51 76 0
    endloop
  endfacet
  facet normal -0 0 -1
    outer loop
      vertex 66.7585 96.8811 0
      vertex 43 87 0
      vertex 67.025 97.185 0
    endloop
  endfacet
  facet normal 0 0 -1
    outer loop
      vertex 38 87 0
      vertex 67.025 97.185 0
      vertex 43 87 0
    endloop
  endfacet
  facet normal -0 0 -1
    outer loop
      vertex 43 42 0
      vertex 38 36 0
      vertex 38 42 0
    endloop
  endfacet
  facet normal 0 0 -1
    outer loop
      vertex 43 53 0
      vertex 38 53 0
      vertex 43 59 0
    endloop
  endfacet
  facet normal 0 0 -1
    outer loop
      vertex 38 70 0
      vertex 43 70 0
      vertex 38 59 0
    endloop
  endfacet
  facet normal 0 0 -1
    outer loop
      vertex 43 70 0
      vertex 38 70 0
      vertex 43 76 0
    endloop
  endfacet
  facet normal 0 0 -1
    outer loop
      vertex 38 76 0
      vertex 43 76 0
      vertex 38 70 0
    endloop
  endfacet
  facet normal 0 0 -1
    outer loop
      vertex 43 76 0
      vertex 38 76 0
      vertex 43 87 0
    endloop
  endfacet
  facet normal 0 0 -1
    outer loop
      vertex 38 87 0
      vertex 43 87 0
      vertex 38 76 0
    endloop
  endfacet
  facet normal -0 0 -1
    outer loop
      vertex 67.3289 97.4515 0
      vertex 38 87 0
      vertex 76.7 108 0
    endloop
  endfacet
  facet normal 0 0 -1
    outer loop
      vertex 9.67501 97.185 0
      vertex 38 87 0
      vertex 30 87 0
    endloop
  endfacet
  facet normal -0 0 -1
    outer loop
      vertex 30 42 0
      vertex 25 36 0
      vertex 25 42 0
    endloop
  endfacet
  facet normal 0 0 -1
    outer loop
      vertex 30 53 0
      vertex 25 53 0
      vertex 30 59 0
    endloop
  endfacet
  facet normal 0 0 -1
    outer loop
      vertex 25 70 0
      vertex 30 70 0
      vertex 25 59 0
    endloop
  endfacet
  facet normal 0 0 -1
    outer loop
      vertex 30 70 0
      vertex 25 70 0
      vertex 30 76 0
    endloop
  endfacet
  facet normal 0 0 -1
    outer loop
      vertex 25 76 0
      vertex 30 76 0
      vertex 25 70 0
    endloop
  endfacet
  facet normal 0 0 -1
    outer loop
      vertex 30 76 0
      vertex 25 76 0
      vertex 30 87 0
    endloop
  endfacet
  facet normal 0 0 -1
    outer loop
      vertex 25 87 0
      vertex 30 87 0
      vertex 25 76 0
    endloop
  endfacet
  facet normal 0 0 -1
    outer loop
      vertex 10.1661 96.545 0
      vertex 30 87 0
      vertex 25 87 0
    endloop
  endfacet
  facet normal 0 0 -1
    outer loop
      vertex 10.5536 95.4033 0
      vertex 25 87 0
      vertex 17 87 0
    endloop
  endfacet
  facet normal 0 0 -1
    outer loop
      vertex 17 70 0
      vertex 10.5801 94.2 0
      vertex 17 76 0
    endloop
  endfacet
  facet normal 0 0 -1
    outer loop
      vertex 17 76 0
      vertex 10.5801 94.2 0
      vertex 17 87 0
    endloop
  endfacet
  facet normal 0 0 -1
    outer loop
      vertex 10.5801 95 0
      vertex 17 87 0
      vertex 10.5801 94.2 0
    endloop
  endfacet
  facet normal 0 0 -1
    outer loop
      vertex 10.58 95.0016 0
      vertex 17 87 0
      vertex 10.5801 95 0
    endloop
  endfacet
  facet normal 0 0 -1
    outer loop
      vertex 10.5536 95.4033 0
      vertex 17 87 0
      vertex 10.58 95.0016 0
    endloop
  endfacet
  facet normal 0 0 -1
    outer loop
      vertex 25 87 0
      vertex 10.5536 95.4033 0
      vertex 10.4751 95.7982 0
    endloop
  endfacet
  facet normal 0 0 -1
    outer loop
      vertex 25 87 0
      vertex 10.4751 95.7982 0
      vertex 10.4748 95.7998 0
    endloop
  endfacet
  facet normal 0 0 -1
    outer loop
      vertex 25 87 0
      vertex 10.4748 95.7998 0
      vertex 10.3454 96.181 0
    endloop
  endfacet
  facet normal 0 0 -1
    outer loop
      vertex 25 87 0
      vertex 10.3454 96.181 0
      vertex 10.3449 96.1825 0
    endloop
  endfacet
  facet normal 0 0 -1
    outer loop
      vertex 10.3442 96.1839 0
      vertex 25 87 0
      vertex 10.3449 96.1825 0
    endloop
  endfacet
  facet normal 0 0 -1
    outer loop
      vertex 10.1661 96.545 0
      vertex 25 87 0
      vertex 10.3442 96.1839 0
    endloop
  endfacet
  facet normal 0 0 -1
    outer loop
      vertex 30 87 0
      vertex 10.1661 96.545 0
      vertex 9.94239 96.8798 0
    endloop
  endfacet
  facet normal 0 0 -1
    outer loop
      vertex 30 87 0
      vertex 9.94239 96.8798 0
      vertex 9.94152 96.8811 0
    endloop
  endfacet
  facet normal 0 0 -1
    outer loop
      vertex 30 87 0
      vertex 9.94152 96.8811 0
      vertex 9.94048 96.8823 0
    endloop
  endfacet
  facet normal 0 0 -1
    outer loop
      vertex 30 87 0
      vertex 9.94048 96.8823 0
      vertex 9.67501 97.185 0
    endloop
  endfacet
  facet normal 0 0 -1
    outer loop
      vertex 9.67382 97.1861 0
      vertex 38 87 0
      vertex 9.67501 97.185 0
    endloop
  endfacet
  facet normal 0 0 -1
    outer loop
      vertex 9.37112 97.4515 0
      vertex 38 87 0
      vertex 9.67382 97.1861 0
    endloop
  endfacet
  facet normal 0 0 -1
    outer loop
      vertex 38 87 0
      vertex 9.37112 97.4515 0
      vertex 76.7 108 0
    endloop
  endfacet
  facet normal 0 0 -1
    outer loop
      vertex 0 108 0
      vertex 9.37112 97.4515 0
      vertex 9.03635 97.6752 0
    endloop
  endfacet
  facet normal 0 0 -1
    outer loop
      vertex 0 108 0
      vertex 9.03635 97.6752 0
      vertex 9.03504 97.6761 0
    endloop
  endfacet
  facet normal 0 0 -1
    outer loop
      vertex 0 108 0
      vertex 9.03504 97.6761 0
      vertex 9.03362 97.6768 0
    endloop
  endfacet
  facet normal 0 0 -1
    outer loop
      vertex 0 108 0
      vertex 9.03362 97.6768 0
      vertex 8.67252 97.8549 0
    endloop
  endfacet
  facet normal 0 0 -1
    outer loop
      vertex 0 108 0
      vertex 8.67252 97.8549 0
      vertex 8.67103 97.8554 0
    endloop
  endfacet
  facet normal 0 0 -1
    outer loop
      vertex 0 108 0
      vertex 8.67103 97.8554 0
      vertex 8.28977 97.9848 0
    endloop
  endfacet
  facet normal 0 0 -1
    outer loop
      vertex 0 108 0
      vertex 8.28977 97.9848 0
      vertex 7.89488 98.0633 0
    endloop
  endfacet
  facet normal 0 0 -1
    outer loop
      vertex 0 108 0
      vertex 7.89488 98.0633 0
      vertex 7.89333 98.0636 0
    endloop
  endfacet
  facet normal 0 0 -1
    outer loop
      vertex 0 108 0
      vertex 7.89333 98.0636 0
      vertex 7.89176 98.0637 0
    endloop
  endfacet
  facet normal 0 0 -1
    outer loop
      vertex 0 108 0
      vertex 7.89176 98.0637 0
      vertex 7.49 98.0901 0
    endloop
  endfacet
  facet normal 0 0 -1
    outer loop
      vertex 0 108 0
      vertex 7.49 98.0901 0
      vertex 7.08824 98.0637 0
    endloop
  endfacet
  facet normal 0 0 -1
    outer loop
      vertex 0 108 0
      vertex 7.08824 98.0637 0
      vertex 7.08666 98.0636 0
    endloop
  endfacet
  facet normal 0 0 -1
    outer loop
      vertex 0 108 0
      vertex 7.08512 98.0633 0
      vertex 6.69023 97.9848 0
    endloop
  endfacet
  facet normal 0 0 -1
    outer loop
      vertex 0 108 0
      vertex 5.94365 97.6752 0
      vertex 5.60888 97.4515 0
    endloop
  endfacet
  facet normal 0 0 -1
    outer loop
      vertex 0 108 0
      vertex 5.30617 97.1861 0
      vertex 5.30499 97.185 0
    endloop
  endfacet
  facet normal 0 0 -1
    outer loop
      vertex 0 108 0
      vertex 5.03952 96.8823 0
      vertex 5.03848 96.8811 0
    endloop
  endfacet
  facet normal 0 0 -1
    outer loop
      vertex 0 108 0
      vertex 5.0376 96.8798 0
      vertex 4.81392 96.545 0
    endloop
  endfacet
  facet normal 0 0 -1
    outer loop
      vertex 0 108 0
      vertex 4.81322 96.5436 0
      vertex 4.63515 96.1825 0
    endloop
  endfacet
  facet normal 0 0 -1
    outer loop
      vertex 0 108 0
      vertex 4.63464 96.181 0
      vertex 4.50522 95.7998 0
    endloop
  endfacet
  facet normal 0 0 -1
    outer loop
      vertex 0 108 0
      vertex 4.40003 95.0016 0
      vertex 4.39993 95 0
    endloop
  endfacet
  facet normal 0 0 -1
    outer loop
      vertex 9.37112 97.4515 0
      vertex 0 108 0
      vertex 76.7 108 0
    endloop
  endfacet
  facet normal 0 0 -1
    outer loop
      vertex 7.08512 98.0633 0
      vertex 0 108 0
      vertex 7.08666 98.0636 0
    endloop
  endfacet
  facet normal 0 0 -1
    outer loop
      vertex 6.30897 97.8554 0
      vertex 0 108 0
      vertex 6.69023 97.9848 0
    endloop
  endfacet
  facet normal 0 0 -1
    outer loop
      vertex 6.30748 97.8549 0
      vertex 0 108 0
      vertex 6.30897 97.8554 0
    endloop
  endfacet
  facet normal 0 0 -1
    outer loop
      vertex 5.94638 97.6768 0
      vertex 0 108 0
      vertex 6.30748 97.8549 0
    endloop
  endfacet
  facet normal 0 0 -1
    outer loop
      vertex 5.94496 97.6761 0
      vertex 0 108 0
      vertex 5.94638 97.6768 0
    endloop
  endfacet
  facet normal 0 0 -1
    outer loop
      vertex 5.94365 97.6752 0
      vertex 0 108 0
      vertex 5.94496 97.6761 0
    endloop
  endfacet
  facet normal 0 0 -1
    outer loop
      vertex 5.30617 97.1861 0
      vertex 0 108 0
      vertex 5.60888 97.4515 0
    endloop
  endfacet
  facet normal 0 0 -1
    outer loop
      vertex 5.03952 96.8823 0
      vertex 0 108 0
      vertex 5.30499 97.185 0
    endloop
  endfacet
  facet normal 0 0 -1
    outer loop
      vertex 5.0376 96.8798 0
      vertex 0 108 0
      vertex 5.03848 96.8811 0
    endloop
  endfacet
  facet normal 0 0 -1
    outer loop
      vertex 4.81322 96.5436 0
      vertex 0 108 0
      vertex 4.81392 96.545 0
    endloop
  endfacet
  facet normal 0 0 -1
    outer loop
      vertex 4.63464 96.181 0
      vertex 0 108 0
      vertex 4.63515 96.1825 0
    endloop
  endfacet
  facet normal 0 0 -1
    outer loop
      vertex 4.42667 95.4049 0
      vertex 0 108 0
      vertex 4.50522 95.7998 0
    endloop
  endfacet
  facet normal 0 0 -1
    outer loop
      vertex 4.42636 95.4033 0
      vertex 0 108 0
      vertex 4.42667 95.4049 0
    endloop
  endfacet
  facet normal 0 0 -1
    outer loop
      vertex 4.40003 95.0016 0
      vertex 0 108 0
      vertex 4.42636 95.4033 0
    endloop
  endfacet
  facet normal 0 0 -1
    outer loop
      vertex 4.39993 94.2 0
      vertex 0 108 0
      vertex 4.39993 95 0
    endloop
  endfacet
  facet normal 0 -1 0
    outer loop
      vertex 0 0 17.4
      vertex 5.55001 0 16.4
      vertex 76.7 0 17.4
    endloop
  endfacet
  facet normal 0 -1 0
    outer loop
      vertex 0 0 17.4
      vertex 5.26286 0 16.3812
      vertex 5.55001 0 16.4
    endloop
  endfacet
  facet normal 0 -1 0
    outer loop
      vertex 0 0 17.4
      vertex 4.9806 0 16.325
      vertex 5.26286 0 16.3812
    endloop
  endfacet
  facet normal 0 -1 0
    outer loop
      vertex 0 0 17.4
      vertex 4.70811 0 16.2325
      vertex 4.9806 0 16.325
    endloop
  endfacet
  facet normal 0 -1 0
    outer loop
      vertex 0 0 17.4
      vertex 4.45001 0 16.1052
      vertex 4.70811 0 16.2325
    endloop
  endfacet
  facet normal 0 -1 0
    outer loop
      vertex 0 0 17.4
      vertex 4.21073 0 15.9454
      vertex 4.45001 0 16.1052
    endloop
  endfacet
  facet normal 0 -1 0
    outer loop
      vertex 0 0 17.4
      vertex 3.99438 0 15.7556
      vertex 4.21073 0 15.9454
    endloop
  endfacet
  facet normal 0 -1 0
    outer loop
      vertex 0 0 17.4
      vertex 3.80464 0 15.5393
      vertex 3.99438 0 15.7556
    endloop
  endfacet
  facet normal 0 -1 0
    outer loop
      vertex 0 0 17.4
      vertex 3.64475 0 15.3
      vertex 3.80464 0 15.5393
    endloop
  endfacet
  facet normal 0 -1 0
    outer loop
      vertex 0 0 17.4
      vertex 3.51746 0 15.0419
      vertex 3.64475 0 15.3
    endloop
  endfacet
  facet normal 0 -1 0
    outer loop
      vertex 0 0 17.4
      vertex 3.42497 0 14.7694
      vertex 3.51746 0 15.0419
    endloop
  endfacet
  facet normal 0 -1 0
    outer loop
      vertex 0 0 17.4
      vertex 3.36883 0 14.4872
      vertex 3.42497 0 14.7694
    endloop
  endfacet
  facet normal 0 -1 0
    outer loop
      vertex 0 0 17.4
      vertex 3.35 0 14.2
      vertex 3.36883 0 14.4872
    endloop
  endfacet
  facet normal 0 -1 0
    outer loop
      vertex 0 0 17.4
      vertex 3.35 0 3.2
      vertex 3.35 0 14.2
    endloop
  endfacet
  facet normal 0 -1 0
    outer loop
      vertex 0 0 0
      vertex 3.35 0 3.2
      vertex 0 0 17.4
    endloop
  endfacet
  facet normal 0 -1 -0
    outer loop
      vertex 3.35 0 3.2
      vertex 0 0 0
      vertex 3.36883 0 2.91284
    endloop
  endfacet
  facet normal 0 -1 -0
    outer loop
      vertex 5.55001 0 1
      vertex 0 0 0
      vertex 71.15 0 1
    endloop
  endfacet
  facet normal 0 -1 -0
    outer loop
      vertex 5.26286 0 1.01883
      vertex 0 0 0
      vertex 5.55001 0 1
    endloop
  endfacet
  facet normal 0 -1 -0
    outer loop
      vertex 4.9806 0 1.07497
      vertex 0 0 0
      vertex 5.26286 0 1.01883
    endloop
  endfacet
  facet normal 0 -1 -0
    outer loop
      vertex 4.70811 0 1.16747
      vertex 0 0 0
      vertex 4.9806 0 1.07497
    endloop
  endfacet
  facet normal 0 -1 -0
    outer loop
      vertex 4.45001 0 1.29476
      vertex 0 0 0
      vertex 4.70811 0 1.16747
    endloop
  endfacet
  facet normal 0 -1 -0
    outer loop
      vertex 4.21073 0 1.45462
      vertex 0 0 0
      vertex 4.45001 0 1.29476
    endloop
  endfacet
  facet normal 0 -1 -0
    outer loop
      vertex 3.99438 0 1.64437
      vertex 0 0 0
      vertex 4.21073 0 1.45462
    endloop
  endfacet
  facet normal 0 -1 -0
    outer loop
      vertex 3.80464 0 1.86074
      vertex 0 0 0
      vertex 3.99438 0 1.64437
    endloop
  endfacet
  facet normal 0 -1 -0
    outer loop
      vertex 3.64475 0 2.10001
      vertex 0 0 0
      vertex 3.80464 0 1.86074
    endloop
  endfacet
  facet normal 0 -1 -0
    outer loop
      vertex 3.51746 0 2.35811
      vertex 0 0 0
      vertex 3.64475 0 2.10001
    endloop
  endfacet
  facet normal 0 -1 -0
    outer loop
      vertex 3.42497 0 2.6306
      vertex 0 0 0
      vertex 3.51746 0 2.35811
    endloop
  endfacet
  facet normal 0 -1 -0
    outer loop
      vertex 3.36883 0 2.91284
      vertex 0 0 0
      vertex 3.42497 0 2.6306
    endloop
  endfacet
  facet normal 0 -1 0
    outer loop
      vertex 71.15 0 16.4
      vertex 76.7 0 17.4
      vertex 5.55001 0 16.4
    endloop
  endfacet
  facet normal 0 -1 0
    outer loop
      vertex 71.4371 0 16.3812
      vertex 76.7 0 17.4
      vertex 71.15 0 16.4
    endloop
  endfacet
  facet normal 0 -1 0
    outer loop
      vertex 71.7194 0 16.325
      vertex 76.7 0 17.4
      vertex 71.4371 0 16.3812
    endloop
  endfacet
  facet normal 0 -1 0
    outer loop
      vertex 71.9919 0 16.2325
      vertex 76.7 0 17.4
      vertex 71.7194 0 16.325
    endloop
  endfacet
  facet normal 0 -1 0
    outer loop
      vertex 72.25 0 16.1052
      vertex 76.7 0 17.4
      vertex 71.9919 0 16.2325
    endloop
  endfacet
  facet normal 0 -1 0
    outer loop
      vertex 72.4893 0 15.9454
      vertex 76.7 0 17.4
      vertex 72.25 0 16.1052
    endloop
  endfacet
  facet normal 0 -1 0
    outer loop
      vertex 72.7056 0 15.7556
      vertex 76.7 0 17.4
      vertex 72.4893 0 15.9454
    endloop
  endfacet
  facet normal 0 -1 0
    outer loop
      vertex 72.8954 0 15.5393
      vertex 76.7 0 17.4
      vertex 72.7056 0 15.7556
    endloop
  endfacet
  facet normal 0 -1 0
    outer loop
      vertex 73.0552 0 15.3
      vertex 76.7 0 17.4
      vertex 72.8954 0 15.5393
    endloop
  endfacet
  facet normal 0 -1 0
    outer loop
      vertex 73.1825 0 15.0419
      vertex 76.7 0 17.4
      vertex 73.0552 0 15.3
    endloop
  endfacet
  facet normal 0 -1 0
    outer loop
      vertex 73.275 0 14.7694
      vertex 76.7 0 17.4
      vertex 73.1825 0 15.0419
    endloop
  endfacet
  facet normal 0 -1 0
    outer loop
      vertex 73.3312 0 14.4872
      vertex 76.7 0 17.4
      vertex 73.275 0 14.7694
    endloop
  endfacet
  facet normal 0 -1 0
    outer loop
      vertex 73.35 0 14.2
      vertex 76.7 0 17.4
      vertex 73.3312 0 14.4872
    endloop
  endfacet
  facet normal 0 -1 0
    outer loop
      vertex 73.35 0 3.2
      vertex 76.7 0 17.4
      vertex 73.35 0 14.2
    endloop
  endfacet
  facet normal 0 -1 0
    outer loop
      vertex 76.7 0 0
      vertex 73.35 0 3.2
      vertex 73.3312 0 2.91284
    endloop
  endfacet
  facet normal 0 -1 0
    outer loop
      vertex 76.7 0 0
      vertex 73.3312 0 2.91284
      vertex 73.275 0 2.6306
    endloop
  endfacet
  facet normal 0 -1 0
    outer loop
      vertex 73.35 0 3.2
      vertex 76.7 0 0
      vertex 76.7 0 17.4
    endloop
  endfacet
  facet normal 0 -1 0
    outer loop
      vertex 73.1825 0 2.35811
      vertex 76.7 0 0
      vertex 73.275 0 2.6306
    endloop
  endfacet
  facet normal 0 -1 0
    outer loop
      vertex 73.0552 0 2.10001
      vertex 76.7 0 0
      vertex 73.1825 0 2.35811
    endloop
  endfacet
  facet normal 0 -1 0
    outer loop
      vertex 72.8954 0 1.86074
      vertex 76.7 0 0
      vertex 73.0552 0 2.10001
    endloop
  endfacet
  facet normal 0 -1 0
    outer loop
      vertex 72.7056 0 1.64437
      vertex 76.7 0 0
      vertex 72.8954 0 1.86074
    endloop
  endfacet
  facet normal 0 -1 0
    outer loop
      vertex 72.4893 0 1.45462
      vertex 76.7 0 0
      vertex 72.7056 0 1.64437
    endloop
  endfacet
  facet normal 0 -1 0
    outer loop
      vertex 72.25 0 1.29476
      vertex 76.7 0 0
      vertex 72.4893 0 1.45462
    endloop
  endfacet
  facet normal 0 -1 0
    outer loop
      vertex 71.9919 0 1.16747
      vertex 76.7 0 0
      vertex 72.25 0 1.29476
    endloop
  endfacet
  facet normal 0 -1 0
    outer loop
      vertex 71.7194 0 1.07497
      vertex 76.7 0 0
      vertex 71.9919 0 1.16747
    endloop
  endfacet
  facet normal 0 -1 0
    outer loop
      vertex 71.4371 0 1.01883
      vertex 76.7 0 0
      vertex 71.7194 0 1.07497
    endloop
  endfacet
  facet normal 0 -1 0
    outer loop
      vertex 71.15 0 1
      vertex 76.7 0 0
      vertex 71.4371 0 1.01883
    endloop
  endfacet
  facet normal 0 -1 0
    outer loop
      vertex 76.7 0 0
      vertex 71.15 0 1
      vertex 0 0 0
    endloop
  endfacet
  facet normal -0 0 1
    outer loop
      vertex 0 3 17.4
      vertex 76.7 0 17.4
      vertex 76.7 3 17.4
    endloop
  endfacet
  facet normal 0 0 1
    outer loop
      vertex 76.7 0 17.4
      vertex 0 3 17.4
      vertex 0 0 17.4
    endloop
  endfacet
  facet normal 0 1 -0
    outer loop
      vertex 15.35 3 6.30001
      vertex 2.5 3 8
      vertex 15.35 3 11.1
    endloop
  endfacet
  facet normal 0 1 0
    outer loop
      vertex 15.362 3 6.11727
      vertex 2.5 3 8
      vertex 15.35 3 6.30001
    endloop
  endfacet
  facet normal 0 1 0
    outer loop
      vertex 2.5 3 2
      vertex 15.362 3 6.11727
      vertex 15.3977 3 5.93766
    endloop
  endfacet
  facet normal 0 1 0
    outer loop
      vertex 2.5 3 2
      vertex 15.3977 3 5.93766
      vertex 15.4566 3 5.76425
    endloop
  endfacet
  facet normal 0 1 0
    outer loop
      vertex 2.5 3 2
      vertex 15.4566 3 5.76425
      vertex 15.5376 3 5.60001
    endloop
  endfacet
  facet normal 0 1 0
    outer loop
      vertex 2.5 3 2
      vertex 15.5376 3 5.60001
      vertex 15.6393 3 5.44774
    endloop
  endfacet
  facet normal 0 1 0
    outer loop
      vertex 2.5 3 2
      vertex 15.6393 3 5.44774
      vertex 15.7601 3 5.31006
    endloop
  endfacet
  facet normal 0 1 0
    outer loop
      vertex 2.5 3 2
      vertex 15.7601 3 5.31006
      vertex 15.8977 3 5.18932
    endloop
  endfacet
  facet normal 0 1 0
    outer loop
      vertex 2.5 3 2
      vertex 15.8977 3 5.18932
      vertex 16.05 3 5.08757
    endloop
  endfacet
  facet normal 0 1 0
    outer loop
      vertex 2.5 3 2
      vertex 16.05 3 5.08757
      vertex 16.2143 3 5.00658
    endloop
  endfacet
  facet normal 0 1 0
    outer loop
      vertex 2.5 3 2
      vertex 16.2143 3 5.00658
      vertex 16.3877 3 4.94771
    endloop
  endfacet
  facet normal 0 1 0
    outer loop
      vertex 15.362 3 6.11727
      vertex 2.5 3 2
      vertex 2.5 3 8
    endloop
  endfacet
  facet normal 0 1 0
    outer loop
      vertex 16.5673 3 4.91199
      vertex 2.5 3 2
      vertex 16.3877 3 4.94771
    endloop
  endfacet
  facet normal 0 1 0
    outer loop
      vertex 16.75 3 4.90001
      vertex 2.5 3 2
      vertex 16.5673 3 4.91199
    endloop
  endfacet
  facet normal 0 1 0
    outer loop
      vertex 2.5 3 2
      vertex 16.75 3 4.90001
      vertex 74.2 3 2
    endloop
  endfacet
  facet normal 0 1 0
    outer loop
      vertex 76.7 3 17.4
      vertex 59.95 3 12.5
      vertex 0 3 17.4
    endloop
  endfacet
  facet normal 0 1 0
    outer loop
      vertex 76.7 3 17.4
      vertex 60.1327 3 12.488
      vertex 59.95 3 12.5
    endloop
  endfacet
  facet normal 0 1 0
    outer loop
      vertex 76.7 3 17.4
      vertex 60.3123 3 12.4523
      vertex 60.1327 3 12.488
    endloop
  endfacet
  facet normal 0 1 0
    outer loop
      vertex 76.7 3 17.4
      vertex 60.4857 3 12.3934
      vertex 60.3123 3 12.4523
    endloop
  endfacet
  facet normal 0 1 0
    outer loop
      vertex 76.7 3 17.4
      vertex 60.65 3 12.3124
      vertex 60.4857 3 12.3934
    endloop
  endfacet
  facet normal 0 1 0
    outer loop
      vertex 76.7 3 17.4
      vertex 60.8023 3 12.2107
      vertex 60.65 3 12.3124
    endloop
  endfacet
  facet normal 0 1 0
    outer loop
      vertex 76.7 3 17.4
      vertex 60.9399 3 12.0899
      vertex 60.8023 3 12.2107
    endloop
  endfacet
  facet normal 0 1 0
    outer loop
      vertex 76.7 3 17.4
      vertex 61.0607 3 11.9523
      vertex 60.9399 3 12.0899
    endloop
  endfacet
  facet normal 0 1 0
    outer loop
      vertex 76.7 3 17.4
      vertex 61.1624 3 11.8
      vertex 61.0607 3 11.9523
    endloop
  endfacet
  facet normal 0 1 0
    outer loop
      vertex 76.7 3 17.4
      vertex 61.2434 3 11.6357
      vertex 61.1624 3 11.8
    endloop
  endfacet
  facet normal 0 1 -0
    outer loop
      vertex 74.2 3 8
      vertex 61.2434 3 11.6357
      vertex 76.7 3 17.4
    endloop
  endfacet
  facet normal 0 1 0
    outer loop
      vertex 61.2434 3 11.6357
      vertex 74.2 3 8
      vertex 61.3023 3 11.4623
    endloop
  endfacet
  facet normal 0 1 0
    outer loop
      vertex 61.3023 3 11.4623
      vertex 74.2 3 8
      vertex 61.338 3 11.2827
    endloop
  endfacet
  facet normal 0 1 0
    outer loop
      vertex 74.2 3 8
      vertex 76.7 3 17.4
      vertex 76.7 3 8
    endloop
  endfacet
  facet normal 0 1 0
    outer loop
      vertex 61.338 3 11.2827
      vertex 74.2 3 8
      vertex 61.35 3 11.1
    endloop
  endfacet
  facet normal 0 1 0
    outer loop
      vertex 74.2 3 8
      vertex 61.35 3 6.30001
      vertex 61.35 3 11.1
    endloop
  endfacet
  facet normal 0 1 0
    outer loop
      vertex 74.2 3 8
      vertex 61.338 3 6.11727
      vertex 61.35 3 6.30001
    endloop
  endfacet
  facet normal 0 1 -0
    outer loop
      vertex 74.2 3 2
      vertex 61.338 3 6.11727
      vertex 74.2 3 8
    endloop
  endfacet
  facet normal 0 1 0
    outer loop
      vertex 61.338 3 6.11727
      vertex 74.2 3 2
      vertex 61.3023 3 5.93766
    endloop
  endfacet
  facet normal 0 1 0
    outer loop
      vertex 61.3023 3 5.93766
      vertex 74.2 3 2
      vertex 61.2434 3 5.76425
    endloop
  endfacet
  facet normal 0 1 0
    outer loop
      vertex 61.2434 3 5.76425
      vertex 74.2 3 2
      vertex 61.1624 3 5.60001
    endloop
  endfacet
  facet normal 0 1 0
    outer loop
      vertex 61.1624 3 5.60001
      vertex 74.2 3 2
      vertex 61.0607 3 5.44774
    endloop
  endfacet
  facet normal 0 1 0
    outer loop
      vertex 61.0607 3 5.44774
      vertex 74.2 3 2
      vertex 60.9399 3 5.31006
    endloop
  endfacet
  facet normal 0 1 0
    outer loop
      vertex 60.9399 3 5.31006
      vertex 74.2 3 2
      vertex 60.8023 3 5.18932
    endloop
  endfacet
  facet normal 0 1 0
    outer loop
      vertex 60.8023 3 5.18932
      vertex 74.2 3 2
      vertex 60.65 3 5.08757
    endloop
  endfacet
  facet normal 0 1 0
    outer loop
      vertex 60.65 3 5.08757
      vertex 74.2 3 2
      vertex 60.4857 3 5.00658
    endloop
  endfacet
  facet normal 0 1 0
    outer loop
      vertex 59.95 3 4.90001
      vertex 74.2 3 2
      vertex 16.75 3 4.90001
    endloop
  endfacet
  facet normal 0 1 0
    outer loop
      vertex 60.1327 3 4.91199
      vertex 74.2 3 2
      vertex 59.95 3 4.90001
    endloop
  endfacet
  facet normal 0 1 0
    outer loop
      vertex 60.3123 3 4.94771
      vertex 74.2 3 2
      vertex 60.1327 3 4.91199
    endloop
  endfacet
  facet normal 0 1 0
    outer loop
      vertex 60.4857 3 5.00658
      vertex 74.2 3 2
      vertex 60.3123 3 4.94771
    endloop
  endfacet
  facet normal 0 1 -0
    outer loop
      vertex 16.75 3 12.5
      vertex 0 3 17.4
      vertex 59.95 3 12.5
    endloop
  endfacet
  facet normal 0 1 -0
    outer loop
      vertex 16.5673 3 12.488
      vertex 0 3 17.4
      vertex 16.75 3 12.5
    endloop
  endfacet
  facet normal 0 1 -0
    outer loop
      vertex 16.3877 3 12.4523
      vertex 0 3 17.4
      vertex 16.5673 3 12.488
    endloop
  endfacet
  facet normal 0 1 -0
    outer loop
      vertex 16.2143 3 12.3934
      vertex 0 3 17.4
      vertex 16.3877 3 12.4523
    endloop
  endfacet
  facet normal 0 1 -0
    outer loop
      vertex 16.05 3 12.3124
      vertex 0 3 17.4
      vertex 16.2143 3 12.3934
    endloop
  endfacet
  facet normal 0 1 -0
    outer loop
      vertex 15.8977 3 12.2107
      vertex 0 3 17.4
      vertex 16.05 3 12.3124
    endloop
  endfacet
  facet normal 0 1 -0
    outer loop
      vertex 15.7601 3 12.0899
      vertex 0 3 17.4
      vertex 15.8977 3 12.2107
    endloop
  endfacet
  facet normal 0 1 -0
    outer loop
      vertex 15.6393 3 11.9523
      vertex 0 3 17.4
      vertex 15.7601 3 12.0899
    endloop
  endfacet
  facet normal 0 1 -0
    outer loop
      vertex 15.5376 3 11.8
      vertex 0 3 17.4
      vertex 15.6393 3 11.9523
    endloop
  endfacet
  facet normal 0 1 -0
    outer loop
      vertex 15.4566 3 11.6357
      vertex 0 3 17.4
      vertex 15.5376 3 11.8
    endloop
  endfacet
  facet normal 0 1 0
    outer loop
      vertex 2.5 3 8
      vertex 15.4566 3 11.6357
      vertex 15.3977 3 11.4623
    endloop
  endfacet
  facet normal 0 1 0
    outer loop
      vertex 2.5 3 8
      vertex 15.3977 3 11.4623
      vertex 15.362 3 11.2827
    endloop
  endfacet
  facet normal 0 1 0
    outer loop
      vertex 2.5 3 8
      vertex 15.362 3 11.2827
      vertex 15.35 3 11.1
    endloop
  endfacet
  facet normal 0 1 0
    outer loop
      vertex 15.4566 3 11.6357
      vertex 2.5 3 8
      vertex 0 3 17.4
    endloop
  endfacet
  facet normal 0 1 0
    outer loop
      vertex 0 3 17.4
      vertex 2.5 3 8
      vertex 0 3 8
    endloop
  endfacet
  facet normal -0.946938 0 -0.321415
    outer loop
      vertex 3.51746 -4 2.35811
      vertex 3.42497 0 2.6306
      vertex 3.51746 0 2.35811
    endloop
  endfacet
  facet normal -0.946938 -0 -0.321415
    outer loop
      vertex 3.42497 0 2.6306
      vertex 3.51746 -4 2.35811
      vertex 3.42497 -4 2.6306
    endloop
  endfacet
  facet normal 0.997864 0 -0.0653289
    outer loop
      vertex 73.35 -4 3.2
      vertex 73.3312 0 2.91284
      vertex 73.35 0 3.2
    endloop
  endfacet
  facet normal 0.997864 0 -0.0653289
    outer loop
      vertex 73.3312 0 2.91284
      vertex 73.35 -4 3.2
      vertex 73.3312 -4 2.91284
    endloop
  endfacet
  facet normal 0.0654463 0 -0.997856
    outer loop
      vertex 71.15 -4 1
      vertex 71.4371 0 1.01883
      vertex 71.4371 -4 1.01883
    endloop
  endfacet
  facet normal 0.0654463 0 -0.997856
    outer loop
      vertex 71.4371 0 1.01883
      vertex 71.15 -4 1
      vertex 71.15 0 1
    endloop
  endfacet
  facet normal 0.442342 0 0.896846
    outer loop
      vertex 71.9919 0 16.2325
      vertex 72.25 -4 16.1052
      vertex 72.25 0 16.1052
    endloop
  endfacet
  facet normal 0.442342 0 0.896846
    outer loop
      vertex 72.25 -4 16.1052
      vertex 71.9919 0 16.2325
      vertex 71.9919 -4 16.2325
    endloop
  endfacet
  facet normal -0.997857 0 -0.0654327
    outer loop
      vertex 3.36883 -4 2.91284
      vertex 3.35 0 3.2
      vertex 3.36883 0 2.91284
    endloop
  endfacet
  facet normal -0.997857 -0 -0.0654327
    outer loop
      vertex 3.35 0 3.2
      vertex 3.36883 -4 2.91284
      vertex 3.35 -4 3.2
    endloop
  endfacet
  facet normal -0.980786 0 -0.195087
    outer loop
      vertex 3.42497 -4 2.6306
      vertex 3.36883 0 2.91284
      vertex 3.42497 0 2.6306
    endloop
  endfacet
  facet normal -0.980786 -0 -0.195087
    outer loop
      vertex 3.36883 0 2.91284
      vertex 3.42497 -4 2.6306
      vertex 3.36883 -4 2.91284
    endloop
  endfacet
  facet normal -0.997858 0 0.0654236
    outer loop
      vertex 3.35 -4 14.2
      vertex 3.36883 0 14.4872
      vertex 3.35 0 14.2
    endloop
  endfacet
  facet normal -0.997858 0 0.0654236
    outer loop
      vertex 3.36883 0 14.4872
      vertex 3.35 -4 14.2
      vertex 3.36883 -4 14.4872
    endloop
  endfacet
  facet normal -0 0 1
    outer loop
      vertex 5.55001 0 16.4
      vertex 71.15 -4 16.4
      vertex 71.15 0 16.4
    endloop
  endfacet
  facet normal 0 0 1
    outer loop
      vertex 71.15 -4 16.4
      vertex 5.55001 0 16.4
      vertex 5.55001 -4 16.4
    endloop
  endfacet
  facet normal 1 -0 0
    outer loop
      vertex 73.35 -4 14.2
      vertex 73.35 0 3.2
      vertex 73.35 0 14.2
    endloop
  endfacet
  facet normal 1 0 0
    outer loop
      vertex 73.35 0 3.2
      vertex 73.35 -4 14.2
      vertex 73.35 -4 3.2
    endloop
  endfacet
  facet normal 0 0 -1
    outer loop
      vertex 5.55001 -4 1
      vertex 71.15 0 1
      vertex 71.15 -4 1
    endloop
  endfacet
  facet normal -0 0 -1
    outer loop
      vertex 71.15 0 1
      vertex 5.55001 -4 1
      vertex 5.55001 0 1
    endloop
  endfacet
  facet normal 0.946931 -0 0.321435
    outer loop
      vertex 73.1825 -4 15.0419
      vertex 73.275 0 14.7694
      vertex 73.1825 0 15.0419
    endloop
  endfacet
  facet normal 0.946931 0 0.321435
    outer loop
      vertex 73.275 0 14.7694
      vertex 73.1825 -4 15.0419
      vertex 73.275 -4 14.7694
    endloop
  endfacet
  facet normal 0.659562 0 0.75165
    outer loop
      vertex 72.4893 0 15.9454
      vertex 72.7056 -4 15.7556
      vertex 72.7056 0 15.7556
    endloop
  endfacet
  facet normal 0.659562 0 0.75165
    outer loop
      vertex 72.7056 -4 15.7556
      vertex 72.4893 0 15.9454
      vertex 72.4893 -4 15.9454
    endloop
  endfacet
  facet normal 0 -1 0
    outer loop
      vertex 3.35 -4 14.2
      vertex 5.55001 -4 16.4
      vertex 5.26286 -4 16.3812
    endloop
  endfacet
  facet normal 0 -1 0
    outer loop
      vertex 5.55001 -4 16.4
      vertex 16.75 -4 12.5
      vertex 71.15 -4 16.4
    endloop
  endfacet
  facet normal 0 -1 0
    outer loop
      vertex 3.35 -4 14.2
      vertex 5.26286 -4 16.3812
      vertex 4.9806 -4 16.325
    endloop
  endfacet
  facet normal 0 -1 0
    outer loop
      vertex 59.95 -4 12.5
      vertex 71.15 -4 16.4
      vertex 16.75 -4 12.5
    endloop
  endfacet
  facet normal 0 -1 0
    outer loop
      vertex 3.35 -4 14.2
      vertex 4.9806 -4 16.325
      vertex 4.70811 -4 16.2325
    endloop
  endfacet
  facet normal 0 -1 0
    outer loop
      vertex 60.1327 -4 12.488
      vertex 71.15 -4 16.4
      vertex 59.95 -4 12.5
    endloop
  endfacet
  facet normal 0 -1 0
    outer loop
      vertex 3.35 -4 14.2
      vertex 4.70811 -4 16.2325
      vertex 4.45001 -4 16.1052
    endloop
  endfacet
  facet normal 0 -1 0
    outer loop
      vertex 60.3123 -4 12.4523
      vertex 71.15 -4 16.4
      vertex 60.1327 -4 12.488
    endloop
  endfacet
  facet normal 0 -1 0
    outer loop
      vertex 3.35 -4 14.2
      vertex 4.45001 -4 16.1052
      vertex 4.21073 -4 15.9454
    endloop
  endfacet
  facet normal 0 -1 0
    outer loop
      vertex 60.4857 -4 12.3934
      vertex 71.15 -4 16.4
      vertex 60.3123 -4 12.4523
    endloop
  endfacet
  facet normal 0 -1 0
    outer loop
      vertex 3.35 -4 14.2
      vertex 4.21073 -4 15.9454
      vertex 3.99438 -4 15.7556
    endloop
  endfacet
  facet normal 0 -1 0
    outer loop
      vertex 60.65 -4 12.3124
      vertex 71.15 -4 16.4
      vertex 60.4857 -4 12.3934
    endloop
  endfacet
  facet normal 0 -1 0
    outer loop
      vertex 3.35 -4 14.2
      vertex 3.99438 -4 15.7556
      vertex 3.80464 -4 15.5393
    endloop
  endfacet
  facet normal 0 -1 0
    outer loop
      vertex 60.8023 -4 12.2107
      vertex 71.15 -4 16.4
      vertex 60.65 -4 12.3124
    endloop
  endfacet
  facet normal 0 -1 0
    outer loop
      vertex 3.35 -4 14.2
      vertex 3.80464 -4 15.5393
      vertex 3.64475 -4 15.3
    endloop
  endfacet
  facet normal 0 -1 0
    outer loop
      vertex 60.9399 -4 12.0899
      vertex 71.15 -4 16.4
      vertex 60.8023 -4 12.2107
    endloop
  endfacet
  facet normal 0 -1 0
    outer loop
      vertex 3.35 -4 14.2
      vertex 3.64475 -4 15.3
      vertex 3.51746 -4 15.0419
    endloop
  endfacet
  facet normal 0 -1 0
    outer loop
      vertex 61.0607 -4 11.9523
      vertex 71.15 -4 16.4
      vertex 60.9399 -4 12.0899
    endloop
  endfacet
  facet normal 0 -1 0
    outer loop
      vertex 3.35 -4 14.2
      vertex 3.51746 -4 15.0419
      vertex 3.42497 -4 14.7694
    endloop
  endfacet
  facet normal 0 -1 0
    outer loop
      vertex 61.1624 -4 11.8
      vertex 71.15 -4 16.4
      vertex 61.0607 -4 11.9523
    endloop
  endfacet
  facet normal 0 -1 0
    outer loop
      vertex 3.35 -4 14.2
      vertex 3.42497 -4 14.7694
      vertex 3.36883 -4 14.4872
    endloop
  endfacet
  facet normal 0 -1 0
    outer loop
      vertex 61.2434 -4 11.6357
      vertex 71.15 -4 16.4
      vertex 61.1624 -4 11.8
    endloop
  endfacet
  facet normal 0 -1 -0
    outer loop
      vertex 5.55001 -4 16.4
      vertex 3.35 -4 14.2
      vertex 15.35 -4 11.1
    endloop
  endfacet
  facet normal 0 -1 0
    outer loop
      vertex 61.3023 -4 11.4623
      vertex 71.15 -4 16.4
      vertex 61.2434 -4 11.6357
    endloop
  endfacet
  facet normal 0 -1 0
    outer loop
      vertex 61.338 -4 11.2827
      vertex 71.15 -4 16.4
      vertex 61.3023 -4 11.4623
    endloop
  endfacet
  facet normal 0 -1 0
    outer loop
      vertex 5.55001 -4 16.4
      vertex 16.5673 -4 12.488
      vertex 16.75 -4 12.5
    endloop
  endfacet
  facet normal 0 -1 0
    outer loop
      vertex 5.55001 -4 16.4
      vertex 16.3877 -4 12.4523
      vertex 16.5673 -4 12.488
    endloop
  endfacet
  facet normal 0 -1 0
    outer loop
      vertex 5.55001 -4 16.4
      vertex 16.2143 -4 12.3934
      vertex 16.3877 -4 12.4523
    endloop
  endfacet
  facet normal 0 -1 0
    outer loop
      vertex 5.55001 -4 16.4
      vertex 16.05 -4 12.3124
      vertex 16.2143 -4 12.3934
    endloop
  endfacet
  facet normal 0 -1 0
    outer loop
      vertex 5.55001 -4 16.4
      vertex 15.8977 -4 12.2107
      vertex 16.05 -4 12.3124
    endloop
  endfacet
  facet normal 0 -1 0
    outer loop
      vertex 5.55001 -4 16.4
      vertex 15.7601 -4 12.0899
      vertex 15.8977 -4 12.2107
    endloop
  endfacet
  facet normal 0 -1 0
    outer loop
      vertex 5.55001 -4 16.4
      vertex 15.6393 -4 11.9523
      vertex 15.7601 -4 12.0899
    endloop
  endfacet
  facet normal 0 -1 0
    outer loop
      vertex 5.55001 -4 16.4
      vertex 15.5376 -4 11.8
      vertex 15.6393 -4 11.9523
    endloop
  endfacet
  facet normal 0 -1 0
    outer loop
      vertex 5.55001 -4 16.4
      vertex 15.4566 -4 11.6357
      vertex 15.5376 -4 11.8
    endloop
  endfacet
  facet normal 0 -1 0
    outer loop
      vertex 5.55001 -4 16.4
      vertex 15.3977 -4 11.4623
      vertex 15.4566 -4 11.6357
    endloop
  endfacet
  facet normal 0 -1 0
    outer loop
      vertex 5.55001 -4 16.4
      vertex 15.362 -4 11.2827
      vertex 15.3977 -4 11.4623
    endloop
  endfacet
  facet normal 0 -1 0
    outer loop
      vertex 5.55001 -4 16.4
      vertex 15.35 -4 11.1
      vertex 15.362 -4 11.2827
    endloop
  endfacet
  facet normal 0 -1 0
    outer loop
      vertex 3.35 -4 14.2
      vertex 15.35 -4 6.30001
      vertex 15.35 -4 11.1
    endloop
  endfacet
  facet normal 0 -1 0
    outer loop
      vertex 3.35 -4 3.2
      vertex 15.35 -4 6.30001
      vertex 3.35 -4 14.2
    endloop
  endfacet
  facet normal 0 -1 0
    outer loop
      vertex 5.55001 -4 1
      vertex 15.35 -4 6.30001
      vertex 3.35 -4 3.2
    endloop
  endfacet
  facet normal 0 -1 -0
    outer loop
      vertex 15.35 -4 6.30001
      vertex 5.55001 -4 1
      vertex 15.362 -4 6.11727
    endloop
  endfacet
  facet normal 0 -1 -0
    outer loop
      vertex 15.362 -4 6.11727
      vertex 5.55001 -4 1
      vertex 15.3977 -4 5.93766
    endloop
  endfacet
  facet normal 0 -1 -0
    outer loop
      vertex 15.3977 -4 5.93766
      vertex 5.55001 -4 1
      vertex 15.4566 -4 5.76425
    endloop
  endfacet
  facet normal 0 -1 -0
    outer loop
      vertex 15.4566 -4 5.76425
      vertex 5.55001 -4 1
      vertex 15.5376 -4 5.60001
    endloop
  endfacet
  facet normal 0 -1 -0
    outer loop
      vertex 15.5376 -4 5.60001
      vertex 5.55001 -4 1
      vertex 15.6393 -4 5.44774
    endloop
  endfacet
  facet normal 0 -1 -0
    outer loop
      vertex 16.5673 -4 4.91199
      vertex 5.55001 -4 1
      vertex 16.75 -4 4.90001
    endloop
  endfacet
  facet normal 0 -1 -0
    outer loop
      vertex 16.3877 -4 4.94771
      vertex 5.55001 -4 1
      vertex 16.5673 -4 4.91199
    endloop
  endfacet
  facet normal 0 -1 -0
    outer loop
      vertex 16.2143 -4 5.00658
      vertex 5.55001 -4 1
      vertex 16.3877 -4 4.94771
    endloop
  endfacet
  facet normal 0 -1 -0
    outer loop
      vertex 16.05 -4 5.08757
      vertex 5.55001 -4 1
      vertex 16.2143 -4 5.00658
    endloop
  endfacet
  facet normal 0 -1 -0
    outer loop
      vertex 15.8977 -4 5.18932
      vertex 5.55001 -4 1
      vertex 16.05 -4 5.08757
    endloop
  endfacet
  facet normal 0 -1 -0
    outer loop
      vertex 15.7601 -4 5.31006
      vertex 5.55001 -4 1
      vertex 15.8977 -4 5.18932
    endloop
  endfacet
  facet normal 0 -1 -0
    outer loop
      vertex 15.6393 -4 5.44774
      vertex 5.55001 -4 1
      vertex 15.7601 -4 5.31006
    endloop
  endfacet
  facet normal 0 -1 0
    outer loop
      vertex 61.35 -4 11.1
      vertex 71.15 -4 16.4
      vertex 61.338 -4 11.2827
    endloop
  endfacet
  facet normal -0 -1 0
    outer loop
      vertex 73.35 -4 14.2
      vertex 71.15 -4 16.4
      vertex 61.35 -4 11.1
    endloop
  endfacet
  facet normal 0 -1 0
    outer loop
      vertex 71.15 -4 16.4
      vertex 73.35 -4 14.2
      vertex 71.4371 -4 16.3812
    endloop
  endfacet
  facet normal 0 -1 0
    outer loop
      vertex 71.7194 -4 16.325
      vertex 73.35 -4 14.2
      vertex 71.9919 -4 16.2325
    endloop
  endfacet
  facet normal 0 -1 0
    outer loop
      vertex 71.9919 -4 16.2325
      vertex 73.35 -4 14.2
      vertex 72.25 -4 16.1052
    endloop
  endfacet
  facet normal 0 -1 0
    outer loop
      vertex 72.4893 -4 15.9454
      vertex 73.35 -4 14.2
      vertex 72.7056 -4 15.7556
    endloop
  endfacet
  facet normal 0 -1 0
    outer loop
      vertex 72.7056 -4 15.7556
      vertex 73.35 -4 14.2
      vertex 72.8954 -4 15.5393
    endloop
  endfacet
  facet normal 0 -1 0
    outer loop
      vertex 72.8954 -4 15.5393
      vertex 73.35 -4 14.2
      vertex 73.0552 -4 15.3
    endloop
  endfacet
  facet normal 0 -1 0
    outer loop
      vertex 73.1825 -4 15.0419
      vertex 73.35 -4 14.2
      vertex 73.275 -4 14.7694
    endloop
  endfacet
  facet normal 0 -1 0
    outer loop
      vertex 73.275 -4 14.7694
      vertex 73.35 -4 14.2
      vertex 73.3312 -4 14.4872
    endloop
  endfacet
  facet normal 0 -1 0
    outer loop
      vertex 73.0552 -4 15.3
      vertex 73.35 -4 14.2
      vertex 73.1825 -4 15.0419
    endloop
  endfacet
  facet normal 0 -1 0
    outer loop
      vertex 72.25 -4 16.1052
      vertex 73.35 -4 14.2
      vertex 72.4893 -4 15.9454
    endloop
  endfacet
  facet normal 0 -1 0
    outer loop
      vertex 71.4371 -4 16.3812
      vertex 73.35 -4 14.2
      vertex 71.7194 -4 16.325
    endloop
  endfacet
  facet normal 0 -1 0
    outer loop
      vertex 61.35 -4 6.30001
      vertex 73.35 -4 14.2
      vertex 61.35 -4 11.1
    endloop
  endfacet
  facet normal 0 -1 0
    outer loop
      vertex 71.15 -4 1
      vertex 61.35 -4 6.30001
      vertex 61.338 -4 6.11727
    endloop
  endfacet
  facet normal 0 -1 0
    outer loop
      vertex 71.15 -4 1
      vertex 61.338 -4 6.11727
      vertex 61.3023 -4 5.93766
    endloop
  endfacet
  facet normal 0 -1 0
    outer loop
      vertex 71.15 -4 1
      vertex 61.3023 -4 5.93766
      vertex 61.2434 -4 5.76425
    endloop
  endfacet
  facet normal 0 -1 0
    outer loop
      vertex 71.15 -4 1
      vertex 61.2434 -4 5.76425
      vertex 61.1624 -4 5.60001
    endloop
  endfacet
  facet normal 0 -1 0
    outer loop
      vertex 71.15 -4 1
      vertex 61.1624 -4 5.60001
      vertex 61.0607 -4 5.44774
    endloop
  endfacet
  facet normal 0 -1 0
    outer loop
      vertex 71.15 -4 1
      vertex 61.0607 -4 5.44774
      vertex 60.9399 -4 5.31006
    endloop
  endfacet
  facet normal 0 -1 0
    outer loop
      vertex 71.15 -4 1
      vertex 60.9399 -4 5.31006
      vertex 60.8023 -4 5.18932
    endloop
  endfacet
  facet normal 0 -1 0
    outer loop
      vertex 61.35 -4 6.30001
      vertex 73.35 -4 3.2
      vertex 73.35 -4 14.2
    endloop
  endfacet
  facet normal 0 -1 0
    outer loop
      vertex 71.15 -4 1
      vertex 60.8023 -4 5.18932
      vertex 60.65 -4 5.08757
    endloop
  endfacet
  facet normal 0 -1 0
    outer loop
      vertex 71.15 -4 1
      vertex 60.65 -4 5.08757
      vertex 60.4857 -4 5.00658
    endloop
  endfacet
  facet normal 0 -1 0
    outer loop
      vertex 71.15 -4 1
      vertex 60.4857 -4 5.00658
      vertex 60.3123 -4 4.94771
    endloop
  endfacet
  facet normal 0 -1 0
    outer loop
      vertex 71.15 -4 1
      vertex 60.3123 -4 4.94771
      vertex 60.1327 -4 4.91199
    endloop
  endfacet
  facet normal 0 -1 0
    outer loop
      vertex 71.15 -4 1
      vertex 60.1327 -4 4.91199
      vertex 59.95 -4 4.90001
    endloop
  endfacet
  facet normal 0 -1 -0
    outer loop
      vertex 16.75 -4 4.90001
      vertex 5.55001 -4 1
      vertex 59.95 -4 4.90001
    endloop
  endfacet
  facet normal 0 -1 0
    outer loop
      vertex 5.55001 -4 1
      vertex 3.35 -4 3.2
      vertex 3.36883 -4 2.91284
    endloop
  endfacet
  facet normal 0 -1 0
    outer loop
      vertex 71.15 -4 1
      vertex 59.95 -4 4.90001
      vertex 5.55001 -4 1
    endloop
  endfacet
  facet normal 0 -1 0
    outer loop
      vertex 5.55001 -4 1
      vertex 3.36883 -4 2.91284
      vertex 3.42497 -4 2.6306
    endloop
  endfacet
  facet normal 0 -1 0
    outer loop
      vertex 61.35 -4 6.30001
      vertex 71.15 -4 1
      vertex 73.35 -4 3.2
    endloop
  endfacet
  facet normal 0 -1 0
    outer loop
      vertex 5.55001 -4 1
      vertex 3.42497 -4 2.6306
      vertex 3.51746 -4 2.35811
    endloop
  endfacet
  facet normal 0 -1 0
    outer loop
      vertex 73.35 -4 3.2
      vertex 71.15 -4 1
      vertex 73.3312 -4 2.91284
    endloop
  endfacet
  facet normal 0 -1 0
    outer loop
      vertex 5.55001 -4 1
      vertex 3.51746 -4 2.35811
      vertex 3.64475 -4 2.10001
    endloop
  endfacet
  facet normal 0 -1 0
    outer loop
      vertex 73.3312 -4 2.91284
      vertex 71.15 -4 1
      vertex 73.275 -4 2.6306
    endloop
  endfacet
  facet normal 0 -1 0
    outer loop
      vertex 5.55001 -4 1
      vertex 3.64475 -4 2.10001
      vertex 3.80464 -4 1.86074
    endloop
  endfacet
  facet normal 0 -1 0
    outer loop
      vertex 73.275 -4 2.6306
      vertex 71.15 -4 1
      vertex 73.1825 -4 2.35811
    endloop
  endfacet
  facet normal 0 -1 0
    outer loop
      vertex 5.55001 -4 1
      vertex 3.80464 -4 1.86074
      vertex 3.99438 -4 1.64437
    endloop
  endfacet
  facet normal 0 -1 0
    outer loop
      vertex 73.1825 -4 2.35811
      vertex 71.15 -4 1
      vertex 73.0552 -4 2.10001
    endloop
  endfacet
  facet normal 0 -1 0
    outer loop
      vertex 5.55001 -4 1
      vertex 3.99438 -4 1.64437
      vertex 4.21073 -4 1.45462
    endloop
  endfacet
  facet normal 0 -1 0
    outer loop
      vertex 73.0552 -4 2.10001
      vertex 71.15 -4 1
      vertex 72.8954 -4 1.86074
    endloop
  endfacet
  facet normal 0 -1 0
    outer loop
      vertex 5.55001 -4 1
      vertex 4.21073 -4 1.45462
      vertex 4.45001 -4 1.29476
    endloop
  endfacet
  facet normal 0 -1 0
    outer loop
      vertex 72.8954 -4 1.86074
      vertex 71.15 -4 1
      vertex 72.7056 -4 1.64437
    endloop
  endfacet
  facet normal 0 -1 0
    outer loop
      vertex 5.55001 -4 1
      vertex 4.45001 -4 1.29476
      vertex 4.70811 -4 1.16747
    endloop
  endfacet
  facet normal 0 -1 0
    outer loop
      vertex 72.7056 -4 1.64437
      vertex 71.15 -4 1
      vertex 72.4893 -4 1.45462
    endloop
  endfacet
  facet normal 0 -1 0
    outer loop
      vertex 5.55001 -4 1
      vertex 4.70811 -4 1.16747
      vertex 4.9806 -4 1.07497
    endloop
  endfacet
  facet normal 0 -1 0
    outer loop
      vertex 72.4893 -4 1.45462
      vertex 71.15 -4 1
      vertex 72.25 -4 1.29476
    endloop
  endfacet
  facet normal 0 -1 0
    outer loop
      vertex 5.55001 -4 1
      vertex 4.9806 -4 1.07497
      vertex 5.26286 -4 1.01883
    endloop
  endfacet
  facet normal 0 -1 0
    outer loop
      vertex 72.25 -4 1.29476
      vertex 71.15 -4 1
      vertex 71.9919 -4 1.16747
    endloop
  endfacet
  facet normal 0 -1 0
    outer loop
      vertex 71.9919 -4 1.16747
      vertex 71.15 -4 1
      vertex 71.7194 -4 1.07497
    endloop
  endfacet
  facet normal 0 -1 0
    outer loop
      vertex 71.7194 -4 1.07497
      vertex 71.15 -4 1
      vertex 71.4371 -4 1.01883
    endloop
  endfacet
  facet normal -1 0 0
    outer loop
      vertex 3.35 -4 3.2
      vertex 3.35 0 14.2
      vertex 3.35 0 3.2
    endloop
  endfacet
  facet normal -1 -0 0
    outer loop
      vertex 3.35 0 14.2
      vertex 3.35 -4 3.2
      vertex 3.35 -4 14.2
    endloop
  endfacet
  facet normal -0.89686 0 0.442314
    outer loop
      vertex 3.51746 -4 15.0419
      vertex 3.64475 0 15.3
      vertex 3.51746 0 15.0419
    endloop
  endfacet
  facet normal -0.89686 0 0.442314
    outer loop
      vertex 3.64475 0 15.3
      vertex 3.51746 -4 15.0419
      vertex 3.64475 -4 15.3
    endloop
  endfacet
  facet normal -0.831478 0 0.555558
    outer loop
      vertex 3.64475 -4 15.3
      vertex 3.80464 0 15.5393
      vertex 3.64475 0 15.3
    endloop
  endfacet
  facet normal -0.831478 0 0.555558
    outer loop
      vertex 3.80464 0 15.5393
      vertex 3.64475 -4 15.3
      vertex 3.80464 -4 15.5393
    endloop
  endfacet
  facet normal -0.321446 0 0.946928
    outer loop
      vertex 4.70811 0 16.2325
      vertex 4.9806 -4 16.325
      vertex 4.9806 0 16.325
    endloop
  endfacet
  facet normal -0.321446 0 0.946928
    outer loop
      vertex 4.9806 -4 16.325
      vertex 4.70811 0 16.2325
      vertex 4.70811 -4 16.2325
    endloop
  endfacet
  facet normal -0.659476 0 0.751726
    outer loop
      vertex 3.99438 0 15.7556
      vertex 4.21073 -4 15.9454
      vertex 4.21073 0 15.9454
    endloop
  endfacet
  facet normal -0.659476 0 0.751726
    outer loop
      vertex 4.21073 -4 15.9454
      vertex 3.99438 0 15.7556
      vertex 3.99438 -4 15.7556
    endloop
  endfacet
  facet normal -0.831446 0 -0.555606
    outer loop
      vertex 3.80464 -4 1.86074
      vertex 3.64475 0 2.10001
      vertex 3.80464 0 1.86074
    endloop
  endfacet
  facet normal -0.831446 -0 -0.555606
    outer loop
      vertex 3.64475 0 2.10001
      vertex 3.80464 -4 1.86074
      vertex 3.64475 -4 2.10001
    endloop
  endfacet
  facet normal 0.195047 0 -0.980794
    outer loop
      vertex 71.4371 -4 1.01883
      vertex 71.7194 0 1.07497
      vertex 71.7194 -4 1.07497
    endloop
  endfacet
  facet normal 0.195047 0 -0.980794
    outer loop
      vertex 71.7194 0 1.07497
      vertex 71.4371 -4 1.01883
      vertex 71.4371 0 1.01883
    endloop
  endfacet
  facet normal 0.946928 0 -0.321446
    outer loop
      vertex 73.275 -4 2.6306
      vertex 73.1825 0 2.35811
      vertex 73.275 0 2.6306
    endloop
  endfacet
  facet normal 0.946928 0 -0.321446
    outer loop
      vertex 73.1825 0 2.35811
      vertex 73.275 -4 2.6306
      vertex 73.1825 -4 2.35811
    endloop
  endfacet
  facet normal 0.442314 0 -0.89686
    outer loop
      vertex 71.9919 -4 1.16747
      vertex 72.25 0 1.29476
      vertex 72.25 -4 1.29476
    endloop
  endfacet
  facet normal 0.442314 0 -0.89686
    outer loop
      vertex 72.25 0 1.29476
      vertex 71.9919 -4 1.16747
      vertex 71.9919 0 1.16747
    endloop
  endfacet
  facet normal 0.659464 0 -0.751736
    outer loop
      vertex 72.4893 -4 1.45462
      vertex 72.7056 0 1.64437
      vertex 72.7056 -4 1.64437
    endloop
  endfacet
  facet normal 0.659464 0 -0.751736
    outer loop
      vertex 72.7056 0 1.64437
      vertex 72.4893 -4 1.45462
      vertex 72.4893 0 1.45462
    endloop
  endfacet
  facet normal 0.321435 0 -0.946931
    outer loop
      vertex 71.7194 -4 1.07497
      vertex 71.9919 0 1.16747
      vertex 71.9919 -4 1.16747
    endloop
  endfacet
  facet normal 0.321435 0 -0.946931
    outer loop
      vertex 71.9919 0 1.16747
      vertex 71.7194 -4 1.07497
      vertex 71.7194 0 1.07497
    endloop
  endfacet
  facet normal 0.321435 0 0.946931
    outer loop
      vertex 71.7194 0 16.325
      vertex 71.9919 -4 16.2325
      vertex 71.9919 0 16.2325
    endloop
  endfacet
  facet normal 0.321435 0 0.946931
    outer loop
      vertex 71.9919 -4 16.2325
      vertex 71.7194 0 16.325
      vertex 71.7194 -4 16.325
    endloop
  endfacet
  facet normal 0.195248 0 0.980754
    outer loop
      vertex 71.4371 0 16.3812
      vertex 71.7194 -4 16.325
      vertex 71.7194 0 16.325
    endloop
  endfacet
  facet normal 0.195248 0 0.980754
    outer loop
      vertex 71.7194 -4 16.325
      vertex 71.4371 0 16.3812
      vertex 71.4371 -4 16.3812
    endloop
  endfacet
  facet normal 0.0653425 0 0.997863
    outer loop
      vertex 71.15 0 16.4
      vertex 71.4371 -4 16.3812
      vertex 71.4371 0 16.3812
    endloop
  endfacet
  facet normal 0.0653425 0 0.997863
    outer loop
      vertex 71.4371 -4 16.3812
      vertex 71.15 0 16.4
      vertex 71.15 -4 16.4
    endloop
  endfacet
  facet normal -0.980781 0 0.195113
    outer loop
      vertex 3.36883 -4 14.4872
      vertex 3.42497 0 14.7694
      vertex 3.36883 0 14.4872
    endloop
  endfacet
  facet normal -0.980781 0 0.195113
    outer loop
      vertex 3.42497 0 14.7694
      vertex 3.36883 -4 14.4872
      vertex 3.42497 -4 14.7694
    endloop
  endfacet
  facet normal -0.751754 0 0.659444
    outer loop
      vertex 3.80464 -4 15.5393
      vertex 3.99438 0 15.7556
      vertex 3.80464 0 15.5393
    endloop
  endfacet
  facet normal -0.751754 0 0.659444
    outer loop
      vertex 3.99438 0 15.7556
      vertex 3.80464 -4 15.5393
      vertex 3.99438 -4 15.7556
    endloop
  endfacet
  facet normal -0.946942 0 0.321404
    outer loop
      vertex 3.42497 -4 14.7694
      vertex 3.51746 0 15.0419
      vertex 3.42497 0 14.7694
    endloop
  endfacet
  facet normal -0.946942 0 0.321404
    outer loop
      vertex 3.51746 0 15.0419
      vertex 3.42497 -4 14.7694
      vertex 3.51746 -4 15.0419
    endloop
  endfacet
  facet normal -0.442342 0 0.896846
    outer loop
      vertex 4.45001 0 16.1052
      vertex 4.70811 -4 16.2325
      vertex 4.70811 0 16.2325
    endloop
  endfacet
  facet normal -0.442342 0 0.896846
    outer loop
      vertex 4.70811 -4 16.2325
      vertex 4.45001 0 16.1052
      vertex 4.45001 -4 16.1052
    endloop
  endfacet
  facet normal -0.555374 0 0.831601
    outer loop
      vertex 4.21073 0 15.9454
      vertex 4.45001 -4 16.1052
      vertex 4.45001 0 16.1052
    endloop
  endfacet
  facet normal -0.555374 0 0.831601
    outer loop
      vertex 4.45001 -4 16.1052
      vertex 4.21073 0 15.9454
      vertex 4.21073 -4 15.9454
    endloop
  endfacet
  facet normal -0.195274 0 0.980749
    outer loop
      vertex 4.9806 0 16.325
      vertex 5.26286 -4 16.3812
      vertex 5.26286 0 16.3812
    endloop
  endfacet
  facet normal -0.195274 0 0.980749
    outer loop
      vertex 5.26286 -4 16.3812
      vertex 4.9806 0 16.325
      vertex 4.9806 -4 16.325
    endloop
  endfacet
  facet normal -0.0653311 0 0.997864
    outer loop
      vertex 5.26286 0 16.3812
      vertex 5.55001 -4 16.4
      vertex 5.55001 0 16.4
    endloop
  endfacet
  facet normal -0.0653311 0 0.997864
    outer loop
      vertex 5.55001 -4 16.4
      vertex 5.26286 0 16.3812
      vertex 5.26286 -4 16.3812
    endloop
  endfacet
  facet normal 0.997864 -0 0.0653198
    outer loop
      vertex 73.3312 -4 14.4872
      vertex 73.35 0 14.2
      vertex 73.3312 0 14.4872
    endloop
  endfacet
  facet normal 0.997864 0 0.0653198
    outer loop
      vertex 73.35 0 14.2
      vertex 73.3312 -4 14.4872
      vertex 73.35 -4 14.2
    endloop
  endfacet
  facet normal 0.980741 -0 0.195314
    outer loop
      vertex 73.275 -4 14.7694
      vertex 73.3312 0 14.4872
      vertex 73.275 0 14.7694
    endloop
  endfacet
  facet normal 0.980741 0 0.195314
    outer loop
      vertex 73.3312 0 14.4872
      vertex 73.275 -4 14.7694
      vertex 73.3312 -4 14.4872
    endloop
  endfacet
  facet normal -0.751859 0 -0.659323
    outer loop
      vertex 3.99438 -4 1.64437
      vertex 3.80464 0 1.86074
      vertex 3.99438 0 1.64437
    endloop
  endfacet
  facet normal -0.751859 -0 -0.659323
    outer loop
      vertex 3.80464 0 1.86074
      vertex 3.99438 -4 1.64437
      vertex 3.80464 -4 1.86074
    endloop
  endfacet
  facet normal -0.89686 0 -0.442314
    outer loop
      vertex 3.64475 -4 2.10001
      vertex 3.51746 0 2.35811
      vertex 3.64475 0 2.10001
    endloop
  endfacet
  facet normal -0.89686 -0 -0.442314
    outer loop
      vertex 3.51746 0 2.35811
      vertex 3.64475 -4 2.10001
      vertex 3.51746 -4 2.35811
    endloop
  endfacet
  facet normal 0.555486 0 -0.831526
    outer loop
      vertex 72.25 -4 1.29476
      vertex 72.4893 0 1.45462
      vertex 72.4893 -4 1.45462
    endloop
  endfacet
  facet normal 0.555486 0 -0.831526
    outer loop
      vertex 72.4893 0 1.45462
      vertex 72.25 -4 1.29476
      vertex 72.25 0 1.29476
    endloop
  endfacet
  facet normal 0.831622 -0 0.555342
    outer loop
      vertex 72.8954 -4 15.5393
      vertex 73.0552 0 15.3
      vertex 72.8954 0 15.5393
    endloop
  endfacet
  facet normal 0.831622 0 0.555342
    outer loop
      vertex 73.0552 0 15.3
      vertex 72.8954 -4 15.5393
      vertex 73.0552 -4 15.3
    endloop
  endfacet
  facet normal 0.555342 0 0.831622
    outer loop
      vertex 72.25 0 16.1052
      vertex 72.4893 -4 15.9454
      vertex 72.4893 0 15.9454
    endloop
  endfacet
  facet normal 0.555342 0 0.831622
    outer loop
      vertex 72.4893 -4 15.9454
      vertex 72.25 0 16.1052
      vertex 72.25 -4 16.1052
    endloop
  endfacet
  facet normal -0.0654349 0 -0.997857
    outer loop
      vertex 5.26286 -4 1.01883
      vertex 5.55001 0 1
      vertex 5.55001 -4 1
    endloop
  endfacet
  facet normal -0.0654349 0 -0.997857
    outer loop
      vertex 5.55001 0 1
      vertex 5.26286 -4 1.01883
      vertex 5.26286 0 1.01883
    endloop
  endfacet
  facet normal -0.321446 0 -0.946928
    outer loop
      vertex 4.70811 -4 1.16747
      vertex 4.9806 0 1.07497
      vertex 4.9806 -4 1.07497
    endloop
  endfacet
  facet normal -0.321446 0 -0.946928
    outer loop
      vertex 4.9806 0 1.07497
      vertex 4.70811 -4 1.16747
      vertex 4.70811 0 1.16747
    endloop
  endfacet
  facet normal -0.659378 0 -0.751812
    outer loop
      vertex 3.99438 -4 1.64437
      vertex 4.21073 0 1.45462
      vertex 4.21073 -4 1.45462
    endloop
  endfacet
  facet normal -0.659378 0 -0.751812
    outer loop
      vertex 4.21073 0 1.45462
      vertex 3.99438 -4 1.64437
      vertex 3.99438 0 1.64437
    endloop
  endfacet
  facet normal 0.980746 0 -0.195287
    outer loop
      vertex 73.3312 -4 2.91284
      vertex 73.275 0 2.6306
      vertex 73.3312 0 2.91284
    endloop
  endfacet
  facet normal 0.980746 0 -0.195287
    outer loop
      vertex 73.275 0 2.6306
      vertex 73.3312 -4 2.91284
      vertex 73.275 -4 2.6306
    endloop
  endfacet
  facet normal 0.896846 0 -0.442342
    outer loop
      vertex 73.1825 -4 2.35811
      vertex 73.0552 0 2.10001
      vertex 73.1825 0 2.35811
    endloop
  endfacet
  facet normal 0.896846 0 -0.442342
    outer loop
      vertex 73.0552 0 2.10001
      vertex 73.1825 -4 2.35811
      vertex 73.0552 -4 2.10001
    endloop
  endfacet
  facet normal 0.75165 -0 0.659562
    outer loop
      vertex 72.7056 -4 15.7556
      vertex 72.8954 0 15.5393
      vertex 72.7056 0 15.7556
    endloop
  endfacet
  facet normal 0.75165 0 0.659562
    outer loop
      vertex 72.8954 0 15.5393
      vertex 72.7056 -4 15.7556
      vertex 72.8954 -4 15.5393
    endloop
  endfacet
  facet normal 0.896846 -0 0.442342
    outer loop
      vertex 73.0552 -4 15.3
      vertex 73.1825 0 15.0419
      vertex 73.0552 0 15.3
    endloop
  endfacet
  facet normal 0.896846 0 0.442342
    outer loop
      vertex 73.1825 0 15.0419
      vertex 73.0552 -4 15.3
      vertex 73.1825 -4 15.0419
    endloop
  endfacet
  facet normal -0.442314 0 -0.89686
    outer loop
      vertex 4.45001 -4 1.29476
      vertex 4.70811 0 1.16747
      vertex 4.70811 -4 1.16747
    endloop
  endfacet
  facet normal -0.442314 0 -0.89686
    outer loop
      vertex 4.70811 0 1.16747
      vertex 4.45001 -4 1.29476
      vertex 4.45001 0 1.29476
    endloop
  endfacet
  facet normal -0.195074 0 -0.980789
    outer loop
      vertex 4.9806 -4 1.07497
      vertex 5.26286 0 1.01883
      vertex 5.26286 -4 1.01883
    endloop
  endfacet
  facet normal -0.195074 0 -0.980789
    outer loop
      vertex 5.26286 0 1.01883
      vertex 4.9806 -4 1.07497
      vertex 4.9806 0 1.07497
    endloop
  endfacet
  facet normal 0.751756 0 -0.659441
    outer loop
      vertex 72.8954 -4 1.86074
      vertex 72.7056 0 1.64437
      vertex 72.8954 0 1.86074
    endloop
  endfacet
  facet normal 0.751756 0 -0.659441
    outer loop
      vertex 72.7056 0 1.64437
      vertex 72.8954 -4 1.86074
      vertex 72.7056 -4 1.64437
    endloop
  endfacet
  facet normal -0.555518 0 -0.831505
    outer loop
      vertex 4.21073 -4 1.45462
      vertex 4.45001 0 1.29476
      vertex 4.45001 -4 1.29476
    endloop
  endfacet
  facet normal -0.555518 0 -0.831505
    outer loop
      vertex 4.45001 0 1.29476
      vertex 4.21073 -4 1.45462
      vertex 4.21073 0 1.45462
    endloop
  endfacet
  facet normal 0.83159 0 -0.55539
    outer loop
      vertex 73.0552 -4 2.10001
      vertex 72.8954 0 1.86074
      vertex 73.0552 0 2.10001
    endloop
  endfacet
  facet normal 0.83159 0 -0.55539
    outer loop
      vertex 72.8954 0 1.86074
      vertex 73.0552 -4 2.10001
      vertex 72.8954 -4 1.86074
    endloop
  endfacet
  facet normal 0 0 1
    outer loop
      vertex 4 108 8
      vertex 2.5 106 8
      vertex 4 106 8
    endloop
  endfacet
  facet normal -0 0 1
    outer loop
      vertex 0 108 8
      vertex 2.5 106 8
      vertex 4 108 8
    endloop
  endfacet
  facet normal 0 0 1
    outer loop
      vertex 0 3 8
      vertex 2.5 106 8
      vertex 0 108 8
    endloop
  endfacet
  facet normal 0 0 1
    outer loop
      vertex 2.5 106 8
      vertex 0 3 8
      vertex 2.5 3 8
    endloop
  endfacet
  facet normal 1 0 0
    outer loop
      vertex 2.5 106 8
      vertex 2.5 96.3 5
      vertex 2.5 106 2
    endloop
  endfacet
  facet normal 1 0 0
    outer loop
      vertex 2.5 106 8
      vertex 2.5 96.2855 5.22189
      vertex 2.5 96.3 5
    endloop
  endfacet
  facet normal 1 0 0
    outer loop
      vertex 2.5 106 8
      vertex 2.5 96.2421 5.43999
      vertex 2.5 96.2855 5.22189
    endloop
  endfacet
  facet normal 1 0 0
    outer loop
      vertex 2.5 106 8
      vertex 2.5 96.1706 5.65056
      vertex 2.5 96.2421 5.43999
    endloop
  endfacet
  facet normal 1 0 0
    outer loop
      vertex 2.5 106 8
      vertex 2.5 96.0722 5.85
      vertex 2.5 96.1706 5.65056
    endloop
  endfacet
  facet normal 1 0 0
    outer loop
      vertex 2.5 106 8
      vertex 2.5 95.9487 6.03489
      vertex 2.5 96.0722 5.85
    endloop
  endfacet
  facet normal 1 0 0
    outer loop
      vertex 2.5 106 8
      vertex 2.5 95.8021 6.20208
      vertex 2.5 95.9487 6.03489
    endloop
  endfacet
  facet normal 1 0 0
    outer loop
      vertex 2.5 106 8
      vertex 2.5 95.6349 6.3487
      vertex 2.5 95.8021 6.20208
    endloop
  endfacet
  facet normal 1 0 0
    outer loop
      vertex 2.5 106 8
      vertex 2.5 95.45 6.47224
      vertex 2.5 95.6349 6.3487
    endloop
  endfacet
  facet normal 1 0 0
    outer loop
      vertex 2.5 106 8
      vertex 2.5 95.2506 6.57059
      vertex 2.5 95.45 6.47224
    endloop
  endfacet
  facet normal 1 0 0
    outer loop
      vertex 2.5 106 8
      vertex 2.5 95.04 6.64207
      vertex 2.5 95.2506 6.57059
    endloop
  endfacet
  facet normal 1 0 0
    outer loop
      vertex 2.5 106 8
      vertex 2.5 94.8219 6.68546
      vertex 2.5 95.04 6.64207
    endloop
  endfacet
  facet normal 1 0 0
    outer loop
      vertex 2.5 106 8
      vertex 2.5 94.6 6.7
      vertex 2.5 94.8219 6.68546
    endloop
  endfacet
  facet normal 1 0 0
    outer loop
      vertex 2.5 106 8
      vertex 2.5 94.3781 6.68546
      vertex 2.5 94.6 6.7
    endloop
  endfacet
  facet normal 1 0 0
    outer loop
      vertex 2.5 92.9145 5.22189
      vertex 2.5 19.7 5
      vertex 2.5 92.9 5
    endloop
  endfacet
  facet normal 1 0 0
    outer loop
      vertex 2.5 19.6855 5.22189
      vertex 2.5 92.9145 5.22189
      vertex 2.5 92.9579 5.43999
    endloop
  endfacet
  facet normal 1 0 0
    outer loop
      vertex 2.5 19.6421 5.43999
      vertex 2.5 92.9579 5.43999
      vertex 2.5 93.0294 5.65056
    endloop
  endfacet
  facet normal 1 0 0
    outer loop
      vertex 2.5 19.5706 5.65056
      vertex 2.5 93.0294 5.65056
      vertex 2.5 93.1278 5.85
    endloop
  endfacet
  facet normal 1 0 0
    outer loop
      vertex 2.5 19.4722 5.85
      vertex 2.5 93.1278 5.85
      vertex 2.5 93.2513 6.03489
    endloop
  endfacet
  facet normal 1 0 0
    outer loop
      vertex 2.5 19.3487 6.03489
      vertex 2.5 93.2513 6.03489
      vertex 2.5 93.3979 6.20208
    endloop
  endfacet
  facet normal 1 0 0
    outer loop
      vertex 2.5 19.2021 6.20208
      vertex 2.5 93.3979 6.20208
      vertex 2.5 93.5651 6.3487
    endloop
  endfacet
  facet normal 1 0 0
    outer loop
      vertex 2.5 19.0349 6.3487
      vertex 2.5 93.5651 6.3487
      vertex 2.5 93.75 6.47224
    endloop
  endfacet
  facet normal 1 0 0
    outer loop
      vertex 2.5 18.85 6.47224
      vertex 2.5 93.75 6.47224
      vertex 2.5 93.9494 6.57059
    endloop
  endfacet
  facet normal 1 0 0
    outer loop
      vertex 2.5 18.6506 6.57059
      vertex 2.5 93.9494 6.57059
      vertex 2.5 94.16 6.64207
    endloop
  endfacet
  facet normal 1 0 0
    outer loop
      vertex 2.5 18.44 6.64207
      vertex 2.5 94.16 6.64207
      vertex 2.5 94.3781 6.68546
    endloop
  endfacet
  facet normal 1 0 0
    outer loop
      vertex 2.5 18.2219 6.68546
      vertex 2.5 94.3781 6.68546
      vertex 2.5 106 8
    endloop
  endfacet
  facet normal 1 0 0
    outer loop
      vertex 2.5 92.9145 5.22189
      vertex 2.5 19.6855 5.22189
      vertex 2.5 19.7 5
    endloop
  endfacet
  facet normal 1 0 0
    outer loop
      vertex 2.5 92.9579 5.43999
      vertex 2.5 19.6421 5.43999
      vertex 2.5 19.6855 5.22189
    endloop
  endfacet
  facet normal 1 0 0
    outer loop
      vertex 2.5 93.0294 5.65056
      vertex 2.5 19.5706 5.65056
      vertex 2.5 19.6421 5.43999
    endloop
  endfacet
  facet normal 1 0 0
    outer loop
      vertex 2.5 93.1278 5.85
      vertex 2.5 19.4722 5.85
      vertex 2.5 19.5706 5.65056
    endloop
  endfacet
  facet normal 1 0 0
    outer loop
      vertex 2.5 93.2513 6.03489
      vertex 2.5 19.3487 6.03489
      vertex 2.5 19.4722 5.85
    endloop
  endfacet
  facet normal 1 0 0
    outer loop
      vertex 2.5 93.3979 6.20208
      vertex 2.5 19.2021 6.20208
      vertex 2.5 19.3487 6.03489
    endloop
  endfacet
  facet normal 1 0 0
    outer loop
      vertex 2.5 93.5651 6.3487
      vertex 2.5 19.0349 6.3487
      vertex 2.5 19.2021 6.20208
    endloop
  endfacet
  facet normal 1 0 0
    outer loop
      vertex 2.5 93.75 6.47224
      vertex 2.5 18.85 6.47224
      vertex 2.5 19.0349 6.3487
    endloop
  endfacet
  facet normal 1 0 0
    outer loop
      vertex 2.5 93.9494 6.57059
      vertex 2.5 18.6506 6.57059
      vertex 2.5 18.85 6.47224
    endloop
  endfacet
  facet normal 1 0 0
    outer loop
      vertex 2.5 94.16 6.64207
      vertex 2.5 18.44 6.64207
      vertex 2.5 18.6506 6.57059
    endloop
  endfacet
  facet normal 1 0 0
    outer loop
      vertex 2.5 94.3781 6.68546
      vertex 2.5 18.2219 6.68546
      vertex 2.5 18.44 6.64207
    endloop
  endfacet
  facet normal 1 0 0
    outer loop
      vertex 2.5 106 8
      vertex 2.5 18 6.7
      vertex 2.5 18.2219 6.68546
    endloop
  endfacet
  facet normal 1 0 0
    outer loop
      vertex 2.5 16.3145 5.22189
      vertex 2.5 3 8
      vertex 2.5 16.3 5
    endloop
  endfacet
  facet normal 1 0 0
    outer loop
      vertex 2.5 16.3579 5.43999
      vertex 2.5 3 8
      vertex 2.5 16.3145 5.22189
    endloop
  endfacet
  facet normal 1 0 0
    outer loop
      vertex 2.5 16.4294 5.65056
      vertex 2.5 3 8
      vertex 2.5 16.3579 5.43999
    endloop
  endfacet
  facet normal 1 0 0
    outer loop
      vertex 2.5 16.5278 5.85
      vertex 2.5 3 8
      vertex 2.5 16.4294 5.65056
    endloop
  endfacet
  facet normal 1 0 0
    outer loop
      vertex 2.5 16.6513 6.03489
      vertex 2.5 3 8
      vertex 2.5 16.5278 5.85
    endloop
  endfacet
  facet normal 1 0 0
    outer loop
      vertex 2.5 16.7979 6.20208
      vertex 2.5 3 8
      vertex 2.5 16.6513 6.03489
    endloop
  endfacet
  facet normal 1 0 0
    outer loop
      vertex 2.5 16.9651 6.3487
      vertex 2.5 3 8
      vertex 2.5 16.7979 6.20208
    endloop
  endfacet
  facet normal 1 0 0
    outer loop
      vertex 2.5 17.15 6.47224
      vertex 2.5 3 8
      vertex 2.5 16.9651 6.3487
    endloop
  endfacet
  facet normal 1 0 0
    outer loop
      vertex 2.5 17.3494 6.57059
      vertex 2.5 3 8
      vertex 2.5 17.15 6.47224
    endloop
  endfacet
  facet normal 1 0 0
    outer loop
      vertex 2.5 17.56 6.64207
      vertex 2.5 3 8
      vertex 2.5 17.3494 6.57059
    endloop
  endfacet
  facet normal 1 0 0
    outer loop
      vertex 2.5 17.7781 6.68546
      vertex 2.5 3 8
      vertex 2.5 17.56 6.64207
    endloop
  endfacet
  facet normal 1 0 0
    outer loop
      vertex 2.5 18 6.7
      vertex 2.5 3 8
      vertex 2.5 17.7781 6.68546
    endloop
  endfacet
  facet normal 1 -0 0
    outer loop
      vertex 2.5 3 8
      vertex 2.5 18 6.7
      vertex 2.5 106 8
    endloop
  endfacet
  facet normal 1 -0 0
    outer loop
      vertex 2.5 96.2855 4.7781
      vertex 2.5 106 2
      vertex 2.5 96.3 5
    endloop
  endfacet
  facet normal 1 -0 0
    outer loop
      vertex 2.5 96.2421 4.56001
      vertex 2.5 106 2
      vertex 2.5 96.2855 4.7781
    endloop
  endfacet
  facet normal 1 -0 0
    outer loop
      vertex 2.5 96.1706 4.34944
      vertex 2.5 106 2
      vertex 2.5 96.2421 4.56001
    endloop
  endfacet
  facet normal 1 -0 0
    outer loop
      vertex 2.5 96.0722 4.15
      vertex 2.5 106 2
      vertex 2.5 96.1706 4.34944
    endloop
  endfacet
  facet normal 1 -0 0
    outer loop
      vertex 2.5 95.9487 3.96511
      vertex 2.5 106 2
      vertex 2.5 96.0722 4.15
    endloop
  endfacet
  facet normal 1 -0 0
    outer loop
      vertex 2.5 95.8021 3.79792
      vertex 2.5 106 2
      vertex 2.5 95.9487 3.96511
    endloop
  endfacet
  facet normal 1 -0 0
    outer loop
      vertex 2.5 95.6349 3.6513
      vertex 2.5 106 2
      vertex 2.5 95.8021 3.79792
    endloop
  endfacet
  facet normal 1 -0 0
    outer loop
      vertex 2.5 95.45 3.52776
      vertex 2.5 106 2
      vertex 2.5 95.6349 3.6513
    endloop
  endfacet
  facet normal 1 -0 0
    outer loop
      vertex 2.5 95.2506 3.4294
      vertex 2.5 106 2
      vertex 2.5 95.45 3.52776
    endloop
  endfacet
  facet normal 1 -0 0
    outer loop
      vertex 2.5 95.04 3.35793
      vertex 2.5 106 2
      vertex 2.5 95.2506 3.4294
    endloop
  endfacet
  facet normal 1 -0 0
    outer loop
      vertex 2.5 94.8219 3.31454
      vertex 2.5 106 2
      vertex 2.5 95.04 3.35793
    endloop
  endfacet
  facet normal 1 -0 0
    outer loop
      vertex 2.5 94.6 3.3
      vertex 2.5 106 2
      vertex 2.5 94.8219 3.31454
    endloop
  endfacet
  facet normal 1 0 0
    outer loop
      vertex 2.5 94.3781 3.31454
      vertex 2.5 106 2
      vertex 2.5 94.6 3.3
    endloop
  endfacet
  facet normal 1 -0 0
    outer loop
      vertex 2.5 19.7 5
      vertex 2.5 92.9145 4.7781
      vertex 2.5 92.9 5
    endloop
  endfacet
  facet normal 1 0 0
    outer loop
      vertex 2.5 19.6855 4.7781
      vertex 2.5 92.9145 4.7781
      vertex 2.5 19.7 5
    endloop
  endfacet
  facet normal 1 0 0
    outer loop
      vertex 2.5 92.9145 4.7781
      vertex 2.5 19.6855 4.7781
      vertex 2.5 92.9579 4.56001
    endloop
  endfacet
  facet normal 1 0 0
    outer loop
      vertex 2.5 19.6421 4.56001
      vertex 2.5 92.9579 4.56001
      vertex 2.5 19.6855 4.7781
    endloop
  endfacet
  facet normal 1 0 0
    outer loop
      vertex 2.5 92.9579 4.56001
      vertex 2.5 19.6421 4.56001
      vertex 2.5 93.0294 4.34944
    endloop
  endfacet
  facet normal 1 0 0
    outer loop
      vertex 2.5 19.5706 4.34944
      vertex 2.5 93.0294 4.34944
      vertex 2.5 19.6421 4.56001
    endloop
  endfacet
  facet normal 1 0 0
    outer loop
      vertex 2.5 93.0294 4.34944
      vertex 2.5 19.5706 4.34944
      vertex 2.5 93.1278 4.15
    endloop
  endfacet
  facet normal 1 0 0
    outer loop
      vertex 2.5 19.4722 4.15
      vertex 2.5 93.1278 4.15
      vertex 2.5 19.5706 4.34944
    endloop
  endfacet
  facet normal 1 0 0
    outer loop
      vertex 2.5 93.1278 4.15
      vertex 2.5 19.4722 4.15
      vertex 2.5 93.2513 3.96511
    endloop
  endfacet
  facet normal 1 0 0
    outer loop
      vertex 2.5 19.3487 3.96511
      vertex 2.5 93.2513 3.96511
      vertex 2.5 19.4722 4.15
    endloop
  endfacet
  facet normal 1 0 0
    outer loop
      vertex 2.5 93.2513 3.96511
      vertex 2.5 19.3487 3.96511
      vertex 2.5 93.3979 3.79792
    endloop
  endfacet
  facet normal 1 0 0
    outer loop
      vertex 2.5 19.2021 3.79792
      vertex 2.5 93.3979 3.79792
      vertex 2.5 19.3487 3.96511
    endloop
  endfacet
  facet normal 1 0 0
    outer loop
      vertex 2.5 93.3979 3.79792
      vertex 2.5 19.2021 3.79792
      vertex 2.5 93.5651 3.6513
    endloop
  endfacet
  facet normal 1 0 0
    outer loop
      vertex 2.5 19.0349 3.6513
      vertex 2.5 93.5651 3.6513
      vertex 2.5 19.2021 3.79792
    endloop
  endfacet
  facet normal 1 0 0
    outer loop
      vertex 2.5 93.5651 3.6513
      vertex 2.5 19.0349 3.6513
      vertex 2.5 93.75 3.52776
    endloop
  endfacet
  facet normal 1 0 0
    outer loop
      vertex 2.5 18.85 3.52776
      vertex 2.5 93.75 3.52776
      vertex 2.5 19.0349 3.6513
    endloop
  endfacet
  facet normal 1 0 0
    outer loop
      vertex 2.5 93.75 3.52776
      vertex 2.5 18.85 3.52776
      vertex 2.5 93.9494 3.4294
    endloop
  endfacet
  facet normal 1 0 0
    outer loop
      vertex 2.5 18.6506 3.4294
      vertex 2.5 93.9494 3.4294
      vertex 2.5 18.85 3.52776
    endloop
  endfacet
  facet normal 1 0 0
    outer loop
      vertex 2.5 93.9494 3.4294
      vertex 2.5 18.6506 3.4294
      vertex 2.5 94.16 3.35793
    endloop
  endfacet
  facet normal 1 0 0
    outer loop
      vertex 2.5 18.44 3.35793
      vertex 2.5 94.16 3.35793
      vertex 2.5 18.6506 3.4294
    endloop
  endfacet
  facet normal 1 0 0
    outer loop
      vertex 2.5 94.16 3.35793
      vertex 2.5 18.44 3.35793
      vertex 2.5 94.3781 3.31454
    endloop
  endfacet
  facet normal 1 0 0
    outer loop
      vertex 2.5 18.2219 3.31454
      vertex 2.5 94.3781 3.31454
      vertex 2.5 18.44 3.35793
    endloop
  endfacet
  facet normal 1 0 0
    outer loop
      vertex 2.5 94.3781 3.31454
      vertex 2.5 18.2219 3.31454
      vertex 2.5 106 2
    endloop
  endfacet
  facet normal 1 -0 0
    outer loop
      vertex 2.5 18 3.3
      vertex 2.5 106 2
      vertex 2.5 18.2219 3.31454
    endloop
  endfacet
  facet normal 1 0 0
    outer loop
      vertex 2.5 3 2
      vertex 2.5 16.3 5
      vertex 2.5 3 8
    endloop
  endfacet
  facet normal 1 0 0
    outer loop
      vertex 2.5 16.3 5
      vertex 2.5 3 2
      vertex 2.5 16.3145 4.7781
    endloop
  endfacet
  facet normal 1 0 0
    outer loop
      vertex 2.5 16.3145 4.7781
      vertex 2.5 3 2
      vertex 2.5 16.3579 4.56001
    endloop
  endfacet
  facet normal 1 0 0
    outer loop
      vertex 2.5 16.3579 4.56001
      vertex 2.5 3 2
      vertex 2.5 16.4294 4.34944
    endloop
  endfacet
  facet normal 1 0 0
    outer loop
      vertex 2.5 16.4294 4.34944
      vertex 2.5 3 2
      vertex 2.5 16.5278 4.15
    endloop
  endfacet
  facet normal 1 0 0
    outer loop
      vertex 2.5 16.5278 4.15
      vertex 2.5 3 2
      vertex 2.5 16.6513 3.96511
    endloop
  endfacet
  facet normal 1 0 0
    outer loop
      vertex 2.5 16.6513 3.96511
      vertex 2.5 3 2
      vertex 2.5 16.7979 3.79792
    endloop
  endfacet
  facet normal 1 0 0
    outer loop
      vertex 2.5 16.7979 3.79792
      vertex 2.5 3 2
      vertex 2.5 16.9651 3.6513
    endloop
  endfacet
  facet normal 1 0 0
    outer loop
      vertex 2.5 16.9651 3.6513
      vertex 2.5 3 2
      vertex 2.5 17.15 3.52776
    endloop
  endfacet
  facet normal 1 0 0
    outer loop
      vertex 2.5 17.15 3.52776
      vertex 2.5 3 2
      vertex 2.5 17.3494 3.4294
    endloop
  endfacet
  facet normal 1 0 0
    outer loop
      vertex 2.5 18 3.3
      vertex 2.5 3 2
      vertex 2.5 106 2
    endloop
  endfacet
  facet normal 1 0 0
    outer loop
      vertex 2.5 17.7781 3.31454
      vertex 2.5 3 2
      vertex 2.5 18 3.3
    endloop
  endfacet
  facet normal 1 0 0
    outer loop
      vertex 2.5 17.56 3.35793
      vertex 2.5 3 2
      vertex 2.5 17.7781 3.31454
    endloop
  endfacet
  facet normal 1 0 0
    outer loop
      vertex 2.5 17.3494 3.4294
      vertex 2.5 3 2
      vertex 2.5 17.56 3.35793
    endloop
  endfacet
  facet normal -1 0 0
    outer loop
      vertex 74.2 106 2
      vertex 74.2 96.3 5
      vertex 74.2 106 8
    endloop
  endfacet
  facet normal -1 0 0
    outer loop
      vertex 74.2 106 2
      vertex 74.2 96.2855 4.7781
      vertex 74.2 96.3 5
    endloop
  endfacet
  facet normal -1 0 0
    outer loop
      vertex 74.2 106 2
      vertex 74.2 96.2421 4.56001
      vertex 74.2 96.2855 4.7781
    endloop
  endfacet
  facet normal -1 0 0
    outer loop
      vertex 74.2 106 2
      vertex 74.2 96.1706 4.34944
      vertex 74.2 96.2421 4.56001
    endloop
  endfacet
  facet normal -1 0 0
    outer loop
      vertex 74.2 106 2
      vertex 74.2 96.0722 4.15
      vertex 74.2 96.1706 4.34944
    endloop
  endfacet
  facet normal -1 0 0
    outer loop
      vertex 74.2 106 2
      vertex 74.2 95.9487 3.96511
      vertex 74.2 96.0722 4.15
    endloop
  endfacet
  facet normal -1 0 0
    outer loop
      vertex 74.2 106 2
      vertex 74.2 95.8021 3.79792
      vertex 74.2 95.9487 3.96511
    endloop
  endfacet
  facet normal -1 0 0
    outer loop
      vertex 74.2 106 2
      vertex 74.2 95.6349 3.6513
      vertex 74.2 95.8021 3.79792
    endloop
  endfacet
  facet normal -1 0 0
    outer loop
      vertex 74.2 106 2
      vertex 74.2 95.45 3.52776
      vertex 74.2 95.6349 3.6513
    endloop
  endfacet
  facet normal -1 0 0
    outer loop
      vertex 74.2 106 2
      vertex 74.2 95.2506 3.4294
      vertex 74.2 95.45 3.52776
    endloop
  endfacet
  facet normal -1 0 0
    outer loop
      vertex 74.2 106 2
      vertex 74.2 95.04 3.35793
      vertex 74.2 95.2506 3.4294
    endloop
  endfacet
  facet normal -1 0 0
    outer loop
      vertex 74.2 106 2
      vertex 74.2 94.8219 3.31454
      vertex 74.2 95.04 3.35793
    endloop
  endfacet
  facet normal -1 0 0
    outer loop
      vertex 74.2 106 2
      vertex 74.2 94.6 3.3
      vertex 74.2 94.8219 3.31454
    endloop
  endfacet
  facet normal -1 0 0
    outer loop
      vertex 74.2 106 2
      vertex 74.2 94.3781 3.31454
      vertex 74.2 94.6 3.3
    endloop
  endfacet
  facet normal -1 0 0
    outer loop
      vertex 74.2 92.9145 4.7781
      vertex 74.2 19.7 5
      vertex 74.2 92.9 5
    endloop
  endfacet
  facet normal -1 0 0
    outer loop
      vertex 74.2 19.6855 4.7781
      vertex 74.2 92.9145 4.7781
      vertex 74.2 92.9579 4.56001
    endloop
  endfacet
  facet normal -1 0 0
    outer loop
      vertex 74.2 19.6421 4.56001
      vertex 74.2 92.9579 4.56001
      vertex 74.2 93.0294 4.34944
    endloop
  endfacet
  facet normal -1 0 0
    outer loop
      vertex 74.2 19.5706 4.34944
      vertex 74.2 93.0294 4.34944
      vertex 74.2 93.1278 4.15
    endloop
  endfacet
  facet normal -1 0 0
    outer loop
      vertex 74.2 19.4722 4.15
      vertex 74.2 93.1278 4.15
      vertex 74.2 93.2513 3.96511
    endloop
  endfacet
  facet normal -1 0 0
    outer loop
      vertex 74.2 19.3487 3.96511
      vertex 74.2 93.2513 3.96511
      vertex 74.2 93.3979 3.79792
    endloop
  endfacet
  facet normal -1 0 0
    outer loop
      vertex 74.2 19.2021 3.79792
      vertex 74.2 93.3979 3.79792
      vertex 74.2 93.5651 3.6513
    endloop
  endfacet
  facet normal -1 0 0
    outer loop
      vertex 74.2 19.0349 3.6513
      vertex 74.2 93.5651 3.6513
      vertex 74.2 93.75 3.52776
    endloop
  endfacet
  facet normal -1 0 0
    outer loop
      vertex 74.2 18.85 3.52776
      vertex 74.2 93.75 3.52776
      vertex 74.2 93.9494 3.4294
    endloop
  endfacet
  facet normal -1 0 0
    outer loop
      vertex 74.2 18.6506 3.4294
      vertex 74.2 93.9494 3.4294
      vertex 74.2 94.16 3.35793
    endloop
  endfacet
  facet normal -1 0 0
    outer loop
      vertex 74.2 18.44 3.35793
      vertex 74.2 94.16 3.35793
      vertex 74.2 94.3781 3.31454
    endloop
  endfacet
  facet normal -1 0 0
    outer loop
      vertex 74.2 18.2219 3.31454
      vertex 74.2 94.3781 3.31454
      vertex 74.2 106 2
    endloop
  endfacet
  facet normal -1 0 0
    outer loop
      vertex 74.2 92.9145 4.7781
      vertex 74.2 19.6855 4.7781
      vertex 74.2 19.7 5
    endloop
  endfacet
  facet normal -1 0 0
    outer loop
      vertex 74.2 92.9579 4.56001
      vertex 74.2 19.6421 4.56001
      vertex 74.2 19.6855 4.7781
    endloop
  endfacet
  facet normal -1 0 0
    outer loop
      vertex 74.2 93.0294 4.34944
      vertex 74.2 19.5706 4.34944
      vertex 74.2 19.6421 4.56001
    endloop
  endfacet
  facet normal -1 0 0
    outer loop
      vertex 74.2 93.1278 4.15
      vertex 74.2 19.4722 4.15
      vertex 74.2 19.5706 4.34944
    endloop
  endfacet
  facet normal -1 0 0
    outer loop
      vertex 74.2 93.2513 3.96511
      vertex 74.2 19.3487 3.96511
      vertex 74.2 19.4722 4.15
    endloop
  endfacet
  facet normal -1 0 0
    outer loop
      vertex 74.2 93.3979 3.79792
      vertex 74.2 19.2021 3.79792
      vertex 74.2 19.3487 3.96511
    endloop
  endfacet
  facet normal -1 0 0
    outer loop
      vertex 74.2 93.5651 3.6513
      vertex 74.2 19.0349 3.6513
      vertex 74.2 19.2021 3.79792
    endloop
  endfacet
  facet normal -1 0 0
    outer loop
      vertex 74.2 93.75 3.52776
      vertex 74.2 18.85 3.52776
      vertex 74.2 19.0349 3.6513
    endloop
  endfacet
  facet normal -1 0 0
    outer loop
      vertex 74.2 93.9494 3.4294
      vertex 74.2 18.6506 3.4294
      vertex 74.2 18.85 3.52776
    endloop
  endfacet
  facet normal -1 0 0
    outer loop
      vertex 74.2 94.16 3.35793
      vertex 74.2 18.44 3.35793
      vertex 74.2 18.6506 3.4294
    endloop
  endfacet
  facet normal -1 0 0
    outer loop
      vertex 74.2 94.3781 3.31454
      vertex 74.2 18.2219 3.31454
      vertex 74.2 18.44 3.35793
    endloop
  endfacet
  facet normal -1 0 0
    outer loop
      vertex 74.2 106 2
      vertex 74.2 18 3.3
      vertex 74.2 18.2219 3.31454
    endloop
  endfacet
  facet normal -1 -0 0
    outer loop
      vertex 74.2 16.3145 4.7781
      vertex 74.2 3 2
      vertex 74.2 16.3 5
    endloop
  endfacet
  facet normal -1 -0 0
    outer loop
      vertex 74.2 16.3579 4.56001
      vertex 74.2 3 2
      vertex 74.2 16.3145 4.7781
    endloop
  endfacet
  facet normal -1 -0 0
    outer loop
      vertex 74.2 16.4294 4.34944
      vertex 74.2 3 2
      vertex 74.2 16.3579 4.56001
    endloop
  endfacet
  facet normal -1 -0 0
    outer loop
      vertex 74.2 16.5278 4.15
      vertex 74.2 3 2
      vertex 74.2 16.4294 4.34944
    endloop
  endfacet
  facet normal -1 -0 0
    outer loop
      vertex 74.2 16.6513 3.96511
      vertex 74.2 3 2
      vertex 74.2 16.5278 4.15
    endloop
  endfacet
  facet normal -1 -0 0
    outer loop
      vertex 74.2 16.7979 3.79792
      vertex 74.2 3 2
      vertex 74.2 16.6513 3.96511
    endloop
  endfacet
  facet normal -1 -0 0
    outer loop
      vertex 74.2 16.9651 3.6513
      vertex 74.2 3 2
      vertex 74.2 16.7979 3.79792
    endloop
  endfacet
  facet normal -1 -0 0
    outer loop
      vertex 74.2 17.15 3.52776
      vertex 74.2 3 2
      vertex 74.2 16.9651 3.6513
    endloop
  endfacet
  facet normal -1 -0 0
    outer loop
      vertex 74.2 17.3494 3.4294
      vertex 74.2 3 2
      vertex 74.2 17.15 3.52776
    endloop
  endfacet
  facet normal -1 -0 0
    outer loop
      vertex 74.2 17.56 3.35793
      vertex 74.2 3 2
      vertex 74.2 17.3494 3.4294
    endloop
  endfacet
  facet normal -1 -0 0
    outer loop
      vertex 74.2 17.7781 3.31454
      vertex 74.2 3 2
      vertex 74.2 17.56 3.35793
    endloop
  endfacet
  facet normal -1 -0 0
    outer loop
      vertex 74.2 18 3.3
      vertex 74.2 3 2
      vertex 74.2 17.7781 3.31454
    endloop
  endfacet
  facet normal -1 0 0
    outer loop
      vertex 74.2 3 2
      vertex 74.2 18 3.3
      vertex 74.2 106 2
    endloop
  endfacet
  facet normal -1 0 0
    outer loop
      vertex 74.2 96.2855 5.22189
      vertex 74.2 106 8
      vertex 74.2 96.3 5
    endloop
  endfacet
  facet normal -1 0 0
    outer loop
      vertex 74.2 96.2421 5.43999
      vertex 74.2 106 8
      vertex 74.2 96.2855 5.22189
    endloop
  endfacet
  facet normal -1 0 0
    outer loop
      vertex 74.2 96.1706 5.65056
      vertex 74.2 106 8
      vertex 74.2 96.2421 5.43999
    endloop
  endfacet
  facet normal -1 0 0
    outer loop
      vertex 74.2 96.0722 5.85
      vertex 74.2 106 8
      vertex 74.2 96.1706 5.65056
    endloop
  endfacet
  facet normal -1 0 0
    outer loop
      vertex 74.2 95.9487 6.03489
      vertex 74.2 106 8
      vertex 74.2 96.0722 5.85
    endloop
  endfacet
  facet normal -1 0 0
    outer loop
      vertex 74.2 95.8021 6.20208
      vertex 74.2 106 8
      vertex 74.2 95.9487 6.03489
    endloop
  endfacet
  facet normal -1 0 0
    outer loop
      vertex 74.2 95.6349 6.3487
      vertex 74.2 106 8
      vertex 74.2 95.8021 6.20208
    endloop
  endfacet
  facet normal -1 0 0
    outer loop
      vertex 74.2 95.45 6.47224
      vertex 74.2 106 8
      vertex 74.2 95.6349 6.3487
    endloop
  endfacet
  facet normal -1 0 0
    outer loop
      vertex 74.2 95.2506 6.57059
      vertex 74.2 106 8
      vertex 74.2 95.45 6.47224
    endloop
  endfacet
  facet normal -1 0 0
    outer loop
      vertex 74.2 95.04 6.64207
      vertex 74.2 106 8
      vertex 74.2 95.2506 6.57059
    endloop
  endfacet
  facet normal -1 0 0
    outer loop
      vertex 74.2 94.8219 6.68546
      vertex 74.2 106 8
      vertex 74.2 95.04 6.64207
    endloop
  endfacet
  facet normal -1 0 0
    outer loop
      vertex 74.2 94.6 6.7
      vertex 74.2 106 8
      vertex 74.2 94.8219 6.68546
    endloop
  endfacet
  facet normal -1 0 0
    outer loop
      vertex 74.2 94.3781 6.68546
      vertex 74.2 106 8
      vertex 74.2 94.6 6.7
    endloop
  endfacet
  facet normal -1 0 0
    outer loop
      vertex 74.2 19.7 5
      vertex 74.2 92.9145 5.22189
      vertex 74.2 92.9 5
    endloop
  endfacet
  facet normal -1 0 0
    outer loop
      vertex 74.2 19.6855 5.22189
      vertex 74.2 92.9145 5.22189
      vertex 74.2 19.7 5
    endloop
  endfacet
  facet normal -1 0 0
    outer loop
      vertex 74.2 92.9145 5.22189
      vertex 74.2 19.6855 5.22189
      vertex 74.2 92.9579 5.43999
    endloop
  endfacet
  facet normal -1 0 0
    outer loop
      vertex 74.2 19.6421 5.43999
      vertex 74.2 92.9579 5.43999
      vertex 74.2 19.6855 5.22189
    endloop
  endfacet
  facet normal -1 0 0
    outer loop
      vertex 74.2 92.9579 5.43999
      vertex 74.2 19.6421 5.43999
      vertex 74.2 93.0294 5.65056
    endloop
  endfacet
  facet normal -1 0 0
    outer loop
      vertex 74.2 19.5706 5.65056
      vertex 74.2 93.0294 5.65056
      vertex 74.2 19.6421 5.43999
    endloop
  endfacet
  facet normal -1 0 0
    outer loop
      vertex 74.2 93.0294 5.65056
      vertex 74.2 19.5706 5.65056
      vertex 74.2 93.1278 5.85
    endloop
  endfacet
  facet normal -1 0 0
    outer loop
      vertex 74.2 19.4722 5.85
      vertex 74.2 93.1278 5.85
      vertex 74.2 19.5706 5.65056
    endloop
  endfacet
  facet normal -1 0 0
    outer loop
      vertex 74.2 93.1278 5.85
      vertex 74.2 19.4722 5.85
      vertex 74.2 93.2513 6.03489
    endloop
  endfacet
  facet normal -1 0 0
    outer loop
      vertex 74.2 19.3487 6.03489
      vertex 74.2 93.2513 6.03489
      vertex 74.2 19.4722 5.85
    endloop
  endfacet
  facet normal -1 0 0
    outer loop
      vertex 74.2 93.2513 6.03489
      vertex 74.2 19.3487 6.03489
      vertex 74.2 93.3979 6.20208
    endloop
  endfacet
  facet normal -1 0 0
    outer loop
      vertex 74.2 19.2021 6.20208
      vertex 74.2 93.3979 6.20208
      vertex 74.2 19.3487 6.03489
    endloop
  endfacet
  facet normal -1 0 0
    outer loop
      vertex 74.2 93.3979 6.20208
      vertex 74.2 19.2021 6.20208
      vertex 74.2 93.5651 6.3487
    endloop
  endfacet
  facet normal -1 0 0
    outer loop
      vertex 74.2 19.0349 6.3487
      vertex 74.2 93.5651 6.3487
      vertex 74.2 19.2021 6.20208
    endloop
  endfacet
  facet normal -1 0 0
    outer loop
      vertex 74.2 93.5651 6.3487
      vertex 74.2 19.0349 6.3487
      vertex 74.2 93.75 6.47224
    endloop
  endfacet
  facet normal -1 0 0
    outer loop
      vertex 74.2 18.85 6.47224
      vertex 74.2 93.75 6.47224
      vertex 74.2 19.0349 6.3487
    endloop
  endfacet
  facet normal -1 0 0
    outer loop
      vertex 74.2 93.75 6.47224
      vertex 74.2 18.85 6.47224
      vertex 74.2 93.9494 6.57059
    endloop
  endfacet
  facet normal -1 0 0
    outer loop
      vertex 74.2 18.6506 6.57059
      vertex 74.2 93.9494 6.57059
      vertex 74.2 18.85 6.47224
    endloop
  endfacet
  facet normal -1 0 0
    outer loop
      vertex 74.2 93.9494 6.57059
      vertex 74.2 18.6506 6.57059
      vertex 74.2 94.16 6.64207
    endloop
  endfacet
  facet normal -1 0 0
    outer loop
      vertex 74.2 18.44 6.64207
      vertex 74.2 94.16 6.64207
      vertex 74.2 18.6506 6.57059
    endloop
  endfacet
  facet normal -1 0 0
    outer loop
      vertex 74.2 94.16 6.64207
      vertex 74.2 18.44 6.64207
      vertex 74.2 94.3781 6.68546
    endloop
  endfacet
  facet normal -1 0 0
    outer loop
      vertex 74.2 18.2219 6.68546
      vertex 74.2 94.3781 6.68546
      vertex 74.2 18.44 6.64207
    endloop
  endfacet
  facet normal -1 0 0
    outer loop
      vertex 74.2 94.3781 6.68546
      vertex 74.2 18.2219 6.68546
      vertex 74.2 106 8
    endloop
  endfacet
  facet normal -1 0 0
    outer loop
      vertex 74.2 18 6.7
      vertex 74.2 106 8
      vertex 74.2 18.2219 6.68546
    endloop
  endfacet
  facet normal -1 0 0
    outer loop
      vertex 74.2 3 8
      vertex 74.2 16.3 5
      vertex 74.2 3 2
    endloop
  endfacet
  facet normal -1 0 0
    outer loop
      vertex 74.2 16.3 5
      vertex 74.2 3 8
      vertex 74.2 16.3145 5.22189
    endloop
  endfacet
  facet normal -1 0 0
    outer loop
      vertex 74.2 16.3145 5.22189
      vertex 74.2 3 8
      vertex 74.2 16.3579 5.43999
    endloop
  endfacet
  facet normal -1 0 0
    outer loop
      vertex 74.2 16.3579 5.43999
      vertex 74.2 3 8
      vertex 74.2 16.4294 5.65056
    endloop
  endfacet
  facet normal -1 0 0
    outer loop
      vertex 74.2 16.4294 5.65056
      vertex 74.2 3 8
      vertex 74.2 16.5278 5.85
    endloop
  endfacet
  facet normal -1 0 0
    outer loop
      vertex 74.2 16.5278 5.85
      vertex 74.2 3 8
      vertex 74.2 16.6513 6.03489
    endloop
  endfacet
  facet normal -1 0 0
    outer loop
      vertex 74.2 16.6513 6.03489
      vertex 74.2 3 8
      vertex 74.2 16.7979 6.20208
    endloop
  endfacet
  facet normal -1 0 0
    outer loop
      vertex 74.2 16.7979 6.20208
      vertex 74.2 3 8
      vertex 74.2 16.9651 6.3487
    endloop
  endfacet
  facet normal -1 0 0
    outer loop
      vertex 74.2 16.9651 6.3487
      vertex 74.2 3 8
      vertex 74.2 17.15 6.47224
    endloop
  endfacet
  facet normal -1 0 0
    outer loop
      vertex 74.2 17.15 6.47224
      vertex 74.2 3 8
      vertex 74.2 17.3494 6.57059
    endloop
  endfacet
  facet normal -1 0 0
    outer loop
      vertex 74.2 18 6.7
      vertex 74.2 3 8
      vertex 74.2 106 8
    endloop
  endfacet
  facet normal -1 0 0
    outer loop
      vertex 74.2 17.7781 6.68546
      vertex 74.2 3 8
      vertex 74.2 18 6.7
    endloop
  endfacet
  facet normal -1 0 0
    outer loop
      vertex 74.2 17.56 6.64207
      vertex 74.2 3 8
      vertex 74.2 17.7781 6.68546
    endloop
  endfacet
  facet normal -1 0 0
    outer loop
      vertex 74.2 17.3494 6.57059
      vertex 74.2 3 8
      vertex 74.2 17.56 6.64207
    endloop
  endfacet
  facet normal 0 0 1
    outer loop
      vertex 76.7 108 8
      vertex 74.2 106 8
      vertex 76.7 3 8
    endloop
  endfacet
  facet normal -0 0 1
    outer loop
      vertex 72.7 108 8
      vertex 74.2 106 8
      vertex 76.7 108 8
    endloop
  endfacet
  facet normal 0 0 1
    outer loop
      vertex 74.2 106 8
      vertex 72.7 108 8
      vertex 72.7 106 8
    endloop
  endfacet
  facet normal 0 0 1
    outer loop
      vertex 76.7 3 8
      vertex 74.2 106 8
      vertex 74.2 3 8
    endloop
  endfacet
  facet normal 1 -0 0
    outer loop
      vertex 4 106 8
      vertex 4 108 2
      vertex 4 108 8
    endloop
  endfacet
  facet normal 1 0 0
    outer loop
      vertex 4 108 2
      vertex 4 106 8
      vertex 4 106 2
    endloop
  endfacet
  facet normal 0 -1 0
    outer loop
      vertex 2.5 106 2
      vertex 4 106 8
      vertex 2.5 106 8
    endloop
  endfacet
  facet normal 0 -1 -0
    outer loop
      vertex 4 106 8
      vertex 2.5 106 2
      vertex 4 106 2
    endloop
  endfacet
  facet normal -1 0 0
    outer loop
      vertex 72.7 106 2
      vertex 72.7 108 8
      vertex 72.7 108 2
    endloop
  endfacet
  facet normal -1 -0 0
    outer loop
      vertex 72.7 108 8
      vertex 72.7 106 2
      vertex 72.7 106 8
    endloop
  endfacet
  facet normal 0 -1 0
    outer loop
      vertex 72.7 106 2
      vertex 74.2 106 8
      vertex 72.7 106 8
    endloop
  endfacet
  facet normal 0 -1 -0
    outer loop
      vertex 74.2 106 8
      vertex 72.7 106 2
      vertex 74.2 106 2
    endloop
  endfacet
  facet normal 0.751863 0.659319 0
    outer loop
      vertex 6.28792 16.3979 2
      vertex 6.1413 16.5651 1.4
      vertex 6.1413 16.5651 2
    endloop
  endfacet
  facet normal 0.751863 0.659319 0
    outer loop
      vertex 6.1413 16.5651 1.4
      vertex 6.28792 16.3979 2
      vertex 6.28792 16.3979 1.4
    endloop
  endfacet
  facet normal 0.946956 -0.321363 0
    outer loop
      vertex 5.84793 18.84 2
      vertex 5.9194 19.0506 1.4
      vertex 5.9194 19.0506 2
    endloop
  endfacet
  facet normal 0.946956 -0.321363 0
    outer loop
      vertex 5.9194 19.0506 1.4
      vertex 5.84793 18.84 2
      vertex 5.84793 18.84 1.4
    endloop
  endfacet
  facet normal 0.751863 -0.659319 0
    outer loop
      vertex 6.1413 19.4349 2
      vertex 6.28792 19.6021 1.4
      vertex 6.28792 19.6021 2
    endloop
  endfacet
  facet normal 0.751863 -0.659319 0
    outer loop
      vertex 6.28792 19.6021 1.4
      vertex 6.1413 19.4349 2
      vertex 6.1413 19.4349 1.4
    endloop
  endfacet
  facet normal 0.442459 -0.896789 0
    outer loop
      vertex 6.64 19.8722 1.4
      vertex 6.83944 19.9706 2
      vertex 6.64 19.8722 2
    endloop
  endfacet
  facet normal 0.442459 -0.896789 0
    outer loop
      vertex 6.83944 19.9706 2
      vertex 6.64 19.8722 1.4
      vertex 6.83944 19.9706 1.4
    endloop
  endfacet
  facet normal 0.980779 0.195122 0
    outer loop
      vertex 5.84793 17.16 2
      vertex 5.80454 17.3781 1.4
      vertex 5.80454 17.3781 2
    endloop
  endfacet
  facet normal 0.980779 0.195122 0
    outer loop
      vertex 5.80454 17.3781 1.4
      vertex 5.84793 17.16 2
      vertex 5.84793 17.16 1.4
    endloop
  endfacet
  facet normal 0.99786 -0.0653848 0
    outer loop
      vertex 5.79 18.4 2
      vertex 5.80454 18.6219 1.4
      vertex 5.80454 18.6219 2
    endloop
  endfacet
  facet normal 0.99786 -0.0653848 0
    outer loop
      vertex 5.80454 18.6219 1.4
      vertex 5.79 18.4 2
      vertex 5.79 18.4 1.4
    endloop
  endfacet
  facet normal 0.896825 -0.442386 0
    outer loop
      vertex 5.9194 19.0506 2
      vertex 6.01776 19.25 1.4
      vertex 6.01776 19.25 2
    endloop
  endfacet
  facet normal 0.896825 -0.442386 0
    outer loop
      vertex 6.01776 19.25 1.4
      vertex 5.9194 19.0506 2
      vertex 5.9194 19.0506 1.4
    endloop
  endfacet
  facet normal -0.831483 -0.555551 0
    outer loop
      vertex 8.96224 19.25 1.4
      vertex 8.8387 19.4349 2
      vertex 8.8387 19.4349 1.4
    endloop
  endfacet
  facet normal -0.831483 -0.555551 0
    outer loop
      vertex 8.8387 19.4349 2
      vertex 8.96224 19.25 1.4
      vertex 8.96224 19.25 2
    endloop
  endfacet
  facet normal -0.980779 -0.195122 0
    outer loop
      vertex 9.17546 18.6219 1.4
      vertex 9.13207 18.84 2
      vertex 9.13207 18.84 1.4
    endloop
  endfacet
  facet normal -0.980779 -0.195122 0
    outer loop
      vertex 9.13207 18.84 2
      vertex 9.17546 18.6219 1.4
      vertex 9.17546 18.6219 2
    endloop
  endfacet
  facet normal -0.555447 0.831552 0
    outer loop
      vertex 8.52489 16.2513 1.4
      vertex 8.34 16.1278 2
      vertex 8.52489 16.2513 2
    endloop
  endfacet
  facet normal -0.555447 0.831552 0
    outer loop
      vertex 8.34 16.1278 2
      vertex 8.52489 16.2513 1.4
      vertex 8.34 16.1278 1.4
    endloop
  endfacet
  facet normal -0.0652086 0.997872 0
    outer loop
      vertex 7.71189 15.9145 1.4
      vertex 7.49 15.9 2
      vertex 7.71189 15.9145 2
    endloop
  endfacet
  facet normal -0.0652086 0.997872 0
    outer loop
      vertex 7.49 15.9 2
      vertex 7.71189 15.9145 1.4
      vertex 7.49 15.9 1.4
    endloop
  endfacet
  facet normal 1 -0 0
    outer loop
      vertex 5.79 17.6 2
      vertex 5.79 18.4 1.4
      vertex 5.79 18.4 2
    endloop
  endfacet
  facet normal 1 0 0
    outer loop
      vertex 5.79 18.4 1.4
      vertex 5.79 17.6 2
      vertex 5.79 17.6 1.4
    endloop
  endfacet
  facet normal 0.831483 -0.555551 0
    outer loop
      vertex 6.01776 19.25 2
      vertex 6.1413 19.4349 1.4
      vertex 6.1413 19.4349 2
    endloop
  endfacet
  facet normal 0.831483 -0.555551 0
    outer loop
      vertex 6.1413 19.4349 1.4
      vertex 6.01776 19.25 2
      vertex 6.01776 19.25 1.4
    endloop
  endfacet
  facet normal 0.980779 -0.195122 0
    outer loop
      vertex 5.80454 18.6219 2
      vertex 5.84793 18.84 1.4
      vertex 5.84793 18.84 2
    endloop
  endfacet
  facet normal 0.980779 -0.195122 0
    outer loop
      vertex 5.84793 18.84 1.4
      vertex 5.80454 18.6219 2
      vertex 5.80454 18.6219 1.4
    endloop
  endfacet
  facet normal 0.321525 -0.946901 0
    outer loop
      vertex 6.83944 19.9706 1.4
      vertex 7.05001 20.0421 2
      vertex 6.83944 19.9706 2
    endloop
  endfacet
  facet normal 0.321525 -0.946901 0
    outer loop
      vertex 7.05001 20.0421 2
      vertex 6.83944 19.9706 1.4
      vertex 7.05001 20.0421 1.4
    endloop
  endfacet
  facet normal -0.751863 -0.659319 0
    outer loop
      vertex 8.8387 19.4349 1.4
      vertex 8.69208 19.6021 2
      vertex 8.69208 19.6021 1.4
    endloop
  endfacet
  facet normal -0.751863 -0.659319 0
    outer loop
      vertex 8.69208 19.6021 2
      vertex 8.8387 19.4349 1.4
      vertex 8.8387 19.4349 2
    endloop
  endfacet
  facet normal -0.442459 -0.896789 0
    outer loop
      vertex 8.14056 19.9706 1.4
      vertex 8.34 19.8722 2
      vertex 8.14056 19.9706 2
    endloop
  endfacet
  facet normal -0.442459 -0.896789 -0
    outer loop
      vertex 8.34 19.8722 2
      vertex 8.14056 19.9706 1.4
      vertex 8.34 19.8722 1.4
    endloop
  endfacet
  facet normal -0.980779 0.195122 0
    outer loop
      vertex 9.13207 17.16 1.4
      vertex 9.17546 17.3781 2
      vertex 9.17546 17.3781 1.4
    endloop
  endfacet
  facet normal -0.980779 0.195122 0
    outer loop
      vertex 9.17546 17.3781 2
      vertex 9.13207 17.16 1.4
      vertex 9.13207 17.16 2
    endloop
  endfacet
  facet normal -0.946943 0.321403 0
    outer loop
      vertex 9.06059 16.9494 1.4
      vertex 9.13207 17.16 2
      vertex 9.13207 17.16 1.4
    endloop
  endfacet
  facet normal -0.946943 0.321403 0
    outer loop
      vertex 9.13207 17.16 2
      vertex 9.06059 16.9494 1.4
      vertex 9.06059 16.9494 2
    endloop
  endfacet
  facet normal -0.195165 0.98077 0
    outer loop
      vertex 7.92999 15.9579 1.4
      vertex 7.71189 15.9145 2
      vertex 7.92999 15.9579 2
    endloop
  endfacet
  facet normal -0.195165 0.98077 0
    outer loop
      vertex 7.71189 15.9145 2
      vertex 7.92999 15.9579 1.4
      vertex 7.71189 15.9145 1.4
    endloop
  endfacet
  facet normal 0.0652057 0.997872 -0
    outer loop
      vertex 7.49 15.9 1.4
      vertex 7.2681 15.9145 2
      vertex 7.49 15.9 2
    endloop
  endfacet
  facet normal 0.0652057 0.997872 0
    outer loop
      vertex 7.2681 15.9145 2
      vertex 7.49 15.9 1.4
      vertex 7.2681 15.9145 1.4
    endloop
  endfacet
  facet normal 0.896825 0.442386 0
    outer loop
      vertex 6.01776 16.75 2
      vertex 5.9194 16.9494 1.4
      vertex 5.9194 16.9494 2
    endloop
  endfacet
  facet normal 0.896825 0.442386 0
    outer loop
      vertex 5.9194 16.9494 1.4
      vertex 6.01776 16.75 2
      vertex 6.01776 16.75 1.4
    endloop
  endfacet
  facet normal 0.831483 0.555551 0
    outer loop
      vertex 6.1413 16.5651 2
      vertex 6.01776 16.75 1.4
      vertex 6.01776 16.75 2
    endloop
  endfacet
  facet normal 0.831483 0.555551 0
    outer loop
      vertex 6.01776 16.75 1.4
      vertex 6.1413 16.5651 2
      vertex 6.1413 16.5651 1.4
    endloop
  endfacet
  facet normal 0.946956 0.321363 0
    outer loop
      vertex 5.9194 16.9494 2
      vertex 5.84793 17.16 1.4
      vertex 5.84793 17.16 2
    endloop
  endfacet
  facet normal 0.946956 0.321363 0
    outer loop
      vertex 5.84793 17.16 1.4
      vertex 5.9194 16.9494 2
      vertex 5.9194 16.9494 1.4
    endloop
  endfacet
  facet normal 0.659313 -0.751869 0
    outer loop
      vertex 6.28792 19.6021 1.4
      vertex 6.4551 19.7487 2
      vertex 6.28792 19.6021 2
    endloop
  endfacet
  facet normal 0.659313 -0.751869 0
    outer loop
      vertex 6.4551 19.7487 2
      vertex 6.28792 19.6021 1.4
      vertex 6.4551 19.7487 1.4
    endloop
  endfacet
  facet normal 0.555426 -0.831566 0
    outer loop
      vertex 6.4551 19.7487 1.4
      vertex 6.64 19.8722 2
      vertex 6.4551 19.7487 2
    endloop
  endfacet
  facet normal 0.555426 -0.831566 0
    outer loop
      vertex 6.64 19.8722 2
      vertex 6.4551 19.7487 1.4
      vertex 6.64 19.8722 1.4
    endloop
  endfacet
  facet normal 0.0652057 -0.997872 0
    outer loop
      vertex 7.2681 20.0855 1.4
      vertex 7.49 20.1 2
      vertex 7.2681 20.0855 2
    endloop
  endfacet
  facet normal 0.0652057 -0.997872 0
    outer loop
      vertex 7.49 20.1 2
      vertex 7.2681 20.0855 1.4
      vertex 7.49 20.1 1.4
    endloop
  endfacet
  facet normal -0.195165 -0.98077 0
    outer loop
      vertex 7.71189 20.0855 1.4
      vertex 7.92999 20.0421 2
      vertex 7.71189 20.0855 2
    endloop
  endfacet
  facet normal -0.195165 -0.98077 -0
    outer loop
      vertex 7.92999 20.0421 2
      vertex 7.71189 20.0855 1.4
      vertex 7.92999 20.0421 1.4
    endloop
  endfacet
  facet normal -0.555447 -0.831552 0
    outer loop
      vertex 8.34 19.8722 1.4
      vertex 8.52489 19.7487 2
      vertex 8.34 19.8722 2
    endloop
  endfacet
  facet normal -0.555447 -0.831552 -0
    outer loop
      vertex 8.52489 19.7487 2
      vertex 8.34 19.8722 1.4
      vertex 8.52489 19.7487 1.4
    endloop
  endfacet
  facet normal -0.946943 -0.321403 0
    outer loop
      vertex 9.13207 18.84 1.4
      vertex 9.06059 19.0506 2
      vertex 9.06059 19.0506 1.4
    endloop
  endfacet
  facet normal -0.946943 -0.321403 0
    outer loop
      vertex 9.06059 19.0506 2
      vertex 9.13207 18.84 1.4
      vertex 9.13207 18.84 2
    endloop
  endfacet
  facet normal -0.896843 -0.442349 0
    outer loop
      vertex 9.06059 19.0506 1.4
      vertex 8.96224 19.25 2
      vertex 8.96224 19.25 1.4
    endloop
  endfacet
  facet normal -0.896843 -0.442349 0
    outer loop
      vertex 8.96224 19.25 2
      vertex 9.06059 19.0506 1.4
      vertex 9.06059 19.0506 2
    endloop
  endfacet
  facet normal -0.99786 -0.0653848 0
    outer loop
      vertex 9.19 18.4 1.4
      vertex 9.17546 18.6219 2
      vertex 9.17546 18.6219 1.4
    endloop
  endfacet
  facet normal -0.99786 -0.0653848 0
    outer loop
      vertex 9.17546 18.6219 2
      vertex 9.19 18.4 1.4
      vertex 9.19 18.4 2
    endloop
  endfacet
  facet normal -0.442459 0.896789 0
    outer loop
      vertex 8.34 16.1278 1.4
      vertex 8.14056 16.0294 2
      vertex 8.34 16.1278 2
    endloop
  endfacet
  facet normal -0.442459 0.896789 0
    outer loop
      vertex 8.14056 16.0294 2
      vertex 8.34 16.1278 1.4
      vertex 8.14056 16.0294 1.4
    endloop
  endfacet
  facet normal -0.659291 0.751888 0
    outer loop
      vertex 8.69208 16.3979 1.4
      vertex 8.52489 16.2513 2
      vertex 8.69208 16.3979 2
    endloop
  endfacet
  facet normal -0.659291 0.751888 0
    outer loop
      vertex 8.52489 16.2513 2
      vertex 8.69208 16.3979 1.4
      vertex 8.52489 16.2513 1.4
    endloop
  endfacet
  facet normal -1 0 0
    outer loop
      vertex 9.19 17.6 1.4
      vertex 9.19 18.4 2
      vertex 9.19 18.4 1.4
    endloop
  endfacet
  facet normal -1 -0 0
    outer loop
      vertex 9.19 18.4 2
      vertex 9.19 17.6 1.4
      vertex 9.19 17.6 2
    endloop
  endfacet
  facet normal -0.99786 0.0653848 0
    outer loop
      vertex 9.17546 17.3781 1.4
      vertex 9.19 17.6 2
      vertex 9.19 17.6 1.4
    endloop
  endfacet
  facet normal -0.99786 0.0653848 0
    outer loop
      vertex 9.19 17.6 2
      vertex 9.17546 17.3781 1.4
      vertex 9.17546 17.3781 2
    endloop
  endfacet
  facet normal -0.751863 0.659319 0
    outer loop
      vertex 8.69208 16.3979 1.4
      vertex 8.8387 16.5651 2
      vertex 8.8387 16.5651 1.4
    endloop
  endfacet
  facet normal -0.751863 0.659319 0
    outer loop
      vertex 8.8387 16.5651 2
      vertex 8.69208 16.3979 1.4
      vertex 8.69208 16.3979 2
    endloop
  endfacet
  facet normal 0.442459 0.896789 -0
    outer loop
      vertex 6.83944 16.0294 1.4
      vertex 6.64 16.1278 2
      vertex 6.83944 16.0294 2
    endloop
  endfacet
  facet normal 0.442459 0.896789 0
    outer loop
      vertex 6.64 16.1278 2
      vertex 6.83944 16.0294 1.4
      vertex 6.64 16.1278 1.4
    endloop
  endfacet
  facet normal 0.321525 0.946901 -0
    outer loop
      vertex 7.05001 15.9579 1.4
      vertex 6.83944 16.0294 2
      vertex 7.05001 15.9579 2
    endloop
  endfacet
  facet normal 0.321525 0.946901 0
    outer loop
      vertex 6.83944 16.0294 2
      vertex 7.05001 15.9579 1.4
      vertex 6.83944 16.0294 1.4
    endloop
  endfacet
  facet normal 0.99786 0.0653848 0
    outer loop
      vertex 5.80454 17.3781 2
      vertex 5.79 17.6 1.4
      vertex 5.79 17.6 2
    endloop
  endfacet
  facet normal 0.99786 0.0653848 0
    outer loop
      vertex 5.79 17.6 1.4
      vertex 5.80454 17.3781 2
      vertex 5.80454 17.3781 1.4
    endloop
  endfacet
  facet normal 0.195173 -0.980769 0
    outer loop
      vertex 7.05001 20.0421 1.4
      vertex 7.2681 20.0855 2
      vertex 7.05001 20.0421 2
    endloop
  endfacet
  facet normal 0.195173 -0.980769 0
    outer loop
      vertex 7.2681 20.0855 2
      vertex 7.05001 20.0421 1.4
      vertex 7.2681 20.0855 1.4
    endloop
  endfacet
  facet normal -0.321525 -0.946901 0
    outer loop
      vertex 7.92999 20.0421 1.4
      vertex 8.14056 19.9706 2
      vertex 7.92999 20.0421 2
    endloop
  endfacet
  facet normal -0.321525 -0.946901 -0
    outer loop
      vertex 8.14056 19.9706 2
      vertex 7.92999 20.0421 1.4
      vertex 8.14056 19.9706 1.4
    endloop
  endfacet
  facet normal -0.0652086 -0.997872 0
    outer loop
      vertex 7.49 20.1 1.4
      vertex 7.71189 20.0855 2
      vertex 7.49 20.1 2
    endloop
  endfacet
  facet normal -0.0652086 -0.997872 -0
    outer loop
      vertex 7.71189 20.0855 2
      vertex 7.49 20.1 1.4
      vertex 7.71189 20.0855 1.4
    endloop
  endfacet
  facet normal -0.659291 -0.751888 0
    outer loop
      vertex 8.52489 19.7487 1.4
      vertex 8.69208 19.6021 2
      vertex 8.52489 19.7487 2
    endloop
  endfacet
  facet normal -0.659291 -0.751888 -0
    outer loop
      vertex 8.69208 19.6021 2
      vertex 8.52489 19.7487 1.4
      vertex 8.69208 19.6021 1.4
    endloop
  endfacet
  facet normal -0.896843 0.442349 0
    outer loop
      vertex 8.96224 16.75 1.4
      vertex 9.06059 16.9494 2
      vertex 9.06059 16.9494 1.4
    endloop
  endfacet
  facet normal -0.896843 0.442349 0
    outer loop
      vertex 9.06059 16.9494 2
      vertex 8.96224 16.75 1.4
      vertex 8.96224 16.75 2
    endloop
  endfacet
  facet normal -0.831483 0.555551 0
    outer loop
      vertex 8.8387 16.5651 1.4
      vertex 8.96224 16.75 2
      vertex 8.96224 16.75 1.4
    endloop
  endfacet
  facet normal -0.831483 0.555551 0
    outer loop
      vertex 8.96224 16.75 2
      vertex 8.8387 16.5651 1.4
      vertex 8.8387 16.5651 2
    endloop
  endfacet
  facet normal -0.321525 0.946901 0
    outer loop
      vertex 8.14056 16.0294 1.4
      vertex 7.92999 15.9579 2
      vertex 8.14056 16.0294 2
    endloop
  endfacet
  facet normal -0.321525 0.946901 0
    outer loop
      vertex 7.92999 15.9579 2
      vertex 8.14056 16.0294 1.4
      vertex 7.92999 15.9579 1.4
    endloop
  endfacet
  facet normal 0.555426 0.831566 -0
    outer loop
      vertex 6.64 16.1278 1.4
      vertex 6.4551 16.2513 2
      vertex 6.64 16.1278 2
    endloop
  endfacet
  facet normal 0.555426 0.831566 0
    outer loop
      vertex 6.4551 16.2513 2
      vertex 6.64 16.1278 1.4
      vertex 6.4551 16.2513 1.4
    endloop
  endfacet
  facet normal 0.659313 0.751869 -0
    outer loop
      vertex 6.4551 16.2513 1.4
      vertex 6.28792 16.3979 2
      vertex 6.4551 16.2513 2
    endloop
  endfacet
  facet normal 0.659313 0.751869 0
    outer loop
      vertex 6.28792 16.3979 2
      vertex 6.4551 16.2513 1.4
      vertex 6.28792 16.3979 1.4
    endloop
  endfacet
  facet normal 0.195173 0.980769 -0
    outer loop
      vertex 7.2681 15.9145 1.4
      vertex 7.05001 15.9579 2
      vertex 7.2681 15.9145 2
    endloop
  endfacet
  facet normal 0.195173 0.980769 0
    outer loop
      vertex 7.05001 15.9579 2
      vertex 7.2681 15.9145 1.4
      vertex 7.05001 15.9579 1.4
    endloop
  endfacet
  facet normal -0.672667 0.22834 -0.703833
    outer loop
      vertex 10.4748 16.8002 0
      vertex 10.3454 16.419 0
      vertex 9.13207 17.16 1.4
    endloop
  endfacet
  facet normal 0.0465787 -0.708861 -0.703809
    outer loop
      vertex 7.48843 21.49 0
      vertex 7.2681 20.0855 1.4
      vertex 7.08666 21.4636 0
    endloop
  endfacet
  facet normal 0.672558 0.22867 -0.70383
    outer loop
      vertex 4.63464 16.419 0
      vertex 5.9194 16.9494 1.4
      vertex 4.63515 16.4175 0
    endloop
  endfacet
  facet normal 0.6727 0.22829 -0.703817
    outer loop
      vertex 5.9194 16.9494 1.4
      vertex 4.63464 16.419 0
      vertex 5.84793 17.16 1.4
    endloop
  endfacet
  facet normal -0.13501 0.697553 -0.703699
    outer loop
      vertex 8.28822 14.6149 0
      vertex 7.92999 15.9579 1.4
      vertex 8.28977 14.6152 0
    endloop
  endfacet
  facet normal -0.13864 0.696715 -0.703824
    outer loop
      vertex 7.92999 15.9579 1.4
      vertex 8.28822 14.6149 0
      vertex 7.71189 15.9145 1.4
    endloop
  endfacet
  facet normal -0.696749 0.138503 -0.703816
    outer loop
      vertex 10.5536 17.1967 0
      vertex 10.4751 16.8018 0
      vertex 9.17546 17.3781 1.4
    endloop
  endfacet
  facet normal 0.138511 0.696756 -0.703808
    outer loop
      vertex 7.2681 15.9145 1.4
      vertex 7.08666 14.5364 0
      vertex 6.69178 14.6149 0
    endloop
  endfacet
  facet normal -0.590665 -0.39465 -0.703822
    outer loop
      vertex 8.8387 19.4349 1.4
      vertex 9.94239 20.2798 0
      vertex 8.96224 19.25 1.4
    endloop
  endfacet
  facet normal -0.590355 -0.395084 -0.703839
    outer loop
      vertex 9.94239 20.2798 0
      vertex 8.8387 19.4349 1.4
      vertex 9.94152 20.2811 0
    endloop
  endfacet
  facet normal 0.394681 -0.590645 -0.703822
    outer loop
      vertex 5.94365 21.0752 0
      vertex 6.4551 19.7487 1.4
      vertex 5.60888 20.8515 0
    endloop
  endfacet
  facet normal 0.708853 -0.0464627 -0.703825
    outer loop
      vertex 4.42636 18.8033 0
      vertex 5.80454 18.6219 1.4
      vertex 4.40003 18.4016 0
    endloop
  endfacet
  facet normal 0.696722 0.138586 -0.703827
    outer loop
      vertex 5.84793 17.16 1.4
      vertex 4.50522 16.8002 0
      vertex 4.42667 17.1951 0
    endloop
  endfacet
  facet normal 0.402435 0.585766 -0.703509
    outer loop
      vertex 5.94365 14.9248 0
      vertex 6.64 16.1278 1.4
      vertex 5.94496 14.9239 0
    endloop
  endfacet
  facet normal 0.394553 0.590712 -0.703838
    outer loop
      vertex 6.64 16.1278 1.4
      vertex 5.94365 14.9248 0
      vertex 6.4551 16.2513 1.4
    endloop
  endfacet
  facet normal -0.0465799 0.708861 -0.703809
    outer loop
      vertex 7.71189 15.9145 1.4
      vertex 7.89333 14.5364 0
      vertex 7.49157 14.51 0
    endloop
  endfacet
  facet normal -0.696749 -0.138503 -0.703816
    outer loop
      vertex 10.4751 19.1982 0
      vertex 10.5536 18.8033 0
      vertex 9.17546 18.6219 1.4
    endloop
  endfacet
  facet normal -0.672678 -0.228315 -0.70383
    outer loop
      vertex 9.06059 19.0506 1.4
      vertex 10.3454 19.581 0
      vertex 9.13207 18.84 1.4
    endloop
  endfacet
  facet normal -0.674037 -0.224679 -0.7037
    outer loop
      vertex 10.3454 19.581 0
      vertex 9.06059 19.0506 1.4
      vertex 10.3449 19.5825 0
    endloop
  endfacet
  facet normal 0.138646 -0.696713 -0.703824
    outer loop
      vertex 7.05001 20.0421 1.4
      vertex 6.69178 21.3851 0
      vertex 7.2681 20.0855 1.4
    endloop
  endfacet
  facet normal 0.13501 -0.697553 -0.703699
    outer loop
      vertex 6.69178 21.3851 0
      vertex 7.05001 20.0421 1.4
      vertex 6.69023 21.3848 0
    endloop
  endfacet
  facet normal 0.696722 -0.138586 -0.703827
    outer loop
      vertex 4.50522 19.1998 0
      vertex 5.84793 18.84 1.4
      vertex 4.42667 18.8049 0
    endloop
  endfacet
  facet normal 0.6727 -0.22829 -0.703817
    outer loop
      vertex 4.63464 19.581 0
      vertex 5.9194 19.0506 1.4
      vertex 5.84793 18.84 1.4
    endloop
  endfacet
  facet normal 0.672558 -0.22867 -0.70383
    outer loop
      vertex 5.9194 19.0506 1.4
      vertex 4.63464 19.581 0
      vertex 4.63515 19.5825 0
    endloop
  endfacet
  facet normal 0.708922 0.0443076 -0.703894
    outer loop
      vertex 5.79 17.6 1.4
      vertex 4.40003 17.5984 0
      vertex 4.39993 17.6 0
    endloop
  endfacet
  facet normal 0.708852 0.0464475 -0.703826
    outer loop
      vertex 4.40003 17.5984 0
      vertex 5.79 17.6 1.4
      vertex 5.80454 17.3781 1.4
    endloop
  endfacet
  facet normal 0.708852 -0.0464475 -0.703826
    outer loop
      vertex 5.79 18.4 1.4
      vertex 4.40003 18.4016 0
      vertex 5.80454 18.6219 1.4
    endloop
  endfacet
  facet normal 0.708922 -0.0443076 -0.703894
    outer loop
      vertex 4.40003 18.4016 0
      vertex 5.79 18.4 1.4
      vertex 4.39993 18.4 0
    endloop
  endfacet
  facet normal 0.672661 0.228373 -0.703827
    outer loop
      vertex 5.84793 17.16 1.4
      vertex 4.63464 16.419 0
      vertex 4.50522 16.8002 0
    endloop
  endfacet
  facet normal 0.590668 0.394652 -0.703819
    outer loop
      vertex 4.8148 16.0537 0
      vertex 6.01776 16.75 1.4
      vertex 6.1413 16.5651 1.4
    endloop
  endfacet
  facet normal 0.588391 0.398295 -0.703674
    outer loop
      vertex 6.01776 16.75 1.4
      vertex 4.8148 16.0537 0
      vertex 4.81392 16.055 0
    endloop
  endfacet
  facet normal 0.0451521 0.708888 -0.703875
    outer loop
      vertex 7.48843 14.51 0
      vertex 7.49 15.9 1.4
      vertex 7.49 14.5099 0
    endloop
  endfacet
  facet normal 0.0463196 0.708849 -0.703838
    outer loop
      vertex 7.49 15.9 1.4
      vertex 7.48843 14.51 0
      vertex 7.2681 15.9145 1.4
    endloop
  endfacet
  facet normal -0.0463216 0.708849 -0.703838
    outer loop
      vertex 7.49157 14.51 0
      vertex 7.49 15.9 1.4
      vertex 7.71189 15.9145 1.4
    endloop
  endfacet
  facet normal -0.0451521 0.708888 -0.703875
    outer loop
      vertex 7.49 15.9 1.4
      vertex 7.49157 14.51 0
      vertex 7.49 14.5099 0
    endloop
  endfacet
  facet normal -0.314089 0.637152 -0.703837
    outer loop
      vertex 9.03362 14.9232 0
      vertex 8.34 16.1278 1.4
      vertex 9.03504 14.9239 0
    endloop
  endfacet
  facet normal -0.314303 0.637038 -0.703844
    outer loop
      vertex 8.34 16.1278 1.4
      vertex 9.03362 14.9232 0
      vertex 8.14056 16.0294 1.4
    endloop
  endfacet
  facet normal -0.536726 0.465163 -0.703952
    outer loop
      vertex 9.94048 15.7177 0
      vertex 8.8387 16.5651 1.4
      vertex 9.94152 15.7189 0
    endloop
  endfacet
  facet normal -0.534103 0.468363 -0.703825
    outer loop
      vertex 8.8387 16.5651 1.4
      vertex 9.94048 15.7177 0
      vertex 8.69208 16.3979 1.4
    endloop
  endfacet
  facet normal 0.138646 0.696713 -0.703824
    outer loop
      vertex 6.69178 14.6149 0
      vertex 7.05001 15.9579 1.4
      vertex 7.2681 15.9145 1.4
    endloop
  endfacet
  facet normal 0.13501 0.697553 -0.703699
    outer loop
      vertex 7.05001 15.9579 1.4
      vertex 6.69178 14.6149 0
      vertex 6.69023 14.6152 0
    endloop
  endfacet
  facet normal 0.22831 0.672685 -0.703825
    outer loop
      vertex 7.05001 15.9579 1.4
      vertex 6.69023 14.6152 0
      vertex 6.30897 14.7446 0
    endloop
  endfacet
  facet normal 0.228399 0.672643 -0.703836
    outer loop
      vertex 6.30897 14.7446 0
      vertex 6.83944 16.0294 1.4
      vertex 7.05001 15.9579 1.4
    endloop
  endfacet
  facet normal 0.226018 0.673534 -0.703752
    outer loop
      vertex 6.83944 16.0294 1.4
      vertex 6.30897 14.7446 0
      vertex 6.30748 14.7451 0
    endloop
  endfacet
  facet normal -0.696716 -0.138608 -0.703829
    outer loop
      vertex 9.13207 18.84 1.4
      vertex 10.4751 19.1982 0
      vertex 9.17546 18.6219 1.4
    endloop
  endfacet
  facet normal -0.698469 -0.130963 -0.703555
    outer loop
      vertex 10.4751 19.1982 0
      vertex 9.13207 18.84 1.4
      vertex 10.4748 19.1998 0
    endloop
  endfacet
  facet normal -0.672667 -0.22834 -0.703833
    outer loop
      vertex 10.3454 19.581 0
      vertex 10.4748 19.1998 0
      vertex 9.13207 18.84 1.4
    endloop
  endfacet
  facet normal -0.0465799 -0.708861 -0.703809
    outer loop
      vertex 7.89333 21.4636 0
      vertex 7.71189 20.0855 1.4
      vertex 7.49157 21.49 0
    endloop
  endfacet
  facet normal 0.590678 -0.394632 -0.703822
    outer loop
      vertex 5.0376 20.2798 0
      vertex 6.01776 19.25 1.4
      vertex 4.81392 19.945 0
    endloop
  endfacet
  facet normal 0.63709 -0.314264 -0.703814
    outer loop
      vertex 5.9194 19.0506 1.4
      vertex 4.63584 19.5839 0
      vertex 6.01776 19.25 1.4
    endloop
  endfacet
  facet normal 0.63719 -0.314044 -0.703822
    outer loop
      vertex 4.63584 19.5839 0
      vertex 5.9194 19.0506 1.4
      vertex 4.63515 19.5825 0
    endloop
  endfacet
  facet normal 0.394553 -0.590712 -0.703838
    outer loop
      vertex 5.94365 21.0752 0
      vertex 6.64 19.8722 1.4
      vertex 6.4551 19.7487 1.4
    endloop
  endfacet
  facet normal 0.402435 -0.585766 -0.703509
    outer loop
      vertex 6.64 19.8722 1.4
      vertex 5.94365 21.0752 0
      vertex 5.94496 21.0761 0
    endloop
  endfacet
  facet normal 0.22831 -0.672685 -0.703825
    outer loop
      vertex 6.69023 21.3848 0
      vertex 7.05001 20.0421 1.4
      vertex 6.30897 21.2554 0
    endloop
  endfacet
  facet normal 0.138511 -0.696756 -0.703808
    outer loop
      vertex 7.08666 21.4636 0
      vertex 7.2681 20.0855 1.4
      vertex 6.69178 21.3851 0
    endloop
  endfacet
  facet normal 0.69672 -0.138609 -0.703825
    outer loop
      vertex 5.80454 18.6219 1.4
      vertex 4.42667 18.8049 0
      vertex 5.84793 18.84 1.4
    endloop
  endfacet
  facet normal 0.697297 -0.135101 -0.703935
    outer loop
      vertex 4.42667 18.8049 0
      vertex 5.80454 18.6219 1.4
      vertex 4.42636 18.8033 0
    endloop
  endfacet
  facet normal 0.637114 -0.314199 -0.703822
    outer loop
      vertex 4.81392 19.945 0
      vertex 6.01776 19.25 1.4
      vertex 4.63584 19.5839 0
    endloop
  endfacet
  facet normal 0.709619 0 -0.704586
    outer loop
      vertex 5.79 17.6 1.4
      vertex 4.39993 18.4 0
      vertex 5.79 18.4 1.4
    endloop
  endfacet
  facet normal 0.709619 0 -0.704586
    outer loop
      vertex 4.39993 18.4 0
      vertex 5.79 17.6 1.4
      vertex 4.39993 17.6 0
    endloop
  endfacet
  facet normal 0.69672 0.138609 -0.703825
    outer loop
      vertex 4.42667 17.1951 0
      vertex 5.80454 17.3781 1.4
      vertex 5.84793 17.16 1.4
    endloop
  endfacet
  facet normal 0.697297 0.135101 -0.703935
    outer loop
      vertex 5.80454 17.3781 1.4
      vertex 4.42667 17.1951 0
      vertex 4.42636 17.1967 0
    endloop
  endfacet
  facet normal 0.708853 0.0464627 -0.703825
    outer loop
      vertex 5.80454 17.3781 1.4
      vertex 4.42636 17.1967 0
      vertex 4.40003 17.5984 0
    endloop
  endfacet
  facet normal 0.590678 0.394632 -0.703821
    outer loop
      vertex 6.1413 16.5651 1.4
      vertex 5.03848 15.7189 0
      vertex 4.8148 16.0537 0
    endloop
  endfacet
  facet normal 0.635272 0.317636 -0.703944
    outer loop
      vertex 4.81322 16.0564 0
      vertex 6.01776 16.75 1.4
      vertex 4.81392 16.055 0
    endloop
  endfacet
  facet normal 0.637079 0.314258 -0.703826
    outer loop
      vertex 6.01776 16.75 1.4
      vertex 4.81322 16.0564 0
      vertex 5.9194 16.9494 1.4
    endloop
  endfacet
  facet normal 0.637125 0.314187 -0.703817
    outer loop
      vertex 5.9194 16.9494 1.4
      vertex 4.81322 16.0564 0
      vertex 4.63515 16.4175 0
    endloop
  endfacet
  facet normal 0.534103 0.468363 -0.703825
    outer loop
      vertex 5.03952 15.7177 0
      vertex 6.1413 16.5651 1.4
      vertex 6.28792 16.3979 1.4
    endloop
  endfacet
  facet normal 0.536726 0.465163 -0.703952
    outer loop
      vertex 6.1413 16.5651 1.4
      vertex 5.03952 15.7177 0
      vertex 5.03848 15.7189 0
    endloop
  endfacet
  facet normal 0.459054 0.541684 -0.704164
    outer loop
      vertex 5.6077 15.1495 0
      vertex 6.4551 16.2513 1.4
      vertex 5.60888 15.1485 0
    endloop
  endfacet
  facet normal 0.468356 0.534104 -0.703829
    outer loop
      vertex 6.4551 16.2513 1.4
      vertex 5.6077 15.1495 0
      vertex 6.28792 16.3979 1.4
    endloop
  endfacet
  facet normal -0.138508 0.696757 -0.703808
    outer loop
      vertex 8.28822 14.6149 0
      vertex 7.89333 14.5364 0
      vertex 7.71189 15.9145 1.4
    endloop
  endfacet
  facet normal -0.637095 0.314225 -0.703828
    outer loop
      vertex 10.3442 16.4161 0
      vertex 10.1661 16.055 0
      vertex 8.96224 16.75 1.4
    endloop
  endfacet
  facet normal -0.709611 0 -0.704593
    outer loop
      vertex 10.5801 17.6 0
      vertex 9.19 18.4 1.4
      vertex 10.5801 18.4 0
    endloop
  endfacet
  facet normal -0.709611 -0 -0.704593
    outer loop
      vertex 9.19 18.4 1.4
      vertex 10.5801 17.6 0
      vertex 9.19 17.6 1.4
    endloop
  endfacet
  facet normal -0.708851 0.0465861 -0.703819
    outer loop
      vertex 10.58 17.5984 0
      vertex 10.5536 17.1967 0
      vertex 9.17546 17.3781 1.4
    endloop
  endfacet
  facet normal -0.708914 -0.0443072 -0.703901
    outer loop
      vertex 9.19 18.4 1.4
      vertex 10.58 18.4016 0
      vertex 10.5801 18.4 0
    endloop
  endfacet
  facet normal -0.708844 -0.046447 -0.703834
    outer loop
      vertex 10.58 18.4016 0
      vertex 9.19 18.4 1.4
      vertex 9.17546 18.6219 1.4
    endloop
  endfacet
  facet normal 0.0465787 0.708861 -0.703809
    outer loop
      vertex 7.2681 15.9145 1.4
      vertex 7.48843 14.51 0
      vertex 7.08666 14.5364 0
    endloop
  endfacet
  facet normal 0.315906 0.636324 -0.703772
    outer loop
      vertex 6.30607 14.7458 0
      vertex 6.83944 16.0294 1.4
      vertex 6.30748 14.7451 0
    endloop
  endfacet
  facet normal 0.314309 0.637051 -0.70383
    outer loop
      vertex 6.83944 16.0294 1.4
      vertex 6.30607 14.7458 0
      vertex 6.64 16.1278 1.4
    endloop
  endfacet
  facet normal 0.314212 0.637086 -0.703841
    outer loop
      vertex 6.64 16.1278 1.4
      vertex 6.30607 14.7458 0
      vertex 5.94496 14.9239 0
    endloop
  endfacet
  facet normal -0.708851 -0.0465861 -0.703819
    outer loop
      vertex 10.5536 18.8033 0
      vertex 10.58 18.4016 0
      vertex 9.17546 18.6219 1.4
    endloop
  endfacet
  facet normal -0.13501 -0.697553 -0.703699
    outer loop
      vertex 7.92999 20.0421 1.4
      vertex 8.28822 21.3851 0
      vertex 8.28977 21.3848 0
    endloop
  endfacet
  facet normal -0.13864 -0.696715 -0.703824
    outer loop
      vertex 8.28822 21.3851 0
      vertex 7.92999 20.0421 1.4
      vertex 7.71189 20.0855 1.4
    endloop
  endfacet
  facet normal -0.22831 -0.672685 -0.703825
    outer loop
      vertex 8.28977 21.3848 0
      vertex 8.67103 21.2554 0
      vertex 7.92999 20.0421 1.4
    endloop
  endfacet
  facet normal -0.0451521 -0.708888 -0.703875
    outer loop
      vertex 7.49157 21.49 0
      vertex 7.49 20.1 1.4
      vertex 7.49 21.4901 0
    endloop
  endfacet
  facet normal -0.0463216 -0.708849 -0.703838
    outer loop
      vertex 7.49 20.1 1.4
      vertex 7.49157 21.49 0
      vertex 7.71189 20.0855 1.4
    endloop
  endfacet
  facet normal 0.0463196 -0.708849 -0.703838
    outer loop
      vertex 7.48843 21.49 0
      vertex 7.49 20.1 1.4
      vertex 7.2681 20.0855 1.4
    endloop
  endfacet
  facet normal 0.0451521 -0.708888 -0.703875
    outer loop
      vertex 7.49 20.1 1.4
      vertex 7.48843 21.49 0
      vertex 7.49 21.4901 0
    endloop
  endfacet
  facet normal -0.536726 -0.465163 -0.703952
    outer loop
      vertex 8.8387 19.4349 1.4
      vertex 9.94048 20.2823 0
      vertex 9.94152 20.2811 0
    endloop
  endfacet
  facet normal -0.534103 -0.468363 -0.703825
    outer loop
      vertex 9.94048 20.2823 0
      vertex 8.8387 19.4349 1.4
      vertex 8.69208 19.6021 1.4
    endloop
  endfacet
  facet normal -0.226018 -0.673534 -0.703752
    outer loop
      vertex 8.14056 19.9706 1.4
      vertex 8.67103 21.2554 0
      vertex 8.67252 21.2549 0
    endloop
  endfacet
  facet normal -0.228399 -0.672643 -0.703836
    outer loop
      vertex 8.67103 21.2554 0
      vertex 8.14056 19.9706 1.4
      vertex 7.92999 20.0421 1.4
    endloop
  endfacet
  facet normal -0.314222 -0.637089 -0.703834
    outer loop
      vertex 8.67252 21.2549 0
      vertex 9.03362 21.0768 0
      vertex 8.14056 19.9706 1.4
    endloop
  endfacet
  facet normal 0.468356 -0.534104 -0.703829
    outer loop
      vertex 5.6077 20.8505 0
      vertex 6.4551 19.7487 1.4
      vertex 6.28792 19.6021 1.4
    endloop
  endfacet
  facet normal 0.459054 -0.541684 -0.704164
    outer loop
      vertex 6.4551 19.7487 1.4
      vertex 5.6077 20.8505 0
      vertex 5.60888 20.8515 0
    endloop
  endfacet
  facet normal 0.468415 -0.534063 -0.703821
    outer loop
      vertex 5.6077 20.8505 0
      vertex 6.28792 19.6021 1.4
      vertex 5.30499 20.585 0
    endloop
  endfacet
  facet normal 0.314309 -0.637051 -0.70383
    outer loop
      vertex 6.30607 21.2542 0
      vertex 6.83944 19.9706 1.4
      vertex 6.64 19.8722 1.4
    endloop
  endfacet
  facet normal 0.315906 -0.636324 -0.703772
    outer loop
      vertex 6.83944 19.9706 1.4
      vertex 6.30607 21.2542 0
      vertex 6.30748 21.2549 0
    endloop
  endfacet
  facet normal 0.314212 -0.637086 -0.703841
    outer loop
      vertex 6.30607 21.2542 0
      vertex 6.64 19.8722 1.4
      vertex 5.94496 21.0761 0
    endloop
  endfacet
  facet normal 0.228399 -0.672643 -0.703836
    outer loop
      vertex 6.83944 19.9706 1.4
      vertex 6.30897 21.2554 0
      vertex 7.05001 20.0421 1.4
    endloop
  endfacet
  facet normal 0.226018 -0.673534 -0.703752
    outer loop
      vertex 6.30897 21.2554 0
      vertex 6.83944 19.9706 1.4
      vertex 6.30748 21.2549 0
    endloop
  endfacet
  facet normal 0.672661 -0.228373 -0.703827
    outer loop
      vertex 4.63464 19.581 0
      vertex 5.84793 18.84 1.4
      vertex 4.50522 19.1998 0
    endloop
  endfacet
  facet normal 0.394681 0.590645 -0.703822
    outer loop
      vertex 6.4551 16.2513 1.4
      vertex 5.94365 14.9248 0
      vertex 5.60888 15.1485 0
    endloop
  endfacet
  facet normal -0.22831 0.672685 -0.703825
    outer loop
      vertex 8.67103 14.7446 0
      vertex 8.28977 14.6152 0
      vertex 7.92999 15.9579 1.4
    endloop
  endfacet
  facet normal -0.698469 0.130963 -0.703555
    outer loop
      vertex 9.13207 17.16 1.4
      vertex 10.4751 16.8018 0
      vertex 10.4748 16.8002 0
    endloop
  endfacet
  facet normal -0.696716 0.138608 -0.703829
    outer loop
      vertex 10.4751 16.8018 0
      vertex 9.13207 17.16 1.4
      vertex 9.17546 17.3781 1.4
    endloop
  endfacet
  facet normal -0.635491 0.317745 -0.703697
    outer loop
      vertex 10.3442 16.4161 0
      vertex 9.06059 16.9494 1.4
      vertex 10.3449 16.4175 0
    endloop
  endfacet
  facet normal -0.637092 0.314233 -0.703827
    outer loop
      vertex 9.06059 16.9494 1.4
      vertex 10.3442 16.4161 0
      vertex 8.96224 16.75 1.4
    endloop
  endfacet
  facet normal -0.590651 0.394667 -0.703825
    outer loop
      vertex 10.1661 16.055 0
      vertex 9.94239 15.7202 0
      vertex 8.96224 16.75 1.4
    endloop
  endfacet
  facet normal -0.534082 0.468394 -0.703821
    outer loop
      vertex 9.94048 15.7177 0
      vertex 9.67501 15.415 0
      vertex 8.69208 16.3979 1.4
    endloop
  endfacet
  facet normal -0.468415 0.534063 -0.703821
    outer loop
      vertex 9.67501 15.415 0
      vertex 9.3723 15.1495 0
      vertex 8.69208 16.3979 1.4
    endloop
  endfacet
  facet normal -0.590355 0.395084 -0.703839
    outer loop
      vertex 8.8387 16.5651 1.4
      vertex 9.94239 15.7202 0
      vertex 9.94152 15.7189 0
    endloop
  endfacet
  facet normal -0.590665 0.39465 -0.703822
    outer loop
      vertex 9.94239 15.7202 0
      vertex 8.8387 16.5651 1.4
      vertex 8.96224 16.75 1.4
    endloop
  endfacet
  facet normal -0.402435 0.585766 -0.703509
    outer loop
      vertex 8.34 16.1278 1.4
      vertex 9.03635 14.9248 0
      vertex 9.03504 14.9239 0
    endloop
  endfacet
  facet normal -0.394568 0.590702 -0.703837
    outer loop
      vertex 9.03635 14.9248 0
      vertex 8.34 16.1278 1.4
      vertex 8.52489 16.2513 1.4
    endloop
  endfacet
  facet normal -0.708914 0.0443072 -0.703901
    outer loop
      vertex 10.58 17.5984 0
      vertex 9.19 17.6 1.4
      vertex 10.5801 17.6 0
    endloop
  endfacet
  facet normal -0.708844 0.046447 -0.703834
    outer loop
      vertex 9.19 17.6 1.4
      vertex 10.58 17.5984 0
      vertex 9.17546 17.3781 1.4
    endloop
  endfacet
  facet normal -0.590651 -0.394667 -0.703825
    outer loop
      vertex 9.94239 20.2798 0
      vertex 10.1661 19.945 0
      vertex 8.96224 19.25 1.4
    endloop
  endfacet
  facet normal -0.635491 -0.317745 -0.703697
    outer loop
      vertex 9.06059 19.0506 1.4
      vertex 10.3442 19.5839 0
      vertex 10.3449 19.5825 0
    endloop
  endfacet
  facet normal -0.637092 -0.314233 -0.703827
    outer loop
      vertex 10.3442 19.5839 0
      vertex 9.06059 19.0506 1.4
      vertex 8.96224 19.25 1.4
    endloop
  endfacet
  facet normal -0.468415 -0.534063 -0.703821
    outer loop
      vertex 9.3723 20.8505 0
      vertex 9.67501 20.585 0
      vertex 8.69208 19.6021 1.4
    endloop
  endfacet
  facet normal -0.534082 -0.468394 -0.703821
    outer loop
      vertex 9.67501 20.585 0
      vertex 9.94048 20.2823 0
      vertex 8.69208 19.6021 1.4
    endloop
  endfacet
  facet normal -0.138508 -0.696757 -0.703808
    outer loop
      vertex 7.89333 21.4636 0
      vertex 8.28822 21.3851 0
      vertex 7.71189 20.0855 1.4
    endloop
  endfacet
  facet normal -0.314089 -0.637152 -0.703837
    outer loop
      vertex 8.34 19.8722 1.4
      vertex 9.03362 21.0768 0
      vertex 9.03504 21.0761 0
    endloop
  endfacet
  facet normal -0.314303 -0.637038 -0.703844
    outer loop
      vertex 9.03362 21.0768 0
      vertex 8.34 19.8722 1.4
      vertex 8.14056 19.9706 1.4
    endloop
  endfacet
  facet normal -0.39468 -0.590644 -0.703823
    outer loop
      vertex 9.03635 21.0752 0
      vertex 9.37112 20.8515 0
      vertex 8.52489 19.7487 1.4
    endloop
  endfacet
  facet normal 0.590664 -0.394649 -0.703824
    outer loop
      vertex 5.0376 20.2798 0
      vertex 6.1413 19.4349 1.4
      vertex 6.01776 19.25 1.4
    endloop
  endfacet
  facet normal 0.588159 -0.398139 -0.703956
    outer loop
      vertex 6.1413 19.4349 1.4
      vertex 5.0376 20.2798 0
      vertex 5.03848 20.2811 0
    endloop
  endfacet
  facet normal 0.534082 -0.468394 -0.703821
    outer loop
      vertex 5.30499 20.585 0
      vertex 6.28792 19.6021 1.4
      vertex 5.03952 20.2823 0
    endloop
  endfacet
  facet normal 0.534082 0.468394 -0.703821
    outer loop
      vertex 6.28792 16.3979 1.4
      vertex 5.30499 15.415 0
      vertex 5.03952 15.7177 0
    endloop
  endfacet
  facet normal 0.468415 0.534063 -0.703821
    outer loop
      vertex 6.28792 16.3979 1.4
      vertex 5.6077 15.1495 0
      vertex 5.30499 15.415 0
    endloop
  endfacet
  facet normal -0.226018 0.673534 -0.703752
    outer loop
      vertex 8.67103 14.7446 0
      vertex 8.14056 16.0294 1.4
      vertex 8.67252 14.7451 0
    endloop
  endfacet
  facet normal -0.228399 0.672643 -0.703836
    outer loop
      vertex 8.14056 16.0294 1.4
      vertex 8.67103 14.7446 0
      vertex 7.92999 15.9579 1.4
    endloop
  endfacet
  facet normal -0.314222 0.637089 -0.703834
    outer loop
      vertex 9.03362 14.9232 0
      vertex 8.67252 14.7451 0
      vertex 8.14056 16.0294 1.4
    endloop
  endfacet
  facet normal -0.674037 0.224679 -0.7037
    outer loop
      vertex 9.06059 16.9494 1.4
      vertex 10.3454 16.419 0
      vertex 10.3449 16.4175 0
    endloop
  endfacet
  facet normal -0.672678 0.228315 -0.70383
    outer loop
      vertex 10.3454 16.419 0
      vertex 9.06059 16.9494 1.4
      vertex 9.13207 17.16 1.4
    endloop
  endfacet
  facet normal -0.459053 0.541683 -0.704166
    outer loop
      vertex 8.52489 16.2513 1.4
      vertex 9.3723 15.1495 0
      vertex 9.37112 15.1485 0
    endloop
  endfacet
  facet normal -0.468338 0.534117 -0.703832
    outer loop
      vertex 9.3723 15.1495 0
      vertex 8.52489 16.2513 1.4
      vertex 8.69208 16.3979 1.4
    endloop
  endfacet
  facet normal -0.39468 0.590644 -0.703823
    outer loop
      vertex 9.37112 15.1485 0
      vertex 9.03635 14.9248 0
      vertex 8.52489 16.2513 1.4
    endloop
  endfacet
  facet normal -0.637095 -0.314225 -0.703828
    outer loop
      vertex 10.1661 19.945 0
      vertex 10.3442 19.5839 0
      vertex 8.96224 19.25 1.4
    endloop
  endfacet
  facet normal -0.468338 -0.534117 -0.703832
    outer loop
      vertex 8.52489 19.7487 1.4
      vertex 9.3723 20.8505 0
      vertex 8.69208 19.6021 1.4
    endloop
  endfacet
  facet normal -0.459053 -0.541683 -0.704166
    outer loop
      vertex 9.3723 20.8505 0
      vertex 8.52489 19.7487 1.4
      vertex 9.37112 20.8515 0
    endloop
  endfacet
  facet normal -0.394568 -0.590702 -0.703837
    outer loop
      vertex 8.34 19.8722 1.4
      vertex 9.03635 21.0752 0
      vertex 8.52489 19.7487 1.4
    endloop
  endfacet
  facet normal -0.402435 -0.585766 -0.703509
    outer loop
      vertex 9.03635 21.0752 0
      vertex 8.34 19.8722 1.4
      vertex 9.03504 21.0761 0
    endloop
  endfacet
  facet normal 0.534103 -0.468363 -0.703825
    outer loop
      vertex 6.1413 19.4349 1.4
      vertex 5.03952 20.2823 0
      vertex 6.28792 19.6021 1.4
    endloop
  endfacet
  facet normal 0.536726 -0.465163 -0.703952
    outer loop
      vertex 5.03952 20.2823 0
      vertex 6.1413 19.4349 1.4
      vertex 5.03848 20.2811 0
    endloop
  endfacet
  facet normal -0.99786 -0.0653848 0
    outer loop
      vertex 9.19 95 1.4
      vertex 9.17546 95.2219 2
      vertex 9.17546 95.2219 1.4
    endloop
  endfacet
  facet normal -0.99786 -0.0653848 0
    outer loop
      vertex 9.17546 95.2219 2
      vertex 9.19 95 1.4
      vertex 9.19 95 2
    endloop
  endfacet
  facet normal 0.980779 0.195122 0
    outer loop
      vertex 5.84793 93.76 2
      vertex 5.80454 93.9781 1.4
      vertex 5.80454 93.9781 2
    endloop
  endfacet
  facet normal 0.980779 0.195122 0
    outer loop
      vertex 5.80454 93.9781 1.4
      vertex 5.84793 93.76 2
      vertex 5.84793 93.76 1.4
    endloop
  endfacet
  facet normal -0.321525 0.946901 0
    outer loop
      vertex 8.14056 92.6294 1.4
      vertex 7.92999 92.5579 2
      vertex 8.14056 92.6294 2
    endloop
  endfacet
  facet normal -0.321525 0.946901 0
    outer loop
      vertex 7.92999 92.5579 2
      vertex 8.14056 92.6294 1.4
      vertex 7.92999 92.5579 1.4
    endloop
  endfacet
  facet normal -0.946943 -0.321403 0
    outer loop
      vertex 9.13207 95.44 1.4
      vertex 9.06059 95.6506 2
      vertex 9.06059 95.6506 1.4
    endloop
  endfacet
  facet normal -0.946943 -0.321403 0
    outer loop
      vertex 9.06059 95.6506 2
      vertex 9.13207 95.44 1.4
      vertex 9.13207 95.44 2
    endloop
  endfacet
  facet normal -0.980779 -0.195122 0
    outer loop
      vertex 9.17546 95.2219 1.4
      vertex 9.13207 95.44 2
      vertex 9.13207 95.44 1.4
    endloop
  endfacet
  facet normal -0.980779 -0.195122 0
    outer loop
      vertex 9.13207 95.44 2
      vertex 9.17546 95.2219 1.4
      vertex 9.17546 95.2219 2
    endloop
  endfacet
  facet normal -0.555447 0.831552 0
    outer loop
      vertex 8.52489 92.8513 1.4
      vertex 8.34 92.7278 2
      vertex 8.52489 92.8513 2
    endloop
  endfacet
  facet normal -0.555447 0.831552 0
    outer loop
      vertex 8.34 92.7278 2
      vertex 8.52489 92.8513 1.4
      vertex 8.34 92.7278 1.4
    endloop
  endfacet
  facet normal -0.442459 0.896789 0
    outer loop
      vertex 8.34 92.7278 1.4
      vertex 8.14056 92.6294 2
      vertex 8.34 92.7278 2
    endloop
  endfacet
  facet normal -0.442459 0.896789 0
    outer loop
      vertex 8.14056 92.6294 2
      vertex 8.34 92.7278 1.4
      vertex 8.14056 92.6294 1.4
    endloop
  endfacet
  facet normal -0.946943 0.321403 0
    outer loop
      vertex 9.06059 93.5494 1.4
      vertex 9.13207 93.76 2
      vertex 9.13207 93.76 1.4
    endloop
  endfacet
  facet normal -0.946943 0.321403 0
    outer loop
      vertex 9.13207 93.76 2
      vertex 9.06059 93.5494 1.4
      vertex 9.06059 93.5494 2
    endloop
  endfacet
  facet normal 0.195173 0.980769 -0
    outer loop
      vertex 7.2681 92.5145 1.4
      vertex 7.05001 92.5579 2
      vertex 7.2681 92.5145 2
    endloop
  endfacet
  facet normal 0.195173 0.980769 0
    outer loop
      vertex 7.05001 92.5579 2
      vertex 7.2681 92.5145 1.4
      vertex 7.05001 92.5579 1.4
    endloop
  endfacet
  facet normal 0.321525 0.946901 -0
    outer loop
      vertex 7.05001 92.5579 1.4
      vertex 6.83944 92.6294 2
      vertex 7.05001 92.5579 2
    endloop
  endfacet
  facet normal 0.321525 0.946901 0
    outer loop
      vertex 6.83944 92.6294 2
      vertex 7.05001 92.5579 1.4
      vertex 6.83944 92.6294 1.4
    endloop
  endfacet
  facet normal 0.659313 0.751869 -0
    outer loop
      vertex 6.4551 92.8513 1.4
      vertex 6.28792 92.9979 2
      vertex 6.4551 92.8513 2
    endloop
  endfacet
  facet normal 0.659313 0.751869 0
    outer loop
      vertex 6.28792 92.9979 2
      vertex 6.4551 92.8513 1.4
      vertex 6.28792 92.9979 1.4
    endloop
  endfacet
  facet normal 0.442459 0.896789 -0
    outer loop
      vertex 6.83944 92.6294 1.4
      vertex 6.64 92.7278 2
      vertex 6.83944 92.6294 2
    endloop
  endfacet
  facet normal 0.442459 0.896789 0
    outer loop
      vertex 6.64 92.7278 2
      vertex 6.83944 92.6294 1.4
      vertex 6.64 92.7278 1.4
    endloop
  endfacet
  facet normal -0.896843 -0.442349 0
    outer loop
      vertex 9.06059 95.6506 1.4
      vertex 8.96224 95.85 2
      vertex 8.96224 95.85 1.4
    endloop
  endfacet
  facet normal -0.896843 -0.442349 0
    outer loop
      vertex 8.96224 95.85 2
      vertex 9.06059 95.6506 1.4
      vertex 9.06059 95.6506 2
    endloop
  endfacet
  facet normal -0.555447 -0.831552 0
    outer loop
      vertex 8.34 96.4722 1.4
      vertex 8.52489 96.3487 2
      vertex 8.34 96.4722 2
    endloop
  endfacet
  facet normal -0.555447 -0.831552 -0
    outer loop
      vertex 8.52489 96.3487 2
      vertex 8.34 96.4722 1.4
      vertex 8.52489 96.3487 1.4
    endloop
  endfacet
  facet normal 0.321525 -0.946901 0
    outer loop
      vertex 6.83944 96.5706 1.4
      vertex 7.05001 96.6421 2
      vertex 6.83944 96.5706 2
    endloop
  endfacet
  facet normal 0.321525 -0.946901 0
    outer loop
      vertex 7.05001 96.6421 2
      vertex 6.83944 96.5706 1.4
      vertex 7.05001 96.6421 1.4
    endloop
  endfacet
  facet normal 0.659313 -0.751869 0
    outer loop
      vertex 6.28792 96.2021 1.4
      vertex 6.4551 96.3487 2
      vertex 6.28792 96.2021 2
    endloop
  endfacet
  facet normal 0.659313 -0.751869 0
    outer loop
      vertex 6.4551 96.3487 2
      vertex 6.28792 96.2021 1.4
      vertex 6.4551 96.3487 1.4
    endloop
  endfacet
  facet normal -0.751863 0.659319 0
    outer loop
      vertex 8.69208 92.9979 1.4
      vertex 8.8387 93.1651 2
      vertex 8.8387 93.1651 1.4
    endloop
  endfacet
  facet normal -0.751863 0.659319 0
    outer loop
      vertex 8.8387 93.1651 2
      vertex 8.69208 92.9979 1.4
      vertex 8.69208 92.9979 2
    endloop
  endfacet
  facet normal -0.896843 0.442349 0
    outer loop
      vertex 8.96224 93.35 1.4
      vertex 9.06059 93.5494 2
      vertex 9.06059 93.5494 1.4
    endloop
  endfacet
  facet normal -0.896843 0.442349 0
    outer loop
      vertex 9.06059 93.5494 2
      vertex 8.96224 93.35 1.4
      vertex 8.96224 93.35 2
    endloop
  endfacet
  facet normal -0.980779 0.195122 0
    outer loop
      vertex 9.13207 93.76 1.4
      vertex 9.17546 93.9781 2
      vertex 9.17546 93.9781 1.4
    endloop
  endfacet
  facet normal -0.980779 0.195122 0
    outer loop
      vertex 9.17546 93.9781 2
      vertex 9.13207 93.76 1.4
      vertex 9.13207 93.76 2
    endloop
  endfacet
  facet normal -1 0 0
    outer loop
      vertex 9.19 94.2 1.4
      vertex 9.19 95 2
      vertex 9.19 95 1.4
    endloop
  endfacet
  facet normal -1 -0 0
    outer loop
      vertex 9.19 95 2
      vertex 9.19 94.2 1.4
      vertex 9.19 94.2 2
    endloop
  endfacet
  facet normal -0.99786 0.0653848 0
    outer loop
      vertex 9.17546 93.9781 1.4
      vertex 9.19 94.2 2
      vertex 9.19 94.2 1.4
    endloop
  endfacet
  facet normal -0.99786 0.0653848 0
    outer loop
      vertex 9.19 94.2 2
      vertex 9.17546 93.9781 1.4
      vertex 9.17546 93.9781 2
    endloop
  endfacet
  facet normal -0.195165 0.98077 0
    outer loop
      vertex 7.92999 92.5579 1.4
      vertex 7.71189 92.5145 2
      vertex 7.92999 92.5579 2
    endloop
  endfacet
  facet normal -0.195165 0.98077 0
    outer loop
      vertex 7.71189 92.5145 2
      vertex 7.92999 92.5579 1.4
      vertex 7.71189 92.5145 1.4
    endloop
  endfacet
  facet normal -0.0652086 0.997872 0
    outer loop
      vertex 7.71189 92.5145 1.4
      vertex 7.49 92.5 2
      vertex 7.71189 92.5145 2
    endloop
  endfacet
  facet normal -0.0652086 0.997872 0
    outer loop
      vertex 7.49 92.5 2
      vertex 7.71189 92.5145 1.4
      vertex 7.49 92.5 1.4
    endloop
  endfacet
  facet normal 0.555426 0.831566 -0
    outer loop
      vertex 6.64 92.7278 1.4
      vertex 6.4551 92.8513 2
      vertex 6.64 92.7278 2
    endloop
  endfacet
  facet normal 0.555426 0.831566 0
    outer loop
      vertex 6.4551 92.8513 2
      vertex 6.64 92.7278 1.4
      vertex 6.4551 92.8513 1.4
    endloop
  endfacet
  facet normal 0.831483 0.555551 0
    outer loop
      vertex 6.1413 93.1651 2
      vertex 6.01776 93.35 1.4
      vertex 6.01776 93.35 2
    endloop
  endfacet
  facet normal 0.831483 0.555551 0
    outer loop
      vertex 6.01776 93.35 1.4
      vertex 6.1413 93.1651 2
      vertex 6.1413 93.1651 1.4
    endloop
  endfacet
  facet normal 0.751863 0.659319 0
    outer loop
      vertex 6.28792 92.9979 2
      vertex 6.1413 93.1651 1.4
      vertex 6.1413 93.1651 2
    endloop
  endfacet
  facet normal 0.751863 0.659319 0
    outer loop
      vertex 6.1413 93.1651 1.4
      vertex 6.28792 92.9979 2
      vertex 6.28792 92.9979 1.4
    endloop
  endfacet
  facet normal 0.946956 0.321363 0
    outer loop
      vertex 5.9194 93.5494 2
      vertex 5.84793 93.76 1.4
      vertex 5.84793 93.76 2
    endloop
  endfacet
  facet normal 0.946956 0.321363 0
    outer loop
      vertex 5.84793 93.76 1.4
      vertex 5.9194 93.5494 2
      vertex 5.9194 93.5494 1.4
    endloop
  endfacet
  facet normal -0.659291 -0.751888 0
    outer loop
      vertex 8.52489 96.3487 1.4
      vertex 8.69208 96.2021 2
      vertex 8.52489 96.3487 2
    endloop
  endfacet
  facet normal -0.659291 -0.751888 -0
    outer loop
      vertex 8.69208 96.2021 2
      vertex 8.52489 96.3487 1.4
      vertex 8.69208 96.2021 1.4
    endloop
  endfacet
  facet normal 0.195173 -0.980769 0
    outer loop
      vertex 7.05001 96.6421 1.4
      vertex 7.2681 96.6855 2
      vertex 7.05001 96.6421 2
    endloop
  endfacet
  facet normal 0.195173 -0.980769 0
    outer loop
      vertex 7.2681 96.6855 2
      vertex 7.05001 96.6421 1.4
      vertex 7.2681 96.6855 1.4
    endloop
  endfacet
  facet normal -0.321525 -0.946901 0
    outer loop
      vertex 7.92999 96.6421 1.4
      vertex 8.14056 96.5706 2
      vertex 7.92999 96.6421 2
    endloop
  endfacet
  facet normal -0.321525 -0.946901 -0
    outer loop
      vertex 8.14056 96.5706 2
      vertex 7.92999 96.6421 1.4
      vertex 8.14056 96.5706 1.4
    endloop
  endfacet
  facet normal -0.442459 -0.896789 0
    outer loop
      vertex 8.14056 96.5706 1.4
      vertex 8.34 96.4722 2
      vertex 8.14056 96.5706 2
    endloop
  endfacet
  facet normal -0.442459 -0.896789 -0
    outer loop
      vertex 8.34 96.4722 2
      vertex 8.14056 96.5706 1.4
      vertex 8.34 96.4722 1.4
    endloop
  endfacet
  facet normal 1 -0 0
    outer loop
      vertex 5.79 94.2 2
      vertex 5.79 95 1.4
      vertex 5.79 95 2
    endloop
  endfacet
  facet normal 1 0 0
    outer loop
      vertex 5.79 95 1.4
      vertex 5.79 94.2 2
      vertex 5.79 94.2 1.4
    endloop
  endfacet
  facet normal 0.751863 -0.659319 0
    outer loop
      vertex 6.1413 96.0349 2
      vertex 6.28792 96.2021 1.4
      vertex 6.28792 96.2021 2
    endloop
  endfacet
  facet normal 0.751863 -0.659319 0
    outer loop
      vertex 6.28792 96.2021 1.4
      vertex 6.1413 96.0349 2
      vertex 6.1413 96.0349 1.4
    endloop
  endfacet
  facet normal 0.831483 -0.555551 0
    outer loop
      vertex 6.01776 95.85 2
      vertex 6.1413 96.0349 1.4
      vertex 6.1413 96.0349 2
    endloop
  endfacet
  facet normal 0.831483 -0.555551 0
    outer loop
      vertex 6.1413 96.0349 1.4
      vertex 6.01776 95.85 2
      vertex 6.01776 95.85 1.4
    endloop
  endfacet
  facet normal 0.555426 -0.831566 0
    outer loop
      vertex 6.4551 96.3487 1.4
      vertex 6.64 96.4722 2
      vertex 6.4551 96.3487 2
    endloop
  endfacet
  facet normal 0.555426 -0.831566 0
    outer loop
      vertex 6.64 96.4722 2
      vertex 6.4551 96.3487 1.4
      vertex 6.64 96.4722 1.4
    endloop
  endfacet
  facet normal 0.442459 -0.896789 0
    outer loop
      vertex 6.64 96.4722 1.4
      vertex 6.83944 96.5706 2
      vertex 6.64 96.4722 2
    endloop
  endfacet
  facet normal 0.442459 -0.896789 0
    outer loop
      vertex 6.83944 96.5706 2
      vertex 6.64 96.4722 1.4
      vertex 6.83944 96.5706 1.4
    endloop
  endfacet
  facet normal -0.659291 0.751888 0
    outer loop
      vertex 8.69208 92.9979 1.4
      vertex 8.52489 92.8513 2
      vertex 8.69208 92.9979 2
    endloop
  endfacet
  facet normal -0.659291 0.751888 0
    outer loop
      vertex 8.52489 92.8513 2
      vertex 8.69208 92.9979 1.4
      vertex 8.52489 92.8513 1.4
    endloop
  endfacet
  facet normal -0.831483 0.555551 0
    outer loop
      vertex 8.8387 93.1651 1.4
      vertex 8.96224 93.35 2
      vertex 8.96224 93.35 1.4
    endloop
  endfacet
  facet normal -0.831483 0.555551 0
    outer loop
      vertex 8.96224 93.35 2
      vertex 8.8387 93.1651 1.4
      vertex 8.8387 93.1651 2
    endloop
  endfacet
  facet normal 0.0652057 0.997872 -0
    outer loop
      vertex 7.49 92.5 1.4
      vertex 7.2681 92.5145 2
      vertex 7.49 92.5 2
    endloop
  endfacet
  facet normal 0.0652057 0.997872 0
    outer loop
      vertex 7.2681 92.5145 2
      vertex 7.49 92.5 1.4
      vertex 7.2681 92.5145 1.4
    endloop
  endfacet
  facet normal 0.896825 0.442386 0
    outer loop
      vertex 6.01776 93.35 2
      vertex 5.9194 93.5494 1.4
      vertex 5.9194 93.5494 2
    endloop
  endfacet
  facet normal 0.896825 0.442386 0
    outer loop
      vertex 5.9194 93.5494 1.4
      vertex 6.01776 93.35 2
      vertex 6.01776 93.35 1.4
    endloop
  endfacet
  facet normal -0.751863 -0.659319 0
    outer loop
      vertex 8.8387 96.0349 1.4
      vertex 8.69208 96.2021 2
      vertex 8.69208 96.2021 1.4
    endloop
  endfacet
  facet normal -0.751863 -0.659319 0
    outer loop
      vertex 8.69208 96.2021 2
      vertex 8.8387 96.0349 1.4
      vertex 8.8387 96.0349 2
    endloop
  endfacet
  facet normal -0.831483 -0.555551 0
    outer loop
      vertex 8.96224 95.85 1.4
      vertex 8.8387 96.0349 2
      vertex 8.8387 96.0349 1.4
    endloop
  endfacet
  facet normal -0.831483 -0.555551 0
    outer loop
      vertex 8.8387 96.0349 2
      vertex 8.96224 95.85 1.4
      vertex 8.96224 95.85 2
    endloop
  endfacet
  facet normal -0.195165 -0.98077 0
    outer loop
      vertex 7.71189 96.6855 1.4
      vertex 7.92999 96.6421 2
      vertex 7.71189 96.6855 2
    endloop
  endfacet
  facet normal -0.195165 -0.98077 -0
    outer loop
      vertex 7.92999 96.6421 2
      vertex 7.71189 96.6855 1.4
      vertex 7.92999 96.6421 1.4
    endloop
  endfacet
  facet normal -0.0652086 -0.997872 0
    outer loop
      vertex 7.49 96.7 1.4
      vertex 7.71189 96.6855 2
      vertex 7.49 96.7 2
    endloop
  endfacet
  facet normal -0.0652086 -0.997872 -0
    outer loop
      vertex 7.71189 96.6855 2
      vertex 7.49 96.7 1.4
      vertex 7.71189 96.6855 1.4
    endloop
  endfacet
  facet normal 0.99786 0.0653848 0
    outer loop
      vertex 5.80454 93.9781 2
      vertex 5.79 94.2 1.4
      vertex 5.79 94.2 2
    endloop
  endfacet
  facet normal 0.99786 0.0653848 0
    outer loop
      vertex 5.79 94.2 1.4
      vertex 5.80454 93.9781 2
      vertex 5.80454 93.9781 1.4
    endloop
  endfacet
  facet normal 0.896825 -0.442386 0
    outer loop
      vertex 5.9194 95.6506 2
      vertex 6.01776 95.85 1.4
      vertex 6.01776 95.85 2
    endloop
  endfacet
  facet normal 0.896825 -0.442386 0
    outer loop
      vertex 6.01776 95.85 1.4
      vertex 5.9194 95.6506 2
      vertex 5.9194 95.6506 1.4
    endloop
  endfacet
  facet normal 0.946956 -0.321363 0
    outer loop
      vertex 5.84793 95.44 2
      vertex 5.9194 95.6506 1.4
      vertex 5.9194 95.6506 2
    endloop
  endfacet
  facet normal 0.946956 -0.321363 0
    outer loop
      vertex 5.9194 95.6506 1.4
      vertex 5.84793 95.44 2
      vertex 5.84793 95.44 1.4
    endloop
  endfacet
  facet normal 0.99786 -0.0653848 0
    outer loop
      vertex 5.79 95 2
      vertex 5.80454 95.2219 1.4
      vertex 5.80454 95.2219 2
    endloop
  endfacet
  facet normal 0.99786 -0.0653848 0
    outer loop
      vertex 5.80454 95.2219 1.4
      vertex 5.79 95 2
      vertex 5.79 95 1.4
    endloop
  endfacet
  facet normal 0.0652057 -0.997872 0
    outer loop
      vertex 7.2681 96.6855 1.4
      vertex 7.49 96.7 2
      vertex 7.2681 96.6855 2
    endloop
  endfacet
  facet normal 0.0652057 -0.997872 0
    outer loop
      vertex 7.49 96.7 2
      vertex 7.2681 96.6855 1.4
      vertex 7.49 96.7 1.4
    endloop
  endfacet
  facet normal 0.980779 -0.195122 0
    outer loop
      vertex 5.80454 95.2219 2
      vertex 5.84793 95.44 1.4
      vertex 5.84793 95.44 2
    endloop
  endfacet
  facet normal 0.980779 -0.195122 0
    outer loop
      vertex 5.84793 95.44 1.4
      vertex 5.80454 95.2219 2
      vertex 5.80454 95.2219 1.4
    endloop
  endfacet
  facet normal 0.402435 0.585766 -0.703509
    outer loop
      vertex 5.94365 91.5248 0
      vertex 6.64 92.7278 1.4
      vertex 5.94496 91.5239 0
    endloop
  endfacet
  facet normal 0.394553 0.590712 -0.703838
    outer loop
      vertex 6.64 92.7278 1.4
      vertex 5.94365 91.5248 0
      vertex 6.4551 92.8513 1.4
    endloop
  endfacet
  facet normal 0.138505 -0.696744 -0.703821
    outer loop
      vertex 7.08512 98.0633 0
      vertex 7.05001 96.6421 1.4
      vertex 6.69023 97.9848 0
    endloop
  endfacet
  facet normal 0.534103 -0.468363 -0.703825
    outer loop
      vertex 6.1413 96.0349 1.4
      vertex 5.03952 96.8823 0
      vertex 6.28792 96.2021 1.4
    endloop
  endfacet
  facet normal 0.536726 -0.465163 -0.703952
    outer loop
      vertex 5.03952 96.8823 0
      vertex 6.1413 96.0349 1.4
      vertex 5.03848 96.8811 0
    endloop
  endfacet
  facet normal 0.672661 -0.228373 -0.703827
    outer loop
      vertex 4.63464 96.181 0
      vertex 5.84793 95.44 1.4
      vertex 4.50522 95.7998 0
    endloop
  endfacet
  facet normal -0.637095 0.314225 -0.703828
    outer loop
      vertex 10.3442 93.0161 0
      vertex 10.1661 92.655 0
      vertex 8.96224 93.35 1.4
    endloop
  endfacet
  facet normal -0.314089 0.637152 -0.703837
    outer loop
      vertex 9.03362 91.5232 0
      vertex 8.34 92.7278 1.4
      vertex 9.03504 91.5239 0
    endloop
  endfacet
  facet normal -0.314303 0.637038 -0.703844
    outer loop
      vertex 8.34 92.7278 1.4
      vertex 9.03362 91.5232 0
      vertex 8.14056 92.6294 1.4
    endloop
  endfacet
  facet normal 0.590678 -0.394632 -0.703822
    outer loop
      vertex 5.0376 96.8798 0
      vertex 6.01776 95.85 1.4
      vertex 4.81392 96.545 0
    endloop
  endfacet
  facet normal 0.708852 -0.0464475 -0.703826
    outer loop
      vertex 5.79 95 1.4
      vertex 4.40003 95.0016 0
      vertex 5.80454 95.2219 1.4
    endloop
  endfacet
  facet normal 0.708922 -0.0443076 -0.703894
    outer loop
      vertex 4.40003 95.0016 0
      vertex 5.79 95 1.4
      vertex 4.39993 95 0
    endloop
  endfacet
  facet normal 0.590664 -0.394649 -0.703824
    outer loop
      vertex 5.0376 96.8798 0
      vertex 6.1413 96.0349 1.4
      vertex 6.01776 95.85 1.4
    endloop
  endfacet
  facet normal 0.588159 -0.398139 -0.703956
    outer loop
      vertex 6.1413 96.0349 1.4
      vertex 5.0376 96.8798 0
      vertex 5.03848 96.8811 0
    endloop
  endfacet
  facet normal 0.637079 -0.314258 -0.703826
    outer loop
      vertex 4.81322 96.5436 0
      vertex 6.01776 95.85 1.4
      vertex 5.9194 95.6506 1.4
    endloop
  endfacet
  facet normal 0.635272 -0.317636 -0.703944
    outer loop
      vertex 6.01776 95.85 1.4
      vertex 4.81322 96.5436 0
      vertex 4.81392 96.545 0
    endloop
  endfacet
  facet normal 0.046322 0.708887 -0.7038
    outer loop
      vertex 7.08824 91.1363 0
      vertex 7.2681 92.5145 1.4
      vertex 7.49 92.5 1.4
    endloop
  endfacet
  facet normal 0.0448751 0.709027 -0.703752
    outer loop
      vertex 7.2681 92.5145 1.4
      vertex 7.08824 91.1363 0
      vertex 7.08666 91.1364 0
    endloop
  endfacet
  facet normal -0.674037 0.224679 -0.7037
    outer loop
      vertex 9.06059 93.5494 1.4
      vertex 10.3454 93.019 0
      vertex 10.3449 93.0175 0
    endloop
  endfacet
  facet normal -0.672678 0.228315 -0.70383
    outer loop
      vertex 10.3454 93.019 0
      vertex 9.06059 93.5494 1.4
      vertex 9.13207 93.76 1.4
    endloop
  endfacet
  facet normal -0.314089 -0.637152 -0.703837
    outer loop
      vertex 8.34 96.4722 1.4
      vertex 9.03362 97.6768 0
      vertex 9.03504 97.6761 0
    endloop
  endfacet
  facet normal -0.314303 -0.637038 -0.703844
    outer loop
      vertex 9.03362 97.6768 0
      vertex 8.34 96.4722 1.4
      vertex 8.14056 96.5706 1.4
    endloop
  endfacet
  facet normal -0.0465786 -0.708841 -0.703829
    outer loop
      vertex 7.49 98.0901 0
      vertex 7.89176 98.0637 0
      vertex 7.49 96.7 1.4
    endloop
  endfacet
  facet normal 0.22831 -0.672685 -0.703825
    outer loop
      vertex 6.69023 97.9848 0
      vertex 7.05001 96.6421 1.4
      vertex 6.30897 97.8554 0
    endloop
  endfacet
  facet normal 0.314303 -0.637038 -0.703844
    outer loop
      vertex 6.64 96.4722 1.4
      vertex 5.94638 97.6768 0
      vertex 6.83944 96.5706 1.4
    endloop
  endfacet
  facet normal 0.314089 -0.637152 -0.703837
    outer loop
      vertex 5.94638 97.6768 0
      vertex 6.64 96.4722 1.4
      vertex 5.94496 97.6761 0
    endloop
  endfacet
  facet normal 0.468313 -0.534148 -0.703824
    outer loop
      vertex 5.60888 97.4515 0
      vertex 6.4551 96.3487 1.4
      vertex 5.30617 97.1861 0
    endloop
  endfacet
  facet normal 0.468354 -0.534103 -0.703831
    outer loop
      vertex 6.28792 96.2021 1.4
      vertex 5.30617 97.1861 0
      vertex 6.4551 96.3487 1.4
    endloop
  endfacet
  facet normal 0.484023 -0.519225 -0.704363
    outer loop
      vertex 5.30617 97.1861 0
      vertex 6.28792 96.2021 1.4
      vertex 5.30499 97.185 0
    endloop
  endfacet
  facet normal 0.69672 -0.138609 -0.703825
    outer loop
      vertex 5.80454 95.2219 1.4
      vertex 4.42667 95.4049 0
      vertex 5.84793 95.44 1.4
    endloop
  endfacet
  facet normal 0.697297 -0.135101 -0.703935
    outer loop
      vertex 4.42667 95.4049 0
      vertex 5.80454 95.2219 1.4
      vertex 4.42636 95.4033 0
    endloop
  endfacet
  facet normal 0.708853 -0.0464627 -0.703825
    outer loop
      vertex 4.42636 95.4033 0
      vertex 5.80454 95.2219 1.4
      vertex 4.40003 95.0016 0
    endloop
  endfacet
  facet normal 0.6727 -0.22829 -0.703817
    outer loop
      vertex 4.63464 96.181 0
      vertex 5.9194 95.6506 1.4
      vertex 5.84793 95.44 1.4
    endloop
  endfacet
  facet normal 0.672558 -0.22867 -0.70383
    outer loop
      vertex 5.9194 95.6506 1.4
      vertex 4.63464 96.181 0
      vertex 4.63515 96.1825 0
    endloop
  endfacet
  facet normal 0.637125 -0.314187 -0.703817
    outer loop
      vertex 4.81322 96.5436 0
      vertex 5.9194 95.6506 1.4
      vertex 4.63515 96.1825 0
    endloop
  endfacet
  facet normal 0.696722 0.138586 -0.703827
    outer loop
      vertex 5.84793 93.76 1.4
      vertex 4.50522 93.4002 0
      vertex 4.42667 93.7951 0
    endloop
  endfacet
  facet normal 0.534082 0.468394 -0.703821
    outer loop
      vertex 6.28792 92.9979 1.4
      vertex 5.30499 92.015 0
      vertex 5.03952 92.3177 0
    endloop
  endfacet
  facet normal 0.590678 0.394632 -0.703821
    outer loop
      vertex 6.1413 93.1651 1.4
      vertex 5.03848 92.3189 0
      vertex 4.8148 92.6537 0
    endloop
  endfacet
  facet normal 0.672661 0.228373 -0.703827
    outer loop
      vertex 5.84793 93.76 1.4
      vertex 4.63464 93.019 0
      vertex 4.50522 93.4002 0
    endloop
  endfacet
  facet normal 0.534103 0.468363 -0.703825
    outer loop
      vertex 5.03952 92.3177 0
      vertex 6.1413 93.1651 1.4
      vertex 6.28792 92.9979 1.4
    endloop
  endfacet
  facet normal 0.536726 0.465163 -0.703952
    outer loop
      vertex 6.1413 93.1651 1.4
      vertex 5.03952 92.3177 0
      vertex 5.03848 92.3189 0
    endloop
  endfacet
  facet normal 0.138505 0.696744 -0.703821
    outer loop
      vertex 7.05001 92.5579 1.4
      vertex 7.08512 91.1367 0
      vertex 6.69023 91.2152 0
    endloop
  endfacet
  facet normal 0.228399 0.672643 -0.703836
    outer loop
      vertex 6.30897 91.3446 0
      vertex 6.83944 92.6294 1.4
      vertex 7.05001 92.5579 1.4
    endloop
  endfacet
  facet normal 0.226018 0.673534 -0.703752
    outer loop
      vertex 6.83944 92.6294 1.4
      vertex 6.30897 91.3446 0
      vertex 6.30748 91.3451 0
    endloop
  endfacet
  facet normal 0.314222 0.637089 -0.703834
    outer loop
      vertex 6.83944 92.6294 1.4
      vertex 6.30748 91.3451 0
      vertex 5.94638 91.5232 0
    endloop
  endfacet
  facet normal -0.635491 0.317745 -0.703697
    outer loop
      vertex 10.3442 93.0161 0
      vertex 9.06059 93.5494 1.4
      vertex 10.3449 93.0175 0
    endloop
  endfacet
  facet normal -0.637092 0.314233 -0.703827
    outer loop
      vertex 9.06059 93.5494 1.4
      vertex 10.3442 93.0161 0
      vertex 8.96224 93.35 1.4
    endloop
  endfacet
  facet normal -0.534082 -0.468394 -0.703821
    outer loop
      vertex 9.67501 97.185 0
      vertex 9.94048 96.8823 0
      vertex 8.69208 96.2021 1.4
    endloop
  endfacet
  facet normal -0.590665 -0.39465 -0.703822
    outer loop
      vertex 8.8387 96.0349 1.4
      vertex 9.94239 96.8798 0
      vertex 8.96224 95.85 1.4
    endloop
  endfacet
  facet normal -0.590355 -0.395084 -0.703839
    outer loop
      vertex 9.94239 96.8798 0
      vertex 8.8387 96.0349 1.4
      vertex 9.94152 96.8811 0
    endloop
  endfacet
  facet normal -0.672667 -0.22834 -0.703833
    outer loop
      vertex 10.3454 96.181 0
      vertex 10.4748 95.7998 0
      vertex 9.13207 95.44 1.4
    endloop
  endfacet
  facet normal -0.536726 -0.465163 -0.703952
    outer loop
      vertex 8.8387 96.0349 1.4
      vertex 9.94048 96.8823 0
      vertex 9.94152 96.8811 0
    endloop
  endfacet
  facet normal -0.534103 -0.468363 -0.703825
    outer loop
      vertex 9.94048 96.8823 0
      vertex 8.8387 96.0349 1.4
      vertex 8.69208 96.2021 1.4
    endloop
  endfacet
  facet normal -0.696749 -0.138503 -0.703816
    outer loop
      vertex 10.4751 95.7982 0
      vertex 10.5536 95.4033 0
      vertex 9.17546 95.2219 1.4
    endloop
  endfacet
  facet normal -0.696749 0.138503 -0.703816
    outer loop
      vertex 10.5536 93.7967 0
      vertex 10.4751 93.4018 0
      vertex 9.17546 93.9781 1.4
    endloop
  endfacet
  facet normal -0.481872 -0.521298 -0.704307
    outer loop
      vertex 8.69208 96.2021 1.4
      vertex 9.67382 97.1861 0
      vertex 9.67501 97.185 0
    endloop
  endfacet
  facet normal -0.46834 -0.534118 -0.703829
    outer loop
      vertex 9.67382 97.1861 0
      vertex 8.69208 96.2021 1.4
      vertex 8.52489 96.3487 1.4
    endloop
  endfacet
  facet normal -0.39468 -0.590644 -0.703823
    outer loop
      vertex 9.03635 97.6752 0
      vertex 9.37112 97.4515 0
      vertex 8.52489 96.3487 1.4
    endloop
  endfacet
  facet normal -0.22831 -0.672685 -0.703825
    outer loop
      vertex 8.28977 97.9848 0
      vertex 8.67103 97.8554 0
      vertex 7.92999 96.6421 1.4
    endloop
  endfacet
  facet normal 0.0465786 -0.708841 -0.703829
    outer loop
      vertex 7.49 98.0901 0
      vertex 7.49 96.7 1.4
      vertex 7.08824 98.0637 0
    endloop
  endfacet
  facet normal 0.228399 -0.672643 -0.703836
    outer loop
      vertex 6.83944 96.5706 1.4
      vertex 6.30897 97.8554 0
      vertex 7.05001 96.6421 1.4
    endloop
  endfacet
  facet normal 0.226018 -0.673534 -0.703752
    outer loop
      vertex 6.30897 97.8554 0
      vertex 6.83944 96.5706 1.4
      vertex 6.30748 97.8549 0
    endloop
  endfacet
  facet normal 0.314222 -0.637089 -0.703834
    outer loop
      vertex 6.30748 97.8549 0
      vertex 6.83944 96.5706 1.4
      vertex 5.94638 97.6768 0
    endloop
  endfacet
  facet normal 0.394681 -0.590645 -0.703822
    outer loop
      vertex 5.94365 97.6752 0
      vertex 6.4551 96.3487 1.4
      vertex 5.60888 97.4515 0
    endloop
  endfacet
  facet normal 0.394553 -0.590712 -0.703838
    outer loop
      vertex 5.94365 97.6752 0
      vertex 6.64 96.4722 1.4
      vertex 6.4551 96.3487 1.4
    endloop
  endfacet
  facet normal 0.402435 -0.585766 -0.703509
    outer loop
      vertex 6.64 96.4722 1.4
      vertex 5.94365 97.6752 0
      vertex 5.94496 97.6761 0
    endloop
  endfacet
  facet normal 0.534082 -0.468394 -0.703821
    outer loop
      vertex 5.30499 97.185 0
      vertex 6.28792 96.2021 1.4
      vertex 5.03952 96.8823 0
    endloop
  endfacet
  facet normal 0.696722 -0.138586 -0.703827
    outer loop
      vertex 4.50522 95.7998 0
      vertex 5.84793 95.44 1.4
      vertex 4.42667 95.4049 0
    endloop
  endfacet
  facet normal 0.709619 0 -0.704586
    outer loop
      vertex 5.79 94.2 1.4
      vertex 4.39993 95 0
      vertex 5.79 95 1.4
    endloop
  endfacet
  facet normal 0.709619 0 -0.704586
    outer loop
      vertex 4.39993 95 0
      vertex 5.79 94.2 1.4
      vertex 4.39993 94.2 0
    endloop
  endfacet
  facet normal 0.708922 0.0443076 -0.703894
    outer loop
      vertex 5.79 94.2 1.4
      vertex 4.40003 94.1984 0
      vertex 4.39993 94.2 0
    endloop
  endfacet
  facet normal 0.708852 0.0464475 -0.703826
    outer loop
      vertex 4.40003 94.1984 0
      vertex 5.79 94.2 1.4
      vertex 5.80454 93.9781 1.4
    endloop
  endfacet
  facet normal 0.394681 0.590645 -0.703822
    outer loop
      vertex 6.4551 92.8513 1.4
      vertex 5.94365 91.5248 0
      vertex 5.60888 91.7485 0
    endloop
  endfacet
  facet normal 0.672558 0.22867 -0.70383
    outer loop
      vertex 4.63464 93.019 0
      vertex 5.9194 93.5494 1.4
      vertex 4.63515 93.0175 0
    endloop
  endfacet
  facet normal 0.6727 0.22829 -0.703817
    outer loop
      vertex 5.9194 93.5494 1.4
      vertex 4.63464 93.019 0
      vertex 5.84793 93.76 1.4
    endloop
  endfacet
  facet normal 0.468415 0.534063 -0.703821
    outer loop
      vertex 6.28792 92.9979 1.4
      vertex 5.6077 91.7495 0
      vertex 5.30499 92.015 0
    endloop
  endfacet
  facet normal 0.459054 0.541684 -0.704164
    outer loop
      vertex 5.6077 91.7495 0
      vertex 6.4551 92.8513 1.4
      vertex 5.60888 91.7485 0
    endloop
  endfacet
  facet normal 0.468356 0.534104 -0.703829
    outer loop
      vertex 6.4551 92.8513 1.4
      vertex 5.6077 91.7495 0
      vertex 6.28792 92.9979 1.4
    endloop
  endfacet
  facet normal 0.314303 0.637038 -0.703844
    outer loop
      vertex 5.94638 91.5232 0
      vertex 6.64 92.7278 1.4
      vertex 6.83944 92.6294 1.4
    endloop
  endfacet
  facet normal 0.314089 0.637152 -0.703837
    outer loop
      vertex 6.64 92.7278 1.4
      vertex 5.94638 91.5232 0
      vertex 5.94496 91.5239 0
    endloop
  endfacet
  facet normal 0.22831 0.672685 -0.703825
    outer loop
      vertex 7.05001 92.5579 1.4
      vertex 6.69023 91.2152 0
      vertex 6.30897 91.3446 0
    endloop
  endfacet
  facet normal 0.135818 0.697199 -0.703895
    outer loop
      vertex 7.08512 91.1367 0
      vertex 7.2681 92.5145 1.4
      vertex 7.08666 91.1364 0
    endloop
  endfacet
  facet normal 0.13865 0.696732 -0.703805
    outer loop
      vertex 7.2681 92.5145 1.4
      vertex 7.08512 91.1367 0
      vertex 7.05001 92.5579 1.4
    endloop
  endfacet
  facet normal -0.0451592 0.709 -0.703761
    outer loop
      vertex 7.89176 91.1363 0
      vertex 7.71189 92.5145 1.4
      vertex 7.89333 91.1364 0
    endloop
  endfacet
  facet normal -0.0463241 0.708886 -0.7038
    outer loop
      vertex 7.71189 92.5145 1.4
      vertex 7.89176 91.1363 0
      vertex 7.49 92.5 1.4
    endloop
  endfacet
  facet normal -0.590651 0.394667 -0.703825
    outer loop
      vertex 10.1661 92.655 0
      vertex 9.94239 92.3202 0
      vertex 8.96224 93.35 1.4
    endloop
  endfacet
  facet normal -0.402435 0.585766 -0.703509
    outer loop
      vertex 8.34 92.7278 1.4
      vertex 9.03635 91.5248 0
      vertex 9.03504 91.5239 0
    endloop
  endfacet
  facet normal -0.394568 0.590702 -0.703837
    outer loop
      vertex 9.03635 91.5248 0
      vertex 8.34 92.7278 1.4
      vertex 8.52489 92.8513 1.4
    endloop
  endfacet
  facet normal -0.468415 0.534063 -0.703821
    outer loop
      vertex 9.67501 92.015 0
      vertex 9.3723 91.7495 0
      vertex 8.69208 92.9979 1.4
    endloop
  endfacet
  facet normal -0.672678 -0.228315 -0.70383
    outer loop
      vertex 9.06059 95.6506 1.4
      vertex 10.3454 96.181 0
      vertex 9.13207 95.44 1.4
    endloop
  endfacet
  facet normal -0.674037 -0.224679 -0.7037
    outer loop
      vertex 10.3454 96.181 0
      vertex 9.06059 95.6506 1.4
      vertex 10.3449 96.1825 0
    endloop
  endfacet
  facet normal -0.590651 -0.394667 -0.703825
    outer loop
      vertex 9.94239 96.8798 0
      vertex 10.1661 96.545 0
      vertex 8.96224 95.85 1.4
    endloop
  endfacet
  facet normal -0.709611 0 -0.704593
    outer loop
      vertex 10.5801 94.2 0
      vertex 9.19 95 1.4
      vertex 10.5801 95 0
    endloop
  endfacet
  facet normal -0.709611 -0 -0.704593
    outer loop
      vertex 9.19 95 1.4
      vertex 10.5801 94.2 0
      vertex 9.19 94.2 1.4
    endloop
  endfacet
  facet normal -0.708851 -0.0465861 -0.703819
    outer loop
      vertex 10.5536 95.4033 0
      vertex 10.58 95.0016 0
      vertex 9.17546 95.2219 1.4
    endloop
  endfacet
  facet normal -0.708851 0.0465861 -0.703819
    outer loop
      vertex 10.58 94.1984 0
      vertex 10.5536 93.7967 0
      vertex 9.17546 93.9781 1.4
    endloop
  endfacet
  facet normal -0.708914 0.0443072 -0.703901
    outer loop
      vertex 10.58 94.1984 0
      vertex 9.19 94.2 1.4
      vertex 10.5801 94.2 0
    endloop
  endfacet
  facet normal -0.708844 0.046447 -0.703834
    outer loop
      vertex 9.19 94.2 1.4
      vertex 10.58 94.1984 0
      vertex 9.17546 93.9781 1.4
    endloop
  endfacet
  facet normal -0.698469 0.130963 -0.703555
    outer loop
      vertex 9.13207 93.76 1.4
      vertex 10.4751 93.4018 0
      vertex 10.4748 93.4002 0
    endloop
  endfacet
  facet normal -0.696716 0.138608 -0.703829
    outer loop
      vertex 10.4751 93.4018 0
      vertex 9.13207 93.76 1.4
      vertex 9.17546 93.9781 1.4
    endloop
  endfacet
  facet normal -0.672667 0.22834 -0.703833
    outer loop
      vertex 10.4748 93.4002 0
      vertex 10.3454 93.019 0
      vertex 9.13207 93.76 1.4
    endloop
  endfacet
  facet normal -0.394568 -0.590702 -0.703837
    outer loop
      vertex 8.34 96.4722 1.4
      vertex 9.03635 97.6752 0
      vertex 8.52489 96.3487 1.4
    endloop
  endfacet
  facet normal -0.402435 -0.585766 -0.703509
    outer loop
      vertex 9.03635 97.6752 0
      vertex 8.34 96.4722 1.4
      vertex 9.03504 97.6761 0
    endloop
  endfacet
  facet normal -0.468321 -0.53414 -0.703826
    outer loop
      vertex 9.37112 97.4515 0
      vertex 9.67382 97.1861 0
      vertex 8.52489 96.3487 1.4
    endloop
  endfacet
  facet normal -0.138505 -0.696744 -0.703821
    outer loop
      vertex 8.28977 97.9848 0
      vertex 7.92999 96.6421 1.4
      vertex 7.89488 98.0633 0
    endloop
  endfacet
  facet normal -0.138644 -0.696732 -0.703806
    outer loop
      vertex 7.71189 96.6855 1.4
      vertex 7.89488 98.0633 0
      vertex 7.92999 96.6421 1.4
    endloop
  endfacet
  facet normal -0.134968 -0.697337 -0.703921
    outer loop
      vertex 7.89488 98.0633 0
      vertex 7.71189 96.6855 1.4
      vertex 7.89333 98.0636 0
    endloop
  endfacet
  facet normal -0.226018 -0.673534 -0.703752
    outer loop
      vertex 8.14056 96.5706 1.4
      vertex 8.67103 97.8554 0
      vertex 8.67252 97.8549 0
    endloop
  endfacet
  facet normal -0.228399 -0.672643 -0.703836
    outer loop
      vertex 8.67103 97.8554 0
      vertex 8.14056 96.5706 1.4
      vertex 7.92999 96.6421 1.4
    endloop
  endfacet
  facet normal -0.314222 -0.637089 -0.703834
    outer loop
      vertex 8.67252 97.8549 0
      vertex 9.03362 97.6768 0
      vertex 8.14056 96.5706 1.4
    endloop
  endfacet
  facet normal -0.0463241 -0.708886 -0.7038
    outer loop
      vertex 7.89176 98.0637 0
      vertex 7.71189 96.6855 1.4
      vertex 7.49 96.7 1.4
    endloop
  endfacet
  facet normal -0.0451592 -0.709 -0.703761
    outer loop
      vertex 7.71189 96.6855 1.4
      vertex 7.89176 98.0637 0
      vertex 7.89333 98.0636 0
    endloop
  endfacet
  facet normal 0.708853 0.0464627 -0.703825
    outer loop
      vertex 5.80454 93.9781 1.4
      vertex 4.42636 93.7967 0
      vertex 4.40003 94.1984 0
    endloop
  endfacet
  facet normal 0.69672 0.138609 -0.703825
    outer loop
      vertex 4.42667 93.7951 0
      vertex 5.80454 93.9781 1.4
      vertex 5.84793 93.76 1.4
    endloop
  endfacet
  facet normal 0.697297 0.135101 -0.703935
    outer loop
      vertex 5.80454 93.9781 1.4
      vertex 4.42667 93.7951 0
      vertex 4.42636 93.7967 0
    endloop
  endfacet
  facet normal 0.637125 0.314187 -0.703817
    outer loop
      vertex 5.9194 93.5494 1.4
      vertex 4.81322 92.6564 0
      vertex 4.63515 93.0175 0
    endloop
  endfacet
  facet normal -0.226018 0.673534 -0.703752
    outer loop
      vertex 8.67103 91.3446 0
      vertex 8.14056 92.6294 1.4
      vertex 8.67252 91.3451 0
    endloop
  endfacet
  facet normal -0.228399 0.672643 -0.703836
    outer loop
      vertex 8.14056 92.6294 1.4
      vertex 8.67103 91.3446 0
      vertex 7.92999 92.5579 1.4
    endloop
  endfacet
  facet normal -0.22831 0.672685 -0.703825
    outer loop
      vertex 8.67103 91.3446 0
      vertex 8.28977 91.2152 0
      vertex 7.92999 92.5579 1.4
    endloop
  endfacet
  facet normal -0.0465786 0.708841 -0.703829
    outer loop
      vertex 7.49 92.5 1.4
      vertex 7.89176 91.1363 0
      vertex 7.49 91.1099 0
    endloop
  endfacet
  facet normal 0.0465786 0.708841 -0.703829
    outer loop
      vertex 7.49 92.5 1.4
      vertex 7.49 91.1099 0
      vertex 7.08824 91.1363 0
    endloop
  endfacet
  facet normal -0.534082 0.468394 -0.703821
    outer loop
      vertex 9.94048 92.3177 0
      vertex 9.67501 92.015 0
      vertex 8.69208 92.9979 1.4
    endloop
  endfacet
  facet normal -0.459053 0.541683 -0.704166
    outer loop
      vertex 8.52489 92.8513 1.4
      vertex 9.3723 91.7495 0
      vertex 9.37112 91.7485 0
    endloop
  endfacet
  facet normal -0.468338 0.534117 -0.703832
    outer loop
      vertex 9.3723 91.7495 0
      vertex 8.52489 92.8513 1.4
      vertex 8.69208 92.9979 1.4
    endloop
  endfacet
  facet normal -0.39468 0.590644 -0.703823
    outer loop
      vertex 9.37112 91.7485 0
      vertex 9.03635 91.5248 0
      vertex 8.52489 92.8513 1.4
    endloop
  endfacet
  facet normal -0.635491 -0.317745 -0.703697
    outer loop
      vertex 9.06059 95.6506 1.4
      vertex 10.3442 96.1839 0
      vertex 10.3449 96.1825 0
    endloop
  endfacet
  facet normal -0.637092 -0.314233 -0.703827
    outer loop
      vertex 10.3442 96.1839 0
      vertex 9.06059 95.6506 1.4
      vertex 8.96224 95.85 1.4
    endloop
  endfacet
  facet normal -0.637095 -0.314225 -0.703828
    outer loop
      vertex 10.1661 96.545 0
      vertex 10.3442 96.1839 0
      vertex 8.96224 95.85 1.4
    endloop
  endfacet
  facet normal -0.696716 -0.138608 -0.703829
    outer loop
      vertex 9.13207 95.44 1.4
      vertex 10.4751 95.7982 0
      vertex 9.17546 95.2219 1.4
    endloop
  endfacet
  facet normal -0.698469 -0.130963 -0.703555
    outer loop
      vertex 10.4751 95.7982 0
      vertex 9.13207 95.44 1.4
      vertex 10.4748 95.7998 0
    endloop
  endfacet
  facet normal 0.635272 0.317636 -0.703944
    outer loop
      vertex 4.81322 92.6564 0
      vertex 6.01776 93.35 1.4
      vertex 4.81392 92.655 0
    endloop
  endfacet
  facet normal 0.637079 0.314258 -0.703826
    outer loop
      vertex 6.01776 93.35 1.4
      vertex 4.81322 92.6564 0
      vertex 5.9194 93.5494 1.4
    endloop
  endfacet
  facet normal 0.590668 0.394652 -0.703819
    outer loop
      vertex 4.8148 92.6537 0
      vertex 6.01776 93.35 1.4
      vertex 6.1413 93.1651 1.4
    endloop
  endfacet
  facet normal 0.588391 0.398295 -0.703674
    outer loop
      vertex 6.01776 93.35 1.4
      vertex 4.8148 92.6537 0
      vertex 4.81392 92.655 0
    endloop
  endfacet
  facet normal -0.134968 0.697337 -0.703921
    outer loop
      vertex 7.71189 92.5145 1.4
      vertex 7.89488 91.1367 0
      vertex 7.89333 91.1364 0
    endloop
  endfacet
  facet normal -0.138644 0.696732 -0.703806
    outer loop
      vertex 7.89488 91.1367 0
      vertex 7.71189 92.5145 1.4
      vertex 7.92999 92.5579 1.4
    endloop
  endfacet
  facet normal -0.314222 0.637089 -0.703834
    outer loop
      vertex 9.03362 91.5232 0
      vertex 8.67252 91.3451 0
      vertex 8.14056 92.6294 1.4
    endloop
  endfacet
  facet normal -0.536726 0.465163 -0.703952
    outer loop
      vertex 9.94048 92.3177 0
      vertex 8.8387 93.1651 1.4
      vertex 9.94152 92.3189 0
    endloop
  endfacet
  facet normal -0.534103 0.468363 -0.703825
    outer loop
      vertex 8.8387 93.1651 1.4
      vertex 9.94048 92.3177 0
      vertex 8.69208 92.9979 1.4
    endloop
  endfacet
  facet normal -0.590355 0.395084 -0.703839
    outer loop
      vertex 8.8387 93.1651 1.4
      vertex 9.94239 92.3202 0
      vertex 9.94152 92.3189 0
    endloop
  endfacet
  facet normal -0.590665 0.39465 -0.703822
    outer loop
      vertex 9.94239 92.3202 0
      vertex 8.8387 93.1651 1.4
      vertex 8.96224 93.35 1.4
    endloop
  endfacet
  facet normal -0.708914 -0.0443072 -0.703901
    outer loop
      vertex 9.19 95 1.4
      vertex 10.58 95.0016 0
      vertex 10.5801 95 0
    endloop
  endfacet
  facet normal -0.708844 -0.046447 -0.703834
    outer loop
      vertex 10.58 95.0016 0
      vertex 9.19 95 1.4
      vertex 9.17546 95.2219 1.4
    endloop
  endfacet
  facet normal 0.0448751 -0.709027 -0.703752
    outer loop
      vertex 7.08824 98.0637 0
      vertex 7.2681 96.6855 1.4
      vertex 7.08666 98.0636 0
    endloop
  endfacet
  facet normal 0.046322 -0.708887 -0.7038
    outer loop
      vertex 7.2681 96.6855 1.4
      vertex 7.08824 98.0637 0
      vertex 7.49 96.7 1.4
    endloop
  endfacet
  facet normal 0.135818 -0.697199 -0.703895
    outer loop
      vertex 7.2681 96.6855 1.4
      vertex 7.08512 98.0633 0
      vertex 7.08666 98.0636 0
    endloop
  endfacet
  facet normal 0.13865 -0.696732 -0.703805
    outer loop
      vertex 7.08512 98.0633 0
      vertex 7.2681 96.6855 1.4
      vertex 7.05001 96.6421 1.4
    endloop
  endfacet
  facet normal -0.138505 0.696744 -0.703821
    outer loop
      vertex 7.92999 92.5579 1.4
      vertex 8.28977 91.2152 0
      vertex 7.89488 91.1367 0
    endloop
  endfacet
  facet normal -0.98077 0.195165 0
    outer loop
      vertex 70.8521 17.16 1.4
      vertex 70.8955 17.3781 2
      vertex 70.8955 17.3781 1.4
    endloop
  endfacet
  facet normal -0.98077 0.195165 0
    outer loop
      vertex 70.8955 17.3781 2
      vertex 70.8521 17.16 1.4
      vertex 70.8521 17.16 2
    endloop
  endfacet
  facet normal -0.555426 0.831566 0
    outer loop
      vertex 70.2449 16.2513 1.4
      vertex 70.06 16.1278 2
      vertex 70.2449 16.2513 2
    endloop
  endfacet
  facet normal -0.555426 0.831566 0
    outer loop
      vertex 70.06 16.1278 2
      vertex 70.2449 16.2513 1.4
      vertex 70.06 16.1278 1.4
    endloop
  endfacet
  facet normal -0.946915 0.321484 0
    outer loop
      vertex 70.7806 16.9494 1.4
      vertex 70.8521 17.16 2
      vertex 70.8521 17.16 1.4
    endloop
  endfacet
  facet normal -0.946915 0.321484 0
    outer loop
      vertex 70.8521 17.16 2
      vertex 70.7806 16.9494 1.4
      vertex 70.7806 16.9494 2
    endloop
  endfacet
  facet normal -0.195165 0.98077 0
    outer loop
      vertex 69.65 15.9579 1.4
      vertex 69.4319 15.9145 2
      vertex 69.65 15.9579 2
    endloop
  endfacet
  facet normal -0.195165 0.98077 0
    outer loop
      vertex 69.4319 15.9145 2
      vertex 69.65 15.9579 1.4
      vertex 69.4319 15.9145 1.4
    endloop
  endfacet
  facet normal -0.555426 -0.831566 0
    outer loop
      vertex 70.06 19.8722 1.4
      vertex 70.2449 19.7487 2
      vertex 70.06 19.8722 2
    endloop
  endfacet
  facet normal -0.555426 -0.831566 -0
    outer loop
      vertex 70.2449 19.7487 2
      vertex 70.06 19.8722 1.4
      vertex 70.2449 19.7487 1.4
    endloop
  endfacet
  facet normal -0.751908 0.659268 0
    outer loop
      vertex 70.4121 16.3979 1.4
      vertex 70.5587 16.5651 2
      vertex 70.5587 16.5651 1.4
    endloop
  endfacet
  facet normal -0.751908 0.659268 0
    outer loop
      vertex 70.5587 16.5651 2
      vertex 70.4121 16.3979 1.4
      vertex 70.4121 16.3979 2
    endloop
  endfacet
  facet normal 0.44253 0.896754 -0
    outer loop
      vertex 68.5594 16.0294 1.4
      vertex 68.36 16.1278 2
      vertex 68.5594 16.0294 2
    endloop
  endfacet
  facet normal 0.44253 0.896754 0
    outer loop
      vertex 68.36 16.1278 2
      vertex 68.5594 16.0294 1.4
      vertex 68.36 16.1278 1.4
    endloop
  endfacet
  facet normal -0.98077 -0.195165 0
    outer loop
      vertex 70.8955 18.6219 1.4
      vertex 70.8521 18.84 2
      vertex 70.8521 18.84 1.4
    endloop
  endfacet
  facet normal -0.98077 -0.195165 0
    outer loop
      vertex 70.8521 18.84 2
      vertex 70.8955 18.6219 1.4
      vertex 70.8955 18.6219 2
    endloop
  endfacet
  facet normal -0.44253 0.896754 0
    outer loop
      vertex 70.06 16.1278 1.4
      vertex 69.8606 16.0294 2
      vertex 70.06 16.1278 2
    endloop
  endfacet
  facet normal -0.44253 0.896754 0
    outer loop
      vertex 69.8606 16.0294 2
      vertex 70.06 16.1278 1.4
      vertex 69.8606 16.0294 1.4
    endloop
  endfacet
  facet normal -0.321484 0.946915 0
    outer loop
      vertex 69.8606 16.0294 1.4
      vertex 69.65 15.9579 2
      vertex 69.8606 16.0294 2
    endloop
  endfacet
  facet normal -0.321484 0.946915 0
    outer loop
      vertex 69.65 15.9579 2
      vertex 69.8606 16.0294 1.4
      vertex 69.65 15.9579 1.4
    endloop
  endfacet
  facet normal 0.195165 0.98077 -0
    outer loop
      vertex 68.9881 15.9145 1.4
      vertex 68.77 15.9579 2
      vertex 68.9881 15.9145 2
    endloop
  endfacet
  facet normal 0.195165 0.98077 0
    outer loop
      vertex 68.77 15.9579 2
      vertex 68.9881 15.9145 1.4
      vertex 68.77 15.9579 1.4
    endloop
  endfacet
  facet normal -0.997872 0.0652057 0
    outer loop
      vertex 70.8955 17.3781 1.4
      vertex 70.91 17.6 2
      vertex 70.91 17.6 1.4
    endloop
  endfacet
  facet normal -0.997872 0.0652057 0
    outer loop
      vertex 70.91 17.6 2
      vertex 70.8955 17.3781 1.4
      vertex 70.8955 17.3781 2
    endloop
  endfacet
  facet normal -1 0 0
    outer loop
      vertex 70.91 17.6 1.4
      vertex 70.91 18.4 2
      vertex 70.91 18.4 1.4
    endloop
  endfacet
  facet normal -1 -0 0
    outer loop
      vertex 70.91 18.4 2
      vertex 70.91 17.6 1.4
      vertex 70.91 17.6 2
    endloop
  endfacet
  facet normal 0.751908 -0.659268 0
    outer loop
      vertex 67.8613 19.4349 2
      vertex 68.0079 19.6021 1.4
      vertex 68.0079 19.6021 2
    endloop
  endfacet
  facet normal 0.751908 -0.659268 0
    outer loop
      vertex 68.0079 19.6021 1.4
      vertex 67.8613 19.4349 2
      vertex 67.8613 19.4349 1.4
    endloop
  endfacet
  facet normal 0.946915 0.321484 0
    outer loop
      vertex 67.6394 16.9494 2
      vertex 67.5679 17.16 1.4
      vertex 67.5679 17.16 2
    endloop
  endfacet
  facet normal 0.946915 0.321484 0
    outer loop
      vertex 67.5679 17.16 1.4
      vertex 67.6394 16.9494 2
      vertex 67.6394 16.9494 1.4
    endloop
  endfacet
  facet normal -0.0652057 -0.997872 0
    outer loop
      vertex 69.21 20.1 1.4
      vertex 69.4319 20.0855 2
      vertex 69.21 20.1 2
    endloop
  endfacet
  facet normal -0.0652057 -0.997872 -0
    outer loop
      vertex 69.4319 20.0855 2
      vertex 69.21 20.1 1.4
      vertex 69.4319 20.0855 1.4
    endloop
  endfacet
  facet normal 0.321484 -0.946915 0
    outer loop
      vertex 68.5594 19.9706 1.4
      vertex 68.77 20.0421 2
      vertex 68.5594 19.9706 2
    endloop
  endfacet
  facet normal 0.321484 -0.946915 0
    outer loop
      vertex 68.77 20.0421 2
      vertex 68.5594 19.9706 1.4
      vertex 68.77 20.0421 1.4
    endloop
  endfacet
  facet normal -0.659268 0.751908 0
    outer loop
      vertex 70.4121 16.3979 1.4
      vertex 70.2449 16.2513 2
      vertex 70.4121 16.3979 2
    endloop
  endfacet
  facet normal -0.659268 0.751908 0
    outer loop
      vertex 70.2449 16.2513 2
      vertex 70.4121 16.3979 1.4
      vertex 70.2449 16.2513 1.4
    endloop
  endfacet
  facet normal -0.896754 0.44253 0
    outer loop
      vertex 70.6822 16.75 1.4
      vertex 70.7806 16.9494 2
      vertex 70.7806 16.9494 1.4
    endloop
  endfacet
  facet normal -0.896754 0.44253 0
    outer loop
      vertex 70.7806 16.9494 2
      vertex 70.6822 16.75 1.4
      vertex 70.6822 16.75 2
    endloop
  endfacet
  facet normal -0.831566 0.555426 0
    outer loop
      vertex 70.5587 16.5651 1.4
      vertex 70.6822 16.75 2
      vertex 70.6822 16.75 1.4
    endloop
  endfacet
  facet normal -0.831566 0.555426 0
    outer loop
      vertex 70.6822 16.75 2
      vertex 70.5587 16.5651 1.4
      vertex 70.5587 16.5651 2
    endloop
  endfacet
  facet normal -0.0652057 0.997872 0
    outer loop
      vertex 69.4319 15.9145 1.4
      vertex 69.21 15.9 2
      vertex 69.4319 15.9145 2
    endloop
  endfacet
  facet normal -0.0652057 0.997872 0
    outer loop
      vertex 69.21 15.9 2
      vertex 69.4319 15.9145 1.4
      vertex 69.21 15.9 1.4
    endloop
  endfacet
  facet normal 0.0652057 0.997872 -0
    outer loop
      vertex 69.21 15.9 1.4
      vertex 68.9881 15.9145 2
      vertex 69.21 15.9 2
    endloop
  endfacet
  facet normal 0.0652057 0.997872 0
    outer loop
      vertex 68.9881 15.9145 2
      vertex 69.21 15.9 1.4
      vertex 68.9881 15.9145 1.4
    endloop
  endfacet
  facet normal 0.555426 0.831566 -0
    outer loop
      vertex 68.36 16.1278 1.4
      vertex 68.1751 16.2513 2
      vertex 68.36 16.1278 2
    endloop
  endfacet
  facet normal 0.555426 0.831566 0
    outer loop
      vertex 68.1751 16.2513 2
      vertex 68.36 16.1278 1.4
      vertex 68.1751 16.2513 1.4
    endloop
  endfacet
  facet normal -0.321484 -0.946915 0
    outer loop
      vertex 69.65 20.0421 1.4
      vertex 69.8606 19.9706 2
      vertex 69.65 20.0421 2
    endloop
  endfacet
  facet normal -0.321484 -0.946915 -0
    outer loop
      vertex 69.8606 19.9706 2
      vertex 69.65 20.0421 1.4
      vertex 69.8606 19.9706 1.4
    endloop
  endfacet
  facet normal 1 -0 0
    outer loop
      vertex 67.51 17.6 2
      vertex 67.51 18.4 1.4
      vertex 67.51 18.4 2
    endloop
  endfacet
  facet normal 1 0 0
    outer loop
      vertex 67.51 18.4 1.4
      vertex 67.51 17.6 2
      vertex 67.51 17.6 1.4
    endloop
  endfacet
  facet normal 0.555426 -0.831566 0
    outer loop
      vertex 68.1751 19.7487 1.4
      vertex 68.36 19.8722 2
      vertex 68.1751 19.7487 2
    endloop
  endfacet
  facet normal 0.555426 -0.831566 0
    outer loop
      vertex 68.36 19.8722 2
      vertex 68.1751 19.7487 1.4
      vertex 68.36 19.8722 1.4
    endloop
  endfacet
  facet normal 0.44253 -0.896754 0
    outer loop
      vertex 68.36 19.8722 1.4
      vertex 68.5594 19.9706 2
      vertex 68.36 19.8722 2
    endloop
  endfacet
  facet normal 0.44253 -0.896754 0
    outer loop
      vertex 68.5594 19.9706 2
      vertex 68.36 19.8722 1.4
      vertex 68.5594 19.9706 1.4
    endloop
  endfacet
  facet normal 0.751908 0.659268 0
    outer loop
      vertex 68.0079 16.3979 2
      vertex 67.8613 16.5651 1.4
      vertex 67.8613 16.5651 2
    endloop
  endfacet
  facet normal 0.751908 0.659268 0
    outer loop
      vertex 67.8613 16.5651 1.4
      vertex 68.0079 16.3979 2
      vertex 68.0079 16.3979 1.4
    endloop
  endfacet
  facet normal 0.321484 0.946915 -0
    outer loop
      vertex 68.77 15.9579 1.4
      vertex 68.5594 16.0294 2
      vertex 68.77 15.9579 2
    endloop
  endfacet
  facet normal 0.321484 0.946915 0
    outer loop
      vertex 68.5594 16.0294 2
      vertex 68.77 15.9579 1.4
      vertex 68.5594 16.0294 1.4
    endloop
  endfacet
  facet normal 0.98077 0.195165 0
    outer loop
      vertex 67.5679 17.16 2
      vertex 67.5245 17.3781 1.4
      vertex 67.5245 17.3781 2
    endloop
  endfacet
  facet normal 0.98077 0.195165 0
    outer loop
      vertex 67.5245 17.3781 1.4
      vertex 67.5679 17.16 2
      vertex 67.5679 17.16 1.4
    endloop
  endfacet
  facet normal 0.831566 0.555426 0
    outer loop
      vertex 67.8613 16.5651 2
      vertex 67.7378 16.75 1.4
      vertex 67.7378 16.75 2
    endloop
  endfacet
  facet normal 0.831566 0.555426 0
    outer loop
      vertex 67.7378 16.75 1.4
      vertex 67.8613 16.5651 2
      vertex 67.8613 16.5651 1.4
    endloop
  endfacet
  facet normal 0.896754 0.44253 0
    outer loop
      vertex 67.7378 16.75 2
      vertex 67.6394 16.9494 1.4
      vertex 67.6394 16.9494 2
    endloop
  endfacet
  facet normal 0.896754 0.44253 0
    outer loop
      vertex 67.6394 16.9494 1.4
      vertex 67.7378 16.75 2
      vertex 67.7378 16.75 1.4
    endloop
  endfacet
  facet normal -0.831566 -0.555426 0
    outer loop
      vertex 70.6822 19.25 1.4
      vertex 70.5587 19.4349 2
      vertex 70.5587 19.4349 1.4
    endloop
  endfacet
  facet normal -0.831566 -0.555426 0
    outer loop
      vertex 70.5587 19.4349 2
      vertex 70.6822 19.25 1.4
      vertex 70.6822 19.25 2
    endloop
  endfacet
  facet normal -0.195165 -0.98077 0
    outer loop
      vertex 69.4319 20.0855 1.4
      vertex 69.65 20.0421 2
      vertex 69.4319 20.0855 2
    endloop
  endfacet
  facet normal -0.195165 -0.98077 -0
    outer loop
      vertex 69.65 20.0421 2
      vertex 69.4319 20.0855 1.4
      vertex 69.65 20.0421 1.4
    endloop
  endfacet
  facet normal -0.896754 -0.44253 0
    outer loop
      vertex 70.7806 19.0506 1.4
      vertex 70.6822 19.25 2
      vertex 70.6822 19.25 1.4
    endloop
  endfacet
  facet normal -0.896754 -0.44253 0
    outer loop
      vertex 70.6822 19.25 2
      vertex 70.7806 19.0506 1.4
      vertex 70.7806 19.0506 2
    endloop
  endfacet
  facet normal -0.946915 -0.321484 0
    outer loop
      vertex 70.8521 18.84 1.4
      vertex 70.7806 19.0506 2
      vertex 70.7806 19.0506 1.4
    endloop
  endfacet
  facet normal -0.946915 -0.321484 0
    outer loop
      vertex 70.7806 19.0506 2
      vertex 70.8521 18.84 1.4
      vertex 70.8521 18.84 2
    endloop
  endfacet
  facet normal 0.659268 -0.751908 0
    outer loop
      vertex 68.0079 19.6021 1.4
      vertex 68.1751 19.7487 2
      vertex 68.0079 19.6021 2
    endloop
  endfacet
  facet normal 0.659268 -0.751908 0
    outer loop
      vertex 68.1751 19.7487 2
      vertex 68.0079 19.6021 1.4
      vertex 68.1751 19.7487 1.4
    endloop
  endfacet
  facet normal 0.831566 -0.555426 0
    outer loop
      vertex 67.7378 19.25 2
      vertex 67.8613 19.4349 1.4
      vertex 67.8613 19.4349 2
    endloop
  endfacet
  facet normal 0.831566 -0.555426 0
    outer loop
      vertex 67.8613 19.4349 1.4
      vertex 67.7378 19.25 2
      vertex 67.7378 19.25 1.4
    endloop
  endfacet
  facet normal 0.997872 -0.0652057 0
    outer loop
      vertex 67.51 18.4 2
      vertex 67.5245 18.6219 1.4
      vertex 67.5245 18.6219 2
    endloop
  endfacet
  facet normal 0.997872 -0.0652057 0
    outer loop
      vertex 67.5245 18.6219 1.4
      vertex 67.51 18.4 2
      vertex 67.51 18.4 1.4
    endloop
  endfacet
  facet normal 0.195165 -0.98077 0
    outer loop
      vertex 68.77 20.0421 1.4
      vertex 68.9881 20.0855 2
      vertex 68.77 20.0421 2
    endloop
  endfacet
  facet normal 0.195165 -0.98077 0
    outer loop
      vertex 68.9881 20.0855 2
      vertex 68.77 20.0421 1.4
      vertex 68.9881 20.0855 1.4
    endloop
  endfacet
  facet normal 0.659268 0.751908 -0
    outer loop
      vertex 68.1751 16.2513 1.4
      vertex 68.0079 16.3979 2
      vertex 68.1751 16.2513 2
    endloop
  endfacet
  facet normal 0.659268 0.751908 0
    outer loop
      vertex 68.0079 16.3979 2
      vertex 68.1751 16.2513 1.4
      vertex 68.0079 16.3979 1.4
    endloop
  endfacet
  facet normal -0.659268 -0.751908 0
    outer loop
      vertex 70.2449 19.7487 1.4
      vertex 70.4121 19.6021 2
      vertex 70.2449 19.7487 2
    endloop
  endfacet
  facet normal -0.659268 -0.751908 -0
    outer loop
      vertex 70.4121 19.6021 2
      vertex 70.2449 19.7487 1.4
      vertex 70.4121 19.6021 1.4
    endloop
  endfacet
  facet normal -0.751908 -0.659268 0
    outer loop
      vertex 70.5587 19.4349 1.4
      vertex 70.4121 19.6021 2
      vertex 70.4121 19.6021 1.4
    endloop
  endfacet
  facet normal -0.751908 -0.659268 0
    outer loop
      vertex 70.4121 19.6021 2
      vertex 70.5587 19.4349 1.4
      vertex 70.5587 19.4349 2
    endloop
  endfacet
  facet normal -0.44253 -0.896754 0
    outer loop
      vertex 69.8606 19.9706 1.4
      vertex 70.06 19.8722 2
      vertex 69.8606 19.9706 2
    endloop
  endfacet
  facet normal -0.44253 -0.896754 -0
    outer loop
      vertex 70.06 19.8722 2
      vertex 69.8606 19.9706 1.4
      vertex 70.06 19.8722 1.4
    endloop
  endfacet
  facet normal -0.997872 -0.0652057 0
    outer loop
      vertex 70.91 18.4 1.4
      vertex 70.8955 18.6219 2
      vertex 70.8955 18.6219 1.4
    endloop
  endfacet
  facet normal -0.997872 -0.0652057 0
    outer loop
      vertex 70.8955 18.6219 2
      vertex 70.91 18.4 1.4
      vertex 70.91 18.4 2
    endloop
  endfacet
  facet normal 0.896754 -0.44253 0
    outer loop
      vertex 67.6394 19.0506 2
      vertex 67.7378 19.25 1.4
      vertex 67.7378 19.25 2
    endloop
  endfacet
  facet normal 0.896754 -0.44253 0
    outer loop
      vertex 67.7378 19.25 1.4
      vertex 67.6394 19.0506 2
      vertex 67.6394 19.0506 1.4
    endloop
  endfacet
  facet normal 0.98077 -0.195165 0
    outer loop
      vertex 67.5245 18.6219 2
      vertex 67.5679 18.84 1.4
      vertex 67.5679 18.84 2
    endloop
  endfacet
  facet normal 0.98077 -0.195165 0
    outer loop
      vertex 67.5679 18.84 1.4
      vertex 67.5245 18.6219 2
      vertex 67.5245 18.6219 1.4
    endloop
  endfacet
  facet normal 0.997872 0.0652057 0
    outer loop
      vertex 67.5245 17.3781 2
      vertex 67.51 17.6 1.4
      vertex 67.51 17.6 2
    endloop
  endfacet
  facet normal 0.997872 0.0652057 0
    outer loop
      vertex 67.51 17.6 1.4
      vertex 67.5245 17.3781 2
      vertex 67.5245 17.3781 1.4
    endloop
  endfacet
  facet normal 0.0652057 -0.997872 0
    outer loop
      vertex 68.9881 20.0855 1.4
      vertex 69.21 20.1 2
      vertex 68.9881 20.0855 2
    endloop
  endfacet
  facet normal 0.0652057 -0.997872 0
    outer loop
      vertex 69.21 20.1 2
      vertex 68.9881 20.0855 1.4
      vertex 69.21 20.1 1.4
    endloop
  endfacet
  facet normal 0.946915 -0.321484 0
    outer loop
      vertex 67.5679 18.84 2
      vertex 67.6394 19.0506 1.4
      vertex 67.6394 19.0506 2
    endloop
  endfacet
  facet normal 0.946915 -0.321484 0
    outer loop
      vertex 67.6394 19.0506 1.4
      vertex 67.5679 18.84 2
      vertex 67.5679 18.84 1.4
    endloop
  endfacet
  facet normal -0.468323 -0.534131 -0.703831
    outer loop
      vertex 70.2449 19.7487 1.4
      vertex 71.0923 20.8505 0
      vertex 70.4121 19.6021 1.4
    endloop
  endfacet
  facet normal -0.454474 -0.545369 -0.704292
    outer loop
      vertex 71.0923 20.8505 0
      vertex 70.2449 19.7487 1.4
      vertex 71.0911 20.8515 0
    endloop
  endfacet
  facet normal -0.39465 -0.590652 -0.703834
    outer loop
      vertex 70.755 21.0761 0
      vertex 71.0898 20.8524 0
      vertex 70.06 19.8722 1.4
    endloop
  endfacet
  facet normal 0.13864 -0.696716 -0.703822
    outer loop
      vertex 68.77 20.0421 1.4
      vertex 68.4118 21.3851 0
      vertex 68.9881 20.0855 1.4
    endloop
  endfacet
  facet normal 0.130964 -0.698477 -0.703547
    outer loop
      vertex 68.4118 21.3851 0
      vertex 68.77 20.0421 1.4
      vertex 68.4102 21.3848 0
    endloop
  endfacet
  facet normal -0.709611 0 -0.704593
    outer loop
      vertex 72.3001 17.6 0
      vertex 70.91 18.4 1.4
      vertex 72.3001 18.4 0
    endloop
  endfacet
  facet normal -0.709611 -0 -0.704593
    outer loop
      vertex 70.91 18.4 1.4
      vertex 72.3001 17.6 0
      vertex 70.91 17.6 1.4
    endloop
  endfacet
  facet normal 0.314221 -0.637086 -0.703837
    outer loop
      vertex 68.0261 21.2542 0
      vertex 68.36 19.8722 1.4
      vertex 67.665 21.0761 0
    endloop
  endfacet
  facet normal 0.0465868 -0.708861 -0.703808
    outer loop
      vertex 69.2084 21.49 0
      vertex 68.9881 20.0855 1.4
      vertex 68.8067 21.4636 0
    endloop
  endfacet
  facet normal -0.314221 -0.637086 -0.703837
    outer loop
      vertex 70.3939 21.2542 0
      vertex 70.755 21.0761 0
      vertex 70.06 19.8722 1.4
    endloop
  endfacet
  facet normal -0.22468 -0.674039 -0.703697
    outer loop
      vertex 69.8606 19.9706 1.4
      vertex 70.391 21.2554 0
      vertex 70.3925 21.2549 0
    endloop
  endfacet
  facet normal -0.228372 -0.672659 -0.703829
    outer loop
      vertex 70.391 21.2554 0
      vertex 69.8606 19.9706 1.4
      vertex 69.65 20.0421 1.4
    endloop
  endfacet
  facet normal -0.652284 -0.27955 -0.70454
    outer loop
      vertex 70.7806 19.0506 1.4
      vertex 72.0642 19.5839 0
      vertex 72.0648 19.5825 0
    endloop
  endfacet
  facet normal -0.637034 -0.314364 -0.70382
    outer loop
      vertex 72.0642 19.5839 0
      vertex 70.7806 19.0506 1.4
      vertex 70.6822 19.25 1.4
    endloop
  endfacet
  facet normal -0.534059 -0.468426 -0.703816
    outer loop
      vertex 71.396 20.5838 0
      vertex 71.6615 20.2811 0
      vertex 70.5587 19.4349 1.4
    endloop
  endfacet
  facet normal 0.468426 0.534059 -0.703816
    outer loop
      vertex 68.0079 16.3979 1.4
      vertex 67.3277 15.1495 0
      vertex 67.025 15.415 0
    endloop
  endfacet
  facet normal 0.708849 -0.0463195 -0.703838
    outer loop
      vertex 67.51 18.4 1.4
      vertex 66.12 18.4016 0
      vertex 67.5245 18.6219 1.4
    endloop
  endfacet
  facet normal 0.708914 -0.0443072 -0.703901
    outer loop
      vertex 66.12 18.4016 0
      vertex 67.51 18.4 1.4
      vertex 66.1199 18.4 0
    endloop
  endfacet
  facet normal 0.138505 -0.696759 -0.703806
    outer loop
      vertex 68.8067 21.4636 0
      vertex 68.9881 20.0855 1.4
      vertex 68.4118 21.3851 0
    endloop
  endfacet
  facet normal -0.0465868 -0.708861 -0.703808
    outer loop
      vertex 69.6133 21.4636 0
      vertex 69.4319 20.0855 1.4
      vertex 69.2116 21.49 0
    endloop
  endfacet
  facet normal -0.228342 -0.672673 -0.703826
    outer loop
      vertex 70.0098 21.3848 0
      vertex 70.391 21.2554 0
      vertex 69.65 20.0421 1.4
    endloop
  endfacet
  facet normal -0.404166 -0.583796 -0.704154
    outer loop
      vertex 70.2449 19.7487 1.4
      vertex 71.0898 20.8524 0
      vertex 71.0911 20.8515 0
    endloop
  endfacet
  facet normal -0.394562 -0.590725 -0.703821
    outer loop
      vertex 71.0898 20.8524 0
      vertex 70.2449 19.7487 1.4
      vertex 70.06 19.8722 1.4
    endloop
  endfacet
  facet normal -0.534152 -0.468342 -0.703802
    outer loop
      vertex 70.4121 19.6021 1.4
      vertex 71.396 20.5838 0
      vertex 70.5587 19.4349 1.4
    endloop
  endfacet
  facet normal -0.546265 -0.45522 -0.703114
    outer loop
      vertex 71.396 20.5838 0
      vertex 70.4121 19.6021 1.4
      vertex 71.395 20.585 0
    endloop
  endfacet
  facet normal -0.468426 -0.534059 -0.703816
    outer loop
      vertex 71.0923 20.8505 0
      vertex 71.395 20.585 0
      vertex 70.4121 19.6021 1.4
    endloop
  endfacet
  facet normal -0.697999 -0.130875 -0.704038
    outer loop
      vertex 70.8955 18.6219 1.4
      vertex 72.2733 18.8049 0
      vertex 72.2736 18.8033 0
    endloop
  endfacet
  facet normal -0.696732 -0.138644 -0.703806
    outer loop
      vertex 72.2733 18.8049 0
      vertex 70.8955 18.6219 1.4
      vertex 70.8521 18.84 1.4
    endloop
  endfacet
  facet normal -0.672673 -0.228342 -0.703826
    outer loop
      vertex 72.0654 19.581 0
      vertex 72.1948 19.1998 0
      vertex 70.8521 18.84 1.4
    endloop
  endfacet
  facet normal -0.637086 -0.314221 -0.703837
    outer loop
      vertex 71.8861 19.945 0
      vertex 72.0642 19.5839 0
      vertex 70.6822 19.25 1.4
    endloop
  endfacet
  facet normal -0.708841 -0.0465739 -0.703829
    outer loop
      vertex 72.2737 18.8018 0
      vertex 72.3001 18.4 0
      vertex 70.91 18.4 1.4
    endloop
  endfacet
  facet normal -0.672673 0.228342 -0.703826
    outer loop
      vertex 72.1948 16.8002 0
      vertex 72.0654 16.419 0
      vertex 70.8521 17.16 1.4
    endloop
  endfacet
  facet normal 0.454474 0.545369 -0.704292
    outer loop
      vertex 67.3277 15.1495 0
      vertex 68.1751 16.2513 1.4
      vertex 67.3289 15.1485 0
    endloop
  endfacet
  facet normal 0.468323 0.534131 -0.703831
    outer loop
      vertex 68.1751 16.2513 1.4
      vertex 67.3277 15.1495 0
      vertex 68.0079 16.3979 1.4
    endloop
  endfacet
  facet normal 0.590717 -0.394557 -0.703831
    outer loop
      vertex 67.7378 19.25 1.4
      vertex 66.5348 19.9463 0
      vertex 67.8613 19.4349 1.4
    endloop
  endfacet
  facet normal 0.584409 -0.404591 -0.703401
    outer loop
      vertex 66.5348 19.9463 0
      vertex 67.7378 19.25 1.4
      vertex 66.5339 19.945 0
    endloop
  endfacet
  facet normal 0.637034 -0.314364 -0.70382
    outer loop
      vertex 67.6394 19.0506 1.4
      vertex 66.3558 19.5839 0
      vertex 67.7378 19.25 1.4
    endloop
  endfacet
  facet normal 0.635493 -0.317746 -0.703695
    outer loop
      vertex 66.3558 19.5839 0
      vertex 67.6394 19.0506 1.4
      vertex 66.3551 19.5825 0
    endloop
  endfacet
  facet normal -0.130964 -0.698477 -0.703547
    outer loop
      vertex 69.65 20.0421 1.4
      vertex 70.0082 21.3851 0
      vertex 70.0098 21.3848 0
    endloop
  endfacet
  facet normal -0.13864 -0.696716 -0.703822
    outer loop
      vertex 70.0082 21.3851 0
      vertex 69.65 20.0421 1.4
      vertex 69.4319 20.0855 1.4
    endloop
  endfacet
  facet normal -0.138505 -0.696759 -0.703806
    outer loop
      vertex 69.6133 21.4636 0
      vertex 70.0082 21.3851 0
      vertex 69.4319 20.0855 1.4
    endloop
  endfacet
  facet normal -0.314364 -0.637034 -0.70382
    outer loop
      vertex 69.8606 19.9706 1.4
      vertex 70.3939 21.2542 0
      vertex 70.06 19.8722 1.4
    endloop
  endfacet
  facet normal -0.317746 -0.635493 -0.703695
    outer loop
      vertex 70.3939 21.2542 0
      vertex 69.8606 19.9706 1.4
      vertex 70.3925 21.2549 0
    endloop
  endfacet
  facet normal -0.584409 -0.404591 -0.703401
    outer loop
      vertex 70.6822 19.25 1.4
      vertex 71.8852 19.9463 0
      vertex 71.8861 19.945 0
    endloop
  endfacet
  facet normal -0.590717 -0.394557 -0.703831
    outer loop
      vertex 71.8852 19.9463 0
      vertex 70.6822 19.25 1.4
      vertex 70.5587 19.4349 1.4
    endloop
  endfacet
  facet normal -0.590665 -0.394659 -0.703818
    outer loop
      vertex 71.6615 20.2811 0
      vertex 71.8852 19.9463 0
      vertex 70.5587 19.4349 1.4
    endloop
  endfacet
  facet normal -0.672659 -0.228372 -0.703829
    outer loop
      vertex 70.7806 19.0506 1.4
      vertex 72.0654 19.581 0
      vertex 70.8521 18.84 1.4
    endloop
  endfacet
  facet normal -0.658906 -0.263563 -0.70454
    outer loop
      vertex 72.0654 19.581 0
      vertex 70.7806 19.0506 1.4
      vertex 72.0648 19.5825 0
    endloop
  endfacet
  facet normal -0.696744 -0.138502 -0.703822
    outer loop
      vertex 72.1948 19.1998 0
      vertex 72.2733 18.8049 0
      vertex 70.8521 18.84 1.4
    endloop
  endfacet
  facet normal -0.0463195 0.708849 -0.703838
    outer loop
      vertex 69.2116 14.51 0
      vertex 69.21 15.9 1.4
      vertex 69.4319 15.9145 1.4
    endloop
  endfacet
  facet normal -0.0443072 0.708914 -0.703901
    outer loop
      vertex 69.21 15.9 1.4
      vertex 69.2116 14.51 0
      vertex 69.21 14.5099 0
    endloop
  endfacet
  facet normal 0.590665 -0.394659 -0.703818
    outer loop
      vertex 66.7585 20.2811 0
      vertex 67.8613 19.4349 1.4
      vertex 66.5348 19.9463 0
    endloop
  endfacet
  facet normal 0.708914 0.0443072 -0.703901
    outer loop
      vertex 67.51 17.6 1.4
      vertex 66.12 17.5984 0
      vertex 66.1199 17.6 0
    endloop
  endfacet
  facet normal 0.708849 0.0463195 -0.703838
    outer loop
      vertex 66.12 17.5984 0
      vertex 67.51 17.6 1.4
      vertex 67.5245 17.3781 1.4
    endloop
  endfacet
  facet normal 0.394562 -0.590725 -0.703821
    outer loop
      vertex 68.1751 19.7487 1.4
      vertex 67.3302 20.8524 0
      vertex 68.36 19.8722 1.4
    endloop
  endfacet
  facet normal 0.404166 -0.583796 -0.704154
    outer loop
      vertex 67.3302 20.8524 0
      vertex 68.1751 19.7487 1.4
      vertex 67.3289 20.8515 0
    endloop
  endfacet
  facet normal -0.0443072 -0.708914 -0.703901
    outer loop
      vertex 69.2116 21.49 0
      vertex 69.21 20.1 1.4
      vertex 69.21 21.4901 0
    endloop
  endfacet
  facet normal -0.0463195 -0.708849 -0.703838
    outer loop
      vertex 69.21 20.1 1.4
      vertex 69.2116 21.49 0
      vertex 69.4319 20.0855 1.4
    endloop
  endfacet
  facet normal 0.0463195 -0.708849 -0.703838
    outer loop
      vertex 69.2084 21.49 0
      vertex 69.21 20.1 1.4
      vertex 68.9881 20.0855 1.4
    endloop
  endfacet
  facet normal 0.0443072 -0.708914 -0.703901
    outer loop
      vertex 69.21 20.1 1.4
      vertex 69.2084 21.49 0
      vertex 69.21 21.4901 0
    endloop
  endfacet
  facet normal 0.228372 0.672659 -0.703829
    outer loop
      vertex 68.029 14.7446 0
      vertex 68.5594 16.0294 1.4
      vertex 68.77 15.9579 1.4
    endloop
  endfacet
  facet normal 0.22468 0.674039 -0.703697
    outer loop
      vertex 68.5594 16.0294 1.4
      vertex 68.029 14.7446 0
      vertex 68.0275 14.7451 0
    endloop
  endfacet
  facet normal 0.672673 -0.228342 -0.703826
    outer loop
      vertex 66.3546 19.581 0
      vertex 67.5679 18.84 1.4
      vertex 66.2252 19.1998 0
    endloop
  endfacet
  facet normal 0.674039 0.22468 -0.703697
    outer loop
      vertex 66.3546 16.419 0
      vertex 67.6394 16.9494 1.4
      vertex 66.3551 16.4175 0
    endloop
  endfacet
  facet normal 0.672659 0.228372 -0.703829
    outer loop
      vertex 67.6394 16.9494 1.4
      vertex 66.3546 16.419 0
      vertex 67.5679 17.16 1.4
    endloop
  endfacet
  facet normal 0.696759 -0.138505 -0.703806
    outer loop
      vertex 66.2249 19.1982 0
      vertex 67.5245 18.6219 1.4
      vertex 66.1464 18.8033 0
    endloop
  endfacet
  facet normal 0.709611 0 -0.704593
    outer loop
      vertex 67.51 17.6 1.4
      vertex 66.1199 18.4 0
      vertex 67.51 18.4 1.4
    endloop
  endfacet
  facet normal 0.709611 0 -0.704593
    outer loop
      vertex 66.1199 18.4 0
      vertex 67.51 17.6 1.4
      vertex 66.1199 17.6 0
    endloop
  endfacet
  facet normal 0.468426 -0.534059 -0.703816
    outer loop
      vertex 67.3277 20.8505 0
      vertex 68.0079 19.6021 1.4
      vertex 67.025 20.585 0
    endloop
  endfacet
  facet normal 0.534143 -0.468324 -0.703821
    outer loop
      vertex 67.0239 20.5838 0
      vertex 67.8613 19.4349 1.4
      vertex 66.7585 20.2811 0
    endloop
  endfacet
  facet normal -0.708795 -0.047253 -0.70383
    outer loop
      vertex 72.2737 18.8018 0
      vertex 70.8955 18.6219 1.4
      vertex 72.2736 18.8033 0
    endloop
  endfacet
  facet normal -0.708886 -0.046322 -0.7038
    outer loop
      vertex 70.8955 18.6219 1.4
      vertex 72.2737 18.8018 0
      vertex 70.91 18.4 1.4
    endloop
  endfacet
  facet normal -0.708886 0.046322 -0.7038
    outer loop
      vertex 72.2737 17.1982 0
      vertex 70.8955 17.3781 1.4
      vertex 70.91 17.6 1.4
    endloop
  endfacet
  facet normal -0.708795 0.047253 -0.70383
    outer loop
      vertex 70.8955 17.3781 1.4
      vertex 72.2737 17.1982 0
      vertex 72.2736 17.1967 0
    endloop
  endfacet
  facet normal -0.696744 0.138502 -0.703822
    outer loop
      vertex 72.2733 17.1951 0
      vertex 72.1948 16.8002 0
      vertex 70.8521 17.16 1.4
    endloop
  endfacet
  facet normal -0.697999 0.130875 -0.704038
    outer loop
      vertex 72.2733 17.1951 0
      vertex 70.8955 17.3781 1.4
      vertex 72.2736 17.1967 0
    endloop
  endfacet
  facet normal -0.696732 0.138644 -0.703806
    outer loop
      vertex 70.8955 17.3781 1.4
      vertex 72.2733 17.1951 0
      vertex 70.8521 17.16 1.4
    endloop
  endfacet
  facet normal -0.590665 0.394659 -0.703818
    outer loop
      vertex 71.8852 16.0537 0
      vertex 71.6615 15.7189 0
      vertex 70.5587 16.5651 1.4
    endloop
  endfacet
  facet normal 0.523351 0.479738 -0.70424
    outer loop
      vertex 67.0239 15.4162 0
      vertex 68.0079 16.3979 1.4
      vertex 67.025 15.415 0
    endloop
  endfacet
  facet normal 0.534138 0.468329 -0.703822
    outer loop
      vertex 68.0079 16.3979 1.4
      vertex 67.0239 15.4162 0
      vertex 67.8613 16.5651 1.4
    endloop
  endfacet
  facet normal 0.696759 0.138505 -0.703806
    outer loop
      vertex 67.5245 17.3781 1.4
      vertex 66.2249 16.8018 0
      vertex 66.1464 17.1967 0
    endloop
  endfacet
  facet normal 0.708861 0.0465868 -0.703808
    outer loop
      vertex 67.5245 17.3781 1.4
      vertex 66.1464 17.1967 0
      vertex 66.12 17.5984 0
    endloop
  endfacet
  facet normal 0.698477 0.130964 -0.703547
    outer loop
      vertex 66.2249 16.8018 0
      vertex 67.5679 17.16 1.4
      vertex 66.2252 16.8002 0
    endloop
  endfacet
  facet normal 0.696716 0.13864 -0.703822
    outer loop
      vertex 67.5679 17.16 1.4
      vertex 66.2249 16.8018 0
      vertex 67.5245 17.3781 1.4
    endloop
  endfacet
  facet normal 0.672673 0.228342 -0.703826
    outer loop
      vertex 67.5679 17.16 1.4
      vertex 66.3546 16.419 0
      vertex 66.2252 16.8002 0
    endloop
  endfacet
  facet normal 0.637095 0.314225 -0.703827
    outer loop
      vertex 67.6394 16.9494 1.4
      vertex 66.5332 16.0564 0
      vertex 66.3551 16.4175 0
    endloop
  endfacet
  facet normal 0.696716 -0.13864 -0.703822
    outer loop
      vertex 66.2249 19.1982 0
      vertex 67.5679 18.84 1.4
      vertex 67.5245 18.6219 1.4
    endloop
  endfacet
  facet normal 0.698477 -0.130964 -0.703547
    outer loop
      vertex 67.5679 18.84 1.4
      vertex 66.2249 19.1982 0
      vertex 66.2252 19.1998 0
    endloop
  endfacet
  facet normal 0.708861 -0.0465868 -0.703808
    outer loop
      vertex 66.1464 18.8033 0
      vertex 67.5245 18.6219 1.4
      vertex 66.12 18.4016 0
    endloop
  endfacet
  facet normal 0.39465 -0.590652 -0.703834
    outer loop
      vertex 67.665 21.0761 0
      vertex 68.36 19.8722 1.4
      vertex 67.3302 20.8524 0
    endloop
  endfacet
  facet normal 0.468323 -0.534131 -0.703831
    outer loop
      vertex 67.3277 20.8505 0
      vertex 68.1751 19.7487 1.4
      vertex 68.0079 19.6021 1.4
    endloop
  endfacet
  facet normal 0.454474 -0.545369 -0.704292
    outer loop
      vertex 68.1751 19.7487 1.4
      vertex 67.3277 20.8505 0
      vertex 67.3289 20.8515 0
    endloop
  endfacet
  facet normal 0.228342 -0.672673 -0.703826
    outer loop
      vertex 68.4102 21.3848 0
      vertex 68.77 20.0421 1.4
      vertex 68.029 21.2554 0
    endloop
  endfacet
  facet normal 0.637086 -0.314221 -0.703837
    outer loop
      vertex 66.5339 19.945 0
      vertex 67.7378 19.25 1.4
      vertex 66.3558 19.5839 0
    endloop
  endfacet
  facet normal 0.672659 -0.228372 -0.703829
    outer loop
      vertex 66.3546 19.581 0
      vertex 67.6394 19.0506 1.4
      vertex 67.5679 18.84 1.4
    endloop
  endfacet
  facet normal 0.674039 -0.22468 -0.703697
    outer loop
      vertex 67.6394 19.0506 1.4
      vertex 66.3546 19.581 0
      vertex 66.3551 19.5825 0
    endloop
  endfacet
  facet normal 0.534138 -0.468329 -0.703822
    outer loop
      vertex 67.0239 20.5838 0
      vertex 68.0079 19.6021 1.4
      vertex 67.8613 19.4349 1.4
    endloop
  endfacet
  facet normal 0.523351 -0.479738 -0.70424
    outer loop
      vertex 68.0079 19.6021 1.4
      vertex 67.0239 20.5838 0
      vertex 67.025 20.585 0
    endloop
  endfacet
  facet normal -0.708841 0.0465739 -0.703829
    outer loop
      vertex 72.3001 17.6 0
      vertex 72.2737 17.1982 0
      vertex 70.91 17.6 1.4
    endloop
  endfacet
  facet normal -0.637181 0.314091 -0.703809
    outer loop
      vertex 72.0648 16.4175 0
      vertex 71.8868 16.0564 0
      vertex 70.7806 16.9494 1.4
    endloop
  endfacet
  facet normal -0.658906 0.263563 -0.70454
    outer loop
      vertex 70.7806 16.9494 1.4
      vertex 72.0654 16.419 0
      vertex 72.0648 16.4175 0
    endloop
  endfacet
  facet normal -0.672659 0.228372 -0.703829
    outer loop
      vertex 72.0654 16.419 0
      vertex 70.7806 16.9494 1.4
      vertex 70.8521 17.16 1.4
    endloop
  endfacet
  facet normal -0.546265 0.45522 -0.703114
    outer loop
      vertex 70.4121 16.3979 1.4
      vertex 71.396 15.4162 0
      vertex 71.395 15.415 0
    endloop
  endfacet
  facet normal -0.534152 0.468342 -0.703802
    outer loop
      vertex 71.396 15.4162 0
      vertex 70.4121 16.3979 1.4
      vertex 70.5587 16.5651 1.4
    endloop
  endfacet
  facet normal -0.454474 0.545369 -0.704292
    outer loop
      vertex 70.2449 16.2513 1.4
      vertex 71.0923 15.1495 0
      vertex 71.0911 15.1485 0
    endloop
  endfacet
  facet normal -0.468323 0.534131 -0.703831
    outer loop
      vertex 71.0923 15.1495 0
      vertex 70.2449 16.2513 1.4
      vertex 70.4121 16.3979 1.4
    endloop
  endfacet
  facet normal 0.394562 0.590725 -0.703821
    outer loop
      vertex 67.3302 15.1476 0
      vertex 68.1751 16.2513 1.4
      vertex 68.36 16.1278 1.4
    endloop
  endfacet
  facet normal 0.404166 0.583796 -0.704154
    outer loop
      vertex 68.1751 16.2513 1.4
      vertex 67.3302 15.1476 0
      vertex 67.3289 15.1485 0
    endloop
  endfacet
  facet normal 0.635259 0.31763 -0.703958
    outer loop
      vertex 66.5332 16.0564 0
      vertex 67.7378 16.75 1.4
      vertex 66.5339 16.055 0
    endloop
  endfacet
  facet normal 0.637013 0.314353 -0.703844
    outer loop
      vertex 67.7378 16.75 1.4
      vertex 66.5332 16.0564 0
      vertex 67.6394 16.9494 1.4
    endloop
  endfacet
  facet normal 0.534143 0.468324 -0.703821
    outer loop
      vertex 67.8613 16.5651 1.4
      vertex 67.0239 15.4162 0
      vertex 66.7585 15.7189 0
    endloop
  endfacet
  facet normal 0.228372 -0.672659 -0.703829
    outer loop
      vertex 68.5594 19.9706 1.4
      vertex 68.029 21.2554 0
      vertex 68.77 20.0421 1.4
    endloop
  endfacet
  facet normal 0.22468 -0.674039 -0.703697
    outer loop
      vertex 68.029 21.2554 0
      vertex 68.5594 19.9706 1.4
      vertex 68.0275 21.2549 0
    endloop
  endfacet
  facet normal 0.314364 -0.637034 -0.70382
    outer loop
      vertex 68.0261 21.2542 0
      vertex 68.5594 19.9706 1.4
      vertex 68.36 19.8722 1.4
    endloop
  endfacet
  facet normal 0.317746 -0.635493 -0.703695
    outer loop
      vertex 68.5594 19.9706 1.4
      vertex 68.0261 21.2542 0
      vertex 68.0275 21.2549 0
    endloop
  endfacet
  facet normal -0.635259 0.31763 -0.703958
    outer loop
      vertex 70.6822 16.75 1.4
      vertex 71.8868 16.0564 0
      vertex 71.8861 16.055 0
    endloop
  endfacet
  facet normal -0.637013 0.314353 -0.703844
    outer loop
      vertex 71.8868 16.0564 0
      vertex 70.6822 16.75 1.4
      vertex 70.7806 16.9494 1.4
    endloop
  endfacet
  facet normal -0.468426 0.534059 -0.703816
    outer loop
      vertex 71.395 15.415 0
      vertex 71.0923 15.1495 0
      vertex 70.4121 16.3979 1.4
    endloop
  endfacet
  facet normal -0.0465868 0.708861 -0.703808
    outer loop
      vertex 69.4319 15.9145 1.4
      vertex 69.6133 14.5364 0
      vertex 69.2116 14.51 0
    endloop
  endfacet
  facet normal -0.314221 0.637086 -0.703837
    outer loop
      vertex 70.755 14.9239 0
      vertex 70.3939 14.7458 0
      vertex 70.06 16.1278 1.4
    endloop
  endfacet
  facet normal 0.138505 0.696759 -0.703806
    outer loop
      vertex 68.9881 15.9145 1.4
      vertex 68.8067 14.5364 0
      vertex 68.4118 14.6149 0
    endloop
  endfacet
  facet normal 0.39465 0.590652 -0.703834
    outer loop
      vertex 68.36 16.1278 1.4
      vertex 67.665 14.9239 0
      vertex 67.3302 15.1476 0
    endloop
  endfacet
  facet normal 0.314221 0.637086 -0.703837
    outer loop
      vertex 68.36 16.1278 1.4
      vertex 68.0261 14.7458 0
      vertex 67.665 14.9239 0
    endloop
  endfacet
  facet normal 0.590717 0.394557 -0.703831
    outer loop
      vertex 66.5348 16.0537 0
      vertex 67.7378 16.75 1.4
      vertex 67.8613 16.5651 1.4
    endloop
  endfacet
  facet normal 0.584409 0.404591 -0.703401
    outer loop
      vertex 67.7378 16.75 1.4
      vertex 66.5348 16.0537 0
      vertex 66.5339 16.055 0
    endloop
  endfacet
  facet normal 0.590665 0.394659 -0.703818
    outer loop
      vertex 67.8613 16.5651 1.4
      vertex 66.7585 15.7189 0
      vertex 66.5348 16.0537 0
    endloop
  endfacet
  facet normal -0.584409 0.404591 -0.703401
    outer loop
      vertex 71.8852 16.0537 0
      vertex 70.6822 16.75 1.4
      vertex 71.8861 16.055 0
    endloop
  endfacet
  facet normal -0.590717 0.394557 -0.703831
    outer loop
      vertex 70.6822 16.75 1.4
      vertex 71.8852 16.0537 0
      vertex 70.5587 16.5651 1.4
    endloop
  endfacet
  facet normal -0.534059 0.468426 -0.703816
    outer loop
      vertex 71.6615 15.7189 0
      vertex 71.396 15.4162 0
      vertex 70.5587 16.5651 1.4
    endloop
  endfacet
  facet normal -0.404166 0.583796 -0.704154
    outer loop
      vertex 71.0898 15.1476 0
      vertex 70.2449 16.2513 1.4
      vertex 71.0911 15.1485 0
    endloop
  endfacet
  facet normal -0.394562 0.590725 -0.703821
    outer loop
      vertex 70.2449 16.2513 1.4
      vertex 71.0898 15.1476 0
      vertex 70.06 16.1278 1.4
    endloop
  endfacet
  facet normal -0.39465 0.590652 -0.703834
    outer loop
      vertex 71.0898 15.1476 0
      vertex 70.755 14.9239 0
      vertex 70.06 16.1278 1.4
    endloop
  endfacet
  facet normal -0.130964 0.698477 -0.703547
    outer loop
      vertex 70.0082 14.6149 0
      vertex 69.65 15.9579 1.4
      vertex 70.0098 14.6152 0
    endloop
  endfacet
  facet normal -0.13864 0.696716 -0.703822
    outer loop
      vertex 69.65 15.9579 1.4
      vertex 70.0082 14.6149 0
      vertex 69.4319 15.9145 1.4
    endloop
  endfacet
  facet normal -0.138505 0.696759 -0.703806
    outer loop
      vertex 70.0082 14.6149 0
      vertex 69.6133 14.5364 0
      vertex 69.4319 15.9145 1.4
    endloop
  endfacet
  facet normal -0.22468 0.674039 -0.703697
    outer loop
      vertex 70.391 14.7446 0
      vertex 69.8606 16.0294 1.4
      vertex 70.3925 14.7451 0
    endloop
  endfacet
  facet normal -0.228372 0.672659 -0.703829
    outer loop
      vertex 69.8606 16.0294 1.4
      vertex 70.391 14.7446 0
      vertex 69.65 15.9579 1.4
    endloop
  endfacet
  facet normal -0.317746 0.635493 -0.703695
    outer loop
      vertex 69.8606 16.0294 1.4
      vertex 70.3939 14.7458 0
      vertex 70.3925 14.7451 0
    endloop
  endfacet
  facet normal -0.314364 0.637034 -0.70382
    outer loop
      vertex 70.3939 14.7458 0
      vertex 69.8606 16.0294 1.4
      vertex 70.06 16.1278 1.4
    endloop
  endfacet
  facet normal 0.0465868 0.708861 -0.703808
    outer loop
      vertex 68.9881 15.9145 1.4
      vertex 69.2084 14.51 0
      vertex 68.8067 14.5364 0
    endloop
  endfacet
  facet normal 0.0443072 0.708914 -0.703901
    outer loop
      vertex 69.2084 14.51 0
      vertex 69.21 15.9 1.4
      vertex 69.21 14.5099 0
    endloop
  endfacet
  facet normal 0.0463195 0.708849 -0.703838
    outer loop
      vertex 69.21 15.9 1.4
      vertex 69.2084 14.51 0
      vertex 68.9881 15.9145 1.4
    endloop
  endfacet
  facet normal 0.13864 0.696716 -0.703822
    outer loop
      vertex 68.4118 14.6149 0
      vertex 68.77 15.9579 1.4
      vertex 68.9881 15.9145 1.4
    endloop
  endfacet
  facet normal 0.130964 0.698477 -0.703547
    outer loop
      vertex 68.77 15.9579 1.4
      vertex 68.4118 14.6149 0
      vertex 68.4102 14.6152 0
    endloop
  endfacet
  facet normal 0.228342 0.672673 -0.703826
    outer loop
      vertex 68.77 15.9579 1.4
      vertex 68.4102 14.6152 0
      vertex 68.029 14.7446 0
    endloop
  endfacet
  facet normal 0.317746 0.635493 -0.703695
    outer loop
      vertex 68.0261 14.7458 0
      vertex 68.5594 16.0294 1.4
      vertex 68.0275 14.7451 0
    endloop
  endfacet
  facet normal 0.314364 0.637034 -0.70382
    outer loop
      vertex 68.5594 16.0294 1.4
      vertex 68.0261 14.7458 0
      vertex 68.36 16.1278 1.4
    endloop
  endfacet
  facet normal -0.228342 0.672673 -0.703826
    outer loop
      vertex 70.391 14.7446 0
      vertex 70.0098 14.6152 0
      vertex 69.65 15.9579 1.4
    endloop
  endfacet
  facet normal -0.831566 0.555426 0
    outer loop
      vertex 70.5587 93.1651 1.4
      vertex 70.6822 93.35 2
      vertex 70.6822 93.35 1.4
    endloop
  endfacet
  facet normal -0.831566 0.555426 0
    outer loop
      vertex 70.6822 93.35 2
      vertex 70.5587 93.1651 1.4
      vertex 70.5587 93.1651 2
    endloop
  endfacet
  facet normal -0.659268 -0.751908 0
    outer loop
      vertex 70.2449 96.3487 1.4
      vertex 70.4121 96.2021 2
      vertex 70.2449 96.3487 2
    endloop
  endfacet
  facet normal -0.659268 -0.751908 -0
    outer loop
      vertex 70.4121 96.2021 2
      vertex 70.2449 96.3487 1.4
      vertex 70.4121 96.2021 1.4
    endloop
  endfacet
  facet normal -0.997872 -0.0652057 0
    outer loop
      vertex 70.91 95 1.4
      vertex 70.8955 95.2219 2
      vertex 70.8955 95.2219 1.4
    endloop
  endfacet
  facet normal -0.997872 -0.0652057 0
    outer loop
      vertex 70.8955 95.2219 2
      vertex 70.91 95 1.4
      vertex 70.91 95 2
    endloop
  endfacet
  facet normal -0.98077 0.195165 0
    outer loop
      vertex 70.8521 93.76 1.4
      vertex 70.8955 93.9781 2
      vertex 70.8955 93.9781 1.4
    endloop
  endfacet
  facet normal -0.98077 0.195165 0
    outer loop
      vertex 70.8955 93.9781 2
      vertex 70.8521 93.76 1.4
      vertex 70.8521 93.76 2
    endloop
  endfacet
  facet normal -0.0652057 0.997872 0
    outer loop
      vertex 69.4319 92.5145 1.4
      vertex 69.21 92.5 2
      vertex 69.4319 92.5145 2
    endloop
  endfacet
  facet normal -0.0652057 0.997872 0
    outer loop
      vertex 69.21 92.5 2
      vertex 69.4319 92.5145 1.4
      vertex 69.21 92.5 1.4
    endloop
  endfacet
  facet normal -0.751908 0.659268 0
    outer loop
      vertex 70.4121 92.9979 1.4
      vertex 70.5587 93.1651 2
      vertex 70.5587 93.1651 1.4
    endloop
  endfacet
  facet normal -0.751908 0.659268 0
    outer loop
      vertex 70.5587 93.1651 2
      vertex 70.4121 92.9979 1.4
      vertex 70.4121 92.9979 2
    endloop
  endfacet
  facet normal -0.896754 -0.44253 0
    outer loop
      vertex 70.7806 95.6506 1.4
      vertex 70.6822 95.85 2
      vertex 70.6822 95.85 1.4
    endloop
  endfacet
  facet normal -0.896754 -0.44253 0
    outer loop
      vertex 70.6822 95.85 2
      vertex 70.7806 95.6506 1.4
      vertex 70.7806 95.6506 2
    endloop
  endfacet
  facet normal -0.98077 -0.195165 0
    outer loop
      vertex 70.8955 95.2219 1.4
      vertex 70.8521 95.44 2
      vertex 70.8521 95.44 1.4
    endloop
  endfacet
  facet normal -0.98077 -0.195165 0
    outer loop
      vertex 70.8521 95.44 2
      vertex 70.8955 95.2219 1.4
      vertex 70.8955 95.2219 2
    endloop
  endfacet
  facet normal -0.831566 -0.555426 0
    outer loop
      vertex 70.6822 95.85 1.4
      vertex 70.5587 96.0349 2
      vertex 70.5587 96.0349 1.4
    endloop
  endfacet
  facet normal -0.831566 -0.555426 0
    outer loop
      vertex 70.5587 96.0349 2
      vertex 70.6822 95.85 1.4
      vertex 70.6822 95.85 2
    endloop
  endfacet
  facet normal -0.44253 0.896754 0
    outer loop
      vertex 70.06 92.7278 1.4
      vertex 69.8606 92.6294 2
      vertex 70.06 92.7278 2
    endloop
  endfacet
  facet normal -0.44253 0.896754 0
    outer loop
      vertex 69.8606 92.6294 2
      vertex 70.06 92.7278 1.4
      vertex 69.8606 92.6294 1.4
    endloop
  endfacet
  facet normal 0.321484 0.946915 -0
    outer loop
      vertex 68.77 92.5579 1.4
      vertex 68.5594 92.6294 2
      vertex 68.77 92.5579 2
    endloop
  endfacet
  facet normal 0.321484 0.946915 0
    outer loop
      vertex 68.5594 92.6294 2
      vertex 68.77 92.5579 1.4
      vertex 68.5594 92.6294 1.4
    endloop
  endfacet
  facet normal 0.896754 -0.44253 0
    outer loop
      vertex 67.6394 95.6506 2
      vertex 67.7378 95.85 1.4
      vertex 67.7378 95.85 2
    endloop
  endfacet
  facet normal 0.896754 -0.44253 0
    outer loop
      vertex 67.7378 95.85 1.4
      vertex 67.6394 95.6506 2
      vertex 67.6394 95.6506 1.4
    endloop
  endfacet
  facet normal 0.98077 0.195165 0
    outer loop
      vertex 67.5679 93.76 2
      vertex 67.5245 93.9781 1.4
      vertex 67.5245 93.9781 2
    endloop
  endfacet
  facet normal 0.98077 0.195165 0
    outer loop
      vertex 67.5245 93.9781 1.4
      vertex 67.5679 93.76 2
      vertex 67.5679 93.76 1.4
    endloop
  endfacet
  facet normal 0.659268 0.751908 -0
    outer loop
      vertex 68.1751 92.8513 1.4
      vertex 68.0079 92.9979 2
      vertex 68.1751 92.8513 2
    endloop
  endfacet
  facet normal 0.659268 0.751908 0
    outer loop
      vertex 68.0079 92.9979 2
      vertex 68.1751 92.8513 1.4
      vertex 68.0079 92.9979 1.4
    endloop
  endfacet
  facet normal -0.555426 -0.831566 0
    outer loop
      vertex 70.06 96.4722 1.4
      vertex 70.2449 96.3487 2
      vertex 70.06 96.4722 2
    endloop
  endfacet
  facet normal -0.555426 -0.831566 -0
    outer loop
      vertex 70.2449 96.3487 2
      vertex 70.06 96.4722 1.4
      vertex 70.2449 96.3487 1.4
    endloop
  endfacet
  facet normal 0.659268 -0.751908 0
    outer loop
      vertex 68.0079 96.2021 1.4
      vertex 68.1751 96.3487 2
      vertex 68.0079 96.2021 2
    endloop
  endfacet
  facet normal 0.659268 -0.751908 0
    outer loop
      vertex 68.1751 96.3487 2
      vertex 68.0079 96.2021 1.4
      vertex 68.1751 96.3487 1.4
    endloop
  endfacet
  facet normal -0.946915 -0.321484 0
    outer loop
      vertex 70.8521 95.44 1.4
      vertex 70.7806 95.6506 2
      vertex 70.7806 95.6506 1.4
    endloop
  endfacet
  facet normal -0.946915 -0.321484 0
    outer loop
      vertex 70.7806 95.6506 2
      vertex 70.8521 95.44 1.4
      vertex 70.8521 95.44 2
    endloop
  endfacet
  facet normal -0.751908 -0.659268 0
    outer loop
      vertex 70.5587 96.0349 1.4
      vertex 70.4121 96.2021 2
      vertex 70.4121 96.2021 1.4
    endloop
  endfacet
  facet normal -0.751908 -0.659268 0
    outer loop
      vertex 70.4121 96.2021 2
      vertex 70.5587 96.0349 1.4
      vertex 70.5587 96.0349 2
    endloop
  endfacet
  facet normal -0.997872 0.0652057 0
    outer loop
      vertex 70.8955 93.9781 1.4
      vertex 70.91 94.2 2
      vertex 70.91 94.2 1.4
    endloop
  endfacet
  facet normal -0.997872 0.0652057 0
    outer loop
      vertex 70.91 94.2 2
      vertex 70.8955 93.9781 1.4
      vertex 70.8955 93.9781 2
    endloop
  endfacet
  facet normal -1 0 0
    outer loop
      vertex 70.91 94.2 1.4
      vertex 70.91 95 2
      vertex 70.91 95 1.4
    endloop
  endfacet
  facet normal -1 -0 0
    outer loop
      vertex 70.91 95 2
      vertex 70.91 94.2 1.4
      vertex 70.91 94.2 2
    endloop
  endfacet
  facet normal -0.896754 0.44253 0
    outer loop
      vertex 70.6822 93.35 1.4
      vertex 70.7806 93.5494 2
      vertex 70.7806 93.5494 1.4
    endloop
  endfacet
  facet normal -0.896754 0.44253 0
    outer loop
      vertex 70.7806 93.5494 2
      vertex 70.6822 93.35 1.4
      vertex 70.6822 93.35 2
    endloop
  endfacet
  facet normal -0.659268 0.751908 0
    outer loop
      vertex 70.4121 92.9979 1.4
      vertex 70.2449 92.8513 2
      vertex 70.4121 92.9979 2
    endloop
  endfacet
  facet normal -0.659268 0.751908 0
    outer loop
      vertex 70.2449 92.8513 2
      vertex 70.4121 92.9979 1.4
      vertex 70.2449 92.8513 1.4
    endloop
  endfacet
  facet normal 0.997872 -0.0652057 0
    outer loop
      vertex 67.51 95 2
      vertex 67.5245 95.2219 1.4
      vertex 67.5245 95.2219 2
    endloop
  endfacet
  facet normal 0.997872 -0.0652057 0
    outer loop
      vertex 67.5245 95.2219 1.4
      vertex 67.51 95 2
      vertex 67.51 95 1.4
    endloop
  endfacet
  facet normal 0.0652057 -0.997872 0
    outer loop
      vertex 68.9881 96.6855 1.4
      vertex 69.21 96.7 2
      vertex 68.9881 96.6855 2
    endloop
  endfacet
  facet normal 0.0652057 -0.997872 0
    outer loop
      vertex 69.21 96.7 2
      vertex 68.9881 96.6855 1.4
      vertex 69.21 96.7 1.4
    endloop
  endfacet
  facet normal -0.0652057 -0.997872 0
    outer loop
      vertex 69.21 96.7 1.4
      vertex 69.4319 96.6855 2
      vertex 69.21 96.7 2
    endloop
  endfacet
  facet normal -0.0652057 -0.997872 -0
    outer loop
      vertex 69.4319 96.6855 2
      vertex 69.21 96.7 1.4
      vertex 69.4319 96.6855 1.4
    endloop
  endfacet
  facet normal -0.321484 -0.946915 0
    outer loop
      vertex 69.65 96.6421 1.4
      vertex 69.8606 96.5706 2
      vertex 69.65 96.6421 2
    endloop
  endfacet
  facet normal -0.321484 -0.946915 -0
    outer loop
      vertex 69.8606 96.5706 2
      vertex 69.65 96.6421 1.4
      vertex 69.8606 96.5706 1.4
    endloop
  endfacet
  facet normal -0.44253 -0.896754 0
    outer loop
      vertex 69.8606 96.5706 1.4
      vertex 70.06 96.4722 2
      vertex 69.8606 96.5706 2
    endloop
  endfacet
  facet normal -0.44253 -0.896754 -0
    outer loop
      vertex 70.06 96.4722 2
      vertex 69.8606 96.5706 1.4
      vertex 70.06 96.4722 1.4
    endloop
  endfacet
  facet normal 0.321484 -0.946915 0
    outer loop
      vertex 68.5594 96.5706 1.4
      vertex 68.77 96.6421 2
      vertex 68.5594 96.5706 2
    endloop
  endfacet
  facet normal 0.321484 -0.946915 0
    outer loop
      vertex 68.77 96.6421 2
      vertex 68.5594 96.5706 1.4
      vertex 68.77 96.6421 1.4
    endloop
  endfacet
  facet normal 0.44253 -0.896754 0
    outer loop
      vertex 68.36 96.4722 1.4
      vertex 68.5594 96.5706 2
      vertex 68.36 96.4722 2
    endloop
  endfacet
  facet normal 0.44253 -0.896754 0
    outer loop
      vertex 68.5594 96.5706 2
      vertex 68.36 96.4722 1.4
      vertex 68.5594 96.5706 1.4
    endloop
  endfacet
  facet normal 0.831566 -0.555426 0
    outer loop
      vertex 67.7378 95.85 2
      vertex 67.8613 96.0349 1.4
      vertex 67.8613 96.0349 2
    endloop
  endfacet
  facet normal 0.831566 -0.555426 0
    outer loop
      vertex 67.8613 96.0349 1.4
      vertex 67.7378 95.85 2
      vertex 67.7378 95.85 1.4
    endloop
  endfacet
  facet normal 0.751908 -0.659268 0
    outer loop
      vertex 67.8613 96.0349 2
      vertex 68.0079 96.2021 1.4
      vertex 68.0079 96.2021 2
    endloop
  endfacet
  facet normal 0.751908 -0.659268 0
    outer loop
      vertex 68.0079 96.2021 1.4
      vertex 67.8613 96.0349 2
      vertex 67.8613 96.0349 1.4
    endloop
  endfacet
  facet normal -0.321484 0.946915 0
    outer loop
      vertex 69.8606 92.6294 1.4
      vertex 69.65 92.5579 2
      vertex 69.8606 92.6294 2
    endloop
  endfacet
  facet normal -0.321484 0.946915 0
    outer loop
      vertex 69.65 92.5579 2
      vertex 69.8606 92.6294 1.4
      vertex 69.65 92.5579 1.4
    endloop
  endfacet
  facet normal -0.195165 0.98077 0
    outer loop
      vertex 69.65 92.5579 1.4
      vertex 69.4319 92.5145 2
      vertex 69.65 92.5579 2
    endloop
  endfacet
  facet normal -0.195165 0.98077 0
    outer loop
      vertex 69.4319 92.5145 2
      vertex 69.65 92.5579 1.4
      vertex 69.4319 92.5145 1.4
    endloop
  endfacet
  facet normal 0.555426 0.831566 -0
    outer loop
      vertex 68.36 92.7278 1.4
      vertex 68.1751 92.8513 2
      vertex 68.36 92.7278 2
    endloop
  endfacet
  facet normal 0.555426 0.831566 0
    outer loop
      vertex 68.1751 92.8513 2
      vertex 68.36 92.7278 1.4
      vertex 68.1751 92.8513 1.4
    endloop
  endfacet
  facet normal 0.44253 0.896754 -0
    outer loop
      vertex 68.5594 92.6294 1.4
      vertex 68.36 92.7278 2
      vertex 68.5594 92.6294 2
    endloop
  endfacet
  facet normal 0.44253 0.896754 0
    outer loop
      vertex 68.36 92.7278 2
      vertex 68.5594 92.6294 1.4
      vertex 68.36 92.7278 1.4
    endloop
  endfacet
  facet normal 0.195165 0.98077 -0
    outer loop
      vertex 68.9881 92.5145 1.4
      vertex 68.77 92.5579 2
      vertex 68.9881 92.5145 2
    endloop
  endfacet
  facet normal 0.195165 0.98077 0
    outer loop
      vertex 68.77 92.5579 2
      vertex 68.9881 92.5145 1.4
      vertex 68.77 92.5579 1.4
    endloop
  endfacet
  facet normal 0.0652057 0.997872 -0
    outer loop
      vertex 69.21 92.5 1.4
      vertex 68.9881 92.5145 2
      vertex 69.21 92.5 2
    endloop
  endfacet
  facet normal 0.0652057 0.997872 0
    outer loop
      vertex 68.9881 92.5145 2
      vertex 69.21 92.5 1.4
      vertex 68.9881 92.5145 1.4
    endloop
  endfacet
  facet normal 0.98077 -0.195165 0
    outer loop
      vertex 67.5245 95.2219 2
      vertex 67.5679 95.44 1.4
      vertex 67.5679 95.44 2
    endloop
  endfacet
  facet normal 0.98077 -0.195165 0
    outer loop
      vertex 67.5679 95.44 1.4
      vertex 67.5245 95.2219 2
      vertex 67.5245 95.2219 1.4
    endloop
  endfacet
  facet normal 0.997872 0.0652057 0
    outer loop
      vertex 67.5245 93.9781 2
      vertex 67.51 94.2 1.4
      vertex 67.51 94.2 2
    endloop
  endfacet
  facet normal 0.997872 0.0652057 0
    outer loop
      vertex 67.51 94.2 1.4
      vertex 67.5245 93.9781 2
      vertex 67.5245 93.9781 1.4
    endloop
  endfacet
  facet normal 1 -0 0
    outer loop
      vertex 67.51 94.2 2
      vertex 67.51 95 1.4
      vertex 67.51 95 2
    endloop
  endfacet
  facet normal 1 0 0
    outer loop
      vertex 67.51 95 1.4
      vertex 67.51 94.2 2
      vertex 67.51 94.2 1.4
    endloop
  endfacet
  facet normal 0.946915 0.321484 0
    outer loop
      vertex 67.6394 93.5494 2
      vertex 67.5679 93.76 1.4
      vertex 67.5679 93.76 2
    endloop
  endfacet
  facet normal 0.946915 0.321484 0
    outer loop
      vertex 67.5679 93.76 1.4
      vertex 67.6394 93.5494 2
      vertex 67.6394 93.5494 1.4
    endloop
  endfacet
  facet normal 0.751908 0.659268 0
    outer loop
      vertex 68.0079 92.9979 2
      vertex 67.8613 93.1651 1.4
      vertex 67.8613 93.1651 2
    endloop
  endfacet
  facet normal 0.751908 0.659268 0
    outer loop
      vertex 67.8613 93.1651 1.4
      vertex 68.0079 92.9979 2
      vertex 68.0079 92.9979 1.4
    endloop
  endfacet
  facet normal 0.195165 -0.98077 0
    outer loop
      vertex 68.77 96.6421 1.4
      vertex 68.9881 96.6855 2
      vertex 68.77 96.6421 2
    endloop
  endfacet
  facet normal 0.195165 -0.98077 0
    outer loop
      vertex 68.9881 96.6855 2
      vertex 68.77 96.6421 1.4
      vertex 68.9881 96.6855 1.4
    endloop
  endfacet
  facet normal -0.195165 -0.98077 0
    outer loop
      vertex 69.4319 96.6855 1.4
      vertex 69.65 96.6421 2
      vertex 69.4319 96.6855 2
    endloop
  endfacet
  facet normal -0.195165 -0.98077 -0
    outer loop
      vertex 69.65 96.6421 2
      vertex 69.4319 96.6855 1.4
      vertex 69.65 96.6421 1.4
    endloop
  endfacet
  facet normal 0.555426 -0.831566 0
    outer loop
      vertex 68.1751 96.3487 1.4
      vertex 68.36 96.4722 2
      vertex 68.1751 96.3487 2
    endloop
  endfacet
  facet normal 0.555426 -0.831566 0
    outer loop
      vertex 68.36 96.4722 2
      vertex 68.1751 96.3487 1.4
      vertex 68.36 96.4722 1.4
    endloop
  endfacet
  facet normal -0.946915 0.321484 0
    outer loop
      vertex 70.7806 93.5494 1.4
      vertex 70.8521 93.76 2
      vertex 70.8521 93.76 1.4
    endloop
  endfacet
  facet normal -0.946915 0.321484 0
    outer loop
      vertex 70.8521 93.76 2
      vertex 70.7806 93.5494 1.4
      vertex 70.7806 93.5494 2
    endloop
  endfacet
  facet normal -0.555426 0.831566 0
    outer loop
      vertex 70.2449 92.8513 1.4
      vertex 70.06 92.7278 2
      vertex 70.2449 92.8513 2
    endloop
  endfacet
  facet normal -0.555426 0.831566 0
    outer loop
      vertex 70.06 92.7278 2
      vertex 70.2449 92.8513 1.4
      vertex 70.06 92.7278 1.4
    endloop
  endfacet
  facet normal 0.946915 -0.321484 0
    outer loop
      vertex 67.5679 95.44 2
      vertex 67.6394 95.6506 1.4
      vertex 67.6394 95.6506 2
    endloop
  endfacet
  facet normal 0.946915 -0.321484 0
    outer loop
      vertex 67.6394 95.6506 1.4
      vertex 67.5679 95.44 2
      vertex 67.5679 95.44 1.4
    endloop
  endfacet
  facet normal 0.831566 0.555426 0
    outer loop
      vertex 67.8613 93.1651 2
      vertex 67.7378 93.35 1.4
      vertex 67.7378 93.35 2
    endloop
  endfacet
  facet normal 0.831566 0.555426 0
    outer loop
      vertex 67.7378 93.35 1.4
      vertex 67.8613 93.1651 2
      vertex 67.8613 93.1651 1.4
    endloop
  endfacet
  facet normal 0.896754 0.44253 0
    outer loop
      vertex 67.7378 93.35 2
      vertex 67.6394 93.5494 1.4
      vertex 67.6394 93.5494 2
    endloop
  endfacet
  facet normal 0.896754 0.44253 0
    outer loop
      vertex 67.6394 93.5494 1.4
      vertex 67.7378 93.35 2
      vertex 67.7378 93.35 1.4
    endloop
  endfacet
  facet normal -0.138502 0.696744 -0.703822
    outer loop
      vertex 69.65 92.5579 1.4
      vertex 70.0098 91.2152 0
      vertex 69.6149 91.1367 0
    endloop
  endfacet
  facet normal 0.314225 0.637095 -0.703827
    outer loop
      vertex 68.5594 92.6294 1.4
      vertex 68.0275 91.3451 0
      vertex 67.6664 91.5232 0
    endloop
  endfacet
  facet normal 0.708861 0.0465868 -0.703808
    outer loop
      vertex 67.5245 93.9781 1.4
      vertex 66.1464 93.7967 0
      vertex 66.12 94.1984 0
    endloop
  endfacet
  facet normal -0.708795 -0.047253 -0.70383
    outer loop
      vertex 72.2737 95.4018 0
      vertex 70.8955 95.2219 1.4
      vertex 72.2736 95.4033 0
    endloop
  endfacet
  facet normal -0.708886 -0.046322 -0.7038
    outer loop
      vertex 70.8955 95.2219 1.4
      vertex 72.2737 95.4018 0
      vertex 70.91 95 1.4
    endloop
  endfacet
  facet normal -0.590665 -0.394659 -0.703818
    outer loop
      vertex 71.6615 96.8811 0
      vertex 71.8852 96.5463 0
      vertex 70.5587 96.0349 1.4
    endloop
  endfacet
  facet normal 0.046322 0.708886 -0.7038
    outer loop
      vertex 68.8082 91.1363 0
      vertex 68.9881 92.5145 1.4
      vertex 69.21 92.5 1.4
    endloop
  endfacet
  facet normal 0.047253 0.708795 -0.70383
    outer loop
      vertex 68.9881 92.5145 1.4
      vertex 68.8082 91.1363 0
      vertex 68.8067 91.1364 0
    endloop
  endfacet
  facet normal 0.590665 -0.394659 -0.703818
    outer loop
      vertex 66.7585 96.8811 0
      vertex 67.8613 96.0349 1.4
      vertex 66.5348 96.5463 0
    endloop
  endfacet
  facet normal -0.590665 0.394659 -0.703818
    outer loop
      vertex 71.8852 92.6537 0
      vertex 71.6615 92.3189 0
      vertex 70.5587 93.1651 1.4
    endloop
  endfacet
  facet normal -0.708841 0.0465739 -0.703829
    outer loop
      vertex 72.3001 94.2 0
      vertex 72.2737 93.7982 0
      vertex 70.91 94.2 1.4
    endloop
  endfacet
  facet normal -0.22468 0.674039 -0.703697
    outer loop
      vertex 70.391 91.3446 0
      vertex 69.8606 92.6294 1.4
      vertex 70.3925 91.3451 0
    endloop
  endfacet
  facet normal -0.228372 0.672659 -0.703829
    outer loop
      vertex 69.8606 92.6294 1.4
      vertex 70.391 91.3446 0
      vertex 69.65 92.5579 1.4
    endloop
  endfacet
  facet normal -0.228342 0.672673 -0.703826
    outer loop
      vertex 70.391 91.3446 0
      vertex 70.0098 91.2152 0
      vertex 69.65 92.5579 1.4
    endloop
  endfacet
  facet normal 0.468426 0.534059 -0.703816
    outer loop
      vertex 68.0079 92.9979 1.4
      vertex 67.3277 91.7495 0
      vertex 67.025 92.015 0
    endloop
  endfacet
  facet normal 0.523351 0.479738 -0.70424
    outer loop
      vertex 67.0239 92.0162 0
      vertex 68.0079 92.9979 1.4
      vertex 67.025 92.015 0
    endloop
  endfacet
  facet normal 0.534138 0.468329 -0.703822
    outer loop
      vertex 68.0079 92.9979 1.4
      vertex 67.0239 92.0162 0
      vertex 67.8613 93.1651 1.4
    endloop
  endfacet
  facet normal 0.696759 0.138505 -0.703806
    outer loop
      vertex 67.5245 93.9781 1.4
      vertex 66.2249 93.4018 0
      vertex 66.1464 93.7967 0
    endloop
  endfacet
  facet normal 0.709611 0 -0.704593
    outer loop
      vertex 67.51 94.2 1.4
      vertex 66.1199 95 0
      vertex 67.51 95 1.4
    endloop
  endfacet
  facet normal 0.709611 0 -0.704593
    outer loop
      vertex 66.1199 95 0
      vertex 67.51 94.2 1.4
      vertex 66.1199 94.2 0
    endloop
  endfacet
  facet normal 0.0465739 -0.708841 -0.703829
    outer loop
      vertex 69.21 98.0901 0
      vertex 69.21 96.7 1.4
      vertex 68.8082 98.0637 0
    endloop
  endfacet
  facet normal -0.708886 0.046322 -0.7038
    outer loop
      vertex 72.2737 93.7982 0
      vertex 70.8955 93.9781 1.4
      vertex 70.91 94.2 1.4
    endloop
  endfacet
  facet normal -0.708795 0.047253 -0.70383
    outer loop
      vertex 70.8955 93.9781 1.4
      vertex 72.2737 93.7982 0
      vertex 72.2736 93.7967 0
    endloop
  endfacet
  facet normal -0.534059 0.468426 -0.703816
    outer loop
      vertex 71.6615 92.3189 0
      vertex 71.396 92.0162 0
      vertex 70.5587 93.1651 1.4
    endloop
  endfacet
  facet normal -0.046322 -0.708886 -0.7038
    outer loop
      vertex 69.6118 98.0637 0
      vertex 69.4319 96.6855 1.4
      vertex 69.21 96.7 1.4
    endloop
  endfacet
  facet normal -0.047253 -0.708795 -0.70383
    outer loop
      vertex 69.4319 96.6855 1.4
      vertex 69.6118 98.0637 0
      vertex 69.6133 98.0636 0
    endloop
  endfacet
  facet normal -0.31763 0.635259 -0.703958
    outer loop
      vertex 70.7536 91.5232 0
      vertex 70.06 92.7278 1.4
      vertex 70.755 91.5239 0
    endloop
  endfacet
  facet normal -0.314353 0.637013 -0.703844
    outer loop
      vertex 70.06 92.7278 1.4
      vertex 70.7536 91.5232 0
      vertex 69.8606 92.6294 1.4
    endloop
  endfacet
  facet normal -0.314225 0.637095 -0.703827
    outer loop
      vertex 70.7536 91.5232 0
      vertex 70.3925 91.3451 0
      vertex 69.8606 92.6294 1.4
    endloop
  endfacet
  facet normal 0.228372 0.672659 -0.703829
    outer loop
      vertex 68.029 91.3446 0
      vertex 68.5594 92.6294 1.4
      vertex 68.77 92.5579 1.4
    endloop
  endfacet
  facet normal 0.22468 0.674039 -0.703697
    outer loop
      vertex 68.5594 92.6294 1.4
      vertex 68.029 91.3446 0
      vertex 68.0275 91.3451 0
    endloop
  endfacet
  facet normal 0.138502 0.696744 -0.703822
    outer loop
      vertex 68.77 92.5579 1.4
      vertex 68.8051 91.1367 0
      vertex 68.4102 91.2152 0
    endloop
  endfacet
  facet normal -0.0465739 0.708841 -0.703829
    outer loop
      vertex 69.21 92.5 1.4
      vertex 69.6118 91.1363 0
      vertex 69.21 91.1099 0
    endloop
  endfacet
  facet normal 0.0465739 0.708841 -0.703829
    outer loop
      vertex 69.21 92.5 1.4
      vertex 69.21 91.1099 0
      vertex 68.8082 91.1363 0
    endloop
  endfacet
  facet normal -0.047253 0.708795 -0.70383
    outer loop
      vertex 69.6118 91.1363 0
      vertex 69.4319 92.5145 1.4
      vertex 69.6133 91.1364 0
    endloop
  endfacet
  facet normal -0.046322 0.708886 -0.7038
    outer loop
      vertex 69.4319 92.5145 1.4
      vertex 69.6118 91.1363 0
      vertex 69.21 92.5 1.4
    endloop
  endfacet
  facet normal -0.130875 0.697999 -0.704038
    outer loop
      vertex 69.4319 92.5145 1.4
      vertex 69.6149 91.1367 0
      vertex 69.6133 91.1364 0
    endloop
  endfacet
  facet normal -0.138644 0.696732 -0.703806
    outer loop
      vertex 69.6149 91.1367 0
      vertex 69.4319 92.5145 1.4
      vertex 69.65 92.5579 1.4
    endloop
  endfacet
  facet normal 0.454474 0.545369 -0.704292
    outer loop
      vertex 67.3277 91.7495 0
      vertex 68.1751 92.8513 1.4
      vertex 67.3289 91.7485 0
    endloop
  endfacet
  facet normal 0.468323 0.534131 -0.703831
    outer loop
      vertex 68.1751 92.8513 1.4
      vertex 67.3277 91.7495 0
      vertex 68.0079 92.9979 1.4
    endloop
  endfacet
  facet normal 0.637095 0.314225 -0.703827
    outer loop
      vertex 67.6394 93.5494 1.4
      vertex 66.5332 92.6564 0
      vertex 66.3551 93.0175 0
    endloop
  endfacet
  facet normal 0.39465 0.590652 -0.703834
    outer loop
      vertex 68.36 92.7278 1.4
      vertex 67.665 91.5239 0
      vertex 67.3302 91.7476 0
    endloop
  endfacet
  facet normal 0.314353 0.637013 -0.703844
    outer loop
      vertex 67.6664 91.5232 0
      vertex 68.36 92.7278 1.4
      vertex 68.5594 92.6294 1.4
    endloop
  endfacet
  facet normal 0.31763 0.635259 -0.703958
    outer loop
      vertex 68.36 92.7278 1.4
      vertex 67.6664 91.5232 0
      vertex 67.665 91.5239 0
    endloop
  endfacet
  facet normal 0.698477 0.130964 -0.703547
    outer loop
      vertex 66.2249 93.4018 0
      vertex 67.5679 93.76 1.4
      vertex 66.2252 93.4002 0
    endloop
  endfacet
  facet normal 0.696716 0.13864 -0.703822
    outer loop
      vertex 67.5679 93.76 1.4
      vertex 66.2249 93.4018 0
      vertex 67.5245 93.9781 1.4
    endloop
  endfacet
  facet normal 0.708914 0.0443072 -0.703901
    outer loop
      vertex 67.51 94.2 1.4
      vertex 66.12 94.1984 0
      vertex 66.1199 94.2 0
    endloop
  endfacet
  facet normal 0.708849 0.0463195 -0.703838
    outer loop
      vertex 66.12 94.1984 0
      vertex 67.51 94.2 1.4
      vertex 67.5245 93.9781 1.4
    endloop
  endfacet
  facet normal 0.314225 -0.637095 -0.703827
    outer loop
      vertex 68.0275 97.8549 0
      vertex 68.5594 96.5706 1.4
      vertex 67.6664 97.6768 0
    endloop
  endfacet
  facet normal -0.697999 0.130875 -0.704038
    outer loop
      vertex 72.2733 93.7951 0
      vertex 70.8955 93.9781 1.4
      vertex 72.2736 93.7967 0
    endloop
  endfacet
  facet normal -0.696732 0.138644 -0.703806
    outer loop
      vertex 70.8955 93.9781 1.4
      vertex 72.2733 93.7951 0
      vertex 70.8521 93.76 1.4
    endloop
  endfacet
  facet normal -0.468426 0.534059 -0.703816
    outer loop
      vertex 71.395 92.015 0
      vertex 71.0923 91.7495 0
      vertex 70.4121 92.9979 1.4
    endloop
  endfacet
  facet normal -0.546265 0.45522 -0.703114
    outer loop
      vertex 70.4121 92.9979 1.4
      vertex 71.396 92.0162 0
      vertex 71.395 92.015 0
    endloop
  endfacet
  facet normal -0.534152 0.468342 -0.703802
    outer loop
      vertex 71.396 92.0162 0
      vertex 70.4121 92.9979 1.4
      vertex 70.5587 93.1651 1.4
    endloop
  endfacet
  facet normal -0.0465739 -0.708841 -0.703829
    outer loop
      vertex 69.21 98.0901 0
      vertex 69.6118 98.0637 0
      vertex 69.21 96.7 1.4
    endloop
  endfacet
  facet normal -0.138502 -0.696744 -0.703822
    outer loop
      vertex 70.0098 97.9848 0
      vertex 69.65 96.6421 1.4
      vertex 69.6149 98.0633 0
    endloop
  endfacet
  facet normal -0.672659 -0.228372 -0.703829
    outer loop
      vertex 70.7806 95.6506 1.4
      vertex 72.0654 96.181 0
      vertex 70.8521 95.44 1.4
    endloop
  endfacet
  facet normal -0.658906 -0.263563 -0.70454
    outer loop
      vertex 72.0654 96.181 0
      vertex 70.7806 95.6506 1.4
      vertex 72.0648 96.1825 0
    endloop
  endfacet
  facet normal -0.39465 0.590652 -0.703834
    outer loop
      vertex 71.0898 91.7476 0
      vertex 70.755 91.5239 0
      vertex 70.06 92.7278 1.4
    endloop
  endfacet
  facet normal 0.130875 0.697999 -0.704038
    outer loop
      vertex 68.8051 91.1367 0
      vertex 68.9881 92.5145 1.4
      vertex 68.8067 91.1364 0
    endloop
  endfacet
  facet normal 0.138644 0.696732 -0.703806
    outer loop
      vertex 68.9881 92.5145 1.4
      vertex 68.8051 91.1367 0
      vertex 68.77 92.5579 1.4
    endloop
  endfacet
  facet normal 0.228342 0.672673 -0.703826
    outer loop
      vertex 68.77 92.5579 1.4
      vertex 68.4102 91.2152 0
      vertex 68.029 91.3446 0
    endloop
  endfacet
  facet normal 0.635259 0.31763 -0.703958
    outer loop
      vertex 66.5332 92.6564 0
      vertex 67.7378 93.35 1.4
      vertex 66.5339 92.655 0
    endloop
  endfacet
  facet normal 0.637013 0.314353 -0.703844
    outer loop
      vertex 67.7378 93.35 1.4
      vertex 66.5332 92.6564 0
      vertex 67.6394 93.5494 1.4
    endloop
  endfacet
  facet normal 0.394562 0.590725 -0.703821
    outer loop
      vertex 67.3302 91.7476 0
      vertex 68.1751 92.8513 1.4
      vertex 68.36 92.7278 1.4
    endloop
  endfacet
  facet normal 0.404166 0.583796 -0.704154
    outer loop
      vertex 68.1751 92.8513 1.4
      vertex 67.3302 91.7476 0
      vertex 67.3289 91.7485 0
    endloop
  endfacet
  facet normal 0.672673 0.228342 -0.703826
    outer loop
      vertex 67.5679 93.76 1.4
      vertex 66.3546 93.019 0
      vertex 66.2252 93.4002 0
    endloop
  endfacet
  facet normal 0.674039 0.22468 -0.703697
    outer loop
      vertex 66.3546 93.019 0
      vertex 67.6394 93.5494 1.4
      vertex 66.3551 93.0175 0
    endloop
  endfacet
  facet normal 0.672659 0.228372 -0.703829
    outer loop
      vertex 67.6394 93.5494 1.4
      vertex 66.3546 93.019 0
      vertex 67.5679 93.76 1.4
    endloop
  endfacet
  facet normal 0.708849 -0.0463195 -0.703838
    outer loop
      vertex 67.51 95 1.4
      vertex 66.12 95.0016 0
      vertex 67.5245 95.2219 1.4
    endloop
  endfacet
  facet normal 0.708914 -0.0443072 -0.703901
    outer loop
      vertex 66.12 95.0016 0
      vertex 67.51 95 1.4
      vertex 66.1199 95 0
    endloop
  endfacet
  facet normal 0.138502 -0.696744 -0.703822
    outer loop
      vertex 68.8051 98.0633 0
      vertex 68.77 96.6421 1.4
      vertex 68.4102 97.9848 0
    endloop
  endfacet
  facet normal 0.314353 -0.637013 -0.703844
    outer loop
      vertex 68.36 96.4722 1.4
      vertex 67.6664 97.6768 0
      vertex 68.5594 96.5706 1.4
    endloop
  endfacet
  facet normal 0.31763 -0.635259 -0.703958
    outer loop
      vertex 67.6664 97.6768 0
      vertex 68.36 96.4722 1.4
      vertex 67.665 97.6761 0
    endloop
  endfacet
  facet normal -0.709611 0 -0.704593
    outer loop
      vertex 72.3001 94.2 0
      vertex 70.91 95 1.4
      vertex 72.3001 95 0
    endloop
  endfacet
  facet normal -0.709611 -0 -0.704593
    outer loop
      vertex 70.91 95 1.4
      vertex 72.3001 94.2 0
      vertex 70.91 94.2 1.4
    endloop
  endfacet
  facet normal -0.708841 -0.0465739 -0.703829
    outer loop
      vertex 72.2737 95.4018 0
      vertex 72.3001 95 0
      vertex 70.91 95 1.4
    endloop
  endfacet
  facet normal -0.637181 0.314091 -0.703809
    outer loop
      vertex 72.0648 93.0175 0
      vertex 71.8868 92.6564 0
      vertex 70.7806 93.5494 1.4
    endloop
  endfacet
  facet normal -0.584409 0.404591 -0.703401
    outer loop
      vertex 71.8852 92.6537 0
      vertex 70.6822 93.35 1.4
      vertex 71.8861 92.655 0
    endloop
  endfacet
  facet normal -0.590717 0.394557 -0.703831
    outer loop
      vertex 70.6822 93.35 1.4
      vertex 71.8852 92.6537 0
      vertex 70.5587 93.1651 1.4
    endloop
  endfacet
  facet normal -0.658906 0.263563 -0.70454
    outer loop
      vertex 70.7806 93.5494 1.4
      vertex 72.0654 93.019 0
      vertex 72.0648 93.0175 0
    endloop
  endfacet
  facet normal -0.672659 0.228372 -0.703829
    outer loop
      vertex 72.0654 93.019 0
      vertex 70.7806 93.5494 1.4
      vertex 70.8521 93.76 1.4
    endloop
  endfacet
  facet normal -0.138644 -0.696732 -0.703806
    outer loop
      vertex 69.4319 96.6855 1.4
      vertex 69.6149 98.0633 0
      vertex 69.65 96.6421 1.4
    endloop
  endfacet
  facet normal -0.130875 -0.697999 -0.704038
    outer loop
      vertex 69.6149 98.0633 0
      vertex 69.4319 96.6855 1.4
      vertex 69.6133 98.0636 0
    endloop
  endfacet
  facet normal -0.394659 -0.590665 -0.703818
    outer loop
      vertex 70.7563 97.6752 0
      vertex 71.0911 97.4515 0
      vertex 70.2449 96.3487 1.4
    endloop
  endfacet
  facet normal -0.228342 -0.672673 -0.703826
    outer loop
      vertex 70.0098 97.9848 0
      vertex 70.391 97.8554 0
      vertex 69.65 96.6421 1.4
    endloop
  endfacet
  facet normal -0.696744 -0.138502 -0.703822
    outer loop
      vertex 72.1948 95.7998 0
      vertex 72.2733 95.4049 0
      vertex 70.8521 95.44 1.4
    endloop
  endfacet
  facet normal -0.637181 -0.314091 -0.703809
    outer loop
      vertex 71.8868 96.5436 0
      vertex 72.0648 96.1825 0
      vertex 70.7806 95.6506 1.4
    endloop
  endfacet
  facet normal -0.534059 -0.468426 -0.703816
    outer loop
      vertex 71.396 97.1838 0
      vertex 71.6615 96.8811 0
      vertex 70.5587 96.0349 1.4
    endloop
  endfacet
  facet normal -0.534152 -0.468342 -0.703802
    outer loop
      vertex 70.4121 96.2021 1.4
      vertex 71.396 97.1838 0
      vertex 70.5587 96.0349 1.4
    endloop
  endfacet
  facet normal -0.546265 -0.45522 -0.703114
    outer loop
      vertex 71.396 97.1838 0
      vertex 70.4121 96.2021 1.4
      vertex 71.395 97.185 0
    endloop
  endfacet
  facet normal -0.404166 0.583796 -0.704154
    outer loop
      vertex 71.0898 91.7476 0
      vertex 70.2449 92.8513 1.4
      vertex 71.0911 91.7485 0
    endloop
  endfacet
  facet normal -0.394562 0.590725 -0.703821
    outer loop
      vertex 70.2449 92.8513 1.4
      vertex 71.0898 91.7476 0
      vertex 70.06 92.7278 1.4
    endloop
  endfacet
  facet normal 0.590717 0.394557 -0.703831
    outer loop
      vertex 66.5348 92.6537 0
      vertex 67.7378 93.35 1.4
      vertex 67.8613 93.1651 1.4
    endloop
  endfacet
  facet normal 0.584409 0.404591 -0.703401
    outer loop
      vertex 67.7378 93.35 1.4
      vertex 66.5348 92.6537 0
      vertex 66.5339 92.655 0
    endloop
  endfacet
  facet normal 0.708861 -0.0465868 -0.703808
    outer loop
      vertex 66.1464 95.4033 0
      vertex 67.5245 95.2219 1.4
      vertex 66.12 95.0016 0
    endloop
  endfacet
  facet normal 0.672673 -0.228342 -0.703826
    outer loop
      vertex 66.3546 96.181 0
      vertex 67.5679 95.44 1.4
      vertex 66.2252 95.7998 0
    endloop
  endfacet
  facet normal 0.534143 -0.468324 -0.703821
    outer loop
      vertex 67.0239 97.1838 0
      vertex 67.8613 96.0349 1.4
      vertex 66.7585 96.8811 0
    endloop
  endfacet
  facet normal 0.047253 -0.708795 -0.70383
    outer loop
      vertex 68.8082 98.0637 0
      vertex 68.9881 96.6855 1.4
      vertex 68.8067 98.0636 0
    endloop
  endfacet
  facet normal 0.046322 -0.708886 -0.7038
    outer loop
      vertex 68.9881 96.6855 1.4
      vertex 68.8082 98.0637 0
      vertex 69.21 96.7 1.4
    endloop
  endfacet
  facet normal 0.228342 -0.672673 -0.703826
    outer loop
      vertex 68.4102 97.9848 0
      vertex 68.77 96.6421 1.4
      vertex 68.029 97.8554 0
    endloop
  endfacet
  facet normal 0.228372 -0.672659 -0.703829
    outer loop
      vertex 68.5594 96.5706 1.4
      vertex 68.029 97.8554 0
      vertex 68.77 96.6421 1.4
    endloop
  endfacet
  facet normal 0.22468 -0.674039 -0.703697
    outer loop
      vertex 68.029 97.8554 0
      vertex 68.5594 96.5706 1.4
      vertex 68.0275 97.8549 0
    endloop
  endfacet
  facet normal -0.635259 0.31763 -0.703958
    outer loop
      vertex 70.6822 93.35 1.4
      vertex 71.8868 92.6564 0
      vertex 71.8861 92.655 0
    endloop
  endfacet
  facet normal -0.637013 0.314353 -0.703844
    outer loop
      vertex 71.8868 92.6564 0
      vertex 70.6822 93.35 1.4
      vertex 70.7806 93.5494 1.4
    endloop
  endfacet
  facet normal -0.672673 0.228342 -0.703826
    outer loop
      vertex 72.1948 93.4002 0
      vertex 72.0654 93.019 0
      vertex 70.8521 93.76 1.4
    endloop
  endfacet
  facet normal -0.696744 0.138502 -0.703822
    outer loop
      vertex 72.2733 93.7951 0
      vertex 72.1948 93.4002 0
      vertex 70.8521 93.76 1.4
    endloop
  endfacet
  facet normal -0.31763 -0.635259 -0.703958
    outer loop
      vertex 70.06 96.4722 1.4
      vertex 70.7536 97.6768 0
      vertex 70.755 97.6761 0
    endloop
  endfacet
  facet normal -0.314353 -0.637013 -0.703844
    outer loop
      vertex 70.7536 97.6768 0
      vertex 70.06 96.4722 1.4
      vertex 69.8606 96.5706 1.4
    endloop
  endfacet
  facet normal -0.394557 -0.590717 -0.703831
    outer loop
      vertex 70.06 96.4722 1.4
      vertex 70.7563 97.6752 0
      vertex 70.2449 96.3487 1.4
    endloop
  endfacet
  facet normal -0.404591 -0.584409 -0.703401
    outer loop
      vertex 70.7563 97.6752 0
      vertex 70.06 96.4722 1.4
      vertex 70.755 97.6761 0
    endloop
  endfacet
  facet normal -0.314225 -0.637095 -0.703827
    outer loop
      vertex 70.3925 97.8549 0
      vertex 70.7536 97.6768 0
      vertex 69.8606 96.5706 1.4
    endloop
  endfacet
  facet normal -0.22468 -0.674039 -0.703697
    outer loop
      vertex 69.8606 96.5706 1.4
      vertex 70.391 97.8554 0
      vertex 70.3925 97.8549 0
    endloop
  endfacet
  facet normal -0.228372 -0.672659 -0.703829
    outer loop
      vertex 70.391 97.8554 0
      vertex 69.8606 96.5706 1.4
      vertex 69.65 96.6421 1.4
    endloop
  endfacet
  facet normal -0.479738 -0.523351 -0.70424
    outer loop
      vertex 70.4121 96.2021 1.4
      vertex 71.3938 97.1861 0
      vertex 71.395 97.185 0
    endloop
  endfacet
  facet normal -0.468329 -0.534138 -0.703822
    outer loop
      vertex 71.3938 97.1861 0
      vertex 70.4121 96.2021 1.4
      vertex 70.2449 96.3487 1.4
    endloop
  endfacet
  facet normal -0.468324 -0.534143 -0.703821
    outer loop
      vertex 71.0911 97.4515 0
      vertex 71.3938 97.1861 0
      vertex 70.2449 96.3487 1.4
    endloop
  endfacet
  facet normal -0.697999 -0.130875 -0.704038
    outer loop
      vertex 70.8955 95.2219 1.4
      vertex 72.2733 95.4049 0
      vertex 72.2736 95.4033 0
    endloop
  endfacet
  facet normal -0.696732 -0.138644 -0.703806
    outer loop
      vertex 72.2733 95.4049 0
      vertex 70.8955 95.2219 1.4
      vertex 70.8521 95.44 1.4
    endloop
  endfacet
  facet normal -0.672673 -0.228342 -0.703826
    outer loop
      vertex 72.0654 96.181 0
      vertex 72.1948 95.7998 0
      vertex 70.8521 95.44 1.4
    endloop
  endfacet
  facet normal -0.584409 -0.404591 -0.703401
    outer loop
      vertex 70.6822 95.85 1.4
      vertex 71.8852 96.5463 0
      vertex 71.8861 96.545 0
    endloop
  endfacet
  facet normal -0.590717 -0.394557 -0.703831
    outer loop
      vertex 71.8852 96.5463 0
      vertex 70.6822 95.85 1.4
      vertex 70.5587 96.0349 1.4
    endloop
  endfacet
  facet normal -0.454474 0.545369 -0.704292
    outer loop
      vertex 70.2449 92.8513 1.4
      vertex 71.0923 91.7495 0
      vertex 71.0911 91.7485 0
    endloop
  endfacet
  facet normal -0.468323 0.534131 -0.703831
    outer loop
      vertex 71.0923 91.7495 0
      vertex 70.2449 92.8513 1.4
      vertex 70.4121 92.9979 1.4
    endloop
  endfacet
  facet normal 0.590665 0.394659 -0.703818
    outer loop
      vertex 67.8613 93.1651 1.4
      vertex 66.7585 92.3189 0
      vertex 66.5348 92.6537 0
    endloop
  endfacet
  facet normal 0.534143 0.468324 -0.703821
    outer loop
      vertex 67.8613 93.1651 1.4
      vertex 67.0239 92.0162 0
      vertex 66.7585 92.3189 0
    endloop
  endfacet
  facet normal 0.637095 -0.314225 -0.703827
    outer loop
      vertex 66.5332 96.5436 0
      vertex 67.6394 95.6506 1.4
      vertex 66.3551 96.1825 0
    endloop
  endfacet
  facet normal 0.672659 -0.228372 -0.703829
    outer loop
      vertex 66.3546 96.181 0
      vertex 67.6394 95.6506 1.4
      vertex 67.5679 95.44 1.4
    endloop
  endfacet
  facet normal 0.674039 -0.22468 -0.703697
    outer loop
      vertex 67.6394 95.6506 1.4
      vertex 66.3546 96.181 0
      vertex 66.3551 96.1825 0
    endloop
  endfacet
  facet normal 0.637013 -0.314353 -0.703844
    outer loop
      vertex 66.5332 96.5436 0
      vertex 67.7378 95.85 1.4
      vertex 67.6394 95.6506 1.4
    endloop
  endfacet
  facet normal 0.635259 -0.31763 -0.703958
    outer loop
      vertex 67.7378 95.85 1.4
      vertex 66.5332 96.5436 0
      vertex 66.5339 96.545 0
    endloop
  endfacet
  facet normal 0.590717 -0.394557 -0.703831
    outer loop
      vertex 67.7378 95.85 1.4
      vertex 66.5348 96.5463 0
      vertex 67.8613 96.0349 1.4
    endloop
  endfacet
  facet normal 0.584409 -0.404591 -0.703401
    outer loop
      vertex 66.5348 96.5463 0
      vertex 67.7378 95.85 1.4
      vertex 66.5339 96.545 0
    endloop
  endfacet
  facet normal 0.696759 -0.138505 -0.703806
    outer loop
      vertex 66.2249 95.7982 0
      vertex 67.5245 95.2219 1.4
      vertex 66.1464 95.4033 0
    endloop
  endfacet
  facet normal 0.696716 -0.13864 -0.703822
    outer loop
      vertex 66.2249 95.7982 0
      vertex 67.5679 95.44 1.4
      vertex 67.5245 95.2219 1.4
    endloop
  endfacet
  facet normal 0.698477 -0.130964 -0.703547
    outer loop
      vertex 67.5679 95.44 1.4
      vertex 66.2249 95.7982 0
      vertex 66.2252 95.7998 0
    endloop
  endfacet
  facet normal 0.534138 -0.468329 -0.703822
    outer loop
      vertex 67.0239 97.1838 0
      vertex 68.0079 96.2021 1.4
      vertex 67.8613 96.0349 1.4
    endloop
  endfacet
  facet normal 0.523351 -0.479738 -0.70424
    outer loop
      vertex 68.0079 96.2021 1.4
      vertex 67.0239 97.1838 0
      vertex 67.025 97.185 0
    endloop
  endfacet
  facet normal 0.394557 -0.590717 -0.703831
    outer loop
      vertex 67.6637 97.6752 0
      vertex 68.36 96.4722 1.4
      vertex 68.1751 96.3487 1.4
    endloop
  endfacet
  facet normal 0.404591 -0.584409 -0.703401
    outer loop
      vertex 68.36 96.4722 1.4
      vertex 67.6637 97.6752 0
      vertex 67.665 97.6761 0
    endloop
  endfacet
  facet normal 0.130875 -0.697999 -0.704038
    outer loop
      vertex 68.9881 96.6855 1.4
      vertex 68.8051 98.0633 0
      vertex 68.8067 98.0636 0
    endloop
  endfacet
  facet normal 0.138644 -0.696732 -0.703806
    outer loop
      vertex 68.8051 98.0633 0
      vertex 68.9881 96.6855 1.4
      vertex 68.77 96.6421 1.4
    endloop
  endfacet
  facet normal -0.637013 -0.314353 -0.703844
    outer loop
      vertex 70.6822 95.85 1.4
      vertex 71.8868 96.5436 0
      vertex 70.7806 95.6506 1.4
    endloop
  endfacet
  facet normal -0.635259 -0.31763 -0.703958
    outer loop
      vertex 71.8868 96.5436 0
      vertex 70.6822 95.85 1.4
      vertex 71.8861 96.545 0
    endloop
  endfacet
  facet normal 0.394659 -0.590665 -0.703818
    outer loop
      vertex 67.6637 97.6752 0
      vertex 68.1751 96.3487 1.4
      vertex 67.3289 97.4515 0
    endloop
  endfacet
  facet normal 0.468324 -0.534143 -0.703821
    outer loop
      vertex 67.3289 97.4515 0
      vertex 68.1751 96.3487 1.4
      vertex 67.0262 97.1861 0
    endloop
  endfacet
  facet normal 0.468329 -0.534138 -0.703822
    outer loop
      vertex 68.0079 96.2021 1.4
      vertex 67.0262 97.1861 0
      vertex 68.1751 96.3487 1.4
    endloop
  endfacet
  facet normal 0.479738 -0.523351 -0.70424
    outer loop
      vertex 67.0262 97.1861 0
      vertex 68.0079 96.2021 1.4
      vertex 67.025 97.185 0
    endloop
  endfacet
  facet normal 1 -0 0
    outer loop
      vertex 17 25 2
      vertex 17 36 0
      vertex 17 36 2
    endloop
  endfacet
  facet normal 1 0 0
    outer loop
      vertex 17 36 0
      vertex 17 25 2
      vertex 17 25 0
    endloop
  endfacet
  facet normal -1 0 0
    outer loop
      vertex 25 25 0
      vertex 25 36 2
      vertex 25 36 0
    endloop
  endfacet
  facet normal -1 -0 0
    outer loop
      vertex 25 36 2
      vertex 25 25 0
      vertex 25 25 2
    endloop
  endfacet
  facet normal 0 -1 0
    outer loop
      vertex 17 36 0
      vertex 25 36 2
      vertex 17 36 2
    endloop
  endfacet
  facet normal 0 -1 -0
    outer loop
      vertex 25 36 2
      vertex 17 36 0
      vertex 25 36 0
    endloop
  endfacet
  facet normal 0 1 -0
    outer loop
      vertex 25 25 0
      vertex 17 25 2
      vertex 25 25 2
    endloop
  endfacet
  facet normal 0 1 0
    outer loop
      vertex 17 25 2
      vertex 25 25 0
      vertex 17 25 0
    endloop
  endfacet
  facet normal 1 -0 0
    outer loop
      vertex 17 42 2
      vertex 17 53 0
      vertex 17 53 2
    endloop
  endfacet
  facet normal 1 0 0
    outer loop
      vertex 17 53 0
      vertex 17 42 2
      vertex 17 42 0
    endloop
  endfacet
  facet normal -1 0 0
    outer loop
      vertex 25 42 0
      vertex 25 53 2
      vertex 25 53 0
    endloop
  endfacet
  facet normal -1 -0 0
    outer loop
      vertex 25 53 2
      vertex 25 42 0
      vertex 25 42 2
    endloop
  endfacet
  facet normal 0 -1 0
    outer loop
      vertex 17 53 0
      vertex 25 53 2
      vertex 17 53 2
    endloop
  endfacet
  facet normal 0 -1 -0
    outer loop
      vertex 25 53 2
      vertex 17 53 0
      vertex 25 53 0
    endloop
  endfacet
  facet normal 0 1 -0
    outer loop
      vertex 25 42 0
      vertex 17 42 2
      vertex 25 42 2
    endloop
  endfacet
  facet normal 0 1 0
    outer loop
      vertex 17 42 2
      vertex 25 42 0
      vertex 17 42 0
    endloop
  endfacet
  facet normal 1 -0 0
    outer loop
      vertex 17 59 2
      vertex 17 70 0
      vertex 17 70 2
    endloop
  endfacet
  facet normal 1 0 0
    outer loop
      vertex 17 70 0
      vertex 17 59 2
      vertex 17 59 0
    endloop
  endfacet
  facet normal -1 0 0
    outer loop
      vertex 25 59 0
      vertex 25 70 2
      vertex 25 70 0
    endloop
  endfacet
  facet normal -1 -0 0
    outer loop
      vertex 25 70 2
      vertex 25 59 0
      vertex 25 59 2
    endloop
  endfacet
  facet normal 0 -1 0
    outer loop
      vertex 17 70 0
      vertex 25 70 2
      vertex 17 70 2
    endloop
  endfacet
  facet normal 0 -1 -0
    outer loop
      vertex 25 70 2
      vertex 17 70 0
      vertex 25 70 0
    endloop
  endfacet
  facet normal 0 1 -0
    outer loop
      vertex 25 59 0
      vertex 17 59 2
      vertex 25 59 2
    endloop
  endfacet
  facet normal 0 1 0
    outer loop
      vertex 17 59 2
      vertex 25 59 0
      vertex 17 59 0
    endloop
  endfacet
  facet normal 1 -0 0
    outer loop
      vertex 17 76 2
      vertex 17 87 0
      vertex 17 87 2
    endloop
  endfacet
  facet normal 1 0 0
    outer loop
      vertex 17 87 0
      vertex 17 76 2
      vertex 17 76 0
    endloop
  endfacet
  facet normal -1 0 0
    outer loop
      vertex 25 76 0
      vertex 25 87 2
      vertex 25 87 0
    endloop
  endfacet
  facet normal -1 -0 0
    outer loop
      vertex 25 87 2
      vertex 25 76 0
      vertex 25 76 2
    endloop
  endfacet
  facet normal 0 -1 0
    outer loop
      vertex 17 87 0
      vertex 25 87 2
      vertex 17 87 2
    endloop
  endfacet
  facet normal 0 -1 -0
    outer loop
      vertex 25 87 2
      vertex 17 87 0
      vertex 25 87 0
    endloop
  endfacet
  facet normal 0 1 -0
    outer loop
      vertex 25 76 0
      vertex 17 76 2
      vertex 25 76 2
    endloop
  endfacet
  facet normal 0 1 0
    outer loop
      vertex 17 76 2
      vertex 25 76 0
      vertex 17 76 0
    endloop
  endfacet
  facet normal 1 -0 0
    outer loop
      vertex 30 25 2
      vertex 30 36 0
      vertex 30 36 2
    endloop
  endfacet
  facet normal 1 0 0
    outer loop
      vertex 30 36 0
      vertex 30 25 2
      vertex 30 25 0
    endloop
  endfacet
  facet normal -1 0 0
    outer loop
      vertex 38 25 0
      vertex 38 36 2
      vertex 38 36 0
    endloop
  endfacet
  facet normal -1 -0 0
    outer loop
      vertex 38 36 2
      vertex 38 25 0
      vertex 38 25 2
    endloop
  endfacet
  facet normal 0 -1 0
    outer loop
      vertex 30 36 0
      vertex 38 36 2
      vertex 30 36 2
    endloop
  endfacet
  facet normal 0 -1 -0
    outer loop
      vertex 38 36 2
      vertex 30 36 0
      vertex 38 36 0
    endloop
  endfacet
  facet normal 0 1 -0
    outer loop
      vertex 38 25 0
      vertex 30 25 2
      vertex 38 25 2
    endloop
  endfacet
  facet normal 0 1 0
    outer loop
      vertex 30 25 2
      vertex 38 25 0
      vertex 30 25 0
    endloop
  endfacet
  facet normal 1 -0 0
    outer loop
      vertex 30 42 2
      vertex 30 53 0
      vertex 30 53 2
    endloop
  endfacet
  facet normal 1 0 0
    outer loop
      vertex 30 53 0
      vertex 30 42 2
      vertex 30 42 0
    endloop
  endfacet
  facet normal -1 0 0
    outer loop
      vertex 38 42 0
      vertex 38 53 2
      vertex 38 53 0
    endloop
  endfacet
  facet normal -1 -0 0
    outer loop
      vertex 38 53 2
      vertex 38 42 0
      vertex 38 42 2
    endloop
  endfacet
  facet normal 0 -1 0
    outer loop
      vertex 30 53 0
      vertex 38 53 2
      vertex 30 53 2
    endloop
  endfacet
  facet normal 0 -1 -0
    outer loop
      vertex 38 53 2
      vertex 30 53 0
      vertex 38 53 0
    endloop
  endfacet
  facet normal 0 1 -0
    outer loop
      vertex 38 42 0
      vertex 30 42 2
      vertex 38 42 2
    endloop
  endfacet
  facet normal 0 1 0
    outer loop
      vertex 30 42 2
      vertex 38 42 0
      vertex 30 42 0
    endloop
  endfacet
  facet normal 1 -0 0
    outer loop
      vertex 30 59 2
      vertex 30 70 0
      vertex 30 70 2
    endloop
  endfacet
  facet normal 1 0 0
    outer loop
      vertex 30 70 0
      vertex 30 59 2
      vertex 30 59 0
    endloop
  endfacet
  facet normal -1 0 0
    outer loop
      vertex 38 59 0
      vertex 38 70 2
      vertex 38 70 0
    endloop
  endfacet
  facet normal -1 -0 0
    outer loop
      vertex 38 70 2
      vertex 38 59 0
      vertex 38 59 2
    endloop
  endfacet
  facet normal 0 1 -0
    outer loop
      vertex 38 59 0
      vertex 30 59 2
      vertex 38 59 2
    endloop
  endfacet
  facet normal 0 1 0
    outer loop
      vertex 30 59 2
      vertex 38 59 0
      vertex 30 59 0
    endloop
  endfacet
  facet normal 0 -1 0
    outer loop
      vertex 30 70 0
      vertex 38 70 2
      vertex 30 70 2
    endloop
  endfacet
  facet normal 0 -1 -0
    outer loop
      vertex 38 70 2
      vertex 30 70 0
      vertex 38 70 0
    endloop
  endfacet
  facet normal 1 -0 0
    outer loop
      vertex 30 76 2
      vertex 30 87 0
      vertex 30 87 2
    endloop
  endfacet
  facet normal 1 0 0
    outer loop
      vertex 30 87 0
      vertex 30 76 2
      vertex 30 76 0
    endloop
  endfacet
  facet normal -1 0 0
    outer loop
      vertex 38 76 0
      vertex 38 87 2
      vertex 38 87 0
    endloop
  endfacet
  facet normal -1 -0 0
    outer loop
      vertex 38 87 2
      vertex 38 76 0
      vertex 38 76 2
    endloop
  endfacet
  facet normal 0 -1 0
    outer loop
      vertex 30 87 0
      vertex 38 87 2
      vertex 30 87 2
    endloop
  endfacet
  facet normal 0 -1 -0
    outer loop
      vertex 38 87 2
      vertex 30 87 0
      vertex 38 87 0
    endloop
  endfacet
  facet normal 0 1 -0
    outer loop
      vertex 38 76 0
      vertex 30 76 2
      vertex 38 76 2
    endloop
  endfacet
  facet normal 0 1 0
    outer loop
      vertex 30 76 2
      vertex 38 76 0
      vertex 30 76 0
    endloop
  endfacet
  facet normal 1 -0 0
    outer loop
      vertex 43 25 2
      vertex 43 36 0
      vertex 43 36 2
    endloop
  endfacet
  facet normal 1 0 0
    outer loop
      vertex 43 36 0
      vertex 43 25 2
      vertex 43 25 0
    endloop
  endfacet
  facet normal -1 0 0
    outer loop
      vertex 51 25 0
      vertex 51 36 2
      vertex 51 36 0
    endloop
  endfacet
  facet normal -1 -0 0
    outer loop
      vertex 51 36 2
      vertex 51 25 0
      vertex 51 25 2
    endloop
  endfacet
  facet normal 0 1 -0
    outer loop
      vertex 51 25 0
      vertex 43 25 2
      vertex 51 25 2
    endloop
  endfacet
  facet normal 0 1 0
    outer loop
      vertex 43 25 2
      vertex 51 25 0
      vertex 43 25 0
    endloop
  endfacet
  facet normal 0 -1 0
    outer loop
      vertex 43 36 0
      vertex 51 36 2
      vertex 43 36 2
    endloop
  endfacet
  facet normal 0 -1 -0
    outer loop
      vertex 51 36 2
      vertex 43 36 0
      vertex 51 36 0
    endloop
  endfacet
  facet normal 1 -0 0
    outer loop
      vertex 43 42 2
      vertex 43 53 0
      vertex 43 53 2
    endloop
  endfacet
  facet normal 1 0 0
    outer loop
      vertex 43 53 0
      vertex 43 42 2
      vertex 43 42 0
    endloop
  endfacet
  facet normal -1 0 0
    outer loop
      vertex 51 42 0
      vertex 51 53 2
      vertex 51 53 0
    endloop
  endfacet
  facet normal -1 -0 0
    outer loop
      vertex 51 53 2
      vertex 51 42 0
      vertex 51 42 2
    endloop
  endfacet
  facet normal 0 1 -0
    outer loop
      vertex 51 42 0
      vertex 43 42 2
      vertex 51 42 2
    endloop
  endfacet
  facet normal 0 1 0
    outer loop
      vertex 43 42 2
      vertex 51 42 0
      vertex 43 42 0
    endloop
  endfacet
  facet normal 0 -1 0
    outer loop
      vertex 43 53 0
      vertex 51 53 2
      vertex 43 53 2
    endloop
  endfacet
  facet normal 0 -1 -0
    outer loop
      vertex 51 53 2
      vertex 43 53 0
      vertex 51 53 0
    endloop
  endfacet
  facet normal 1 -0 0
    outer loop
      vertex 43 59 2
      vertex 43 70 0
      vertex 43 70 2
    endloop
  endfacet
  facet normal 1 0 0
    outer loop
      vertex 43 70 0
      vertex 43 59 2
      vertex 43 59 0
    endloop
  endfacet
  facet normal -1 0 0
    outer loop
      vertex 51 59 0
      vertex 51 70 2
      vertex 51 70 0
    endloop
  endfacet
  facet normal -1 -0 0
    outer loop
      vertex 51 70 2
      vertex 51 59 0
      vertex 51 59 2
    endloop
  endfacet
  facet normal 0 -1 0
    outer loop
      vertex 43 70 0
      vertex 51 70 2
      vertex 43 70 2
    endloop
  endfacet
  facet normal 0 -1 -0
    outer loop
      vertex 51 70 2
      vertex 43 70 0
      vertex 51 70 0
    endloop
  endfacet
  facet normal 0 1 -0
    outer loop
      vertex 51 59 0
      vertex 43 59 2
      vertex 51 59 2
    endloop
  endfacet
  facet normal 0 1 0
    outer loop
      vertex 43 59 2
      vertex 51 59 0
      vertex 43 59 0
    endloop
  endfacet
  facet normal 1 -0 0
    outer loop
      vertex 43 76 2
      vertex 43 87 0
      vertex 43 87 2
    endloop
  endfacet
  facet normal 1 0 0
    outer loop
      vertex 43 87 0
      vertex 43 76 2
      vertex 43 76 0
    endloop
  endfacet
  facet normal -1 0 0
    outer loop
      vertex 51 76 0
      vertex 51 87 2
      vertex 51 87 0
    endloop
  endfacet
  facet normal -1 -0 0
    outer loop
      vertex 51 87 2
      vertex 51 76 0
      vertex 51 76 2
    endloop
  endfacet
  facet normal 0 1 -0
    outer loop
      vertex 51 76 0
      vertex 43 76 2
      vertex 51 76 2
    endloop
  endfacet
  facet normal 0 1 0
    outer loop
      vertex 43 76 2
      vertex 51 76 0
      vertex 43 76 0
    endloop
  endfacet
  facet normal 0 -1 0
    outer loop
      vertex 43 87 0
      vertex 51 87 2
      vertex 43 87 2
    endloop
  endfacet
  facet normal 0 -1 -0
    outer loop
      vertex 51 87 2
      vertex 43 87 0
      vertex 51 87 0
    endloop
  endfacet
  facet normal 1 -0 0
    outer loop
      vertex 56 25 2
      vertex 56 36 0
      vertex 56 36 2
    endloop
  endfacet
  facet normal 1 0 0
    outer loop
      vertex 56 36 0
      vertex 56 25 2
      vertex 56 25 0
    endloop
  endfacet
  facet normal -1 0 0
    outer loop
      vertex 64 25 0
      vertex 64 36 2
      vertex 64 36 0
    endloop
  endfacet
  facet normal -1 -0 0
    outer loop
      vertex 64 36 2
      vertex 64 25 0
      vertex 64 25 2
    endloop
  endfacet
  facet normal 0 1 -0
    outer loop
      vertex 64 25 0
      vertex 56 25 2
      vertex 64 25 2
    endloop
  endfacet
  facet normal 0 1 0
    outer loop
      vertex 56 25 2
      vertex 64 25 0
      vertex 56 25 0
    endloop
  endfacet
  facet normal 0 -1 0
    outer loop
      vertex 56 36 0
      vertex 64 36 2
      vertex 56 36 2
    endloop
  endfacet
  facet normal 0 -1 -0
    outer loop
      vertex 64 36 2
      vertex 56 36 0
      vertex 64 36 0
    endloop
  endfacet
  facet normal 1 -0 0
    outer loop
      vertex 56 42 2
      vertex 56 53 0
      vertex 56 53 2
    endloop
  endfacet
  facet normal 1 0 0
    outer loop
      vertex 56 53 0
      vertex 56 42 2
      vertex 56 42 0
    endloop
  endfacet
  facet normal -1 0 0
    outer loop
      vertex 64 42 0
      vertex 64 53 2
      vertex 64 53 0
    endloop
  endfacet
  facet normal -1 -0 0
    outer loop
      vertex 64 53 2
      vertex 64 42 0
      vertex 64 42 2
    endloop
  endfacet
  facet normal 0 -1 0
    outer loop
      vertex 56 53 0
      vertex 64 53 2
      vertex 56 53 2
    endloop
  endfacet
  facet normal 0 -1 -0
    outer loop
      vertex 64 53 2
      vertex 56 53 0
      vertex 64 53 0
    endloop
  endfacet
  facet normal 0 1 -0
    outer loop
      vertex 64 42 0
      vertex 56 42 2
      vertex 64 42 2
    endloop
  endfacet
  facet normal 0 1 0
    outer loop
      vertex 56 42 2
      vertex 64 42 0
      vertex 56 42 0
    endloop
  endfacet
  facet normal 1 -0 0
    outer loop
      vertex 56 59 2
      vertex 56 70 0
      vertex 56 70 2
    endloop
  endfacet
  facet normal 1 0 0
    outer loop
      vertex 56 70 0
      vertex 56 59 2
      vertex 56 59 0
    endloop
  endfacet
  facet normal -1 0 0
    outer loop
      vertex 64 59 0
      vertex 64 70 2
      vertex 64 70 0
    endloop
  endfacet
  facet normal -1 -0 0
    outer loop
      vertex 64 70 2
      vertex 64 59 0
      vertex 64 59 2
    endloop
  endfacet
  facet normal 0 -1 0
    outer loop
      vertex 56 70 0
      vertex 64 70 2
      vertex 56 70 2
    endloop
  endfacet
  facet normal 0 -1 -0
    outer loop
      vertex 64 70 2
      vertex 56 70 0
      vertex 64 70 0
    endloop
  endfacet
  facet normal 0 1 -0
    outer loop
      vertex 64 59 0
      vertex 56 59 2
      vertex 64 59 2
    endloop
  endfacet
  facet normal 0 1 0
    outer loop
      vertex 56 59 2
      vertex 64 59 0
      vertex 56 59 0
    endloop
  endfacet
  facet normal 1 -0 0
    outer loop
      vertex 56 76 2
      vertex 56 87 0
      vertex 56 87 2
    endloop
  endfacet
  facet normal 1 0 0
    outer loop
      vertex 56 87 0
      vertex 56 76 2
      vertex 56 76 0
    endloop
  endfacet
  facet normal -1 0 0
    outer loop
      vertex 64 76 0
      vertex 64 87 2
      vertex 64 87 0
    endloop
  endfacet
  facet normal -1 -0 0
    outer loop
      vertex 64 87 2
      vertex 64 76 0
      vertex 64 76 2
    endloop
  endfacet
  facet normal 0 -1 0
    outer loop
      vertex 56 87 0
      vertex 64 87 2
      vertex 56 87 2
    endloop
  endfacet
  facet normal 0 -1 -0
    outer loop
      vertex 64 87 2
      vertex 56 87 0
      vertex 64 87 0
    endloop
  endfacet
  facet normal 0 1 -0
    outer loop
      vertex 64 76 0
      vertex 56 76 2
      vertex 64 76 2
    endloop
  endfacet
  facet normal 0 1 0
    outer loop
      vertex 56 76 2
      vertex 64 76 0
      vertex 56 76 0
    endloop
  endfacet
  facet normal 0 -0.555551 0.831483
    outer loop
      vertex 0 19.0349 3.6513
      vertex 2.5 18.85 3.52776
      vertex 2.5 19.0349 3.6513
    endloop
  endfacet
  facet normal 0 -0.555551 0.831483
    outer loop
      vertex 2.5 18.85 3.52776
      vertex 0 19.0349 3.6513
      vertex 0 18.85 3.52776
    endloop
  endfacet
  facet normal 0 -0.896789 -0.442459
    outer loop
      vertex 0 19.5706 5.65056
      vertex 2.5 19.4722 5.85
      vertex 0 19.4722 5.85
    endloop
  endfacet
  facet normal 0 -0.896789 -0.442459
    outer loop
      vertex 2.5 19.4722 5.85
      vertex 0 19.5706 5.65056
      vertex 2.5 19.5706 5.65056
    endloop
  endfacet
  facet normal 0 -0.321403 -0.946943
    outer loop
      vertex 0 18.44 6.64207
      vertex 2.5 18.6506 6.57059
      vertex 2.5 18.44 6.64207
    endloop
  endfacet
  facet normal -0 -0.321403 -0.946943
    outer loop
      vertex 2.5 18.6506 6.57059
      vertex 0 18.44 6.64207
      vertex 0 18.6506 6.57059
    endloop
  endfacet
  facet normal -0 0.0653848 0.99786
    outer loop
      vertex 0 18 3.3
      vertex 2.5 17.7781 3.31454
      vertex 2.5 18 3.3
    endloop
  endfacet
  facet normal 0 0.0653848 0.99786
    outer loop
      vertex 2.5 17.7781 3.31454
      vertex 0 18 3.3
      vertex 0 17.7781 3.31454
    endloop
  endfacet
  facet normal 0 0.896789 0.442459
    outer loop
      vertex 2.5 16.5278 4.15
      vertex 0 16.4294 4.34944
      vertex 2.5 16.4294 4.34944
    endloop
  endfacet
  facet normal 0 0.896789 0.442459
    outer loop
      vertex 0 16.4294 4.34944
      vertex 2.5 16.5278 4.15
      vertex 0 16.5278 4.15
    endloop
  endfacet
  facet normal 0 -0.195122 0.980779
    outer loop
      vertex 0 18.44 3.35793
      vertex 2.5 18.2219 3.31454
      vertex 2.5 18.44 3.35793
    endloop
  endfacet
  facet normal 0 -0.195122 0.980779
    outer loop
      vertex 2.5 18.2219 3.31454
      vertex 0 18.44 3.35793
      vertex 0 18.2219 3.31454
    endloop
  endfacet
  facet normal 0 -0.997872 -0.0652086
    outer loop
      vertex 0 19.7 5
      vertex 2.5 19.6855 5.22189
      vertex 0 19.6855 5.22189
    endloop
  endfacet
  facet normal 0 -0.997872 -0.0652086
    outer loop
      vertex 2.5 19.6855 5.22189
      vertex 0 19.7 5
      vertex 2.5 19.7 5
    endloop
  endfacet
  facet normal 0 0.0653848 -0.99786
    outer loop
      vertex 0 17.7781 6.68546
      vertex 2.5 18 6.7
      vertex 2.5 17.7781 6.68546
    endloop
  endfacet
  facet normal 0 0.0653848 -0.99786
    outer loop
      vertex 2.5 18 6.7
      vertex 0 17.7781 6.68546
      vertex 0 18 6.7
    endloop
  endfacet
  facet normal 0 -0.0653848 -0.99786
    outer loop
      vertex 0 18 6.7
      vertex 2.5 18.2219 6.68546
      vertex 2.5 18 6.7
    endloop
  endfacet
  facet normal -0 -0.0653848 -0.99786
    outer loop
      vertex 2.5 18.2219 6.68546
      vertex 0 18 6.7
      vertex 0 18.2219 6.68546
    endloop
  endfacet
  facet normal 0 -0.555551 -0.831483
    outer loop
      vertex 0 18.85 6.47224
      vertex 2.5 19.0349 6.3487
      vertex 2.5 18.85 6.47224
    endloop
  endfacet
  facet normal -0 -0.555551 -0.831483
    outer loop
      vertex 2.5 19.0349 6.3487
      vertex 0 18.85 6.47224
      vertex 0 19.0349 6.3487
    endloop
  endfacet
  facet normal 0 -0.831552 -0.555447
    outer loop
      vertex 0 19.4722 5.85
      vertex 2.5 19.3487 6.03489
      vertex 0 19.3487 6.03489
    endloop
  endfacet
  facet normal 0 -0.831552 -0.555447
    outer loop
      vertex 2.5 19.3487 6.03489
      vertex 0 19.4722 5.85
      vertex 2.5 19.4722 5.85
    endloop
  endfacet
  facet normal 0 -0.98077 -0.195165
    outer loop
      vertex 0 19.6855 5.22189
      vertex 2.5 19.6421 5.43999
      vertex 0 19.6421 5.43999
    endloop
  endfacet
  facet normal 0 -0.98077 -0.195165
    outer loop
      vertex 2.5 19.6421 5.43999
      vertex 0 19.6855 5.22189
      vertex 2.5 19.6855 5.22189
    endloop
  endfacet
  facet normal 0 -0.751888 -0.659291
    outer loop
      vertex 0 19.3487 6.03489
      vertex 2.5 19.2021 6.20208
      vertex 0 19.2021 6.20208
    endloop
  endfacet
  facet normal 0 -0.751888 -0.659291
    outer loop
      vertex 2.5 19.2021 6.20208
      vertex 0 19.3487 6.03489
      vertex 2.5 19.3487 6.03489
    endloop
  endfacet
  facet normal 0 -0.0653848 0.99786
    outer loop
      vertex 0 18.2219 3.31454
      vertex 2.5 18 3.3
      vertex 2.5 18.2219 3.31454
    endloop
  endfacet
  facet normal 0 -0.0653848 0.99786
    outer loop
      vertex 2.5 18 3.3
      vertex 0 18.2219 3.31454
      vertex 0 18 3.3
    endloop
  endfacet
  facet normal 0 0.831552 0.555447
    outer loop
      vertex 2.5 16.6513 3.96511
      vertex 0 16.5278 4.15
      vertex 2.5 16.5278 4.15
    endloop
  endfacet
  facet normal 0 0.831552 0.555447
    outer loop
      vertex 0 16.5278 4.15
      vertex 2.5 16.6513 3.96511
      vertex 0 16.6513 3.96511
    endloop
  endfacet
  facet normal -0 0.321363 0.946956
    outer loop
      vertex 0 17.56 3.35793
      vertex 2.5 17.3494 3.4294
      vertex 2.5 17.56 3.35793
    endloop
  endfacet
  facet normal 0 0.321363 0.946956
    outer loop
      vertex 2.5 17.3494 3.4294
      vertex 0 17.56 3.35793
      vertex 0 17.3494 3.4294
    endloop
  endfacet
  facet normal 0 0.195122 -0.980779
    outer loop
      vertex 0 17.56 6.64207
      vertex 2.5 17.7781 6.68546
      vertex 2.5 17.56 6.64207
    endloop
  endfacet
  facet normal 0 0.195122 -0.980779
    outer loop
      vertex 2.5 17.7781 6.68546
      vertex 0 17.56 6.64207
      vertex 0 17.7781 6.68546
    endloop
  endfacet
  facet normal 0 0.946901 0.321525
    outer loop
      vertex 2.5 16.4294 4.34944
      vertex 0 16.3579 4.56001
      vertex 2.5 16.3579 4.56001
    endloop
  endfacet
  facet normal 0 0.946901 0.321525
    outer loop
      vertex 0 16.3579 4.56001
      vertex 2.5 16.4294 4.34944
      vertex 0 16.4294 4.34944
    endloop
  endfacet
  facet normal 0 -0.321363 0.946956
    outer loop
      vertex 0 18.6506 3.4294
      vertex 2.5 18.44 3.35793
      vertex 2.5 18.6506 3.4294
    endloop
  endfacet
  facet normal 0 -0.321363 0.946956
    outer loop
      vertex 2.5 18.44 3.35793
      vertex 0 18.6506 3.4294
      vertex 0 18.44 3.35793
    endloop
  endfacet
  facet normal 0 -0.659319 0.751863
    outer loop
      vertex 0 19.2021 3.79792
      vertex 2.5 19.0349 3.6513
      vertex 2.5 19.2021 3.79792
    endloop
  endfacet
  facet normal 0 -0.659319 0.751863
    outer loop
      vertex 2.5 19.0349 3.6513
      vertex 0 19.2021 3.79792
      vertex 0 19.0349 3.6513
    endloop
  endfacet
  facet normal 0 -0.751888 0.659291
    outer loop
      vertex 0 19.2021 3.79792
      vertex 2.5 19.3487 3.96511
      vertex 0 19.3487 3.96511
    endloop
  endfacet
  facet normal 0 -0.751888 0.659291
    outer loop
      vertex 2.5 19.3487 3.96511
      vertex 0 19.2021 3.79792
      vertex 2.5 19.2021 3.79792
    endloop
  endfacet
  facet normal 0 -0.980769 0.195173
    outer loop
      vertex 0 19.6421 4.56001
      vertex 2.5 19.6855 4.7781
      vertex 0 19.6855 4.7781
    endloop
  endfacet
  facet normal 0 -0.980769 0.195173
    outer loop
      vertex 2.5 19.6855 4.7781
      vertex 0 19.6421 4.56001
      vertex 2.5 19.6421 4.56001
    endloop
  endfacet
  facet normal 0 -0.831552 0.555447
    outer loop
      vertex 0 19.3487 3.96511
      vertex 2.5 19.4722 4.15
      vertex 0 19.4722 4.15
    endloop
  endfacet
  facet normal 0 -0.831552 0.555447
    outer loop
      vertex 2.5 19.4722 4.15
      vertex 0 19.3487 3.96511
      vertex 2.5 19.3487 3.96511
    endloop
  endfacet
  facet normal 0 -0.946901 0.321525
    outer loop
      vertex 0 19.5706 4.34944
      vertex 2.5 19.6421 4.56001
      vertex 0 19.6421 4.56001
    endloop
  endfacet
  facet normal 0 -0.946901 0.321525
    outer loop
      vertex 2.5 19.6421 4.56001
      vertex 0 19.5706 4.34944
      vertex 2.5 19.5706 4.34944
    endloop
  endfacet
  facet normal 0 -0.896789 0.442459
    outer loop
      vertex 0 19.4722 4.15
      vertex 2.5 19.5706 4.34944
      vertex 0 19.5706 4.34944
    endloop
  endfacet
  facet normal 0 -0.896789 0.442459
    outer loop
      vertex 2.5 19.5706 4.34944
      vertex 0 19.4722 4.15
      vertex 2.5 19.4722 4.15
    endloop
  endfacet
  facet normal 0 -0.442349 -0.896843
    outer loop
      vertex 0 18.6506 6.57059
      vertex 2.5 18.85 6.47224
      vertex 2.5 18.6506 6.57059
    endloop
  endfacet
  facet normal -0 -0.442349 -0.896843
    outer loop
      vertex 2.5 18.85 6.47224
      vertex 0 18.6506 6.57059
      vertex 0 18.85 6.47224
    endloop
  endfacet
  facet normal 0 -0.659319 -0.751863
    outer loop
      vertex 0 19.0349 6.3487
      vertex 2.5 19.2021 6.20208
      vertex 2.5 19.0349 6.3487
    endloop
  endfacet
  facet normal -0 -0.659319 -0.751863
    outer loop
      vertex 2.5 19.2021 6.20208
      vertex 0 19.0349 6.3487
      vertex 0 19.2021 6.20208
    endloop
  endfacet
  facet normal -0 0.195122 0.980779
    outer loop
      vertex 0 17.7781 3.31454
      vertex 2.5 17.56 3.35793
      vertex 2.5 17.7781 3.31454
    endloop
  endfacet
  facet normal 0 0.195122 0.980779
    outer loop
      vertex 2.5 17.56 3.35793
      vertex 0 17.7781 3.31454
      vertex 0 17.56 3.35793
    endloop
  endfacet
  facet normal -0 0.555551 0.831483
    outer loop
      vertex 0 17.15 3.52776
      vertex 2.5 16.9651 3.6513
      vertex 2.5 17.15 3.52776
    endloop
  endfacet
  facet normal 0 0.555551 0.831483
    outer loop
      vertex 2.5 16.9651 3.6513
      vertex 0 17.15 3.52776
      vertex 0 16.9651 3.6513
    endloop
  endfacet
  facet normal -0 0.442386 0.896825
    outer loop
      vertex 0 17.3494 3.4294
      vertex 2.5 17.15 3.52776
      vertex 2.5 17.3494 3.4294
    endloop
  endfacet
  facet normal 0 0.442386 0.896825
    outer loop
      vertex 2.5 17.15 3.52776
      vertex 0 17.3494 3.4294
      vertex 0 17.15 3.52776
    endloop
  endfacet
  facet normal 0 0.997872 -0.0652086
    outer loop
      vertex 2.5 16.3 5
      vertex 0 16.3145 5.22189
      vertex 2.5 16.3145 5.22189
    endloop
  endfacet
  facet normal 0 0.997872 -0.0652086
    outer loop
      vertex 0 16.3145 5.22189
      vertex 2.5 16.3 5
      vertex 0 16.3 5
    endloop
  endfacet
  facet normal 0 0.980769 0.195173
    outer loop
      vertex 2.5 16.3579 4.56001
      vertex 0 16.3145 4.7781
      vertex 2.5 16.3145 4.7781
    endloop
  endfacet
  facet normal 0 0.980769 0.195173
    outer loop
      vertex 0 16.3145 4.7781
      vertex 2.5 16.3579 4.56001
      vertex 0 16.3579 4.56001
    endloop
  endfacet
  facet normal 0 -0.442386 0.896825
    outer loop
      vertex 0 18.85 3.52776
      vertex 2.5 18.6506 3.4294
      vertex 2.5 18.85 3.52776
    endloop
  endfacet
  facet normal 0 -0.442386 0.896825
    outer loop
      vertex 2.5 18.6506 3.4294
      vertex 0 18.85 3.52776
      vertex 0 18.6506 3.4294
    endloop
  endfacet
  facet normal 0 -0.997872 0.0652057
    outer loop
      vertex 0 19.6855 4.7781
      vertex 2.5 19.7 5
      vertex 0 19.7 5
    endloop
  endfacet
  facet normal 0 -0.997872 0.0652057
    outer loop
      vertex 2.5 19.7 5
      vertex 0 19.6855 4.7781
      vertex 2.5 19.6855 4.7781
    endloop
  endfacet
  facet normal 0 -0.195122 -0.980779
    outer loop
      vertex 0 18.2219 6.68546
      vertex 2.5 18.44 6.64207
      vertex 2.5 18.2219 6.68546
    endloop
  endfacet
  facet normal -0 -0.195122 -0.980779
    outer loop
      vertex 2.5 18.44 6.64207
      vertex 0 18.2219 6.68546
      vertex 0 18.44 6.64207
    endloop
  endfacet
  facet normal 0 -0.946901 -0.321525
    outer loop
      vertex 0 19.6421 5.43999
      vertex 2.5 19.5706 5.65056
      vertex 0 19.5706 5.65056
    endloop
  endfacet
  facet normal 0 -0.946901 -0.321525
    outer loop
      vertex 2.5 19.5706 5.65056
      vertex 0 19.6421 5.43999
      vertex 2.5 19.6421 5.43999
    endloop
  endfacet
  facet normal 0 0.997872 0.0652057
    outer loop
      vertex 2.5 16.3145 4.7781
      vertex 0 16.3 5
      vertex 2.5 16.3 5
    endloop
  endfacet
  facet normal 0 0.997872 0.0652057
    outer loop
      vertex 0 16.3 5
      vertex 2.5 16.3145 4.7781
      vertex 0 16.3145 4.7781
    endloop
  endfacet
  facet normal 0 0.946901 -0.321525
    outer loop
      vertex 2.5 16.3579 5.43999
      vertex 0 16.4294 5.65056
      vertex 2.5 16.4294 5.65056
    endloop
  endfacet
  facet normal 0 0.946901 -0.321525
    outer loop
      vertex 0 16.4294 5.65056
      vertex 2.5 16.3579 5.43999
      vertex 0 16.3579 5.43999
    endloop
  endfacet
  facet normal 0 0.442349 -0.896843
    outer loop
      vertex 0 17.15 6.47224
      vertex 2.5 17.3494 6.57059
      vertex 2.5 17.15 6.47224
    endloop
  endfacet
  facet normal 0 0.442349 -0.896843
    outer loop
      vertex 2.5 17.3494 6.57059
      vertex 0 17.15 6.47224
      vertex 0 17.3494 6.57059
    endloop
  endfacet
  facet normal 0 0.555551 -0.831483
    outer loop
      vertex 0 16.9651 6.3487
      vertex 2.5 17.15 6.47224
      vertex 2.5 16.9651 6.3487
    endloop
  endfacet
  facet normal 0 0.555551 -0.831483
    outer loop
      vertex 2.5 17.15 6.47224
      vertex 0 16.9651 6.3487
      vertex 0 17.15 6.47224
    endloop
  endfacet
  facet normal 0 0.751888 0.659291
    outer loop
      vertex 2.5 16.7979 3.79792
      vertex 0 16.6513 3.96511
      vertex 2.5 16.6513 3.96511
    endloop
  endfacet
  facet normal 0 0.751888 0.659291
    outer loop
      vertex 0 16.6513 3.96511
      vertex 2.5 16.7979 3.79792
      vertex 0 16.7979 3.79792
    endloop
  endfacet
  facet normal -0 0.659319 0.751863
    outer loop
      vertex 0 16.9651 3.6513
      vertex 2.5 16.7979 3.79792
      vertex 2.5 16.9651 3.6513
    endloop
  endfacet
  facet normal 0 0.659319 0.751863
    outer loop
      vertex 2.5 16.7979 3.79792
      vertex 0 16.9651 3.6513
      vertex 0 16.7979 3.79792
    endloop
  endfacet
  facet normal 0 0.98077 -0.195165
    outer loop
      vertex 2.5 16.3145 5.22189
      vertex 0 16.3579 5.43999
      vertex 2.5 16.3579 5.43999
    endloop
  endfacet
  facet normal 0 0.98077 -0.195165
    outer loop
      vertex 0 16.3579 5.43999
      vertex 2.5 16.3145 5.22189
      vertex 0 16.3145 5.22189
    endloop
  endfacet
  facet normal 0 0.896789 -0.442459
    outer loop
      vertex 2.5 16.4294 5.65056
      vertex 0 16.5278 5.85
      vertex 2.5 16.5278 5.85
    endloop
  endfacet
  facet normal 0 0.896789 -0.442459
    outer loop
      vertex 0 16.5278 5.85
      vertex 2.5 16.4294 5.65056
      vertex 0 16.4294 5.65056
    endloop
  endfacet
  facet normal 0 0.321403 -0.946943
    outer loop
      vertex 0 17.3494 6.57059
      vertex 2.5 17.56 6.64207
      vertex 2.5 17.3494 6.57059
    endloop
  endfacet
  facet normal 0 0.321403 -0.946943
    outer loop
      vertex 2.5 17.56 6.64207
      vertex 0 17.3494 6.57059
      vertex 0 17.56 6.64207
    endloop
  endfacet
  facet normal 0 0.751888 -0.659291
    outer loop
      vertex 2.5 16.6513 6.03489
      vertex 0 16.7979 6.20208
      vertex 2.5 16.7979 6.20208
    endloop
  endfacet
  facet normal 0 0.751888 -0.659291
    outer loop
      vertex 0 16.7979 6.20208
      vertex 2.5 16.6513 6.03489
      vertex 0 16.6513 6.03489
    endloop
  endfacet
  facet normal 0 0.659319 -0.751863
    outer loop
      vertex 0 16.7979 6.20208
      vertex 2.5 16.9651 6.3487
      vertex 2.5 16.7979 6.20208
    endloop
  endfacet
  facet normal 0 0.659319 -0.751863
    outer loop
      vertex 2.5 16.9651 6.3487
      vertex 0 16.7979 6.20208
      vertex 0 16.9651 6.3487
    endloop
  endfacet
  facet normal 0 0.831552 -0.555447
    outer loop
      vertex 2.5 16.5278 5.85
      vertex 0 16.6513 6.03489
      vertex 2.5 16.6513 6.03489
    endloop
  endfacet
  facet normal 0 0.831552 -0.555447
    outer loop
      vertex 0 16.6513 6.03489
      vertex 2.5 16.5278 5.85
      vertex 0 16.5278 5.85
    endloop
  endfacet
  facet normal 0 -0.555551 0.831483
    outer loop
      vertex 74.2 19.0349 3.6513
      vertex 76.7 18.85 3.52776
      vertex 76.7 19.0349 3.6513
    endloop
  endfacet
  facet normal 0 -0.555551 0.831483
    outer loop
      vertex 76.7 18.85 3.52776
      vertex 74.2 19.0349 3.6513
      vertex 74.2 18.85 3.52776
    endloop
  endfacet
  facet normal 0 -0.896789 -0.442459
    outer loop
      vertex 74.2 19.5706 5.65056
      vertex 76.7 19.4722 5.85
      vertex 74.2 19.4722 5.85
    endloop
  endfacet
  facet normal 0 -0.896789 -0.442459
    outer loop
      vertex 76.7 19.4722 5.85
      vertex 74.2 19.5706 5.65056
      vertex 76.7 19.5706 5.65056
    endloop
  endfacet
  facet normal 0 -0.321403 -0.946943
    outer loop
      vertex 74.2 18.44 6.64207
      vertex 76.7 18.6506 6.57059
      vertex 76.7 18.44 6.64207
    endloop
  endfacet
  facet normal -0 -0.321403 -0.946943
    outer loop
      vertex 76.7 18.6506 6.57059
      vertex 74.2 18.44 6.64207
      vertex 74.2 18.6506 6.57059
    endloop
  endfacet
  facet normal -0 0.0653848 0.99786
    outer loop
      vertex 74.2 18 3.3
      vertex 76.7 17.7781 3.31454
      vertex 76.7 18 3.3
    endloop
  endfacet
  facet normal 0 0.0653848 0.99786
    outer loop
      vertex 76.7 17.7781 3.31454
      vertex 74.2 18 3.3
      vertex 74.2 17.7781 3.31454
    endloop
  endfacet
  facet normal 0 0.896789 0.442459
    outer loop
      vertex 76.7 16.5278 4.15
      vertex 74.2 16.4294 4.34944
      vertex 76.7 16.4294 4.34944
    endloop
  endfacet
  facet normal 0 0.896789 0.442459
    outer loop
      vertex 74.2 16.4294 4.34944
      vertex 76.7 16.5278 4.15
      vertex 74.2 16.5278 4.15
    endloop
  endfacet
  facet normal 0 -0.195122 0.980779
    outer loop
      vertex 74.2 18.44 3.35793
      vertex 76.7 18.2219 3.31454
      vertex 76.7 18.44 3.35793
    endloop
  endfacet
  facet normal 0 -0.195122 0.980779
    outer loop
      vertex 76.7 18.2219 3.31454
      vertex 74.2 18.44 3.35793
      vertex 74.2 18.2219 3.31454
    endloop
  endfacet
  facet normal 0 -0.997872 -0.0652086
    outer loop
      vertex 74.2 19.7 5
      vertex 76.7 19.6855 5.22189
      vertex 74.2 19.6855 5.22189
    endloop
  endfacet
  facet normal 0 -0.997872 -0.0652086
    outer loop
      vertex 76.7 19.6855 5.22189
      vertex 74.2 19.7 5
      vertex 76.7 19.7 5
    endloop
  endfacet
  facet normal 0 0.0653848 -0.99786
    outer loop
      vertex 74.2 17.7781 6.68546
      vertex 76.7 18 6.7
      vertex 76.7 17.7781 6.68546
    endloop
  endfacet
  facet normal 0 0.0653848 -0.99786
    outer loop
      vertex 76.7 18 6.7
      vertex 74.2 17.7781 6.68546
      vertex 74.2 18 6.7
    endloop
  endfacet
  facet normal 0 -0.0653848 -0.99786
    outer loop
      vertex 74.2 18 6.7
      vertex 76.7 18.2219 6.68546
      vertex 76.7 18 6.7
    endloop
  endfacet
  facet normal -0 -0.0653848 -0.99786
    outer loop
      vertex 76.7 18.2219 6.68546
      vertex 74.2 18 6.7
      vertex 74.2 18.2219 6.68546
    endloop
  endfacet
  facet normal 0 -0.555551 -0.831483
    outer loop
      vertex 74.2 18.85 6.47224
      vertex 76.7 19.0349 6.3487
      vertex 76.7 18.85 6.47224
    endloop
  endfacet
  facet normal -0 -0.555551 -0.831483
    outer loop
      vertex 76.7 19.0349 6.3487
      vertex 74.2 18.85 6.47224
      vertex 74.2 19.0349 6.3487
    endloop
  endfacet
  facet normal 0 -0.831552 -0.555447
    outer loop
      vertex 74.2 19.4722 5.85
      vertex 76.7 19.3487 6.03489
      vertex 74.2 19.3487 6.03489
    endloop
  endfacet
  facet normal 0 -0.831552 -0.555447
    outer loop
      vertex 76.7 19.3487 6.03489
      vertex 74.2 19.4722 5.85
      vertex 76.7 19.4722 5.85
    endloop
  endfacet
  facet normal 0 -0.98077 -0.195165
    outer loop
      vertex 74.2 19.6855 5.22189
      vertex 76.7 19.6421 5.43999
      vertex 74.2 19.6421 5.43999
    endloop
  endfacet
  facet normal 0 -0.98077 -0.195165
    outer loop
      vertex 76.7 19.6421 5.43999
      vertex 74.2 19.6855 5.22189
      vertex 76.7 19.6855 5.22189
    endloop
  endfacet
  facet normal 0 -0.751888 -0.659291
    outer loop
      vertex 74.2 19.3487 6.03489
      vertex 76.7 19.2021 6.20208
      vertex 74.2 19.2021 6.20208
    endloop
  endfacet
  facet normal 0 -0.751888 -0.659291
    outer loop
      vertex 76.7 19.2021 6.20208
      vertex 74.2 19.3487 6.03489
      vertex 76.7 19.3487 6.03489
    endloop
  endfacet
  facet normal 0 -0.0653848 0.99786
    outer loop
      vertex 74.2 18.2219 3.31454
      vertex 76.7 18 3.3
      vertex 76.7 18.2219 3.31454
    endloop
  endfacet
  facet normal 0 -0.0653848 0.99786
    outer loop
      vertex 76.7 18 3.3
      vertex 74.2 18.2219 3.31454
      vertex 74.2 18 3.3
    endloop
  endfacet
  facet normal 0 0.831552 0.555447
    outer loop
      vertex 76.7 16.6513 3.96511
      vertex 74.2 16.5278 4.15
      vertex 76.7 16.5278 4.15
    endloop
  endfacet
  facet normal 0 0.831552 0.555447
    outer loop
      vertex 74.2 16.5278 4.15
      vertex 76.7 16.6513 3.96511
      vertex 74.2 16.6513 3.96511
    endloop
  endfacet
  facet normal -0 0.321363 0.946956
    outer loop
      vertex 74.2 17.56 3.35793
      vertex 76.7 17.3494 3.4294
      vertex 76.7 17.56 3.35793
    endloop
  endfacet
  facet normal 0 0.321363 0.946956
    outer loop
      vertex 76.7 17.3494 3.4294
      vertex 74.2 17.56 3.35793
      vertex 74.2 17.3494 3.4294
    endloop
  endfacet
  facet normal 0 0.195122 -0.980779
    outer loop
      vertex 74.2 17.56 6.64207
      vertex 76.7 17.7781 6.68546
      vertex 76.7 17.56 6.64207
    endloop
  endfacet
  facet normal 0 0.195122 -0.980779
    outer loop
      vertex 76.7 17.7781 6.68546
      vertex 74.2 17.56 6.64207
      vertex 74.2 17.7781 6.68546
    endloop
  endfacet
  facet normal 0 0.946901 0.321525
    outer loop
      vertex 76.7 16.4294 4.34944
      vertex 74.2 16.3579 4.56001
      vertex 76.7 16.3579 4.56001
    endloop
  endfacet
  facet normal 0 0.946901 0.321525
    outer loop
      vertex 74.2 16.3579 4.56001
      vertex 76.7 16.4294 4.34944
      vertex 74.2 16.4294 4.34944
    endloop
  endfacet
  facet normal 0 -0.321363 0.946956
    outer loop
      vertex 74.2 18.6506 3.4294
      vertex 76.7 18.44 3.35793
      vertex 76.7 18.6506 3.4294
    endloop
  endfacet
  facet normal 0 -0.321363 0.946956
    outer loop
      vertex 76.7 18.44 3.35793
      vertex 74.2 18.6506 3.4294
      vertex 74.2 18.44 3.35793
    endloop
  endfacet
  facet normal 0 -0.659319 0.751863
    outer loop
      vertex 74.2 19.2021 3.79792
      vertex 76.7 19.0349 3.6513
      vertex 76.7 19.2021 3.79792
    endloop
  endfacet
  facet normal 0 -0.659319 0.751863
    outer loop
      vertex 76.7 19.0349 3.6513
      vertex 74.2 19.2021 3.79792
      vertex 74.2 19.0349 3.6513
    endloop
  endfacet
  facet normal 0 -0.751888 0.659291
    outer loop
      vertex 74.2 19.2021 3.79792
      vertex 76.7 19.3487 3.96511
      vertex 74.2 19.3487 3.96511
    endloop
  endfacet
  facet normal 0 -0.751888 0.659291
    outer loop
      vertex 76.7 19.3487 3.96511
      vertex 74.2 19.2021 3.79792
      vertex 76.7 19.2021 3.79792
    endloop
  endfacet
  facet normal 0 -0.980769 0.195173
    outer loop
      vertex 74.2 19.6421 4.56001
      vertex 76.7 19.6855 4.7781
      vertex 74.2 19.6855 4.7781
    endloop
  endfacet
  facet normal 0 -0.980769 0.195173
    outer loop
      vertex 76.7 19.6855 4.7781
      vertex 74.2 19.6421 4.56001
      vertex 76.7 19.6421 4.56001
    endloop
  endfacet
  facet normal 0 -0.831552 0.555447
    outer loop
      vertex 74.2 19.3487 3.96511
      vertex 76.7 19.4722 4.15
      vertex 74.2 19.4722 4.15
    endloop
  endfacet
  facet normal 0 -0.831552 0.555447
    outer loop
      vertex 76.7 19.4722 4.15
      vertex 74.2 19.3487 3.96511
      vertex 76.7 19.3487 3.96511
    endloop
  endfacet
  facet normal 0 -0.946901 0.321525
    outer loop
      vertex 74.2 19.5706 4.34944
      vertex 76.7 19.6421 4.56001
      vertex 74.2 19.6421 4.56001
    endloop
  endfacet
  facet normal 0 -0.946901 0.321525
    outer loop
      vertex 76.7 19.6421 4.56001
      vertex 74.2 19.5706 4.34944
      vertex 76.7 19.5706 4.34944
    endloop
  endfacet
  facet normal 0 -0.195122 -0.980779
    outer loop
      vertex 74.2 18.2219 6.68546
      vertex 76.7 18.44 6.64207
      vertex 76.7 18.2219 6.68546
    endloop
  endfacet
  facet normal -0 -0.195122 -0.980779
    outer loop
      vertex 76.7 18.44 6.64207
      vertex 74.2 18.2219 6.68546
      vertex 74.2 18.44 6.64207
    endloop
  endfacet
  facet normal 0 -0.442349 -0.896843
    outer loop
      vertex 74.2 18.6506 6.57059
      vertex 76.7 18.85 6.47224
      vertex 76.7 18.6506 6.57059
    endloop
  endfacet
  facet normal -0 -0.442349 -0.896843
    outer loop
      vertex 76.7 18.85 6.47224
      vertex 74.2 18.6506 6.57059
      vertex 74.2 18.85 6.47224
    endloop
  endfacet
  facet normal 0 -0.946901 -0.321525
    outer loop
      vertex 74.2 19.6421 5.43999
      vertex 76.7 19.5706 5.65056
      vertex 74.2 19.5706 5.65056
    endloop
  endfacet
  facet normal 0 -0.946901 -0.321525
    outer loop
      vertex 76.7 19.5706 5.65056
      vertex 74.2 19.6421 5.43999
      vertex 76.7 19.6421 5.43999
    endloop
  endfacet
  facet normal 0 -0.659319 -0.751863
    outer loop
      vertex 74.2 19.0349 6.3487
      vertex 76.7 19.2021 6.20208
      vertex 76.7 19.0349 6.3487
    endloop
  endfacet
  facet normal -0 -0.659319 -0.751863
    outer loop
      vertex 76.7 19.2021 6.20208
      vertex 74.2 19.0349 6.3487
      vertex 74.2 19.2021 6.20208
    endloop
  endfacet
  facet normal -0 0.195122 0.980779
    outer loop
      vertex 74.2 17.7781 3.31454
      vertex 76.7 17.56 3.35793
      vertex 76.7 17.7781 3.31454
    endloop
  endfacet
  facet normal 0 0.195122 0.980779
    outer loop
      vertex 76.7 17.56 3.35793
      vertex 74.2 17.7781 3.31454
      vertex 74.2 17.56 3.35793
    endloop
  endfacet
  facet normal -0 0.555551 0.831483
    outer loop
      vertex 74.2 17.15 3.52776
      vertex 76.7 16.9651 3.6513
      vertex 76.7 17.15 3.52776
    endloop
  endfacet
  facet normal 0 0.555551 0.831483
    outer loop
      vertex 76.7 16.9651 3.6513
      vertex 74.2 17.15 3.52776
      vertex 74.2 16.9651 3.6513
    endloop
  endfacet
  facet normal -0 0.442386 0.896825
    outer loop
      vertex 74.2 17.3494 3.4294
      vertex 76.7 17.15 3.52776
      vertex 76.7 17.3494 3.4294
    endloop
  endfacet
  facet normal 0 0.442386 0.896825
    outer loop
      vertex 76.7 17.15 3.52776
      vertex 74.2 17.3494 3.4294
      vertex 74.2 17.15 3.52776
    endloop
  endfacet
  facet normal 0 0.997872 -0.0652086
    outer loop
      vertex 76.7 16.3 5
      vertex 74.2 16.3145 5.22189
      vertex 76.7 16.3145 5.22189
    endloop
  endfacet
  facet normal 0 0.997872 -0.0652086
    outer loop
      vertex 74.2 16.3145 5.22189
      vertex 76.7 16.3 5
      vertex 74.2 16.3 5
    endloop
  endfacet
  facet normal 0 0.980769 0.195173
    outer loop
      vertex 76.7 16.3579 4.56001
      vertex 74.2 16.3145 4.7781
      vertex 76.7 16.3145 4.7781
    endloop
  endfacet
  facet normal 0 0.980769 0.195173
    outer loop
      vertex 74.2 16.3145 4.7781
      vertex 76.7 16.3579 4.56001
      vertex 74.2 16.3579 4.56001
    endloop
  endfacet
  facet normal 0 -0.442386 0.896825
    outer loop
      vertex 74.2 18.85 3.52776
      vertex 76.7 18.6506 3.4294
      vertex 76.7 18.85 3.52776
    endloop
  endfacet
  facet normal 0 -0.442386 0.896825
    outer loop
      vertex 76.7 18.6506 3.4294
      vertex 74.2 18.85 3.52776
      vertex 74.2 18.6506 3.4294
    endloop
  endfacet
  facet normal 0 -0.997872 0.0652057
    outer loop
      vertex 74.2 19.6855 4.7781
      vertex 76.7 19.7 5
      vertex 74.2 19.7 5
    endloop
  endfacet
  facet normal 0 -0.997872 0.0652057
    outer loop
      vertex 76.7 19.7 5
      vertex 74.2 19.6855 4.7781
      vertex 76.7 19.6855 4.7781
    endloop
  endfacet
  facet normal 0 -0.896789 0.442459
    outer loop
      vertex 74.2 19.4722 4.15
      vertex 76.7 19.5706 4.34944
      vertex 74.2 19.5706 4.34944
    endloop
  endfacet
  facet normal 0 -0.896789 0.442459
    outer loop
      vertex 76.7 19.5706 4.34944
      vertex 74.2 19.4722 4.15
      vertex 76.7 19.4722 4.15
    endloop
  endfacet
  facet normal 0 0.997872 0.0652057
    outer loop
      vertex 76.7 16.3145 4.7781
      vertex 74.2 16.3 5
      vertex 76.7 16.3 5
    endloop
  endfacet
  facet normal 0 0.997872 0.0652057
    outer loop
      vertex 74.2 16.3 5
      vertex 76.7 16.3145 4.7781
      vertex 74.2 16.3145 4.7781
    endloop
  endfacet
  facet normal 0 0.946901 -0.321525
    outer loop
      vertex 76.7 16.3579 5.43999
      vertex 74.2 16.4294 5.65056
      vertex 76.7 16.4294 5.65056
    endloop
  endfacet
  facet normal 0 0.946901 -0.321525
    outer loop
      vertex 74.2 16.4294 5.65056
      vertex 76.7 16.3579 5.43999
      vertex 74.2 16.3579 5.43999
    endloop
  endfacet
  facet normal 0 0.442349 -0.896843
    outer loop
      vertex 74.2 17.15 6.47224
      vertex 76.7 17.3494 6.57059
      vertex 76.7 17.15 6.47224
    endloop
  endfacet
  facet normal 0 0.442349 -0.896843
    outer loop
      vertex 76.7 17.3494 6.57059
      vertex 74.2 17.15 6.47224
      vertex 74.2 17.3494 6.57059
    endloop
  endfacet
  facet normal 0 0.555551 -0.831483
    outer loop
      vertex 74.2 16.9651 6.3487
      vertex 76.7 17.15 6.47224
      vertex 76.7 16.9651 6.3487
    endloop
  endfacet
  facet normal 0 0.555551 -0.831483
    outer loop
      vertex 76.7 17.15 6.47224
      vertex 74.2 16.9651 6.3487
      vertex 74.2 17.15 6.47224
    endloop
  endfacet
  facet normal 0 0.751888 0.659291
    outer loop
      vertex 76.7 16.7979 3.79792
      vertex 74.2 16.6513 3.96511
      vertex 76.7 16.6513 3.96511
    endloop
  endfacet
  facet normal 0 0.751888 0.659291
    outer loop
      vertex 74.2 16.6513 3.96511
      vertex 76.7 16.7979 3.79792
      vertex 74.2 16.7979 3.79792
    endloop
  endfacet
  facet normal 0 0.831552 -0.555447
    outer loop
      vertex 76.7 16.5278 5.85
      vertex 74.2 16.6513 6.03489
      vertex 76.7 16.6513 6.03489
    endloop
  endfacet
  facet normal 0 0.831552 -0.555447
    outer loop
      vertex 74.2 16.6513 6.03489
      vertex 76.7 16.5278 5.85
      vertex 74.2 16.5278 5.85
    endloop
  endfacet
  facet normal 0 0.98077 -0.195165
    outer loop
      vertex 76.7 16.3145 5.22189
      vertex 74.2 16.3579 5.43999
      vertex 76.7 16.3579 5.43999
    endloop
  endfacet
  facet normal 0 0.98077 -0.195165
    outer loop
      vertex 74.2 16.3579 5.43999
      vertex 76.7 16.3145 5.22189
      vertex 74.2 16.3145 5.22189
    endloop
  endfacet
  facet normal 0 0.896789 -0.442459
    outer loop
      vertex 76.7 16.4294 5.65056
      vertex 74.2 16.5278 5.85
      vertex 76.7 16.5278 5.85
    endloop
  endfacet
  facet normal 0 0.896789 -0.442459
    outer loop
      vertex 74.2 16.5278 5.85
      vertex 76.7 16.4294 5.65056
      vertex 74.2 16.4294 5.65056
    endloop
  endfacet
  facet normal 0 0.321403 -0.946943
    outer loop
      vertex 74.2 17.3494 6.57059
      vertex 76.7 17.56 6.64207
      vertex 76.7 17.3494 6.57059
    endloop
  endfacet
  facet normal 0 0.321403 -0.946943
    outer loop
      vertex 76.7 17.56 6.64207
      vertex 74.2 17.3494 6.57059
      vertex 74.2 17.56 6.64207
    endloop
  endfacet
  facet normal 0 0.751888 -0.659291
    outer loop
      vertex 76.7 16.6513 6.03489
      vertex 74.2 16.7979 6.20208
      vertex 76.7 16.7979 6.20208
    endloop
  endfacet
  facet normal 0 0.751888 -0.659291
    outer loop
      vertex 74.2 16.7979 6.20208
      vertex 76.7 16.6513 6.03489
      vertex 74.2 16.6513 6.03489
    endloop
  endfacet
  facet normal 0 0.659319 -0.751863
    outer loop
      vertex 74.2 16.7979 6.20208
      vertex 76.7 16.9651 6.3487
      vertex 76.7 16.7979 6.20208
    endloop
  endfacet
  facet normal 0 0.659319 -0.751863
    outer loop
      vertex 76.7 16.9651 6.3487
      vertex 74.2 16.7979 6.20208
      vertex 74.2 16.9651 6.3487
    endloop
  endfacet
  facet normal -0 0.659319 0.751863
    outer loop
      vertex 74.2 16.9651 3.6513
      vertex 76.7 16.7979 3.79792
      vertex 76.7 16.9651 3.6513
    endloop
  endfacet
  facet normal 0 0.659319 0.751863
    outer loop
      vertex 76.7 16.7979 3.79792
      vertex 74.2 16.9651 3.6513
      vertex 74.2 16.7979 3.79792
    endloop
  endfacet
  facet normal 0 -0.555551 0.831483
    outer loop
      vertex 0 95.6349 3.6513
      vertex 2.5 95.45 3.52776
      vertex 2.5 95.6349 3.6513
    endloop
  endfacet
  facet normal 0 -0.555551 0.831483
    outer loop
      vertex 2.5 95.45 3.52776
      vertex 0 95.6349 3.6513
      vertex 0 95.45 3.52776
    endloop
  endfacet
  facet normal 0 -0.980769 0.195173
    outer loop
      vertex 0 96.2421 4.56001
      vertex 2.5 96.2855 4.7781
      vertex 0 96.2855 4.7781
    endloop
  endfacet
  facet normal 0 -0.980769 0.195173
    outer loop
      vertex 2.5 96.2855 4.7781
      vertex 0 96.2421 4.56001
      vertex 2.5 96.2421 4.56001
    endloop
  endfacet
  facet normal 0 -0.946901 0.321525
    outer loop
      vertex 0 96.1706 4.34944
      vertex 2.5 96.2421 4.56001
      vertex 0 96.2421 4.56001
    endloop
  endfacet
  facet normal 0 -0.946901 0.321525
    outer loop
      vertex 2.5 96.2421 4.56001
      vertex 0 96.1706 4.34944
      vertex 2.5 96.1706 4.34944
    endloop
  endfacet
  facet normal 0 -0.896789 -0.442459
    outer loop
      vertex 0 96.1706 5.65056
      vertex 2.5 96.0722 5.85
      vertex 0 96.0722 5.85
    endloop
  endfacet
  facet normal 0 -0.896789 -0.442459
    outer loop
      vertex 2.5 96.0722 5.85
      vertex 0 96.1706 5.65056
      vertex 2.5 96.1706 5.65056
    endloop
  endfacet
  facet normal 0 -0.321403 -0.946943
    outer loop
      vertex 0 95.04 6.64207
      vertex 2.5 95.2506 6.57059
      vertex 2.5 95.04 6.64207
    endloop
  endfacet
  facet normal -0 -0.321403 -0.946943
    outer loop
      vertex 2.5 95.2506 6.57059
      vertex 0 95.04 6.64207
      vertex 0 95.2506 6.57059
    endloop
  endfacet
  facet normal -0 0.195122 0.980779
    outer loop
      vertex 0 94.3781 3.31454
      vertex 2.5 94.16 3.35793
      vertex 2.5 94.3781 3.31454
    endloop
  endfacet
  facet normal 0 0.195122 0.980779
    outer loop
      vertex 2.5 94.16 3.35793
      vertex 0 94.3781 3.31454
      vertex 0 94.16 3.35793
    endloop
  endfacet
  facet normal 0 -0.195122 0.980779
    outer loop
      vertex 0 95.04 3.35793
      vertex 2.5 94.8219 3.31454
      vertex 2.5 95.04 3.35793
    endloop
  endfacet
  facet normal 0 -0.195122 0.980779
    outer loop
      vertex 2.5 94.8219 3.31454
      vertex 0 95.04 3.35793
      vertex 0 94.8219 3.31454
    endloop
  endfacet
  facet normal 0 -0.997872 0.0652057
    outer loop
      vertex 0 96.2855 4.7781
      vertex 2.5 96.3 5
      vertex 0 96.3 5
    endloop
  endfacet
  facet normal 0 -0.997872 0.0652057
    outer loop
      vertex 2.5 96.3 5
      vertex 0 96.2855 4.7781
      vertex 2.5 96.2855 4.7781
    endloop
  endfacet
  facet normal 0 -0.0653848 -0.99786
    outer loop
      vertex 0 94.6 6.7
      vertex 2.5 94.8219 6.68546
      vertex 2.5 94.6 6.7
    endloop
  endfacet
  facet normal -0 -0.0653848 -0.99786
    outer loop
      vertex 2.5 94.8219 6.68546
      vertex 0 94.6 6.7
      vertex 0 94.8219 6.68546
    endloop
  endfacet
  facet normal 0 -0.555551 -0.831483
    outer loop
      vertex 0 95.45 6.47224
      vertex 2.5 95.6349 6.3487
      vertex 2.5 95.45 6.47224
    endloop
  endfacet
  facet normal -0 -0.555551 -0.831483
    outer loop
      vertex 2.5 95.6349 6.3487
      vertex 0 95.45 6.47224
      vertex 0 95.6349 6.3487
    endloop
  endfacet
  facet normal 0 -0.831552 -0.555447
    outer loop
      vertex 0 96.0722 5.85
      vertex 2.5 95.9487 6.03489
      vertex 0 95.9487 6.03489
    endloop
  endfacet
  facet normal 0 -0.831552 -0.555447
    outer loop
      vertex 2.5 95.9487 6.03489
      vertex 0 96.0722 5.85
      vertex 2.5 96.0722 5.85
    endloop
  endfacet
  facet normal 0 -0.946901 -0.321525
    outer loop
      vertex 0 96.2421 5.43999
      vertex 2.5 96.1706 5.65056
      vertex 0 96.1706 5.65056
    endloop
  endfacet
  facet normal 0 -0.946901 -0.321525
    outer loop
      vertex 2.5 96.1706 5.65056
      vertex 0 96.2421 5.43999
      vertex 2.5 96.2421 5.43999
    endloop
  endfacet
  facet normal 0 -0.0653848 0.99786
    outer loop
      vertex 0 94.8219 3.31454
      vertex 2.5 94.6 3.3
      vertex 2.5 94.8219 3.31454
    endloop
  endfacet
  facet normal 0 -0.0653848 0.99786
    outer loop
      vertex 2.5 94.6 3.3
      vertex 0 94.8219 3.31454
      vertex 0 94.6 3.3
    endloop
  endfacet
  facet normal -0 0.321363 0.946956
    outer loop
      vertex 0 94.16 3.35793
      vertex 2.5 93.9494 3.4294
      vertex 2.5 94.16 3.35793
    endloop
  endfacet
  facet normal 0 0.321363 0.946956
    outer loop
      vertex 2.5 93.9494 3.4294
      vertex 0 94.16 3.35793
      vertex 0 93.9494 3.4294
    endloop
  endfacet
  facet normal 0 0.751888 -0.659291
    outer loop
      vertex 2.5 93.2513 6.03489
      vertex 0 93.3979 6.20208
      vertex 2.5 93.3979 6.20208
    endloop
  endfacet
  facet normal 0 0.751888 -0.659291
    outer loop
      vertex 0 93.3979 6.20208
      vertex 2.5 93.2513 6.03489
      vertex 0 93.2513 6.03489
    endloop
  endfacet
  facet normal 0 0.321403 -0.946943
    outer loop
      vertex 0 93.9494 6.57059
      vertex 2.5 94.16 6.64207
      vertex 2.5 93.9494 6.57059
    endloop
  endfacet
  facet normal 0 0.321403 -0.946943
    outer loop
      vertex 2.5 94.16 6.64207
      vertex 0 93.9494 6.57059
      vertex 0 94.16 6.64207
    endloop
  endfacet
  facet normal 0 0.831552 0.555447
    outer loop
      vertex 2.5 93.2513 3.96511
      vertex 0 93.1278 4.15
      vertex 2.5 93.1278 4.15
    endloop
  endfacet
  facet normal 0 0.831552 0.555447
    outer loop
      vertex 0 93.1278 4.15
      vertex 2.5 93.2513 3.96511
      vertex 0 93.2513 3.96511
    endloop
  endfacet
  facet normal 0 -0.321363 0.946956
    outer loop
      vertex 0 95.2506 3.4294
      vertex 2.5 95.04 3.35793
      vertex 2.5 95.2506 3.4294
    endloop
  endfacet
  facet normal 0 -0.321363 0.946956
    outer loop
      vertex 2.5 95.04 3.35793
      vertex 0 95.2506 3.4294
      vertex 0 95.04 3.35793
    endloop
  endfacet
  facet normal 0 -0.659319 0.751863
    outer loop
      vertex 0 95.8021 3.79792
      vertex 2.5 95.6349 3.6513
      vertex 2.5 95.8021 3.79792
    endloop
  endfacet
  facet normal 0 -0.659319 0.751863
    outer loop
      vertex 2.5 95.6349 3.6513
      vertex 0 95.8021 3.79792
      vertex 0 95.6349 3.6513
    endloop
  endfacet
  facet normal 0 -0.751888 0.659291
    outer loop
      vertex 0 95.8021 3.79792
      vertex 2.5 95.9487 3.96511
      vertex 0 95.9487 3.96511
    endloop
  endfacet
  facet normal 0 -0.751888 0.659291
    outer loop
      vertex 2.5 95.9487 3.96511
      vertex 0 95.8021 3.79792
      vertex 2.5 95.8021 3.79792
    endloop
  endfacet
  facet normal 0 -0.997872 -0.0652086
    outer loop
      vertex 0 96.3 5
      vertex 2.5 96.2855 5.22189
      vertex 0 96.2855 5.22189
    endloop
  endfacet
  facet normal 0 -0.997872 -0.0652086
    outer loop
      vertex 2.5 96.2855 5.22189
      vertex 0 96.3 5
      vertex 2.5 96.3 5
    endloop
  endfacet
  facet normal 0 -0.831552 0.555447
    outer loop
      vertex 0 95.9487 3.96511
      vertex 2.5 96.0722 4.15
      vertex 0 96.0722 4.15
    endloop
  endfacet
  facet normal 0 -0.831552 0.555447
    outer loop
      vertex 2.5 96.0722 4.15
      vertex 0 95.9487 3.96511
      vertex 2.5 95.9487 3.96511
    endloop
  endfacet
  facet normal 0 -0.195122 -0.980779
    outer loop
      vertex 0 94.8219 6.68546
      vertex 2.5 95.04 6.64207
      vertex 2.5 94.8219 6.68546
    endloop
  endfacet
  facet normal -0 -0.195122 -0.980779
    outer loop
      vertex 2.5 95.04 6.64207
      vertex 0 94.8219 6.68546
      vertex 0 95.04 6.64207
    endloop
  endfacet
  facet normal 0 -0.442349 -0.896843
    outer loop
      vertex 0 95.2506 6.57059
      vertex 2.5 95.45 6.47224
      vertex 2.5 95.2506 6.57059
    endloop
  endfacet
  facet normal -0 -0.442349 -0.896843
    outer loop
      vertex 2.5 95.45 6.47224
      vertex 0 95.2506 6.57059
      vertex 0 95.45 6.47224
    endloop
  endfacet
  facet normal 0 -0.98077 -0.195165
    outer loop
      vertex 0 96.2855 5.22189
      vertex 2.5 96.2421 5.43999
      vertex 0 96.2421 5.43999
    endloop
  endfacet
  facet normal 0 -0.98077 -0.195165
    outer loop
      vertex 2.5 96.2421 5.43999
      vertex 0 96.2855 5.22189
      vertex 2.5 96.2855 5.22189
    endloop
  endfacet
  facet normal 0 -0.751888 -0.659291
    outer loop
      vertex 0 95.9487 6.03489
      vertex 2.5 95.8021 6.20208
      vertex 0 95.8021 6.20208
    endloop
  endfacet
  facet normal 0 -0.751888 -0.659291
    outer loop
      vertex 2.5 95.8021 6.20208
      vertex 0 95.9487 6.03489
      vertex 2.5 95.9487 6.03489
    endloop
  endfacet
  facet normal 0 -0.659319 -0.751863
    outer loop
      vertex 0 95.6349 6.3487
      vertex 2.5 95.8021 6.20208
      vertex 2.5 95.6349 6.3487
    endloop
  endfacet
  facet normal -0 -0.659319 -0.751863
    outer loop
      vertex 2.5 95.8021 6.20208
      vertex 0 95.6349 6.3487
      vertex 0 95.8021 6.20208
    endloop
  endfacet
  facet normal -0 0.0653848 0.99786
    outer loop
      vertex 0 94.6 3.3
      vertex 2.5 94.3781 3.31454
      vertex 2.5 94.6 3.3
    endloop
  endfacet
  facet normal 0 0.0653848 0.99786
    outer loop
      vertex 2.5 94.3781 3.31454
      vertex 0 94.6 3.3
      vertex 0 94.3781 3.31454
    endloop
  endfacet
  facet normal -0 0.555551 0.831483
    outer loop
      vertex 0 93.75 3.52776
      vertex 2.5 93.5651 3.6513
      vertex 2.5 93.75 3.52776
    endloop
  endfacet
  facet normal 0 0.555551 0.831483
    outer loop
      vertex 2.5 93.5651 3.6513
      vertex 0 93.75 3.52776
      vertex 0 93.5651 3.6513
    endloop
  endfacet
  facet normal 0 0.195122 -0.980779
    outer loop
      vertex 0 94.16 6.64207
      vertex 2.5 94.3781 6.68546
      vertex 2.5 94.16 6.64207
    endloop
  endfacet
  facet normal 0 0.195122 -0.980779
    outer loop
      vertex 2.5 94.3781 6.68546
      vertex 0 94.16 6.64207
      vertex 0 94.3781 6.68546
    endloop
  endfacet
  facet normal 0 0.442349 -0.896843
    outer loop
      vertex 0 93.75 6.47224
      vertex 2.5 93.9494 6.57059
      vertex 2.5 93.75 6.47224
    endloop
  endfacet
  facet normal 0 0.442349 -0.896843
    outer loop
      vertex 2.5 93.9494 6.57059
      vertex 0 93.75 6.47224
      vertex 0 93.9494 6.57059
    endloop
  endfacet
  facet normal 0 0.980769 0.195173
    outer loop
      vertex 2.5 92.9579 4.56001
      vertex 0 92.9145 4.7781
      vertex 2.5 92.9145 4.7781
    endloop
  endfacet
  facet normal 0 0.980769 0.195173
    outer loop
      vertex 0 92.9145 4.7781
      vertex 2.5 92.9579 4.56001
      vertex 0 92.9579 4.56001
    endloop
  endfacet
  facet normal 0 -0.442386 0.896825
    outer loop
      vertex 0 95.45 3.52776
      vertex 2.5 95.2506 3.4294
      vertex 2.5 95.45 3.52776
    endloop
  endfacet
  facet normal 0 -0.442386 0.896825
    outer loop
      vertex 2.5 95.2506 3.4294
      vertex 0 95.45 3.52776
      vertex 0 95.2506 3.4294
    endloop
  endfacet
  facet normal 0 -0.896789 0.442459
    outer loop
      vertex 0 96.0722 4.15
      vertex 2.5 96.1706 4.34944
      vertex 0 96.1706 4.34944
    endloop
  endfacet
  facet normal 0 -0.896789 0.442459
    outer loop
      vertex 2.5 96.1706 4.34944
      vertex 0 96.0722 4.15
      vertex 2.5 96.0722 4.15
    endloop
  endfacet
  facet normal -0 0.442386 0.896825
    outer loop
      vertex 0 93.9494 3.4294
      vertex 2.5 93.75 3.52776
      vertex 2.5 93.9494 3.4294
    endloop
  endfacet
  facet normal 0 0.442386 0.896825
    outer loop
      vertex 2.5 93.75 3.52776
      vertex 0 93.9494 3.4294
      vertex 0 93.75 3.52776
    endloop
  endfacet
  facet normal 0 0.98077 -0.195165
    outer loop
      vertex 2.5 92.9145 5.22189
      vertex 0 92.9579 5.43999
      vertex 2.5 92.9579 5.43999
    endloop
  endfacet
  facet normal 0 0.98077 -0.195165
    outer loop
      vertex 0 92.9579 5.43999
      vertex 2.5 92.9145 5.22189
      vertex 0 92.9145 5.22189
    endloop
  endfacet
  facet normal 0 0.0653848 -0.99786
    outer loop
      vertex 0 94.3781 6.68546
      vertex 2.5 94.6 6.7
      vertex 2.5 94.3781 6.68546
    endloop
  endfacet
  facet normal 0 0.0653848 -0.99786
    outer loop
      vertex 2.5 94.6 6.7
      vertex 0 94.3781 6.68546
      vertex 0 94.6 6.7
    endloop
  endfacet
  facet normal 0 0.659319 -0.751863
    outer loop
      vertex 0 93.3979 6.20208
      vertex 2.5 93.5651 6.3487
      vertex 2.5 93.3979 6.20208
    endloop
  endfacet
  facet normal 0 0.659319 -0.751863
    outer loop
      vertex 2.5 93.5651 6.3487
      vertex 0 93.3979 6.20208
      vertex 0 93.5651 6.3487
    endloop
  endfacet
  facet normal 0 0.896789 0.442459
    outer loop
      vertex 2.5 93.1278 4.15
      vertex 0 93.0294 4.34944
      vertex 2.5 93.0294 4.34944
    endloop
  endfacet
  facet normal 0 0.896789 0.442459
    outer loop
      vertex 0 93.0294 4.34944
      vertex 2.5 93.1278 4.15
      vertex 0 93.1278 4.15
    endloop
  endfacet
  facet normal 0 0.946901 0.321525
    outer loop
      vertex 2.5 93.0294 4.34944
      vertex 0 92.9579 4.56001
      vertex 2.5 92.9579 4.56001
    endloop
  endfacet
  facet normal 0 0.946901 0.321525
    outer loop
      vertex 0 92.9579 4.56001
      vertex 2.5 93.0294 4.34944
      vertex 0 93.0294 4.34944
    endloop
  endfacet
  facet normal -0 0.659319 0.751863
    outer loop
      vertex 0 93.5651 3.6513
      vertex 2.5 93.3979 3.79792
      vertex 2.5 93.5651 3.6513
    endloop
  endfacet
  facet normal 0 0.659319 0.751863
    outer loop
      vertex 2.5 93.3979 3.79792
      vertex 0 93.5651 3.6513
      vertex 0 93.3979 3.79792
    endloop
  endfacet
  facet normal 0 0.946901 -0.321525
    outer loop
      vertex 2.5 92.9579 5.43999
      vertex 0 93.0294 5.65056
      vertex 2.5 93.0294 5.65056
    endloop
  endfacet
  facet normal 0 0.946901 -0.321525
    outer loop
      vertex 0 93.0294 5.65056
      vertex 2.5 92.9579 5.43999
      vertex 0 92.9579 5.43999
    endloop
  endfacet
  facet normal 0 0.831552 -0.555447
    outer loop
      vertex 2.5 93.1278 5.85
      vertex 0 93.2513 6.03489
      vertex 2.5 93.2513 6.03489
    endloop
  endfacet
  facet normal 0 0.831552 -0.555447
    outer loop
      vertex 0 93.2513 6.03489
      vertex 2.5 93.1278 5.85
      vertex 0 93.1278 5.85
    endloop
  endfacet
  facet normal 0 0.997872 0.0652057
    outer loop
      vertex 2.5 92.9145 4.7781
      vertex 0 92.9 5
      vertex 2.5 92.9 5
    endloop
  endfacet
  facet normal 0 0.997872 0.0652057
    outer loop
      vertex 0 92.9 5
      vertex 2.5 92.9145 4.7781
      vertex 0 92.9145 4.7781
    endloop
  endfacet
  facet normal 0 0.997872 -0.0652086
    outer loop
      vertex 2.5 92.9 5
      vertex 0 92.9145 5.22189
      vertex 2.5 92.9145 5.22189
    endloop
  endfacet
  facet normal 0 0.997872 -0.0652086
    outer loop
      vertex 0 92.9145 5.22189
      vertex 2.5 92.9 5
      vertex 0 92.9 5
    endloop
  endfacet
  facet normal 0 0.555551 -0.831483
    outer loop
      vertex 0 93.5651 6.3487
      vertex 2.5 93.75 6.47224
      vertex 2.5 93.5651 6.3487
    endloop
  endfacet
  facet normal 0 0.555551 -0.831483
    outer loop
      vertex 2.5 93.75 6.47224
      vertex 0 93.5651 6.3487
      vertex 0 93.75 6.47224
    endloop
  endfacet
  facet normal 0 0.751888 0.659291
    outer loop
      vertex 2.5 93.3979 3.79792
      vertex 0 93.2513 3.96511
      vertex 2.5 93.2513 3.96511
    endloop
  endfacet
  facet normal 0 0.751888 0.659291
    outer loop
      vertex 0 93.2513 3.96511
      vertex 2.5 93.3979 3.79792
      vertex 0 93.3979 3.79792
    endloop
  endfacet
  facet normal 0 0.896789 -0.442459
    outer loop
      vertex 2.5 93.0294 5.65056
      vertex 0 93.1278 5.85
      vertex 2.5 93.1278 5.85
    endloop
  endfacet
  facet normal 0 0.896789 -0.442459
    outer loop
      vertex 0 93.1278 5.85
      vertex 2.5 93.0294 5.65056
      vertex 0 93.0294 5.65056
    endloop
  endfacet
  facet normal 0 -0.195122 -0.980779
    outer loop
      vertex 74.2 94.8219 6.68546
      vertex 76.7 95.04 6.64207
      vertex 76.7 94.8219 6.68546
    endloop
  endfacet
  facet normal -0 -0.195122 -0.980779
    outer loop
      vertex 76.7 95.04 6.64207
      vertex 74.2 94.8219 6.68546
      vertex 74.2 95.04 6.64207
    endloop
  endfacet
  facet normal 0 -0.555551 0.831483
    outer loop
      vertex 74.2 95.6349 3.6513
      vertex 76.7 95.45 3.52776
      vertex 76.7 95.6349 3.6513
    endloop
  endfacet
  facet normal 0 -0.555551 0.831483
    outer loop
      vertex 76.7 95.45 3.52776
      vertex 74.2 95.6349 3.6513
      vertex 74.2 95.45 3.52776
    endloop
  endfacet
  facet normal 0 -0.980769 0.195173
    outer loop
      vertex 74.2 96.2421 4.56001
      vertex 76.7 96.2855 4.7781
      vertex 74.2 96.2855 4.7781
    endloop
  endfacet
  facet normal 0 -0.980769 0.195173
    outer loop
      vertex 76.7 96.2855 4.7781
      vertex 74.2 96.2421 4.56001
      vertex 76.7 96.2421 4.56001
    endloop
  endfacet
  facet normal 0 -0.946901 0.321525
    outer loop
      vertex 74.2 96.1706 4.34944
      vertex 76.7 96.2421 4.56001
      vertex 74.2 96.2421 4.56001
    endloop
  endfacet
  facet normal 0 -0.946901 0.321525
    outer loop
      vertex 76.7 96.2421 4.56001
      vertex 74.2 96.1706 4.34944
      vertex 76.7 96.1706 4.34944
    endloop
  endfacet
  facet normal 0 -0.896789 -0.442459
    outer loop
      vertex 74.2 96.1706 5.65056
      vertex 76.7 96.0722 5.85
      vertex 74.2 96.0722 5.85
    endloop
  endfacet
  facet normal 0 -0.896789 -0.442459
    outer loop
      vertex 76.7 96.0722 5.85
      vertex 74.2 96.1706 5.65056
      vertex 76.7 96.1706 5.65056
    endloop
  endfacet
  facet normal 0 -0.321403 -0.946943
    outer loop
      vertex 74.2 95.04 6.64207
      vertex 76.7 95.2506 6.57059
      vertex 76.7 95.04 6.64207
    endloop
  endfacet
  facet normal -0 -0.321403 -0.946943
    outer loop
      vertex 76.7 95.2506 6.57059
      vertex 74.2 95.04 6.64207
      vertex 74.2 95.2506 6.57059
    endloop
  endfacet
  facet normal -0 0.0653848 0.99786
    outer loop
      vertex 74.2 94.6 3.3
      vertex 76.7 94.3781 3.31454
      vertex 76.7 94.6 3.3
    endloop
  endfacet
  facet normal 0 0.0653848 0.99786
    outer loop
      vertex 76.7 94.3781 3.31454
      vertex 74.2 94.6 3.3
      vertex 74.2 94.3781 3.31454
    endloop
  endfacet
  facet normal 0 0.896789 0.442459
    outer loop
      vertex 76.7 93.1278 4.15
      vertex 74.2 93.0294 4.34944
      vertex 76.7 93.0294 4.34944
    endloop
  endfacet
  facet normal 0 0.896789 0.442459
    outer loop
      vertex 74.2 93.0294 4.34944
      vertex 76.7 93.1278 4.15
      vertex 74.2 93.1278 4.15
    endloop
  endfacet
  facet normal 0 -0.195122 0.980779
    outer loop
      vertex 74.2 95.04 3.35793
      vertex 76.7 94.8219 3.31454
      vertex 76.7 95.04 3.35793
    endloop
  endfacet
  facet normal 0 -0.195122 0.980779
    outer loop
      vertex 76.7 94.8219 3.31454
      vertex 74.2 95.04 3.35793
      vertex 74.2 94.8219 3.31454
    endloop
  endfacet
  facet normal 0 -0.997872 0.0652057
    outer loop
      vertex 74.2 96.2855 4.7781
      vertex 76.7 96.3 5
      vertex 74.2 96.3 5
    endloop
  endfacet
  facet normal 0 -0.997872 0.0652057
    outer loop
      vertex 76.7 96.3 5
      vertex 74.2 96.2855 4.7781
      vertex 76.7 96.2855 4.7781
    endloop
  endfacet
  facet normal 0 -0.0653848 -0.99786
    outer loop
      vertex 74.2 94.6 6.7
      vertex 76.7 94.8219 6.68546
      vertex 76.7 94.6 6.7
    endloop
  endfacet
  facet normal -0 -0.0653848 -0.99786
    outer loop
      vertex 76.7 94.8219 6.68546
      vertex 74.2 94.6 6.7
      vertex 74.2 94.8219 6.68546
    endloop
  endfacet
  facet normal 0 -0.555551 -0.831483
    outer loop
      vertex 74.2 95.45 6.47224
      vertex 76.7 95.6349 6.3487
      vertex 76.7 95.45 6.47224
    endloop
  endfacet
  facet normal -0 -0.555551 -0.831483
    outer loop
      vertex 76.7 95.6349 6.3487
      vertex 74.2 95.45 6.47224
      vertex 74.2 95.6349 6.3487
    endloop
  endfacet
  facet normal 0 -0.831552 -0.555447
    outer loop
      vertex 74.2 96.0722 5.85
      vertex 76.7 95.9487 6.03489
      vertex 74.2 95.9487 6.03489
    endloop
  endfacet
  facet normal 0 -0.831552 -0.555447
    outer loop
      vertex 76.7 95.9487 6.03489
      vertex 74.2 96.0722 5.85
      vertex 76.7 96.0722 5.85
    endloop
  endfacet
  facet normal 0 -0.751888 -0.659291
    outer loop
      vertex 74.2 95.9487 6.03489
      vertex 76.7 95.8021 6.20208
      vertex 74.2 95.8021 6.20208
    endloop
  endfacet
  facet normal 0 -0.751888 -0.659291
    outer loop
      vertex 76.7 95.8021 6.20208
      vertex 74.2 95.9487 6.03489
      vertex 76.7 95.9487 6.03489
    endloop
  endfacet
  facet normal 0 -0.0653848 0.99786
    outer loop
      vertex 74.2 94.8219 3.31454
      vertex 76.7 94.6 3.3
      vertex 76.7 94.8219 3.31454
    endloop
  endfacet
  facet normal 0 -0.0653848 0.99786
    outer loop
      vertex 76.7 94.6 3.3
      vertex 74.2 94.8219 3.31454
      vertex 74.2 94.6 3.3
    endloop
  endfacet
  facet normal -0 0.321363 0.946956
    outer loop
      vertex 74.2 94.16 3.35793
      vertex 76.7 93.9494 3.4294
      vertex 76.7 94.16 3.35793
    endloop
  endfacet
  facet normal 0 0.321363 0.946956
    outer loop
      vertex 76.7 93.9494 3.4294
      vertex 74.2 94.16 3.35793
      vertex 74.2 93.9494 3.4294
    endloop
  endfacet
  facet normal 0 0.98077 -0.195165
    outer loop
      vertex 76.7 92.9145 5.22189
      vertex 74.2 92.9579 5.43999
      vertex 76.7 92.9579 5.43999
    endloop
  endfacet
  facet normal 0 0.98077 -0.195165
    outer loop
      vertex 74.2 92.9579 5.43999
      vertex 76.7 92.9145 5.22189
      vertex 74.2 92.9145 5.22189
    endloop
  endfacet
  facet normal 0 0.946901 0.321525
    outer loop
      vertex 76.7 93.0294 4.34944
      vertex 74.2 92.9579 4.56001
      vertex 76.7 92.9579 4.56001
    endloop
  endfacet
  facet normal 0 0.946901 0.321525
    outer loop
      vertex 74.2 92.9579 4.56001
      vertex 76.7 93.0294 4.34944
      vertex 74.2 93.0294 4.34944
    endloop
  endfacet
  facet normal 0 -0.321363 0.946956
    outer loop
      vertex 74.2 95.2506 3.4294
      vertex 76.7 95.04 3.35793
      vertex 76.7 95.2506 3.4294
    endloop
  endfacet
  facet normal 0 -0.321363 0.946956
    outer loop
      vertex 76.7 95.04 3.35793
      vertex 74.2 95.2506 3.4294
      vertex 74.2 95.04 3.35793
    endloop
  endfacet
  facet normal 0 -0.659319 0.751863
    outer loop
      vertex 74.2 95.8021 3.79792
      vertex 76.7 95.6349 3.6513
      vertex 76.7 95.8021 3.79792
    endloop
  endfacet
  facet normal 0 -0.659319 0.751863
    outer loop
      vertex 76.7 95.6349 3.6513
      vertex 74.2 95.8021 3.79792
      vertex 74.2 95.6349 3.6513
    endloop
  endfacet
  facet normal 0 -0.751888 0.659291
    outer loop
      vertex 74.2 95.8021 3.79792
      vertex 76.7 95.9487 3.96511
      vertex 74.2 95.9487 3.96511
    endloop
  endfacet
  facet normal 0 -0.751888 0.659291
    outer loop
      vertex 76.7 95.9487 3.96511
      vertex 74.2 95.8021 3.79792
      vertex 76.7 95.8021 3.79792
    endloop
  endfacet
  facet normal 0 -0.997872 -0.0652086
    outer loop
      vertex 74.2 96.3 5
      vertex 76.7 96.2855 5.22189
      vertex 74.2 96.2855 5.22189
    endloop
  endfacet
  facet normal 0 -0.997872 -0.0652086
    outer loop
      vertex 76.7 96.2855 5.22189
      vertex 74.2 96.3 5
      vertex 76.7 96.3 5
    endloop
  endfacet
  facet normal 0 -0.831552 0.555447
    outer loop
      vertex 74.2 95.9487 3.96511
      vertex 76.7 96.0722 4.15
      vertex 74.2 96.0722 4.15
    endloop
  endfacet
  facet normal 0 -0.831552 0.555447
    outer loop
      vertex 76.7 96.0722 4.15
      vertex 74.2 95.9487 3.96511
      vertex 76.7 95.9487 3.96511
    endloop
  endfacet
  facet normal 0 -0.896789 0.442459
    outer loop
      vertex 74.2 96.0722 4.15
      vertex 76.7 96.1706 4.34944
      vertex 74.2 96.1706 4.34944
    endloop
  endfacet
  facet normal 0 -0.896789 0.442459
    outer loop
      vertex 76.7 96.1706 4.34944
      vertex 74.2 96.0722 4.15
      vertex 76.7 96.0722 4.15
    endloop
  endfacet
  facet normal 0 -0.442349 -0.896843
    outer loop
      vertex 74.2 95.2506 6.57059
      vertex 76.7 95.45 6.47224
      vertex 76.7 95.2506 6.57059
    endloop
  endfacet
  facet normal -0 -0.442349 -0.896843
    outer loop
      vertex 76.7 95.45 6.47224
      vertex 74.2 95.2506 6.57059
      vertex 74.2 95.45 6.47224
    endloop
  endfacet
  facet normal 0 -0.98077 -0.195165
    outer loop
      vertex 74.2 96.2855 5.22189
      vertex 76.7 96.2421 5.43999
      vertex 74.2 96.2421 5.43999
    endloop
  endfacet
  facet normal 0 -0.98077 -0.195165
    outer loop
      vertex 76.7 96.2421 5.43999
      vertex 74.2 96.2855 5.22189
      vertex 76.7 96.2855 5.22189
    endloop
  endfacet
  facet normal 0 -0.946901 -0.321525
    outer loop
      vertex 74.2 96.2421 5.43999
      vertex 76.7 96.1706 5.65056
      vertex 74.2 96.1706 5.65056
    endloop
  endfacet
  facet normal 0 -0.946901 -0.321525
    outer loop
      vertex 76.7 96.1706 5.65056
      vertex 74.2 96.2421 5.43999
      vertex 76.7 96.2421 5.43999
    endloop
  endfacet
  facet normal 0 -0.659319 -0.751863
    outer loop
      vertex 74.2 95.6349 6.3487
      vertex 76.7 95.8021 6.20208
      vertex 76.7 95.6349 6.3487
    endloop
  endfacet
  facet normal -0 -0.659319 -0.751863
    outer loop
      vertex 76.7 95.8021 6.20208
      vertex 74.2 95.6349 6.3487
      vertex 74.2 95.8021 6.20208
    endloop
  endfacet
  facet normal -0 0.195122 0.980779
    outer loop
      vertex 74.2 94.3781 3.31454
      vertex 76.7 94.16 3.35793
      vertex 76.7 94.3781 3.31454
    endloop
  endfacet
  facet normal 0 0.195122 0.980779
    outer loop
      vertex 76.7 94.16 3.35793
      vertex 74.2 94.3781 3.31454
      vertex 74.2 94.16 3.35793
    endloop
  endfacet
  facet normal -0 0.555551 0.831483
    outer loop
      vertex 74.2 93.75 3.52776
      vertex 76.7 93.5651 3.6513
      vertex 76.7 93.75 3.52776
    endloop
  endfacet
  facet normal 0 0.555551 0.831483
    outer loop
      vertex 76.7 93.5651 3.6513
      vertex 74.2 93.75 3.52776
      vertex 74.2 93.5651 3.6513
    endloop
  endfacet
  facet normal -0 0.442386 0.896825
    outer loop
      vertex 74.2 93.9494 3.4294
      vertex 76.7 93.75 3.52776
      vertex 76.7 93.9494 3.4294
    endloop
  endfacet
  facet normal 0 0.442386 0.896825
    outer loop
      vertex 76.7 93.75 3.52776
      vertex 74.2 93.9494 3.4294
      vertex 74.2 93.75 3.52776
    endloop
  endfacet
  facet normal 0 0.321403 -0.946943
    outer loop
      vertex 74.2 93.9494 6.57059
      vertex 76.7 94.16 6.64207
      vertex 76.7 93.9494 6.57059
    endloop
  endfacet
  facet normal 0 0.321403 -0.946943
    outer loop
      vertex 76.7 94.16 6.64207
      vertex 74.2 93.9494 6.57059
      vertex 74.2 94.16 6.64207
    endloop
  endfacet
  facet normal 0 0.980769 0.195173
    outer loop
      vertex 76.7 92.9579 4.56001
      vertex 74.2 92.9145 4.7781
      vertex 76.7 92.9145 4.7781
    endloop
  endfacet
  facet normal 0 0.980769 0.195173
    outer loop
      vertex 74.2 92.9145 4.7781
      vertex 76.7 92.9579 4.56001
      vertex 74.2 92.9579 4.56001
    endloop
  endfacet
  facet normal 0 -0.442386 0.896825
    outer loop
      vertex 74.2 95.45 3.52776
      vertex 76.7 95.2506 3.4294
      vertex 76.7 95.45 3.52776
    endloop
  endfacet
  facet normal 0 -0.442386 0.896825
    outer loop
      vertex 76.7 95.2506 3.4294
      vertex 74.2 95.45 3.52776
      vertex 74.2 95.2506 3.4294
    endloop
  endfacet
  facet normal 0 0.0653848 -0.99786
    outer loop
      vertex 74.2 94.3781 6.68546
      vertex 76.7 94.6 6.7
      vertex 76.7 94.3781 6.68546
    endloop
  endfacet
  facet normal 0 0.0653848 -0.99786
    outer loop
      vertex 76.7 94.6 6.7
      vertex 74.2 94.3781 6.68546
      vertex 74.2 94.6 6.7
    endloop
  endfacet
  facet normal -0 0.659319 0.751863
    outer loop
      vertex 74.2 93.5651 3.6513
      vertex 76.7 93.3979 3.79792
      vertex 76.7 93.5651 3.6513
    endloop
  endfacet
  facet normal 0 0.659319 0.751863
    outer loop
      vertex 76.7 93.3979 3.79792
      vertex 74.2 93.5651 3.6513
      vertex 74.2 93.3979 3.79792
    endloop
  endfacet
  facet normal 0 0.831552 0.555447
    outer loop
      vertex 76.7 93.2513 3.96511
      vertex 74.2 93.1278 4.15
      vertex 76.7 93.1278 4.15
    endloop
  endfacet
  facet normal 0 0.831552 0.555447
    outer loop
      vertex 74.2 93.1278 4.15
      vertex 76.7 93.2513 3.96511
      vertex 74.2 93.2513 3.96511
    endloop
  endfacet
  facet normal 0 0.831552 -0.555447
    outer loop
      vertex 76.7 93.1278 5.85
      vertex 74.2 93.2513 6.03489
      vertex 76.7 93.2513 6.03489
    endloop
  endfacet
  facet normal 0 0.831552 -0.555447
    outer loop
      vertex 74.2 93.2513 6.03489
      vertex 76.7 93.1278 5.85
      vertex 74.2 93.1278 5.85
    endloop
  endfacet
  facet normal 0 0.997872 0.0652057
    outer loop
      vertex 76.7 92.9145 4.7781
      vertex 74.2 92.9 5
      vertex 76.7 92.9 5
    endloop
  endfacet
  facet normal 0 0.997872 0.0652057
    outer loop
      vertex 74.2 92.9 5
      vertex 76.7 92.9145 4.7781
      vertex 74.2 92.9145 4.7781
    endloop
  endfacet
  facet normal 0 0.997872 -0.0652086
    outer loop
      vertex 76.7 92.9 5
      vertex 74.2 92.9145 5.22189
      vertex 76.7 92.9145 5.22189
    endloop
  endfacet
  facet normal 0 0.997872 -0.0652086
    outer loop
      vertex 74.2 92.9145 5.22189
      vertex 76.7 92.9 5
      vertex 74.2 92.9 5
    endloop
  endfacet
  facet normal 0 0.195122 -0.980779
    outer loop
      vertex 74.2 94.16 6.64207
      vertex 76.7 94.3781 6.68546
      vertex 76.7 94.16 6.64207
    endloop
  endfacet
  facet normal 0 0.195122 -0.980779
    outer loop
      vertex 76.7 94.3781 6.68546
      vertex 74.2 94.16 6.64207
      vertex 74.2 94.3781 6.68546
    endloop
  endfacet
  facet normal 0 0.751888 -0.659291
    outer loop
      vertex 76.7 93.2513 6.03489
      vertex 74.2 93.3979 6.20208
      vertex 76.7 93.3979 6.20208
    endloop
  endfacet
  facet normal 0 0.751888 -0.659291
    outer loop
      vertex 74.2 93.3979 6.20208
      vertex 76.7 93.2513 6.03489
      vertex 74.2 93.2513 6.03489
    endloop
  endfacet
  facet normal 0 0.659319 -0.751863
    outer loop
      vertex 74.2 93.3979 6.20208
      vertex 76.7 93.5651 6.3487
      vertex 76.7 93.3979 6.20208
    endloop
  endfacet
  facet normal 0 0.659319 -0.751863
    outer loop
      vertex 76.7 93.5651 6.3487
      vertex 74.2 93.3979 6.20208
      vertex 74.2 93.5651 6.3487
    endloop
  endfacet
  facet normal 0 0.555551 -0.831483
    outer loop
      vertex 74.2 93.5651 6.3487
      vertex 76.7 93.75 6.47224
      vertex 76.7 93.5651 6.3487
    endloop
  endfacet
  facet normal 0 0.555551 -0.831483
    outer loop
      vertex 76.7 93.75 6.47224
      vertex 74.2 93.5651 6.3487
      vertex 74.2 93.75 6.47224
    endloop
  endfacet
  facet normal 0 0.442349 -0.896843
    outer loop
      vertex 74.2 93.75 6.47224
      vertex 76.7 93.9494 6.57059
      vertex 76.7 93.75 6.47224
    endloop
  endfacet
  facet normal 0 0.442349 -0.896843
    outer loop
      vertex 76.7 93.9494 6.57059
      vertex 74.2 93.75 6.47224
      vertex 74.2 93.9494 6.57059
    endloop
  endfacet
  facet normal 0 0.751888 0.659291
    outer loop
      vertex 76.7 93.3979 3.79792
      vertex 74.2 93.2513 3.96511
      vertex 76.7 93.2513 3.96511
    endloop
  endfacet
  facet normal 0 0.751888 0.659291
    outer loop
      vertex 74.2 93.2513 3.96511
      vertex 76.7 93.3979 3.79792
      vertex 74.2 93.3979 3.79792
    endloop
  endfacet
  facet normal 0 0.946901 -0.321525
    outer loop
      vertex 76.7 92.9579 5.43999
      vertex 74.2 93.0294 5.65056
      vertex 76.7 93.0294 5.65056
    endloop
  endfacet
  facet normal 0 0.946901 -0.321525
    outer loop
      vertex 74.2 93.0294 5.65056
      vertex 76.7 92.9579 5.43999
      vertex 74.2 92.9579 5.43999
    endloop
  endfacet
  facet normal 0 0.896789 -0.442459
    outer loop
      vertex 76.7 93.0294 5.65056
      vertex 74.2 93.1278 5.85
      vertex 76.7 93.1278 5.85
    endloop
  endfacet
  facet normal 0 0.896789 -0.442459
    outer loop
      vertex 74.2 93.1278 5.85
      vertex 76.7 93.0294 5.65056
      vertex 74.2 93.0294 5.65056
    endloop
  endfacet
  facet normal 0.980813 -0 0.19495
    outer loop
      vertex 15.362 -4 6.11727
      vertex 15.3977 3 5.93766
      vertex 15.362 3 6.11727
    endloop
  endfacet
  facet normal 0.980813 0 0.19495
    outer loop
      vertex 15.3977 3 5.93766
      vertex 15.362 -4 6.11727
      vertex 15.3977 -4 5.93766
    endloop
  endfacet
  facet normal 1 -0 0
    outer loop
      vertex 15.35 -4 11.1
      vertex 15.35 3 6.30001
      vertex 15.35 3 11.1
    endloop
  endfacet
  facet normal 1 0 0
    outer loop
      vertex 15.35 3 6.30001
      vertex 15.35 -4 11.1
      vertex 15.35 -4 6.30001
    endloop
  endfacet
  facet normal -0.99785 0 -0.0655402
    outer loop
      vertex 61.35 -4 11.1
      vertex 61.338 3 11.2827
      vertex 61.35 3 11.1
    endloop
  endfacet
  facet normal -0.99785 -0 -0.0655402
    outer loop
      vertex 61.338 3 11.2827
      vertex 61.35 -4 11.1
      vertex 61.338 -4 11.2827
    endloop
  endfacet
  facet normal 0.997851 -0 0.0655259
    outer loop
      vertex 15.35 -4 6.30001
      vertex 15.362 3 6.11727
      vertex 15.35 3 6.30001
    endloop
  endfacet
  facet normal 0.997851 0 0.0655259
    outer loop
      vertex 15.362 3 6.11727
      vertex 15.35 -4 6.30001
      vertex 15.362 -4 6.11727
    endloop
  endfacet
  facet normal -0.195066 0 0.98079
    outer loop
      vertex 60.1327 3 4.91199
      vertex 60.3123 -4 4.94771
      vertex 60.3123 3 4.94771
    endloop
  endfacet
  facet normal -0.195066 0 0.98079
    outer loop
      vertex 60.3123 -4 4.94771
      vertex 60.1327 3 4.91199
      vertex 60.1327 -4 4.91199
    endloop
  endfacet
  facet normal 0.83163 0 -0.55533
    outer loop
      vertex 15.6393 -4 11.9523
      vertex 15.5376 3 11.8
      vertex 15.6393 3 11.9523
    endloop
  endfacet
  facet normal 0.83163 0 -0.55533
    outer loop
      vertex 15.5376 3 11.8
      vertex 15.6393 -4 11.9523
      vertex 15.5376 -4 11.8
    endloop
  endfacet
  facet normal 0.0655402 0 -0.99785
    outer loop
      vertex 16.5673 -4 12.488
      vertex 16.75 3 12.5
      vertex 16.75 -4 12.5
    endloop
  endfacet
  facet normal 0.0655402 0 -0.99785
    outer loop
      vertex 16.75 3 12.5
      vertex 16.5673 -4 12.488
      vertex 16.5673 3 12.488
    endloop
  endfacet
  facet normal 0 0 -1
    outer loop
      vertex 16.75 -4 12.5
      vertex 59.95 3 12.5
      vertex 59.95 -4 12.5
    endloop
  endfacet
  facet normal -0 0 -1
    outer loop
      vertex 59.95 3 12.5
      vertex 16.75 -4 12.5
      vertex 16.75 3 12.5
    endloop
  endfacet
  facet normal -0.442184 0 -0.896924
    outer loop
      vertex 60.4857 -4 12.3934
      vertex 60.65 3 12.3124
      vertex 60.65 -4 12.3124
    endloop
  endfacet
  facet normal -0.442184 0 -0.896924
    outer loop
      vertex 60.65 3 12.3124
      vertex 60.4857 -4 12.3934
      vertex 60.4857 3 12.3934
    endloop
  endfacet
  facet normal 0.99785 0 -0.0655402
    outer loop
      vertex 15.362 -4 11.2827
      vertex 15.35 3 11.1
      vertex 15.362 3 11.2827
    endloop
  endfacet
  facet normal 0.99785 0 -0.0655402
    outer loop
      vertex 15.35 3 11.1
      vertex 15.362 -4 11.2827
      vertex 15.35 -4 11.1
    endloop
  endfacet
  facet normal 0.659741 0 -0.751493
    outer loop
      vertex 15.7601 -4 12.0899
      vertex 15.8977 3 12.2107
      vertex 15.8977 -4 12.2107
    endloop
  endfacet
  facet normal 0.659741 0 -0.751493
    outer loop
      vertex 15.8977 3 12.2107
      vertex 15.7601 -4 12.0899
      vertex 15.7601 3 12.0899
    endloop
  endfacet
  facet normal -0.997851 0 0.0655259
    outer loop
      vertex 61.338 -4 6.11727
      vertex 61.35 3 6.30001
      vertex 61.338 3 6.11727
    endloop
  endfacet
  facet normal -0.997851 0 0.0655259
    outer loop
      vertex 61.35 3 6.30001
      vertex 61.338 -4 6.11727
      vertex 61.35 -4 6.30001
    endloop
  endfacet
  facet normal -0 0 1
    outer loop
      vertex 16.75 3 4.90001
      vertex 59.95 -4 4.90001
      vertex 59.95 3 4.90001
    endloop
  endfacet
  facet normal 0 0 1
    outer loop
      vertex 59.95 -4 4.90001
      vertex 16.75 3 4.90001
      vertex 16.75 -4 4.90001
    endloop
  endfacet
  facet normal -0.0654315 0 0.997857
    outer loop
      vertex 59.95 3 4.90001
      vertex 60.1327 -4 4.91199
      vertex 60.1327 3 4.91199
    endloop
  endfacet
  facet normal -0.0654315 0 0.997857
    outer loop
      vertex 60.1327 -4 4.91199
      vertex 59.95 3 4.90001
      vertex 59.95 -4 4.90001
    endloop
  endfacet
  facet normal -0.0655402 0 -0.99785
    outer loop
      vertex 59.95 -4 12.5
      vertex 60.1327 3 12.488
      vertex 60.1327 -4 12.488
    endloop
  endfacet
  facet normal -0.0655402 0 -0.99785
    outer loop
      vertex 60.1327 3 12.488
      vertex 59.95 -4 12.5
      vertex 59.95 3 12.5
    endloop
  endfacet
  facet normal 0.442184 0 -0.896924
    outer loop
      vertex 16.05 -4 12.3124
      vertex 16.2143 3 12.3934
      vertex 16.2143 -4 12.3934
    endloop
  endfacet
  facet normal 0.442184 0 -0.896924
    outer loop
      vertex 16.2143 3 12.3934
      vertex 16.05 -4 12.3124
      vertex 16.05 3 12.3124
    endloop
  endfacet
  facet normal 0.751493 0 -0.659741
    outer loop
      vertex 15.7601 -4 12.0899
      vertex 15.6393 3 11.9523
      vertex 15.7601 3 12.0899
    endloop
  endfacet
  facet normal 0.751493 0 -0.659741
    outer loop
      vertex 15.6393 3 11.9523
      vertex 15.7601 -4 12.0899
      vertex 15.6393 -4 11.9523
    endloop
  endfacet
  facet normal -0.751683 0 0.659524
    outer loop
      vertex 60.9399 -4 5.31006
      vertex 61.0607 3 5.44774
      vertex 60.9399 3 5.31006
    endloop
  endfacet
  facet normal -0.751683 0 0.659524
    outer loop
      vertex 61.0607 3 5.44774
      vertex 60.9399 -4 5.31006
      vertex 61.0607 -4 5.44774
    endloop
  endfacet
  facet normal -1 0 0
    outer loop
      vertex 61.35 -4 6.30001
      vertex 61.35 3 11.1
      vertex 61.35 3 6.30001
    endloop
  endfacet
  facet normal -1 -0 0
    outer loop
      vertex 61.35 3 11.1
      vertex 61.35 -4 6.30001
      vertex 61.35 -4 11.1
    endloop
  endfacet
  facet normal 0.555519 0 0.831504
    outer loop
      vertex 15.8977 3 5.18932
      vertex 16.05 -4 5.08757
      vertex 16.05 3 5.08757
    endloop
  endfacet
  facet normal 0.555519 0 0.831504
    outer loop
      vertex 16.05 -4 5.08757
      vertex 15.8977 3 5.18932
      vertex 15.8977 -4 5.18932
    endloop
  endfacet
  facet normal -0.194961 0 -0.980811
    outer loop
      vertex 60.1327 -4 12.488
      vertex 60.3123 3 12.4523
      vertex 60.3123 -4 12.4523
    endloop
  endfacet
  facet normal -0.194961 0 -0.980811
    outer loop
      vertex 60.3123 3 12.4523
      vertex 60.1327 -4 12.488
      vertex 60.1327 3 12.488
    endloop
  endfacet
  facet normal -0.83163 0 -0.55533
    outer loop
      vertex 61.1624 -4 11.8
      vertex 61.0607 3 11.9523
      vertex 61.1624 3 11.8
    endloop
  endfacet
  facet normal -0.83163 -0 -0.55533
    outer loop
      vertex 61.0607 3 11.9523
      vertex 61.1624 -4 11.8
      vertex 61.0607 -4 11.9523
    endloop
  endfacet
  facet normal 0.194961 0 -0.980811
    outer loop
      vertex 16.3877 -4 12.4523
      vertex 16.5673 3 12.488
      vertex 16.5673 -4 12.488
    endloop
  endfacet
  facet normal 0.194961 0 -0.980811
    outer loop
      vertex 16.5673 3 12.488
      vertex 16.3877 -4 12.4523
      vertex 16.3877 3 12.4523
    endloop
  endfacet
  facet normal 0.55533 0 -0.83163
    outer loop
      vertex 15.8977 -4 12.2107
      vertex 16.05 3 12.3124
      vertex 16.05 -4 12.3124
    endloop
  endfacet
  facet normal 0.55533 0 -0.83163
    outer loop
      vertex 16.05 3 12.3124
      vertex 15.8977 -4 12.2107
      vertex 15.8977 3 12.2107
    endloop
  endfacet
  facet normal 0.896924 0 -0.442184
    outer loop
      vertex 15.5376 -4 11.8
      vertex 15.4566 3 11.6357
      vertex 15.5376 3 11.8
    endloop
  endfacet
  facet normal 0.896924 0 -0.442184
    outer loop
      vertex 15.4566 3 11.6357
      vertex 15.5376 -4 11.8
      vertex 15.4566 -4 11.6357
    endloop
  endfacet
  facet normal 0.946866 0 -0.321629
    outer loop
      vertex 15.4566 -4 11.6357
      vertex 15.3977 3 11.4623
      vertex 15.4566 3 11.6357
    endloop
  endfacet
  facet normal 0.946866 0 -0.321629
    outer loop
      vertex 15.3977 3 11.4623
      vertex 15.4566 -4 11.6357
      vertex 15.3977 -4 11.4623
    endloop
  endfacet
  facet normal 0.980811 0 -0.194961
    outer loop
      vertex 15.3977 -4 11.4623
      vertex 15.362 3 11.2827
      vertex 15.3977 3 11.4623
    endloop
  endfacet
  facet normal 0.980811 0 -0.194961
    outer loop
      vertex 15.362 3 11.2827
      vertex 15.3977 -4 11.4623
      vertex 15.362 -4 11.2827
    endloop
  endfacet
  facet normal -0.555519 0 0.831504
    outer loop
      vertex 60.65 3 5.08757
      vertex 60.8023 -4 5.18932
      vertex 60.8023 3 5.18932
    endloop
  endfacet
  facet normal -0.555519 0 0.831504
    outer loop
      vertex 60.8023 -4 5.18932
      vertex 60.65 3 5.08757
      vertex 60.65 -4 5.08757
    endloop
  endfacet
  facet normal -0.659556 0 0.751656
    outer loop
      vertex 60.8023 3 5.18932
      vertex 60.9399 -4 5.31006
      vertex 60.9399 3 5.31006
    endloop
  endfacet
  facet normal -0.659556 0 0.751656
    outer loop
      vertex 60.9399 -4 5.31006
      vertex 60.8023 3 5.18932
      vertex 60.8023 -4 5.18932
    endloop
  endfacet
  facet normal -0.89686 0 0.442314
    outer loop
      vertex 61.1624 -4 5.60001
      vertex 61.2434 3 5.76425
      vertex 61.1624 3 5.60001
    endloop
  endfacet
  facet normal -0.89686 0 0.442314
    outer loop
      vertex 61.2434 3 5.76425
      vertex 61.1624 -4 5.60001
      vertex 61.2434 -4 5.76425
    endloop
  endfacet
  facet normal -0.980813 0 0.19495
    outer loop
      vertex 61.3023 -4 5.93766
      vertex 61.338 3 6.11727
      vertex 61.3023 3 5.93766
    endloop
  endfacet
  facet normal -0.980813 0 0.19495
    outer loop
      vertex 61.338 3 6.11727
      vertex 61.3023 -4 5.93766
      vertex 61.338 -4 6.11727
    endloop
  endfacet
  facet normal -0.831579 0 0.555406
    outer loop
      vertex 61.0607 -4 5.44774
      vertex 61.1624 3 5.60001
      vertex 61.0607 3 5.44774
    endloop
  endfacet
  facet normal -0.831579 0 0.555406
    outer loop
      vertex 61.1624 3 5.60001
      vertex 61.0607 -4 5.44774
      vertex 61.1624 -4 5.60001
    endloop
  endfacet
  facet normal 0.195066 0 0.98079
    outer loop
      vertex 16.3877 3 4.94771
      vertex 16.5673 -4 4.91199
      vertex 16.5673 3 4.91199
    endloop
  endfacet
  facet normal 0.195066 0 0.98079
    outer loop
      vertex 16.5673 -4 4.91199
      vertex 16.3877 3 4.94771
      vertex 16.3877 -4 4.94771
    endloop
  endfacet
  facet normal 0.0654315 0 0.997857
    outer loop
      vertex 16.5673 3 4.91199
      vertex 16.75 -4 4.90001
      vertex 16.75 3 4.90001
    endloop
  endfacet
  facet normal 0.0654315 0 0.997857
    outer loop
      vertex 16.75 -4 4.90001
      vertex 16.5673 3 4.91199
      vertex 16.5673 -4 4.91199
    endloop
  endfacet
  facet normal 0.751683 -0 0.659524
    outer loop
      vertex 15.6393 -4 5.44774
      vertex 15.7601 3 5.31006
      vertex 15.6393 3 5.44774
    endloop
  endfacet
  facet normal 0.751683 0 0.659524
    outer loop
      vertex 15.7601 3 5.31006
      vertex 15.6393 -4 5.44774
      vertex 15.7601 -4 5.31006
    endloop
  endfacet
  facet normal 0.659556 0 0.751656
    outer loop
      vertex 15.7601 3 5.31006
      vertex 15.8977 -4 5.18932
      vertex 15.8977 3 5.18932
    endloop
  endfacet
  facet normal 0.659556 0 0.751656
    outer loop
      vertex 15.8977 -4 5.18932
      vertex 15.7601 3 5.31006
      vertex 15.7601 -4 5.31006
    endloop
  endfacet
  facet normal 0.831579 -0 0.555406
    outer loop
      vertex 15.5376 -4 5.60001
      vertex 15.6393 3 5.44774
      vertex 15.5376 3 5.60001
    endloop
  endfacet
  facet normal 0.831579 0 0.555406
    outer loop
      vertex 15.6393 3 5.44774
      vertex 15.5376 -4 5.60001
      vertex 15.6393 -4 5.44774
    endloop
  endfacet
  facet normal -0.321629 0 -0.946866
    outer loop
      vertex 60.3123 -4 12.4523
      vertex 60.4857 3 12.3934
      vertex 60.4857 -4 12.3934
    endloop
  endfacet
  facet normal -0.321629 0 -0.946866
    outer loop
      vertex 60.4857 3 12.3934
      vertex 60.3123 -4 12.4523
      vertex 60.3123 3 12.4523
    endloop
  endfacet
  facet normal -0.896924 0 -0.442184
    outer loop
      vertex 61.2434 -4 11.6357
      vertex 61.1624 3 11.8
      vertex 61.2434 3 11.6357
    endloop
  endfacet
  facet normal -0.896924 -0 -0.442184
    outer loop
      vertex 61.1624 3 11.8
      vertex 61.2434 -4 11.6357
      vertex 61.1624 -4 11.8
    endloop
  endfacet
  facet normal -0.980811 0 -0.194961
    outer loop
      vertex 61.338 -4 11.2827
      vertex 61.3023 3 11.4623
      vertex 61.338 3 11.2827
    endloop
  endfacet
  facet normal -0.980811 -0 -0.194961
    outer loop
      vertex 61.3023 3 11.4623
      vertex 61.338 -4 11.2827
      vertex 61.3023 -4 11.4623
    endloop
  endfacet
  facet normal -0.946866 0 -0.321629
    outer loop
      vertex 61.3023 -4 11.4623
      vertex 61.2434 3 11.6357
      vertex 61.3023 3 11.4623
    endloop
  endfacet
  facet normal -0.946866 -0 -0.321629
    outer loop
      vertex 61.2434 3 11.6357
      vertex 61.3023 -4 11.4623
      vertex 61.2434 -4 11.6357
    endloop
  endfacet
  facet normal 0.321629 0 -0.946866
    outer loop
      vertex 16.2143 -4 12.3934
      vertex 16.3877 3 12.4523
      vertex 16.3877 -4 12.4523
    endloop
  endfacet
  facet normal 0.321629 0 -0.946866
    outer loop
      vertex 16.3877 3 12.4523
      vertex 16.2143 -4 12.3934
      vertex 16.2143 3 12.3934
    endloop
  endfacet
  facet normal -0.321482 0 0.946916
    outer loop
      vertex 60.3123 3 4.94771
      vertex 60.4857 -4 5.00658
      vertex 60.4857 3 5.00658
    endloop
  endfacet
  facet normal -0.321482 0 0.946916
    outer loop
      vertex 60.4857 -4 5.00658
      vertex 60.3123 3 4.94771
      vertex 60.3123 -4 4.94771
    endloop
  endfacet
  facet normal -0.44214 0 0.896946
    outer loop
      vertex 60.4857 3 5.00658
      vertex 60.65 -4 5.08757
      vertex 60.65 3 5.08757
    endloop
  endfacet
  facet normal -0.44214 0 0.896946
    outer loop
      vertex 60.65 -4 5.08757
      vertex 60.4857 3 5.00658
      vertex 60.4857 -4 5.00658
    endloop
  endfacet
  facet normal -0.946872 0 0.321612
    outer loop
      vertex 61.2434 -4 5.76425
      vertex 61.3023 3 5.93766
      vertex 61.2434 3 5.76425
    endloop
  endfacet
  facet normal -0.946872 0 0.321612
    outer loop
      vertex 61.3023 3 5.93766
      vertex 61.2434 -4 5.76425
      vertex 61.3023 -4 5.93766
    endloop
  endfacet
  facet normal 0.44214 0 0.896946
    outer loop
      vertex 16.05 3 5.08757
      vertex 16.2143 -4 5.00658
      vertex 16.2143 3 5.00658
    endloop
  endfacet
  facet normal 0.44214 0 0.896946
    outer loop
      vertex 16.2143 -4 5.00658
      vertex 16.05 3 5.08757
      vertex 16.05 -4 5.08757
    endloop
  endfacet
  facet normal 0.321482 0 0.946916
    outer loop
      vertex 16.2143 3 5.00658
      vertex 16.3877 -4 4.94771
      vertex 16.3877 3 4.94771
    endloop
  endfacet
  facet normal 0.321482 0 0.946916
    outer loop
      vertex 16.3877 -4 4.94771
      vertex 16.2143 3 5.00658
      vertex 16.2143 -4 5.00658
    endloop
  endfacet
  facet normal 0.946872 -0 0.321612
    outer loop
      vertex 15.3977 -4 5.93766
      vertex 15.4566 3 5.76425
      vertex 15.3977 3 5.93766
    endloop
  endfacet
  facet normal 0.946872 0 0.321612
    outer loop
      vertex 15.4566 3 5.76425
      vertex 15.3977 -4 5.93766
      vertex 15.4566 -4 5.76425
    endloop
  endfacet
  facet normal 0.89686 -0 0.442314
    outer loop
      vertex 15.4566 -4 5.76425
      vertex 15.5376 3 5.60001
      vertex 15.4566 3 5.76425
    endloop
  endfacet
  facet normal 0.89686 0 0.442314
    outer loop
      vertex 15.5376 3 5.60001
      vertex 15.4566 -4 5.76425
      vertex 15.5376 -4 5.60001
    endloop
  endfacet
  facet normal -0.659741 0 -0.751493
    outer loop
      vertex 60.8023 -4 12.2107
      vertex 60.9399 3 12.0899
      vertex 60.9399 -4 12.0899
    endloop
  endfacet
  facet normal -0.659741 0 -0.751493
    outer loop
      vertex 60.9399 3 12.0899
      vertex 60.8023 -4 12.2107
      vertex 60.8023 3 12.2107
    endloop
  endfacet
  facet normal -0.55533 0 -0.83163
    outer loop
      vertex 60.65 -4 12.3124
      vertex 60.8023 3 12.2107
      vertex 60.8023 -4 12.2107
    endloop
  endfacet
  facet normal -0.55533 0 -0.83163
    outer loop
      vertex 60.8023 3 12.2107
      vertex 60.65 -4 12.3124
      vertex 60.65 3 12.3124
    endloop
  endfacet
  facet normal -0.751493 0 -0.659741
    outer loop
      vertex 61.0607 -4 11.9523
      vertex 60.9399 3 12.0899
      vertex 61.0607 3 11.9523
    endloop
  endfacet
  facet normal -0.751493 -0 -0.659741
    outer loop
      vertex 60.9399 3 12.0899
      vertex 61.0607 -4 11.9523
      vertex 60.9399 -4 12.0899
    endloop
  endfacet
endsolid OpenSCAD_Model
