solid OpenSCAD_Model
  facet normal -0.980778 0 -0.195125
    outer loop
      vertex 10.2431 -2.5 5.56296
      vertex 10.1359 0 6.10179
      vertex 10.2431 0 5.56296
    endloop
  endfacet
  facet normal -0.980778 -0 -0.195125
    outer loop
      vertex 10.1359 0 6.10179
      vertex 10.2431 -2.5 5.56296
      vertex 10.1359 -2.5 6.10179
    endloop
  endfacet
  facet normal -0.0654015 0 -0.997859
    outer loop
      vertex 13.7518 -2.5 2.48593
      vertex 14.3 0 2.45
      vertex 14.3 -2.5 2.45
    endloop
  endfacet
  facet normal -0.0654015 0 -0.997859
    outer loop
      vertex 14.3 0 2.45
      vertex 13.7518 -2.5 2.48593
      vertex 13.7518 0 2.48593
    endloop
  endfacet
  facet normal -0.442329 0 0.896853
    outer loop
      vertex 12.2 0 14.3873
      vertex 12.6927 -2.5 14.6303
      vertex 12.6927 0 14.6303
    endloop
  endfacet
  facet normal -0.442329 0 0.896853
    outer loop
      vertex 12.6927 -2.5 14.6303
      vertex 12.2 0 14.3873
      vertex 12.2 -2.5 14.3873
    endloop
  endfacet
  facet normal -0.997863 0 -0.0653447
    outer loop
      vertex 10.1359 -2.5 6.10179
      vertex 10.1 0 6.65001
      vertex 10.1359 0 6.10179
    endloop
  endfacet
  facet normal -0.997863 -0 -0.0653447
    outer loop
      vertex 10.1 0 6.65001
      vertex 10.1359 -2.5 6.10179
      vertex 10.1 -2.5 6.65001
    endloop
  endfacet
  facet normal -0.896864 0 -0.442307
    outer loop
      vertex 10.6627 -2.5 4.55001
      vertex 10.4197 0 5.04274
      vertex 10.6627 0 4.55001
    endloop
  endfacet
  facet normal -0.896864 -0 -0.442307
    outer loop
      vertex 10.4197 0 5.04274
      vertex 10.6627 -2.5 4.55001
      vertex 10.4197 -2.5 5.04274
    endloop
  endfacet
  facet normal -0.55554 0 0.83149
    outer loop
      vertex 11.7432 0 14.0821
      vertex 12.2 -2.5 14.3873
      vertex 12.2 0 14.3873
    endloop
  endfacet
  facet normal -0.55554 0 0.83149
    outer loop
      vertex 12.2 -2.5 14.3873
      vertex 11.7432 0 14.0821
      vertex 11.7432 -2.5 14.0821
    endloop
  endfacet
  facet normal 0.896853 -0 0.442329
    outer loop
      vertex 22.0373 -2.5 12.85
      vertex 22.2803 0 12.3573
      vertex 22.0373 0 12.85
    endloop
  endfacet
  facet normal 0.896853 0 0.442329
    outer loop
      vertex 22.2803 0 12.3573
      vertex 22.0373 -2.5 12.85
      vertex 22.2803 -2.5 12.3573
    endloop
  endfacet
  facet normal -0 0 1
    outer loop
      vertex 14.3 0 14.95
      vertex 18.4 -2.5 14.95
      vertex 18.4 0 14.95
    endloop
  endfacet
  facet normal 0 0 1
    outer loop
      vertex 18.4 -2.5 14.95
      vertex 14.3 0 14.95
      vertex 14.3 -2.5 14.95
    endloop
  endfacet
  facet normal 0.980778 0 -0.195125
    outer loop
      vertex 22.5641 -2.5 6.10179
      vertex 22.4569 0 5.56296
      vertex 22.5641 0 6.10179
    endloop
  endfacet
  facet normal 0.980778 0 -0.195125
    outer loop
      vertex 22.4569 0 5.56296
      vertex 22.5641 -2.5 6.10179
      vertex 22.4569 -2.5 5.56296
    endloop
  endfacet
  facet normal 0.831495 0 -0.555532
    outer loop
      vertex 22.0373 -2.5 4.55001
      vertex 21.7321 0 4.0932
      vertex 22.0373 0 4.55001
    endloop
  endfacet
  facet normal 0.831495 0 -0.555532
    outer loop
      vertex 21.7321 0 4.0932
      vertex 22.0373 -2.5 4.55001
      vertex 21.7321 -2.5 4.0932
    endloop
  endfacet
  facet normal 0.555565 0 -0.831473
    outer loop
      vertex 20.5 -2.5 3.0127
      vertex 20.9568 0 3.31792
      vertex 20.9568 -2.5 3.31792
    endloop
  endfacet
  facet normal 0.555565 0 -0.831473
    outer loop
      vertex 20.9568 0 3.31792
      vertex 20.5 -2.5 3.0127
      vertex 20.5 0 3.0127
    endloop
  endfacet
  facet normal -0.321426 0 -0.946935
    outer loop
      vertex 12.6927 -2.5 2.76972
      vertex 13.213 0 2.59311
      vertex 13.213 -2.5 2.59311
    endloop
  endfacet
  facet normal -0.321426 0 -0.946935
    outer loop
      vertex 13.213 0 2.59311
      vertex 12.6927 -2.5 2.76972
      vertex 12.6927 0 2.76972
    endloop
  endfacet
  facet normal -0.831495 0 -0.555532
    outer loop
      vertex 10.9679 -2.5 4.0932
      vertex 10.6627 0 4.55001
      vertex 10.9679 0 4.0932
    endloop
  endfacet
  facet normal -0.831495 -0 -0.555532
    outer loop
      vertex 10.6627 0 4.55001
      vertex 10.9679 -2.5 4.0932
      vertex 10.6627 -2.5 4.55001
    endloop
  endfacet
  facet normal -0.946925 0 -0.321454
    outer loop
      vertex 10.4197 -2.5 5.04274
      vertex 10.2431 0 5.56296
      vertex 10.4197 0 5.04274
    endloop
  endfacet
  facet normal -0.946925 -0 -0.321454
    outer loop
      vertex 10.2431 0 5.56296
      vertex 10.4197 -2.5 5.04274
      vertex 10.2431 -2.5 5.56296
    endloop
  endfacet
  facet normal -1 0 0
    outer loop
      vertex 10.1 -2.5 6.65001
      vertex 10.1 0 10.75
      vertex 10.1 0 6.65001
    endloop
  endfacet
  facet normal -1 -0 0
    outer loop
      vertex 10.1 0 10.75
      vertex 10.1 -2.5 6.65001
      vertex 10.1 -2.5 10.75
    endloop
  endfacet
  facet normal 0 -1 0
    outer loop
      vertex 14.802 -2.5 11.8391
      vertex 14.3 -2.5 14.95
      vertex 13.7518 -2.5 14.9141
    endloop
  endfacet
  facet normal 0 -1 0
    outer loop
      vertex 14.3 -2.5 14.95
      vertex 16.1211 -2.5 12.1925
      vertex 18.4 -2.5 14.95
    endloop
  endfacet
  facet normal 0 -1 0
    outer loop
      vertex 14.802 -2.5 11.8391
      vertex 13.7518 -2.5 14.9141
      vertex 13.213 -2.5 14.8069
    endloop
  endfacet
  facet normal 0 -1 0
    outer loop
      vertex 16.5789 -2.5 12.1925
      vertex 18.4 -2.5 14.95
      vertex 16.1211 -2.5 12.1925
    endloop
  endfacet
  facet normal 0 -1 0
    outer loop
      vertex 14.4055 -2.5 11.6101
      vertex 13.213 -2.5 14.8069
      vertex 12.6927 -2.5 14.6303
    endloop
  endfacet
  facet normal 0 -1 0
    outer loop
      vertex 17.0328 -2.5 12.1327
      vertex 18.4 -2.5 14.95
      vertex 16.5789 -2.5 12.1925
    endloop
  endfacet
  facet normal 0 -1 0
    outer loop
      vertex 14.4055 -2.5 11.6101
      vertex 12.6927 -2.5 14.6303
      vertex 12.2 -2.5 14.3873
    endloop
  endfacet
  facet normal 0 -1 0
    outer loop
      vertex 17.475 -2.5 12.0143
      vertex 18.4 -2.5 14.95
      vertex 17.0328 -2.5 12.1327
    endloop
  endfacet
  facet normal 0 -1 0
    outer loop
      vertex 14.0423 -2.5 11.3314
      vertex 12.2 -2.5 14.3873
      vertex 11.7432 -2.5 14.0821
    endloop
  endfacet
  facet normal 0 -1 0
    outer loop
      vertex 17.898 -2.5 11.8391
      vertex 18.4 -2.5 14.95
      vertex 17.475 -2.5 12.0143
    endloop
  endfacet
  facet normal 0 -1 0
    outer loop
      vertex 14.0423 -2.5 11.3314
      vertex 11.7432 -2.5 14.0821
      vertex 11.3302 -2.5 13.7198
    endloop
  endfacet
  facet normal 0 -1 -0
    outer loop
      vertex 18.4 -2.5 14.95
      vertex 17.898 -2.5 11.8391
      vertex 18.9482 -2.5 14.9141
    endloop
  endfacet
  facet normal 0 -1 0
    outer loop
      vertex 13.7186 -2.5 11.0077
      vertex 11.3302 -2.5 13.7198
      vertex 10.9679 -2.5 13.3068
    endloop
  endfacet
  facet normal 0 -1 -0
    outer loop
      vertex 18.9482 -2.5 14.9141
      vertex 17.898 -2.5 11.8391
      vertex 19.487 -2.5 14.8069
    endloop
  endfacet
  facet normal 0 -1 0
    outer loop
      vertex 13.7186 -2.5 11.0077
      vertex 10.9679 -2.5 13.3068
      vertex 10.6627 -2.5 12.85
    endloop
  endfacet
  facet normal 0 -1 0
    outer loop
      vertex 18.2945 -2.5 11.6101
      vertex 19.487 -2.5 14.8069
      vertex 17.898 -2.5 11.8391
    endloop
  endfacet
  facet normal 0 -1 0
    outer loop
      vertex 13.4399 -2.5 10.6445
      vertex 10.6627 -2.5 12.85
      vertex 10.4197 -2.5 12.3573
    endloop
  endfacet
  facet normal 0 -1 -0
    outer loop
      vertex 19.487 -2.5 14.8069
      vertex 18.2945 -2.5 11.6101
      vertex 20.0073 -2.5 14.6303
    endloop
  endfacet
  facet normal 0 -1 -0
    outer loop
      vertex 20.0073 -2.5 14.6303
      vertex 18.2945 -2.5 11.6101
      vertex 20.5 -2.5 14.3873
    endloop
  endfacet
  facet normal 0 -1 0
    outer loop
      vertex 14.3 -2.5 14.95
      vertex 15.6672 -2.5 12.1327
      vertex 16.1211 -2.5 12.1925
    endloop
  endfacet
  facet normal 0 -1 0
    outer loop
      vertex 14.3 -2.5 14.95
      vertex 15.225 -2.5 12.0143
      vertex 15.6672 -2.5 12.1327
    endloop
  endfacet
  facet normal 0 -1 0
    outer loop
      vertex 14.3 -2.5 14.95
      vertex 14.802 -2.5 11.8391
      vertex 15.225 -2.5 12.0143
    endloop
  endfacet
  facet normal 0 -1 0
    outer loop
      vertex 13.4399 -2.5 10.6445
      vertex 10.4197 -2.5 12.3573
      vertex 10.2431 -2.5 11.837
    endloop
  endfacet
  facet normal 0 -1 0
    outer loop
      vertex 13.213 -2.5 14.8069
      vertex 14.4055 -2.5 11.6101
      vertex 14.802 -2.5 11.8391
    endloop
  endfacet
  facet normal 0 -1 0
    outer loop
      vertex 12.2 -2.5 14.3873
      vertex 14.0423 -2.5 11.3314
      vertex 14.4055 -2.5 11.6101
    endloop
  endfacet
  facet normal 0 -1 0
    outer loop
      vertex 13.2109 -2.5 10.248
      vertex 10.2431 -2.5 11.837
      vertex 10.1359 -2.5 11.2982
    endloop
  endfacet
  facet normal 0 -1 0
    outer loop
      vertex 11.3302 -2.5 13.7198
      vertex 13.7186 -2.5 11.0077
      vertex 14.0423 -2.5 11.3314
    endloop
  endfacet
  facet normal 0 -1 0
    outer loop
      vertex 13.2109 -2.5 10.248
      vertex 10.1359 -2.5 11.2982
      vertex 10.1 -2.5 10.75
    endloop
  endfacet
  facet normal 0 -1 0
    outer loop
      vertex 10.6627 -2.5 12.85
      vertex 13.4399 -2.5 10.6445
      vertex 13.7186 -2.5 11.0077
    endloop
  endfacet
  facet normal 0 -1 0
    outer loop
      vertex 10.2431 -2.5 11.837
      vertex 13.2109 -2.5 10.248
      vertex 13.4399 -2.5 10.6445
    endloop
  endfacet
  facet normal 0 -1 0
    outer loop
      vertex 10.1 -2.5 10.75
      vertex 13.0357 -2.5 9.82504
      vertex 13.2109 -2.5 10.248
    endloop
  endfacet
  facet normal 0 -1 0
    outer loop
      vertex 10.1 -2.5 10.75
      vertex 12.9173 -2.5 9.38282
      vertex 13.0357 -2.5 9.82504
    endloop
  endfacet
  facet normal 0 -1 0
    outer loop
      vertex 10.1 -2.5 10.75
      vertex 12.8575 -2.5 8.92891
      vertex 12.9173 -2.5 9.38282
    endloop
  endfacet
  facet normal 0 -1 0
    outer loop
      vertex 10.1 -2.5 10.75
      vertex 12.8575 -2.5 8.47109
      vertex 12.8575 -2.5 8.92891
    endloop
  endfacet
  facet normal 0 -1 0
    outer loop
      vertex 10.1 -2.5 6.65001
      vertex 12.8575 -2.5 8.47109
      vertex 10.1 -2.5 10.75
    endloop
  endfacet
  facet normal 0 -1 -0
    outer loop
      vertex 12.8575 -2.5 8.47109
      vertex 10.1 -2.5 6.65001
      vertex 12.9173 -2.5 8.01718
    endloop
  endfacet
  facet normal 0 -1 -0
    outer loop
      vertex 12.9173 -2.5 8.01718
      vertex 10.1 -2.5 6.65001
      vertex 13.0357 -2.5 7.57496
    endloop
  endfacet
  facet normal 0 -1 -0
    outer loop
      vertex 13.0357 -2.5 7.57496
      vertex 10.1 -2.5 6.65001
      vertex 13.2109 -2.5 7.15199
    endloop
  endfacet
  facet normal 0 -1 0
    outer loop
      vertex 10.1359 -2.5 6.10179
      vertex 13.2109 -2.5 7.15199
      vertex 10.1 -2.5 6.65001
    endloop
  endfacet
  facet normal 0 -1 0
    outer loop
      vertex 10.2431 -2.5 5.56296
      vertex 13.2109 -2.5 7.15199
      vertex 10.1359 -2.5 6.10179
    endloop
  endfacet
  facet normal 0 -1 -0
    outer loop
      vertex 13.2109 -2.5 7.15199
      vertex 10.2431 -2.5 5.56296
      vertex 13.4399 -2.5 6.7555
    endloop
  endfacet
  facet normal 0 -1 0
    outer loop
      vertex 10.4197 -2.5 5.04274
      vertex 13.4399 -2.5 6.7555
      vertex 10.2431 -2.5 5.56296
    endloop
  endfacet
  facet normal 0 -1 0
    outer loop
      vertex 10.6627 -2.5 4.55001
      vertex 13.4399 -2.5 6.7555
      vertex 10.4197 -2.5 5.04274
    endloop
  endfacet
  facet normal 0 -1 -0
    outer loop
      vertex 13.4399 -2.5 6.7555
      vertex 10.6627 -2.5 4.55001
      vertex 13.7186 -2.5 6.39229
    endloop
  endfacet
  facet normal 0 -1 0
    outer loop
      vertex 10.9679 -2.5 4.0932
      vertex 13.7186 -2.5 6.39229
      vertex 10.6627 -2.5 4.55001
    endloop
  endfacet
  facet normal 0 -1 0
    outer loop
      vertex 11.3302 -2.5 3.68016
      vertex 13.7186 -2.5 6.39229
      vertex 10.9679 -2.5 4.0932
    endloop
  endfacet
  facet normal 0 -1 -0
    outer loop
      vertex 13.7186 -2.5 6.39229
      vertex 11.3302 -2.5 3.68016
      vertex 14.0423 -2.5 6.06856
    endloop
  endfacet
  facet normal 0 -1 0
    outer loop
      vertex 11.7432 -2.5 3.31792
      vertex 14.0423 -2.5 6.06856
      vertex 11.3302 -2.5 3.68016
    endloop
  endfacet
  facet normal 0 -1 -0
    outer loop
      vertex 14.0423 -2.5 6.06856
      vertex 12.2 -2.5 3.0127
      vertex 14.4055 -2.5 5.78986
    endloop
  endfacet
  facet normal 0 -1 0
    outer loop
      vertex 12.2 -2.5 3.0127
      vertex 14.0423 -2.5 6.06856
      vertex 11.7432 -2.5 3.31792
    endloop
  endfacet
  facet normal 0 -1 0
    outer loop
      vertex 18.6577 -2.5 11.3314
      vertex 20.5 -2.5 14.3873
      vertex 18.2945 -2.5 11.6101
    endloop
  endfacet
  facet normal 0 -1 -0
    outer loop
      vertex 20.5 -2.5 14.3873
      vertex 18.6577 -2.5 11.3314
      vertex 20.9568 -2.5 14.0821
    endloop
  endfacet
  facet normal 0 -1 -0
    outer loop
      vertex 20.9568 -2.5 14.0821
      vertex 18.6577 -2.5 11.3314
      vertex 21.3698 -2.5 13.7198
    endloop
  endfacet
  facet normal 0 -1 0
    outer loop
      vertex 18.9814 -2.5 11.0077
      vertex 21.3698 -2.5 13.7198
      vertex 18.6577 -2.5 11.3314
    endloop
  endfacet
  facet normal 0 -1 -0
    outer loop
      vertex 21.3698 -2.5 13.7198
      vertex 18.9814 -2.5 11.0077
      vertex 21.7321 -2.5 13.3068
    endloop
  endfacet
  facet normal 0 -1 -0
    outer loop
      vertex 21.7321 -2.5 13.3068
      vertex 18.9814 -2.5 11.0077
      vertex 22.0373 -2.5 12.85
    endloop
  endfacet
  facet normal 0 -1 0
    outer loop
      vertex 19.2601 -2.5 10.6445
      vertex 22.0373 -2.5 12.85
      vertex 18.9814 -2.5 11.0077
    endloop
  endfacet
  facet normal 0 -1 -0
    outer loop
      vertex 22.0373 -2.5 12.85
      vertex 19.2601 -2.5 10.6445
      vertex 22.2803 -2.5 12.3573
    endloop
  endfacet
  facet normal 0 -1 -0
    outer loop
      vertex 22.2803 -2.5 12.3573
      vertex 19.2601 -2.5 10.6445
      vertex 22.4569 -2.5 11.837
    endloop
  endfacet
  facet normal 0 -1 0
    outer loop
      vertex 19.4891 -2.5 10.248
      vertex 22.4569 -2.5 11.837
      vertex 19.2601 -2.5 10.6445
    endloop
  endfacet
  facet normal 0 -1 -0
    outer loop
      vertex 22.4569 -2.5 11.837
      vertex 19.4891 -2.5 10.248
      vertex 22.5641 -2.5 11.2982
    endloop
  endfacet
  facet normal 0 -1 -0
    outer loop
      vertex 22.5641 -2.5 11.2982
      vertex 19.4891 -2.5 10.248
      vertex 22.6 -2.5 10.75
    endloop
  endfacet
  facet normal 0 -1 0
    outer loop
      vertex 19.6643 -2.5 9.82504
      vertex 22.6 -2.5 10.75
      vertex 19.4891 -2.5 10.248
    endloop
  endfacet
  facet normal 0 -1 0
    outer loop
      vertex 19.7827 -2.5 9.38282
      vertex 22.6 -2.5 10.75
      vertex 19.6643 -2.5 9.82504
    endloop
  endfacet
  facet normal 0 -1 0
    outer loop
      vertex 19.8425 -2.5 8.92891
      vertex 22.6 -2.5 10.75
      vertex 19.7827 -2.5 9.38282
    endloop
  endfacet
  facet normal 0 -1 0
    outer loop
      vertex 19.8425 -2.5 8.47109
      vertex 22.6 -2.5 10.75
      vertex 19.8425 -2.5 8.92891
    endloop
  endfacet
  facet normal 0 -1 0
    outer loop
      vertex 22.6 -2.5 6.65001
      vertex 19.8425 -2.5 8.47109
      vertex 19.7827 -2.5 8.01718
    endloop
  endfacet
  facet normal 0 -1 0
    outer loop
      vertex 22.6 -2.5 6.65001
      vertex 19.7827 -2.5 8.01718
      vertex 19.6643 -2.5 7.57496
    endloop
  endfacet
  facet normal 0 -1 0
    outer loop
      vertex 22.6 -2.5 6.65001
      vertex 19.6643 -2.5 7.57496
      vertex 19.4891 -2.5 7.15199
    endloop
  endfacet
  facet normal 0 -1 0
    outer loop
      vertex 22.4569 -2.5 5.56296
      vertex 19.4891 -2.5 7.15199
      vertex 19.2601 -2.5 6.7555
    endloop
  endfacet
  facet normal 0 -1 0
    outer loop
      vertex 19.8425 -2.5 8.47109
      vertex 22.6 -2.5 6.65001
      vertex 22.6 -2.5 10.75
    endloop
  endfacet
  facet normal 0 -1 0
    outer loop
      vertex 22.0373 -2.5 4.55001
      vertex 19.2601 -2.5 6.7555
      vertex 18.9814 -2.5 6.39229
    endloop
  endfacet
  facet normal 0 -1 0
    outer loop
      vertex 19.4891 -2.5 7.15199
      vertex 22.5641 -2.5 6.10179
      vertex 22.6 -2.5 6.65001
    endloop
  endfacet
  facet normal 0 -1 0
    outer loop
      vertex 21.3698 -2.5 3.68016
      vertex 18.9814 -2.5 6.39229
      vertex 18.6577 -2.5 6.06856
    endloop
  endfacet
  facet normal 0 -1 0
    outer loop
      vertex 20.5 -2.5 3.0127
      vertex 18.6577 -2.5 6.06856
      vertex 18.2945 -2.5 5.78986
    endloop
  endfacet
  facet normal 0 -1 0
    outer loop
      vertex 19.4891 -2.5 7.15199
      vertex 22.4569 -2.5 5.56296
      vertex 22.5641 -2.5 6.10179
    endloop
  endfacet
  facet normal 0 -1 0
    outer loop
      vertex 19.487 -2.5 2.59311
      vertex 18.2945 -2.5 5.78986
      vertex 17.898 -2.5 5.56094
    endloop
  endfacet
  facet normal 0 -1 0
    outer loop
      vertex 18.4 -2.5 2.45
      vertex 17.898 -2.5 5.56094
      vertex 17.475 -2.5 5.38574
    endloop
  endfacet
  facet normal 0 -1 0
    outer loop
      vertex 18.4 -2.5 2.45
      vertex 17.475 -2.5 5.38574
      vertex 17.0328 -2.5 5.26725
    endloop
  endfacet
  facet normal 0 -1 0
    outer loop
      vertex 18.4 -2.5 2.45
      vertex 17.0328 -2.5 5.26725
      vertex 16.5789 -2.5 5.20749
    endloop
  endfacet
  facet normal 0 -1 0
    outer loop
      vertex 19.2601 -2.5 6.7555
      vertex 22.2803 -2.5 5.04274
      vertex 22.4569 -2.5 5.56296
    endloop
  endfacet
  facet normal 0 -1 0
    outer loop
      vertex 12.6927 -2.5 2.76972
      vertex 14.4055 -2.5 5.78986
      vertex 12.2 -2.5 3.0127
    endloop
  endfacet
  facet normal 0 -1 0
    outer loop
      vertex 13.213 -2.5 2.59311
      vertex 14.4055 -2.5 5.78986
      vertex 12.6927 -2.5 2.76972
    endloop
  endfacet
  facet normal 0 -1 0
    outer loop
      vertex 18.4 -2.5 2.45
      vertex 16.5789 -2.5 5.20749
      vertex 14.3 -2.5 2.45
    endloop
  endfacet
  facet normal 0 -1 -0
    outer loop
      vertex 14.4055 -2.5 5.78986
      vertex 13.213 -2.5 2.59311
      vertex 14.802 -2.5 5.56094
    endloop
  endfacet
  facet normal 0 -1 0
    outer loop
      vertex 17.898 -2.5 5.56094
      vertex 18.4 -2.5 2.45
      vertex 18.9482 -2.5 2.48593
    endloop
  endfacet
  facet normal 0 -1 0
    outer loop
      vertex 13.7518 -2.5 2.48593
      vertex 14.802 -2.5 5.56094
      vertex 13.213 -2.5 2.59311
    endloop
  endfacet
  facet normal 0 -1 0
    outer loop
      vertex 19.2601 -2.5 6.7555
      vertex 22.0373 -2.5 4.55001
      vertex 22.2803 -2.5 5.04274
    endloop
  endfacet
  facet normal 0 -1 0
    outer loop
      vertex 14.3 -2.5 2.45
      vertex 14.802 -2.5 5.56094
      vertex 13.7518 -2.5 2.48593
    endloop
  endfacet
  facet normal 0 -1 0
    outer loop
      vertex 18.9814 -2.5 6.39229
      vertex 21.7321 -2.5 4.0932
      vertex 22.0373 -2.5 4.55001
    endloop
  endfacet
  facet normal 0 -1 -0
    outer loop
      vertex 14.802 -2.5 5.56094
      vertex 14.3 -2.5 2.45
      vertex 15.225 -2.5 5.38574
    endloop
  endfacet
  facet normal 0 -1 0
    outer loop
      vertex 18.9814 -2.5 6.39229
      vertex 21.3698 -2.5 3.68016
      vertex 21.7321 -2.5 4.0932
    endloop
  endfacet
  facet normal 0 -1 -0
    outer loop
      vertex 15.225 -2.5 5.38574
      vertex 14.3 -2.5 2.45
      vertex 15.6672 -2.5 5.26725
    endloop
  endfacet
  facet normal 0 -1 0
    outer loop
      vertex 18.6577 -2.5 6.06856
      vertex 20.9568 -2.5 3.31792
      vertex 21.3698 -2.5 3.68016
    endloop
  endfacet
  facet normal 0 -1 -0
    outer loop
      vertex 15.6672 -2.5 5.26725
      vertex 14.3 -2.5 2.45
      vertex 16.1211 -2.5 5.20749
    endloop
  endfacet
  facet normal 0 -1 0
    outer loop
      vertex 18.6577 -2.5 6.06856
      vertex 20.5 -2.5 3.0127
      vertex 20.9568 -2.5 3.31792
    endloop
  endfacet
  facet normal 0 -1 -0
    outer loop
      vertex 16.1211 -2.5 5.20749
      vertex 14.3 -2.5 2.45
      vertex 16.5789 -2.5 5.20749
    endloop
  endfacet
  facet normal 0 -1 0
    outer loop
      vertex 18.2945 -2.5 5.78986
      vertex 20.0073 -2.5 2.76972
      vertex 20.5 -2.5 3.0127
    endloop
  endfacet
  facet normal 0 -1 0
    outer loop
      vertex 18.2945 -2.5 5.78986
      vertex 19.487 -2.5 2.59311
      vertex 20.0073 -2.5 2.76972
    endloop
  endfacet
  facet normal 0 -1 0
    outer loop
      vertex 17.898 -2.5 5.56094
      vertex 18.9482 -2.5 2.48593
      vertex 19.487 -2.5 2.59311
    endloop
  endfacet
  facet normal -0.997863 0 0.0653471
    outer loop
      vertex 10.1 -2.5 10.75
      vertex 10.1359 0 11.2982
      vertex 10.1 0 10.75
    endloop
  endfacet
  facet normal -0.997863 0 0.0653471
    outer loop
      vertex 10.1359 0 11.2982
      vertex 10.1 -2.5 10.75
      vertex 10.1359 -2.5 11.2982
    endloop
  endfacet
  facet normal -0.980776 0 0.195136
    outer loop
      vertex 10.1359 -2.5 11.2982
      vertex 10.2431 0 11.837
      vertex 10.1359 0 11.2982
    endloop
  endfacet
  facet normal -0.980776 0 0.195136
    outer loop
      vertex 10.2431 0 11.837
      vertex 10.1359 -2.5 11.2982
      vertex 10.2431 -2.5 11.837
    endloop
  endfacet
  facet normal 0.55554 0 0.83149
    outer loop
      vertex 20.5 0 14.3873
      vertex 20.9568 -2.5 14.0821
      vertex 20.9568 0 14.0821
    endloop
  endfacet
  facet normal 0.55554 0 0.83149
    outer loop
      vertex 20.9568 -2.5 14.0821
      vertex 20.5 0 14.3873
      vertex 20.5 -2.5 14.3873
    endloop
  endfacet
  facet normal -0.32141 0 0.94694
    outer loop
      vertex 12.6927 0 14.6303
      vertex 13.213 -2.5 14.8069
      vertex 13.213 0 14.8069
    endloop
  endfacet
  facet normal -0.32141 0 0.94694
    outer loop
      vertex 13.213 -2.5 14.8069
      vertex 12.6927 0 14.6303
      vertex 12.6927 -2.5 14.6303
    endloop
  endfacet
  facet normal 0.980776 -0 0.195136
    outer loop
      vertex 22.4569 -2.5 11.837
      vertex 22.5641 0 11.2982
      vertex 22.4569 0 11.837
    endloop
  endfacet
  facet normal 0.980776 0 0.195136
    outer loop
      vertex 22.5641 0 11.2982
      vertex 22.4569 -2.5 11.837
      vertex 22.5641 -2.5 11.2982
    endloop
  endfacet
  facet normal 0.997863 0 -0.0653447
    outer loop
      vertex 22.6 -2.5 6.65001
      vertex 22.5641 0 6.10179
      vertex 22.6 0 6.65001
    endloop
  endfacet
  facet normal 0.997863 0 -0.0653447
    outer loop
      vertex 22.5641 0 6.10179
      vertex 22.6 -2.5 6.65001
      vertex 22.5641 -2.5 6.10179
    endloop
  endfacet
  facet normal 1 -0 0
    outer loop
      vertex 22.6 -2.5 10.75
      vertex 22.6 0 6.65001
      vertex 22.6 0 10.75
    endloop
  endfacet
  facet normal 1 0 0
    outer loop
      vertex 22.6 0 6.65001
      vertex 22.6 -2.5 10.75
      vertex 22.6 -2.5 6.65001
    endloop
  endfacet
  facet normal 0.659396 0 -0.751796
    outer loop
      vertex 20.9568 -2.5 3.31792
      vertex 21.3698 0 3.68016
      vertex 21.3698 -2.5 3.68016
    endloop
  endfacet
  facet normal 0.659396 0 -0.751796
    outer loop
      vertex 21.3698 0 3.68016
      vertex 20.9568 -2.5 3.31792
      vertex 20.9568 0 3.31792
    endloop
  endfacet
  facet normal -0.555565 0 -0.831473
    outer loop
      vertex 11.7432 -2.5 3.31792
      vertex 12.2 0 3.0127
      vertex 12.2 -2.5 3.0127
    endloop
  endfacet
  facet normal -0.555565 0 -0.831473
    outer loop
      vertex 12.2 0 3.0127
      vertex 11.7432 -2.5 3.31792
      vertex 11.7432 0 3.31792
    endloop
  endfacet
  facet normal -0.94694 0 0.32141
    outer loop
      vertex 10.2431 -2.5 11.837
      vertex 10.4197 0 12.3573
      vertex 10.2431 0 11.837
    endloop
  endfacet
  facet normal -0.94694 0 0.32141
    outer loop
      vertex 10.4197 0 12.3573
      vertex 10.2431 -2.5 11.837
      vertex 10.4197 -2.5 12.3573
    endloop
  endfacet
  facet normal -0.751742 0 0.659458
    outer loop
      vertex 10.9679 -2.5 13.3068
      vertex 11.3302 0 13.7198
      vertex 10.9679 0 13.3068
    endloop
  endfacet
  facet normal -0.751742 0 0.659458
    outer loop
      vertex 11.3302 0 13.7198
      vertex 10.9679 -2.5 13.3068
      vertex 11.3302 -2.5 13.7198
    endloop
  endfacet
  facet normal -0.659458 0 0.751742
    outer loop
      vertex 11.3302 0 13.7198
      vertex 11.7432 -2.5 14.0821
      vertex 11.7432 0 14.0821
    endloop
  endfacet
  facet normal -0.659458 0 0.751742
    outer loop
      vertex 11.7432 -2.5 14.0821
      vertex 11.3302 0 13.7198
      vertex 11.3302 -2.5 13.7198
    endloop
  endfacet
  facet normal -0.83149 0 0.55554
    outer loop
      vertex 10.6627 -2.5 12.85
      vertex 10.9679 0 13.3068
      vertex 10.6627 0 12.85
    endloop
  endfacet
  facet normal -0.83149 0 0.55554
    outer loop
      vertex 10.9679 0 13.3068
      vertex 10.6627 -2.5 12.85
      vertex 10.9679 -2.5 13.3068
    endloop
  endfacet
  facet normal 0.751742 -0 0.659458
    outer loop
      vertex 21.3698 -2.5 13.7198
      vertex 21.7321 0 13.3068
      vertex 21.3698 0 13.7198
    endloop
  endfacet
  facet normal 0.751742 0 0.659458
    outer loop
      vertex 21.7321 0 13.3068
      vertex 21.3698 -2.5 13.7198
      vertex 21.7321 -2.5 13.3068
    endloop
  endfacet
  facet normal 0.83149 -0 0.55554
    outer loop
      vertex 21.7321 -2.5 13.3068
      vertex 22.0373 0 12.85
      vertex 21.7321 0 13.3068
    endloop
  endfacet
  facet normal 0.83149 0 0.55554
    outer loop
      vertex 22.0373 0 12.85
      vertex 21.7321 -2.5 13.3068
      vertex 22.0373 -2.5 12.85
    endloop
  endfacet
  facet normal 0.946925 0 -0.321454
    outer loop
      vertex 22.4569 -2.5 5.56296
      vertex 22.2803 0 5.04274
      vertex 22.4569 0 5.56296
    endloop
  endfacet
  facet normal 0.946925 0 -0.321454
    outer loop
      vertex 22.2803 0 5.04274
      vertex 22.4569 -2.5 5.56296
      vertex 22.2803 -2.5 5.04274
    endloop
  endfacet
  facet normal 0.997863 -0 0.0653471
    outer loop
      vertex 22.5641 -2.5 11.2982
      vertex 22.6 0 10.75
      vertex 22.5641 0 11.2982
    endloop
  endfacet
  facet normal 0.997863 0 0.0653471
    outer loop
      vertex 22.6 0 10.75
      vertex 22.5641 -2.5 11.2982
      vertex 22.6 -2.5 10.75
    endloop
  endfacet
  facet normal 0.442299 0 -0.896868
    outer loop
      vertex 20.0073 -2.5 2.76972
      vertex 20.5 0 3.0127
      vertex 20.5 -2.5 3.0127
    endloop
  endfacet
  facet normal 0.442299 0 -0.896868
    outer loop
      vertex 20.5 0 3.0127
      vertex 20.0073 -2.5 2.76972
      vertex 20.0073 0 2.76972
    endloop
  endfacet
  facet normal 0.896864 0 -0.442307
    outer loop
      vertex 22.2803 -2.5 5.04274
      vertex 22.0373 0 4.55001
      vertex 22.2803 0 5.04274
    endloop
  endfacet
  facet normal 0.896864 0 -0.442307
    outer loop
      vertex 22.0373 0 4.55001
      vertex 22.2803 -2.5 5.04274
      vertex 22.0373 -2.5 4.55001
    endloop
  endfacet
  facet normal -0.195101 0 -0.980783
    outer loop
      vertex 13.213 -2.5 2.59311
      vertex 13.7518 0 2.48593
      vertex 13.7518 -2.5 2.48593
    endloop
  endfacet
  facet normal -0.195101 0 -0.980783
    outer loop
      vertex 13.7518 0 2.48593
      vertex 13.213 -2.5 2.59311
      vertex 13.213 0 2.59311
    endloop
  endfacet
  facet normal 0 0 -1
    outer loop
      vertex 14.3 -2.5 2.45
      vertex 18.4 0 2.45
      vertex 18.4 -2.5 2.45
    endloop
  endfacet
  facet normal -0 0 -1
    outer loop
      vertex 18.4 0 2.45
      vertex 14.3 -2.5 2.45
      vertex 14.3 0 2.45
    endloop
  endfacet
  facet normal -0.442299 0 -0.896868
    outer loop
      vertex 12.2 -2.5 3.0127
      vertex 12.6927 0 2.76972
      vertex 12.6927 -2.5 2.76972
    endloop
  endfacet
  facet normal -0.442299 0 -0.896868
    outer loop
      vertex 12.6927 0 2.76972
      vertex 12.2 -2.5 3.0127
      vertex 12.2 0 3.0127
    endloop
  endfacet
  facet normal -0.751773 0 -0.659422
    outer loop
      vertex 11.3302 -2.5 3.68016
      vertex 10.9679 0 4.0932
      vertex 11.3302 0 3.68016
    endloop
  endfacet
  facet normal -0.751773 -0 -0.659422
    outer loop
      vertex 10.9679 0 4.0932
      vertex 11.3302 -2.5 3.68016
      vertex 10.9679 -2.5 4.0932
    endloop
  endfacet
  facet normal -0.896853 0 0.442329
    outer loop
      vertex 10.4197 -2.5 12.3573
      vertex 10.6627 0 12.85
      vertex 10.4197 0 12.3573
    endloop
  endfacet
  facet normal -0.896853 0 0.442329
    outer loop
      vertex 10.6627 0 12.85
      vertex 10.4197 -2.5 12.3573
      vertex 10.6627 -2.5 12.85
    endloop
  endfacet
  facet normal -0.195136 0 0.980776
    outer loop
      vertex 13.213 0 14.8069
      vertex 13.7518 -2.5 14.9141
      vertex 13.7518 0 14.9141
    endloop
  endfacet
  facet normal -0.195136 0 0.980776
    outer loop
      vertex 13.7518 -2.5 14.9141
      vertex 13.213 0 14.8069
      vertex 13.213 -2.5 14.8069
    endloop
  endfacet
  facet normal 0.195136 0 0.980776
    outer loop
      vertex 18.9482 0 14.9141
      vertex 19.487 -2.5 14.8069
      vertex 19.487 0 14.8069
    endloop
  endfacet
  facet normal 0.195136 0 0.980776
    outer loop
      vertex 19.487 -2.5 14.8069
      vertex 18.9482 0 14.9141
      vertex 18.9482 -2.5 14.9141
    endloop
  endfacet
  facet normal 0.0653471 0 0.997863
    outer loop
      vertex 18.4 0 14.95
      vertex 18.9482 -2.5 14.9141
      vertex 18.9482 0 14.9141
    endloop
  endfacet
  facet normal 0.0653471 0 0.997863
    outer loop
      vertex 18.9482 -2.5 14.9141
      vertex 18.4 0 14.95
      vertex 18.4 -2.5 14.95
    endloop
  endfacet
  facet normal 0.32141 0 0.94694
    outer loop
      vertex 19.487 0 14.8069
      vertex 20.0073 -2.5 14.6303
      vertex 20.0073 0 14.6303
    endloop
  endfacet
  facet normal 0.32141 0 0.94694
    outer loop
      vertex 20.0073 -2.5 14.6303
      vertex 19.487 0 14.8069
      vertex 19.487 -2.5 14.8069
    endloop
  endfacet
  facet normal 0.94694 -0 0.32141
    outer loop
      vertex 22.2803 -2.5 12.3573
      vertex 22.4569 0 11.837
      vertex 22.2803 0 12.3573
    endloop
  endfacet
  facet normal 0.94694 0 0.32141
    outer loop
      vertex 22.4569 0 11.837
      vertex 22.2803 -2.5 12.3573
      vertex 22.4569 -2.5 11.837
    endloop
  endfacet
  facet normal 0.321426 0 -0.946935
    outer loop
      vertex 19.487 -2.5 2.59311
      vertex 20.0073 0 2.76972
      vertex 20.0073 -2.5 2.76972
    endloop
  endfacet
  facet normal 0.321426 0 -0.946935
    outer loop
      vertex 20.0073 0 2.76972
      vertex 19.487 -2.5 2.59311
      vertex 19.487 0 2.59311
    endloop
  endfacet
  facet normal 0.0654015 0 -0.997859
    outer loop
      vertex 18.4 -2.5 2.45
      vertex 18.9482 0 2.48593
      vertex 18.9482 -2.5 2.48593
    endloop
  endfacet
  facet normal 0.0654015 0 -0.997859
    outer loop
      vertex 18.9482 0 2.48593
      vertex 18.4 -2.5 2.45
      vertex 18.4 0 2.45
    endloop
  endfacet
  facet normal 0.195101 0 -0.980783
    outer loop
      vertex 18.9482 -2.5 2.48593
      vertex 19.487 0 2.59311
      vertex 19.487 -2.5 2.59311
    endloop
  endfacet
  facet normal 0.195101 0 -0.980783
    outer loop
      vertex 19.487 0 2.59311
      vertex 18.9482 -2.5 2.48593
      vertex 18.9482 0 2.48593
    endloop
  endfacet
  facet normal 0.751773 0 -0.659422
    outer loop
      vertex 21.7321 -2.5 4.0932
      vertex 21.3698 0 3.68016
      vertex 21.7321 0 4.0932
    endloop
  endfacet
  facet normal 0.751773 0 -0.659422
    outer loop
      vertex 21.3698 0 3.68016
      vertex 21.7321 -2.5 4.0932
      vertex 21.3698 -2.5 3.68016
    endloop
  endfacet
  facet normal -0.659396 0 -0.751796
    outer loop
      vertex 11.3302 -2.5 3.68016
      vertex 11.7432 0 3.31792
      vertex 11.7432 -2.5 3.31792
    endloop
  endfacet
  facet normal -0.659396 0 -0.751796
    outer loop
      vertex 11.7432 0 3.31792
      vertex 11.3302 -2.5 3.68016
      vertex 11.3302 0 3.68016
    endloop
  endfacet
  facet normal -0.0653471 0 0.997863
    outer loop
      vertex 13.7518 0 14.9141
      vertex 14.3 -2.5 14.95
      vertex 14.3 0 14.95
    endloop
  endfacet
  facet normal -0.0653471 0 0.997863
    outer loop
      vertex 14.3 -2.5 14.95
      vertex 13.7518 0 14.9141
      vertex 13.7518 -2.5 14.9141
    endloop
  endfacet
  facet normal 0.442329 0 0.896853
    outer loop
      vertex 20.0073 0 14.6303
      vertex 20.5 -2.5 14.3873
      vertex 20.5 0 14.3873
    endloop
  endfacet
  facet normal 0.442329 0 0.896853
    outer loop
      vertex 20.5 -2.5 14.3873
      vertex 20.0073 0 14.6303
      vertex 20.0073 -2.5 14.6303
    endloop
  endfacet
  facet normal 0.659458 0 0.751742
    outer loop
      vertex 20.9568 0 14.0821
      vertex 21.3698 -2.5 13.7198
      vertex 21.3698 0 13.7198
    endloop
  endfacet
  facet normal 0.659458 0 0.751742
    outer loop
      vertex 21.3698 -2.5 13.7198
      vertex 20.9568 0 14.0821
      vertex 20.9568 -2.5 14.0821
    endloop
  endfacet
  facet normal -0.980778 0 -0.195125
    outer loop
      vertex 54.2431 -2.5 5.56296
      vertex 54.1359 0 6.10179
      vertex 54.2431 0 5.56296
    endloop
  endfacet
  facet normal -0.980778 -0 -0.195125
    outer loop
      vertex 54.1359 0 6.10179
      vertex 54.2431 -2.5 5.56296
      vertex 54.1359 -2.5 6.10179
    endloop
  endfacet
  facet normal 1 -0 0
    outer loop
      vertex 66.6 -2.5 10.75
      vertex 66.6 0 6.65001
      vertex 66.6 0 10.75
    endloop
  endfacet
  facet normal 1 0 0
    outer loop
      vertex 66.6 0 6.65001
      vertex 66.6 -2.5 10.75
      vertex 66.6 -2.5 6.65001
    endloop
  endfacet
  facet normal -0.997863 0 -0.0653447
    outer loop
      vertex 54.1359 -2.5 6.10179
      vertex 54.1 0 6.65001
      vertex 54.1359 0 6.10179
    endloop
  endfacet
  facet normal -0.997863 -0 -0.0653447
    outer loop
      vertex 54.1 0 6.65001
      vertex 54.1359 -2.5 6.10179
      vertex 54.1 -2.5 6.65001
    endloop
  endfacet
  facet normal 0.980778 0 -0.195125
    outer loop
      vertex 66.5641 -2.5 6.10179
      vertex 66.4569 0 5.56296
      vertex 66.5641 0 6.10179
    endloop
  endfacet
  facet normal 0.980778 0 -0.195125
    outer loop
      vertex 66.4569 0 5.56296
      vertex 66.5641 -2.5 6.10179
      vertex 66.4569 -2.5 5.56296
    endloop
  endfacet
  facet normal 0 0 -1
    outer loop
      vertex 58.3 -2.5 2.45
      vertex 62.4 0 2.45
      vertex 62.4 -2.5 2.45
    endloop
  endfacet
  facet normal -0 0 -1
    outer loop
      vertex 62.4 0 2.45
      vertex 58.3 -2.5 2.45
      vertex 58.3 0 2.45
    endloop
  endfacet
  facet normal -0.946925 0 -0.321454
    outer loop
      vertex 54.4197 -2.5 5.04274
      vertex 54.2431 0 5.56296
      vertex 54.4197 0 5.04274
    endloop
  endfacet
  facet normal -0.946925 -0 -0.321454
    outer loop
      vertex 54.2431 0 5.56296
      vertex 54.4197 -2.5 5.04274
      vertex 54.2431 -2.5 5.56296
    endloop
  endfacet
  facet normal -0.896864 0 -0.442307
    outer loop
      vertex 54.6627 -2.5 4.55001
      vertex 54.4197 0 5.04274
      vertex 54.6627 0 4.55001
    endloop
  endfacet
  facet normal -0.896864 -0 -0.442307
    outer loop
      vertex 54.4197 0 5.04274
      vertex 54.6627 -2.5 4.55001
      vertex 54.4197 -2.5 5.04274
    endloop
  endfacet
  facet normal -1 0 0
    outer loop
      vertex 54.1 -2.5 6.65001
      vertex 54.1 0 10.75
      vertex 54.1 0 6.65001
    endloop
  endfacet
  facet normal -1 -0 0
    outer loop
      vertex 54.1 0 10.75
      vertex 54.1 -2.5 6.65001
      vertex 54.1 -2.5 10.75
    endloop
  endfacet
  facet normal 0 -1 0
    outer loop
      vertex 58.802 -2.5 11.8391
      vertex 58.3 -2.5 14.95
      vertex 57.7518 -2.5 14.9141
    endloop
  endfacet
  facet normal 0 -1 0
    outer loop
      vertex 58.3 -2.5 14.95
      vertex 60.1211 -2.5 12.1925
      vertex 62.4 -2.5 14.95
    endloop
  endfacet
  facet normal 0 -1 0
    outer loop
      vertex 58.802 -2.5 11.8391
      vertex 57.7518 -2.5 14.9141
      vertex 57.213 -2.5 14.8069
    endloop
  endfacet
  facet normal 0 -1 0
    outer loop
      vertex 60.5789 -2.5 12.1925
      vertex 62.4 -2.5 14.95
      vertex 60.1211 -2.5 12.1925
    endloop
  endfacet
  facet normal 0 -1 0
    outer loop
      vertex 58.4055 -2.5 11.6101
      vertex 57.213 -2.5 14.8069
      vertex 56.6927 -2.5 14.6303
    endloop
  endfacet
  facet normal 0 -1 0
    outer loop
      vertex 61.0328 -2.5 12.1327
      vertex 62.4 -2.5 14.95
      vertex 60.5789 -2.5 12.1925
    endloop
  endfacet
  facet normal 0 -1 0
    outer loop
      vertex 58.4055 -2.5 11.6101
      vertex 56.6927 -2.5 14.6303
      vertex 56.2 -2.5 14.3873
    endloop
  endfacet
  facet normal 0 -1 0
    outer loop
      vertex 61.475 -2.5 12.0143
      vertex 62.4 -2.5 14.95
      vertex 61.0328 -2.5 12.1327
    endloop
  endfacet
  facet normal 0 -1 0
    outer loop
      vertex 58.0423 -2.5 11.3314
      vertex 56.2 -2.5 14.3873
      vertex 55.7432 -2.5 14.0821
    endloop
  endfacet
  facet normal 0 -1 0
    outer loop
      vertex 61.898 -2.5 11.8391
      vertex 62.4 -2.5 14.95
      vertex 61.475 -2.5 12.0143
    endloop
  endfacet
  facet normal 0 -1 0
    outer loop
      vertex 58.0423 -2.5 11.3314
      vertex 55.7432 -2.5 14.0821
      vertex 55.3302 -2.5 13.7198
    endloop
  endfacet
  facet normal 0 -1 -0
    outer loop
      vertex 62.4 -2.5 14.95
      vertex 61.898 -2.5 11.8391
      vertex 62.9482 -2.5 14.9141
    endloop
  endfacet
  facet normal 0 -1 0
    outer loop
      vertex 57.7186 -2.5 11.0077
      vertex 55.3302 -2.5 13.7198
      vertex 54.9679 -2.5 13.3068
    endloop
  endfacet
  facet normal 0 -1 -0
    outer loop
      vertex 62.9482 -2.5 14.9141
      vertex 61.898 -2.5 11.8391
      vertex 63.487 -2.5 14.8069
    endloop
  endfacet
  facet normal 0 -1 0
    outer loop
      vertex 57.7186 -2.5 11.0077
      vertex 54.9679 -2.5 13.3068
      vertex 54.6627 -2.5 12.85
    endloop
  endfacet
  facet normal 0 -1 0
    outer loop
      vertex 62.2945 -2.5 11.6101
      vertex 63.487 -2.5 14.8069
      vertex 61.898 -2.5 11.8391
    endloop
  endfacet
  facet normal 0 -1 0
    outer loop
      vertex 57.4399 -2.5 10.6445
      vertex 54.6627 -2.5 12.85
      vertex 54.4197 -2.5 12.3573
    endloop
  endfacet
  facet normal 0 -1 -0
    outer loop
      vertex 63.487 -2.5 14.8069
      vertex 62.2945 -2.5 11.6101
      vertex 64.0073 -2.5 14.6303
    endloop
  endfacet
  facet normal 0 -1 -0
    outer loop
      vertex 64.0073 -2.5 14.6303
      vertex 62.2945 -2.5 11.6101
      vertex 64.5 -2.5 14.3873
    endloop
  endfacet
  facet normal 0 -1 0
    outer loop
      vertex 58.3 -2.5 14.95
      vertex 59.6672 -2.5 12.1327
      vertex 60.1211 -2.5 12.1925
    endloop
  endfacet
  facet normal 0 -1 0
    outer loop
      vertex 58.3 -2.5 14.95
      vertex 59.225 -2.5 12.0143
      vertex 59.6672 -2.5 12.1327
    endloop
  endfacet
  facet normal 0 -1 0
    outer loop
      vertex 58.3 -2.5 14.95
      vertex 58.802 -2.5 11.8391
      vertex 59.225 -2.5 12.0143
    endloop
  endfacet
  facet normal 0 -1 0
    outer loop
      vertex 57.4399 -2.5 10.6445
      vertex 54.4197 -2.5 12.3573
      vertex 54.2431 -2.5 11.837
    endloop
  endfacet
  facet normal 0 -1 0
    outer loop
      vertex 57.213 -2.5 14.8069
      vertex 58.4055 -2.5 11.6101
      vertex 58.802 -2.5 11.8391
    endloop
  endfacet
  facet normal 0 -1 0
    outer loop
      vertex 56.2 -2.5 14.3873
      vertex 58.0423 -2.5 11.3314
      vertex 58.4055 -2.5 11.6101
    endloop
  endfacet
  facet normal 0 -1 0
    outer loop
      vertex 57.2109 -2.5 10.248
      vertex 54.2431 -2.5 11.837
      vertex 54.1359 -2.5 11.2982
    endloop
  endfacet
  facet normal 0 -1 0
    outer loop
      vertex 55.3302 -2.5 13.7198
      vertex 57.7186 -2.5 11.0077
      vertex 58.0423 -2.5 11.3314
    endloop
  endfacet
  facet normal 0 -1 0
    outer loop
      vertex 57.2109 -2.5 10.248
      vertex 54.1359 -2.5 11.2982
      vertex 54.1 -2.5 10.75
    endloop
  endfacet
  facet normal 0 -1 0
    outer loop
      vertex 54.6627 -2.5 12.85
      vertex 57.4399 -2.5 10.6445
      vertex 57.7186 -2.5 11.0077
    endloop
  endfacet
  facet normal 0 -1 0
    outer loop
      vertex 54.2431 -2.5 11.837
      vertex 57.2109 -2.5 10.248
      vertex 57.4399 -2.5 10.6445
    endloop
  endfacet
  facet normal 0 -1 0
    outer loop
      vertex 54.1 -2.5 10.75
      vertex 57.0357 -2.5 9.82504
      vertex 57.2109 -2.5 10.248
    endloop
  endfacet
  facet normal 0 -1 0
    outer loop
      vertex 54.1 -2.5 10.75
      vertex 56.9173 -2.5 9.38282
      vertex 57.0357 -2.5 9.82504
    endloop
  endfacet
  facet normal 0 -1 0
    outer loop
      vertex 54.1 -2.5 10.75
      vertex 56.8575 -2.5 8.92891
      vertex 56.9173 -2.5 9.38282
    endloop
  endfacet
  facet normal 0 -1 0
    outer loop
      vertex 54.1 -2.5 10.75
      vertex 56.8575 -2.5 8.47109
      vertex 56.8575 -2.5 8.92891
    endloop
  endfacet
  facet normal 0 -1 0
    outer loop
      vertex 54.1 -2.5 6.65001
      vertex 56.8575 -2.5 8.47109
      vertex 54.1 -2.5 10.75
    endloop
  endfacet
  facet normal 0 -1 -0
    outer loop
      vertex 56.8575 -2.5 8.47109
      vertex 54.1 -2.5 6.65001
      vertex 56.9173 -2.5 8.01718
    endloop
  endfacet
  facet normal 0 -1 -0
    outer loop
      vertex 56.9173 -2.5 8.01718
      vertex 54.1 -2.5 6.65001
      vertex 57.0357 -2.5 7.57496
    endloop
  endfacet
  facet normal 0 -1 -0
    outer loop
      vertex 57.0357 -2.5 7.57496
      vertex 54.1 -2.5 6.65001
      vertex 57.2109 -2.5 7.15199
    endloop
  endfacet
  facet normal 0 -1 0
    outer loop
      vertex 54.1359 -2.5 6.10179
      vertex 57.2109 -2.5 7.15199
      vertex 54.1 -2.5 6.65001
    endloop
  endfacet
  facet normal 0 -1 0
    outer loop
      vertex 54.2431 -2.5 5.56296
      vertex 57.2109 -2.5 7.15199
      vertex 54.1359 -2.5 6.10179
    endloop
  endfacet
  facet normal 0 -1 -0
    outer loop
      vertex 57.2109 -2.5 7.15199
      vertex 54.2431 -2.5 5.56296
      vertex 57.4399 -2.5 6.7555
    endloop
  endfacet
  facet normal 0 -1 0
    outer loop
      vertex 54.4197 -2.5 5.04274
      vertex 57.4399 -2.5 6.7555
      vertex 54.2431 -2.5 5.56296
    endloop
  endfacet
  facet normal 0 -1 0
    outer loop
      vertex 54.6627 -2.5 4.55001
      vertex 57.4399 -2.5 6.7555
      vertex 54.4197 -2.5 5.04274
    endloop
  endfacet
  facet normal 0 -1 -0
    outer loop
      vertex 57.4399 -2.5 6.7555
      vertex 54.6627 -2.5 4.55001
      vertex 57.7186 -2.5 6.39229
    endloop
  endfacet
  facet normal 0 -1 0
    outer loop
      vertex 54.9679 -2.5 4.0932
      vertex 57.7186 -2.5 6.39229
      vertex 54.6627 -2.5 4.55001
    endloop
  endfacet
  facet normal 0 -1 0
    outer loop
      vertex 55.3302 -2.5 3.68016
      vertex 57.7186 -2.5 6.39229
      vertex 54.9679 -2.5 4.0932
    endloop
  endfacet
  facet normal 0 -1 -0
    outer loop
      vertex 57.7186 -2.5 6.39229
      vertex 55.3302 -2.5 3.68016
      vertex 58.0423 -2.5 6.06856
    endloop
  endfacet
  facet normal 0 -1 0
    outer loop
      vertex 55.7432 -2.5 3.31792
      vertex 58.0423 -2.5 6.06856
      vertex 55.3302 -2.5 3.68016
    endloop
  endfacet
  facet normal 0 -1 -0
    outer loop
      vertex 58.0423 -2.5 6.06856
      vertex 56.2 -2.5 3.0127
      vertex 58.4055 -2.5 5.78986
    endloop
  endfacet
  facet normal 0 -1 0
    outer loop
      vertex 56.2 -2.5 3.0127
      vertex 58.0423 -2.5 6.06856
      vertex 55.7432 -2.5 3.31792
    endloop
  endfacet
  facet normal 0 -1 0
    outer loop
      vertex 62.6577 -2.5 11.3314
      vertex 64.5 -2.5 14.3873
      vertex 62.2945 -2.5 11.6101
    endloop
  endfacet
  facet normal 0 -1 -0
    outer loop
      vertex 64.5 -2.5 14.3873
      vertex 62.6577 -2.5 11.3314
      vertex 64.9568 -2.5 14.0821
    endloop
  endfacet
  facet normal 0 -1 -0
    outer loop
      vertex 64.9568 -2.5 14.0821
      vertex 62.6577 -2.5 11.3314
      vertex 65.3698 -2.5 13.7198
    endloop
  endfacet
  facet normal 0 -1 0
    outer loop
      vertex 62.9814 -2.5 11.0077
      vertex 65.3698 -2.5 13.7198
      vertex 62.6577 -2.5 11.3314
    endloop
  endfacet
  facet normal 0 -1 -0
    outer loop
      vertex 65.3698 -2.5 13.7198
      vertex 62.9814 -2.5 11.0077
      vertex 65.7321 -2.5 13.3068
    endloop
  endfacet
  facet normal 0 -1 -0
    outer loop
      vertex 65.7321 -2.5 13.3068
      vertex 62.9814 -2.5 11.0077
      vertex 66.0373 -2.5 12.85
    endloop
  endfacet
  facet normal 0 -1 0
    outer loop
      vertex 63.2601 -2.5 10.6445
      vertex 66.0373 -2.5 12.85
      vertex 62.9814 -2.5 11.0077
    endloop
  endfacet
  facet normal 0 -1 -0
    outer loop
      vertex 66.0373 -2.5 12.85
      vertex 63.2601 -2.5 10.6445
      vertex 66.2803 -2.5 12.3573
    endloop
  endfacet
  facet normal 0 -1 -0
    outer loop
      vertex 66.2803 -2.5 12.3573
      vertex 63.2601 -2.5 10.6445
      vertex 66.4569 -2.5 11.837
    endloop
  endfacet
  facet normal 0 -1 0
    outer loop
      vertex 63.4891 -2.5 10.248
      vertex 66.4569 -2.5 11.837
      vertex 63.2601 -2.5 10.6445
    endloop
  endfacet
  facet normal 0 -1 -0
    outer loop
      vertex 66.4569 -2.5 11.837
      vertex 63.4891 -2.5 10.248
      vertex 66.5641 -2.5 11.2982
    endloop
  endfacet
  facet normal 0 -1 -0
    outer loop
      vertex 66.5641 -2.5 11.2982
      vertex 63.4891 -2.5 10.248
      vertex 66.6 -2.5 10.75
    endloop
  endfacet
  facet normal 0 -1 0
    outer loop
      vertex 63.6643 -2.5 9.82504
      vertex 66.6 -2.5 10.75
      vertex 63.4891 -2.5 10.248
    endloop
  endfacet
  facet normal 0 -1 0
    outer loop
      vertex 63.7827 -2.5 9.38282
      vertex 66.6 -2.5 10.75
      vertex 63.6643 -2.5 9.82504
    endloop
  endfacet
  facet normal 0 -1 0
    outer loop
      vertex 63.8425 -2.5 8.92891
      vertex 66.6 -2.5 10.75
      vertex 63.7827 -2.5 9.38282
    endloop
  endfacet
  facet normal 0 -1 0
    outer loop
      vertex 63.8425 -2.5 8.47109
      vertex 66.6 -2.5 10.75
      vertex 63.8425 -2.5 8.92891
    endloop
  endfacet
  facet normal 0 -1 0
    outer loop
      vertex 66.6 -2.5 6.65001
      vertex 63.8425 -2.5 8.47109
      vertex 63.7827 -2.5 8.01718
    endloop
  endfacet
  facet normal 0 -1 0
    outer loop
      vertex 66.6 -2.5 6.65001
      vertex 63.7827 -2.5 8.01718
      vertex 63.6643 -2.5 7.57496
    endloop
  endfacet
  facet normal 0 -1 0
    outer loop
      vertex 66.6 -2.5 6.65001
      vertex 63.6643 -2.5 7.57496
      vertex 63.4891 -2.5 7.15199
    endloop
  endfacet
  facet normal 0 -1 0
    outer loop
      vertex 66.4569 -2.5 5.56296
      vertex 63.4891 -2.5 7.15199
      vertex 63.2601 -2.5 6.7555
    endloop
  endfacet
  facet normal 0 -1 0
    outer loop
      vertex 63.8425 -2.5 8.47109
      vertex 66.6 -2.5 6.65001
      vertex 66.6 -2.5 10.75
    endloop
  endfacet
  facet normal 0 -1 0
    outer loop
      vertex 66.0373 -2.5 4.55001
      vertex 63.2601 -2.5 6.7555
      vertex 62.9814 -2.5 6.39229
    endloop
  endfacet
  facet normal 0 -1 0
    outer loop
      vertex 63.4891 -2.5 7.15199
      vertex 66.5641 -2.5 6.10179
      vertex 66.6 -2.5 6.65001
    endloop
  endfacet
  facet normal 0 -1 0
    outer loop
      vertex 65.3698 -2.5 3.68016
      vertex 62.9814 -2.5 6.39229
      vertex 62.6577 -2.5 6.06856
    endloop
  endfacet
  facet normal 0 -1 0
    outer loop
      vertex 64.5 -2.5 3.0127
      vertex 62.6577 -2.5 6.06856
      vertex 62.2945 -2.5 5.78986
    endloop
  endfacet
  facet normal 0 -1 0
    outer loop
      vertex 63.4891 -2.5 7.15199
      vertex 66.4569 -2.5 5.56296
      vertex 66.5641 -2.5 6.10179
    endloop
  endfacet
  facet normal 0 -1 0
    outer loop
      vertex 63.487 -2.5 2.59311
      vertex 62.2945 -2.5 5.78986
      vertex 61.898 -2.5 5.56094
    endloop
  endfacet
  facet normal 0 -1 0
    outer loop
      vertex 62.4 -2.5 2.45
      vertex 61.898 -2.5 5.56094
      vertex 61.475 -2.5 5.38574
    endloop
  endfacet
  facet normal 0 -1 0
    outer loop
      vertex 62.4 -2.5 2.45
      vertex 61.475 -2.5 5.38574
      vertex 61.0328 -2.5 5.26725
    endloop
  endfacet
  facet normal 0 -1 0
    outer loop
      vertex 62.4 -2.5 2.45
      vertex 61.0328 -2.5 5.26725
      vertex 60.5789 -2.5 5.20749
    endloop
  endfacet
  facet normal 0 -1 0
    outer loop
      vertex 63.2601 -2.5 6.7555
      vertex 66.2803 -2.5 5.04274
      vertex 66.4569 -2.5 5.56296
    endloop
  endfacet
  facet normal 0 -1 0
    outer loop
      vertex 56.6927 -2.5 2.76972
      vertex 58.4055 -2.5 5.78986
      vertex 56.2 -2.5 3.0127
    endloop
  endfacet
  facet normal 0 -1 0
    outer loop
      vertex 57.213 -2.5 2.59311
      vertex 58.4055 -2.5 5.78986
      vertex 56.6927 -2.5 2.76972
    endloop
  endfacet
  facet normal 0 -1 0
    outer loop
      vertex 62.4 -2.5 2.45
      vertex 60.5789 -2.5 5.20749
      vertex 58.3 -2.5 2.45
    endloop
  endfacet
  facet normal 0 -1 -0
    outer loop
      vertex 58.4055 -2.5 5.78986
      vertex 57.213 -2.5 2.59311
      vertex 58.802 -2.5 5.56094
    endloop
  endfacet
  facet normal 0 -1 0
    outer loop
      vertex 61.898 -2.5 5.56094
      vertex 62.4 -2.5 2.45
      vertex 62.9482 -2.5 2.48593
    endloop
  endfacet
  facet normal 0 -1 0
    outer loop
      vertex 57.7518 -2.5 2.48593
      vertex 58.802 -2.5 5.56094
      vertex 57.213 -2.5 2.59311
    endloop
  endfacet
  facet normal 0 -1 0
    outer loop
      vertex 63.2601 -2.5 6.7555
      vertex 66.0373 -2.5 4.55001
      vertex 66.2803 -2.5 5.04274
    endloop
  endfacet
  facet normal 0 -1 0
    outer loop
      vertex 58.3 -2.5 2.45
      vertex 58.802 -2.5 5.56094
      vertex 57.7518 -2.5 2.48593
    endloop
  endfacet
  facet normal 0 -1 0
    outer loop
      vertex 62.9814 -2.5 6.39229
      vertex 65.7321 -2.5 4.0932
      vertex 66.0373 -2.5 4.55001
    endloop
  endfacet
  facet normal 0 -1 -0
    outer loop
      vertex 58.802 -2.5 5.56094
      vertex 58.3 -2.5 2.45
      vertex 59.225 -2.5 5.38574
    endloop
  endfacet
  facet normal 0 -1 0
    outer loop
      vertex 62.9814 -2.5 6.39229
      vertex 65.3698 -2.5 3.68016
      vertex 65.7321 -2.5 4.0932
    endloop
  endfacet
  facet normal 0 -1 -0
    outer loop
      vertex 59.225 -2.5 5.38574
      vertex 58.3 -2.5 2.45
      vertex 59.6672 -2.5 5.26725
    endloop
  endfacet
  facet normal 0 -1 0
    outer loop
      vertex 62.6577 -2.5 6.06856
      vertex 64.9568 -2.5 3.31792
      vertex 65.3698 -2.5 3.68016
    endloop
  endfacet
  facet normal 0 -1 -0
    outer loop
      vertex 59.6672 -2.5 5.26725
      vertex 58.3 -2.5 2.45
      vertex 60.1211 -2.5 5.20749
    endloop
  endfacet
  facet normal 0 -1 0
    outer loop
      vertex 62.6577 -2.5 6.06856
      vertex 64.5 -2.5 3.0127
      vertex 64.9568 -2.5 3.31792
    endloop
  endfacet
  facet normal 0 -1 -0
    outer loop
      vertex 60.1211 -2.5 5.20749
      vertex 58.3 -2.5 2.45
      vertex 60.5789 -2.5 5.20749
    endloop
  endfacet
  facet normal 0 -1 0
    outer loop
      vertex 62.2945 -2.5 5.78986
      vertex 64.0073 -2.5 2.76972
      vertex 64.5 -2.5 3.0127
    endloop
  endfacet
  facet normal 0 -1 0
    outer loop
      vertex 62.2945 -2.5 5.78986
      vertex 63.487 -2.5 2.59311
      vertex 64.0073 -2.5 2.76972
    endloop
  endfacet
  facet normal 0 -1 0
    outer loop
      vertex 61.898 -2.5 5.56094
      vertex 62.9482 -2.5 2.48593
      vertex 63.487 -2.5 2.59311
    endloop
  endfacet
  facet normal -0.997863 0 0.0653471
    outer loop
      vertex 54.1 -2.5 10.75
      vertex 54.1359 0 11.2982
      vertex 54.1 0 10.75
    endloop
  endfacet
  facet normal -0.997863 0 0.0653471
    outer loop
      vertex 54.1359 0 11.2982
      vertex 54.1 -2.5 10.75
      vertex 54.1359 -2.5 11.2982
    endloop
  endfacet
  facet normal 0.896853 -0 0.442329
    outer loop
      vertex 66.0373 -2.5 12.85
      vertex 66.2803 0 12.3573
      vertex 66.0373 0 12.85
    endloop
  endfacet
  facet normal 0.896853 0 0.442329
    outer loop
      vertex 66.2803 0 12.3573
      vertex 66.0373 -2.5 12.85
      vertex 66.2803 -2.5 12.3573
    endloop
  endfacet
  facet normal 0.195136 0 0.980776
    outer loop
      vertex 62.9482 0 14.9141
      vertex 63.487 -2.5 14.8069
      vertex 63.487 0 14.8069
    endloop
  endfacet
  facet normal 0.195136 0 0.980776
    outer loop
      vertex 63.487 -2.5 14.8069
      vertex 62.9482 0 14.9141
      vertex 62.9482 -2.5 14.9141
    endloop
  endfacet
  facet normal 0.980776 -0 0.195136
    outer loop
      vertex 66.4569 -2.5 11.837
      vertex 66.5641 0 11.2982
      vertex 66.4569 0 11.837
    endloop
  endfacet
  facet normal 0.980776 0 0.195136
    outer loop
      vertex 66.5641 0 11.2982
      vertex 66.4569 -2.5 11.837
      vertex 66.5641 -2.5 11.2982
    endloop
  endfacet
  facet normal 0.997863 0 -0.0653447
    outer loop
      vertex 66.6 -2.5 6.65001
      vertex 66.5641 0 6.10179
      vertex 66.6 0 6.65001
    endloop
  endfacet
  facet normal 0.997863 0 -0.0653447
    outer loop
      vertex 66.5641 0 6.10179
      vertex 66.6 -2.5 6.65001
      vertex 66.5641 -2.5 6.10179
    endloop
  endfacet
  facet normal 0.831495 0 -0.555532
    outer loop
      vertex 66.0373 -2.5 4.55001
      vertex 65.7321 0 4.0932
      vertex 66.0373 0 4.55001
    endloop
  endfacet
  facet normal 0.831495 0 -0.555532
    outer loop
      vertex 65.7321 0 4.0932
      vertex 66.0373 -2.5 4.55001
      vertex 65.7321 -2.5 4.0932
    endloop
  endfacet
  facet normal 0.555565 0 -0.831473
    outer loop
      vertex 64.5 -2.5 3.0127
      vertex 64.9568 0 3.31792
      vertex 64.9568 -2.5 3.31792
    endloop
  endfacet
  facet normal 0.555565 0 -0.831473
    outer loop
      vertex 64.9568 0 3.31792
      vertex 64.5 -2.5 3.0127
      vertex 64.5 0 3.0127
    endloop
  endfacet
  facet normal -0.0654015 0 -0.997859
    outer loop
      vertex 57.7518 -2.5 2.48593
      vertex 58.3 0 2.45
      vertex 58.3 -2.5 2.45
    endloop
  endfacet
  facet normal -0.0654015 0 -0.997859
    outer loop
      vertex 58.3 0 2.45
      vertex 57.7518 -2.5 2.48593
      vertex 57.7518 0 2.48593
    endloop
  endfacet
  facet normal -0.442299 0 -0.896868
    outer loop
      vertex 56.2 -2.5 3.0127
      vertex 56.6927 0 2.76972
      vertex 56.6927 -2.5 2.76972
    endloop
  endfacet
  facet normal -0.442299 0 -0.896868
    outer loop
      vertex 56.6927 0 2.76972
      vertex 56.2 -2.5 3.0127
      vertex 56.2 0 3.0127
    endloop
  endfacet
  facet normal -0.980776 0 0.195136
    outer loop
      vertex 54.1359 -2.5 11.2982
      vertex 54.2431 0 11.837
      vertex 54.1359 0 11.2982
    endloop
  endfacet
  facet normal -0.980776 0 0.195136
    outer loop
      vertex 54.2431 0 11.837
      vertex 54.1359 -2.5 11.2982
      vertex 54.2431 -2.5 11.837
    endloop
  endfacet
  facet normal -0.83149 0 0.55554
    outer loop
      vertex 54.6627 -2.5 12.85
      vertex 54.9679 0 13.3068
      vertex 54.6627 0 12.85
    endloop
  endfacet
  facet normal -0.83149 0 0.55554
    outer loop
      vertex 54.9679 0 13.3068
      vertex 54.6627 -2.5 12.85
      vertex 54.9679 -2.5 13.3068
    endloop
  endfacet
  facet normal -0.55554 0 0.83149
    outer loop
      vertex 55.7432 0 14.0821
      vertex 56.2 -2.5 14.3873
      vertex 56.2 0 14.3873
    endloop
  endfacet
  facet normal -0.55554 0 0.83149
    outer loop
      vertex 56.2 -2.5 14.3873
      vertex 55.7432 0 14.0821
      vertex 55.7432 -2.5 14.0821
    endloop
  endfacet
  facet normal 0.55554 0 0.83149
    outer loop
      vertex 64.5 0 14.3873
      vertex 64.9568 -2.5 14.0821
      vertex 64.9568 0 14.0821
    endloop
  endfacet
  facet normal 0.55554 0 0.83149
    outer loop
      vertex 64.9568 -2.5 14.0821
      vertex 64.5 0 14.3873
      vertex 64.5 -2.5 14.3873
    endloop
  endfacet
  facet normal 0.94694 -0 0.32141
    outer loop
      vertex 66.2803 -2.5 12.3573
      vertex 66.4569 0 11.837
      vertex 66.2803 0 12.3573
    endloop
  endfacet
  facet normal 0.94694 0 0.32141
    outer loop
      vertex 66.4569 0 11.837
      vertex 66.2803 -2.5 12.3573
      vertex 66.4569 -2.5 11.837
    endloop
  endfacet
  facet normal -0 0 1
    outer loop
      vertex 58.3 0 14.95
      vertex 62.4 -2.5 14.95
      vertex 62.4 0 14.95
    endloop
  endfacet
  facet normal 0 0 1
    outer loop
      vertex 62.4 -2.5 14.95
      vertex 58.3 0 14.95
      vertex 58.3 -2.5 14.95
    endloop
  endfacet
  facet normal -0.32141 0 0.94694
    outer loop
      vertex 56.6927 0 14.6303
      vertex 57.213 -2.5 14.8069
      vertex 57.213 0 14.8069
    endloop
  endfacet
  facet normal -0.32141 0 0.94694
    outer loop
      vertex 57.213 -2.5 14.8069
      vertex 56.6927 0 14.6303
      vertex 56.6927 -2.5 14.6303
    endloop
  endfacet
  facet normal -0.442329 0 0.896853
    outer loop
      vertex 56.2 0 14.3873
      vertex 56.6927 -2.5 14.6303
      vertex 56.6927 0 14.6303
    endloop
  endfacet
  facet normal -0.442329 0 0.896853
    outer loop
      vertex 56.6927 -2.5 14.6303
      vertex 56.2 0 14.3873
      vertex 56.2 -2.5 14.3873
    endloop
  endfacet
  facet normal 0.997863 -0 0.0653471
    outer loop
      vertex 66.5641 -2.5 11.2982
      vertex 66.6 0 10.75
      vertex 66.5641 0 11.2982
    endloop
  endfacet
  facet normal 0.997863 0 0.0653471
    outer loop
      vertex 66.6 0 10.75
      vertex 66.5641 -2.5 11.2982
      vertex 66.6 -2.5 10.75
    endloop
  endfacet
  facet normal 0.896864 0 -0.442307
    outer loop
      vertex 66.2803 -2.5 5.04274
      vertex 66.0373 0 4.55001
      vertex 66.2803 0 5.04274
    endloop
  endfacet
  facet normal 0.896864 0 -0.442307
    outer loop
      vertex 66.0373 0 4.55001
      vertex 66.2803 -2.5 5.04274
      vertex 66.0373 -2.5 4.55001
    endloop
  endfacet
  facet normal 0.946925 0 -0.321454
    outer loop
      vertex 66.4569 -2.5 5.56296
      vertex 66.2803 0 5.04274
      vertex 66.4569 0 5.56296
    endloop
  endfacet
  facet normal 0.946925 0 -0.321454
    outer loop
      vertex 66.2803 0 5.04274
      vertex 66.4569 -2.5 5.56296
      vertex 66.2803 -2.5 5.04274
    endloop
  endfacet
  facet normal 0.442299 0 -0.896868
    outer loop
      vertex 64.0073 -2.5 2.76972
      vertex 64.5 0 3.0127
      vertex 64.5 -2.5 3.0127
    endloop
  endfacet
  facet normal 0.442299 0 -0.896868
    outer loop
      vertex 64.5 0 3.0127
      vertex 64.0073 -2.5 2.76972
      vertex 64.0073 0 2.76972
    endloop
  endfacet
  facet normal 0.321426 0 -0.946935
    outer loop
      vertex 63.487 -2.5 2.59311
      vertex 64.0073 0 2.76972
      vertex 64.0073 -2.5 2.76972
    endloop
  endfacet
  facet normal 0.321426 0 -0.946935
    outer loop
      vertex 64.0073 0 2.76972
      vertex 63.487 -2.5 2.59311
      vertex 63.487 0 2.59311
    endloop
  endfacet
  facet normal 0.0654015 0 -0.997859
    outer loop
      vertex 62.4 -2.5 2.45
      vertex 62.9482 0 2.48593
      vertex 62.9482 -2.5 2.48593
    endloop
  endfacet
  facet normal 0.0654015 0 -0.997859
    outer loop
      vertex 62.9482 0 2.48593
      vertex 62.4 -2.5 2.45
      vertex 62.4 0 2.45
    endloop
  endfacet
  facet normal -0.195101 0 -0.980783
    outer loop
      vertex 57.213 -2.5 2.59311
      vertex 57.7518 0 2.48593
      vertex 57.7518 -2.5 2.48593
    endloop
  endfacet
  facet normal -0.195101 0 -0.980783
    outer loop
      vertex 57.7518 0 2.48593
      vertex 57.213 -2.5 2.59311
      vertex 57.213 0 2.59311
    endloop
  endfacet
  facet normal -0.321426 0 -0.946935
    outer loop
      vertex 56.6927 -2.5 2.76972
      vertex 57.213 0 2.59311
      vertex 57.213 -2.5 2.59311
    endloop
  endfacet
  facet normal -0.321426 0 -0.946935
    outer loop
      vertex 57.213 0 2.59311
      vertex 56.6927 -2.5 2.76972
      vertex 56.6927 0 2.76972
    endloop
  endfacet
  facet normal -0.896853 0 0.442329
    outer loop
      vertex 54.4197 -2.5 12.3573
      vertex 54.6627 0 12.85
      vertex 54.4197 0 12.3573
    endloop
  endfacet
  facet normal -0.896853 0 0.442329
    outer loop
      vertex 54.6627 0 12.85
      vertex 54.4197 -2.5 12.3573
      vertex 54.6627 -2.5 12.85
    endloop
  endfacet
  facet normal -0.94694 0 0.32141
    outer loop
      vertex 54.2431 -2.5 11.837
      vertex 54.4197 0 12.3573
      vertex 54.2431 0 11.837
    endloop
  endfacet
  facet normal -0.94694 0 0.32141
    outer loop
      vertex 54.4197 0 12.3573
      vertex 54.2431 -2.5 11.837
      vertex 54.4197 -2.5 12.3573
    endloop
  endfacet
  facet normal -0.659458 0 0.751742
    outer loop
      vertex 55.3302 0 13.7198
      vertex 55.7432 -2.5 14.0821
      vertex 55.7432 0 14.0821
    endloop
  endfacet
  facet normal -0.659458 0 0.751742
    outer loop
      vertex 55.7432 -2.5 14.0821
      vertex 55.3302 0 13.7198
      vertex 55.3302 -2.5 13.7198
    endloop
  endfacet
  facet normal -0.751742 0 0.659458
    outer loop
      vertex 54.9679 -2.5 13.3068
      vertex 55.3302 0 13.7198
      vertex 54.9679 0 13.3068
    endloop
  endfacet
  facet normal -0.751742 0 0.659458
    outer loop
      vertex 55.3302 0 13.7198
      vertex 54.9679 -2.5 13.3068
      vertex 55.3302 -2.5 13.7198
    endloop
  endfacet
  facet normal 0.659458 0 0.751742
    outer loop
      vertex 64.9568 0 14.0821
      vertex 65.3698 -2.5 13.7198
      vertex 65.3698 0 13.7198
    endloop
  endfacet
  facet normal 0.659458 0 0.751742
    outer loop
      vertex 65.3698 -2.5 13.7198
      vertex 64.9568 0 14.0821
      vertex 64.9568 -2.5 14.0821
    endloop
  endfacet
  facet normal 0.83149 -0 0.55554
    outer loop
      vertex 65.7321 -2.5 13.3068
      vertex 66.0373 0 12.85
      vertex 65.7321 0 13.3068
    endloop
  endfacet
  facet normal 0.83149 0 0.55554
    outer loop
      vertex 66.0373 0 12.85
      vertex 65.7321 -2.5 13.3068
      vertex 66.0373 -2.5 12.85
    endloop
  endfacet
  facet normal 0.751742 -0 0.659458
    outer loop
      vertex 65.3698 -2.5 13.7198
      vertex 65.7321 0 13.3068
      vertex 65.3698 0 13.7198
    endloop
  endfacet
  facet normal 0.751742 0 0.659458
    outer loop
      vertex 65.7321 0 13.3068
      vertex 65.3698 -2.5 13.7198
      vertex 65.7321 -2.5 13.3068
    endloop
  endfacet
  facet normal -0.195136 0 0.980776
    outer loop
      vertex 57.213 0 14.8069
      vertex 57.7518 -2.5 14.9141
      vertex 57.7518 0 14.9141
    endloop
  endfacet
  facet normal -0.195136 0 0.980776
    outer loop
      vertex 57.7518 -2.5 14.9141
      vertex 57.213 0 14.8069
      vertex 57.213 -2.5 14.8069
    endloop
  endfacet
  facet normal 0.0653471 0 0.997863
    outer loop
      vertex 62.4 0 14.95
      vertex 62.9482 -2.5 14.9141
      vertex 62.9482 0 14.9141
    endloop
  endfacet
  facet normal 0.0653471 0 0.997863
    outer loop
      vertex 62.9482 -2.5 14.9141
      vertex 62.4 0 14.95
      vertex 62.4 -2.5 14.95
    endloop
  endfacet
  facet normal 0.659396 0 -0.751796
    outer loop
      vertex 64.9568 -2.5 3.31792
      vertex 65.3698 0 3.68016
      vertex 65.3698 -2.5 3.68016
    endloop
  endfacet
  facet normal 0.659396 0 -0.751796
    outer loop
      vertex 65.3698 0 3.68016
      vertex 64.9568 -2.5 3.31792
      vertex 64.9568 0 3.31792
    endloop
  endfacet
  facet normal 0.751773 0 -0.659422
    outer loop
      vertex 65.7321 -2.5 4.0932
      vertex 65.3698 0 3.68016
      vertex 65.7321 0 4.0932
    endloop
  endfacet
  facet normal 0.751773 0 -0.659422
    outer loop
      vertex 65.3698 0 3.68016
      vertex 65.7321 -2.5 4.0932
      vertex 65.3698 -2.5 3.68016
    endloop
  endfacet
  facet normal 0.195101 0 -0.980783
    outer loop
      vertex 62.9482 -2.5 2.48593
      vertex 63.487 0 2.59311
      vertex 63.487 -2.5 2.59311
    endloop
  endfacet
  facet normal 0.195101 0 -0.980783
    outer loop
      vertex 63.487 0 2.59311
      vertex 62.9482 -2.5 2.48593
      vertex 62.9482 0 2.48593
    endloop
  endfacet
  facet normal -0.659396 0 -0.751796
    outer loop
      vertex 55.3302 -2.5 3.68016
      vertex 55.7432 0 3.31792
      vertex 55.7432 -2.5 3.31792
    endloop
  endfacet
  facet normal -0.659396 0 -0.751796
    outer loop
      vertex 55.7432 0 3.31792
      vertex 55.3302 -2.5 3.68016
      vertex 55.3302 0 3.68016
    endloop
  endfacet
  facet normal -0.555565 0 -0.831473
    outer loop
      vertex 55.7432 -2.5 3.31792
      vertex 56.2 0 3.0127
      vertex 56.2 -2.5 3.0127
    endloop
  endfacet
  facet normal -0.555565 0 -0.831473
    outer loop
      vertex 56.2 0 3.0127
      vertex 55.7432 -2.5 3.31792
      vertex 55.7432 0 3.31792
    endloop
  endfacet
  facet normal -0.751773 0 -0.659422
    outer loop
      vertex 55.3302 -2.5 3.68016
      vertex 54.9679 0 4.0932
      vertex 55.3302 0 3.68016
    endloop
  endfacet
  facet normal -0.751773 -0 -0.659422
    outer loop
      vertex 54.9679 0 4.0932
      vertex 55.3302 -2.5 3.68016
      vertex 54.9679 -2.5 4.0932
    endloop
  endfacet
  facet normal 0.32141 0 0.94694
    outer loop
      vertex 63.487 0 14.8069
      vertex 64.0073 -2.5 14.6303
      vertex 64.0073 0 14.6303
    endloop
  endfacet
  facet normal 0.32141 0 0.94694
    outer loop
      vertex 64.0073 -2.5 14.6303
      vertex 63.487 0 14.8069
      vertex 63.487 -2.5 14.8069
    endloop
  endfacet
  facet normal -0.0653471 0 0.997863
    outer loop
      vertex 57.7518 0 14.9141
      vertex 58.3 -2.5 14.95
      vertex 58.3 0 14.95
    endloop
  endfacet
  facet normal -0.0653471 0 0.997863
    outer loop
      vertex 58.3 -2.5 14.95
      vertex 57.7518 0 14.9141
      vertex 57.7518 -2.5 14.9141
    endloop
  endfacet
  facet normal -0.831495 0 -0.555532
    outer loop
      vertex 54.9679 -2.5 4.0932
      vertex 54.6627 0 4.55001
      vertex 54.9679 0 4.0932
    endloop
  endfacet
  facet normal -0.831495 -0 -0.555532
    outer loop
      vertex 54.6627 0 4.55001
      vertex 54.9679 -2.5 4.0932
      vertex 54.6627 -2.5 4.55001
    endloop
  endfacet
  facet normal 0.442329 0 0.896853
    outer loop
      vertex 64.0073 0 14.6303
      vertex 64.5 -2.5 14.3873
      vertex 64.5 0 14.3873
    endloop
  endfacet
  facet normal 0.442329 0 0.896853
    outer loop
      vertex 64.5 -2.5 14.3873
      vertex 64.0073 0 14.6303
      vertex 64.0073 -2.5 14.6303
    endloop
  endfacet
  facet normal -0.77878 -0.154787 -0.607901
    outer loop
      vertex 13.8082 -17.6811 6.39229
      vertex 13.4648 -17.3798 6.7555
      vertex 13.7411 -17.3435 6.39229
    endloop
  endfacet
  facet normal 0.991433 0 -0.130616
    outer loop
      vertex 19.8425 -13.5075 8.47109
      vertex 19.7827 -2.5 8.01718
      vertex 19.8425 -2.5 8.47109
    endloop
  endfacet
  facet normal 0.991433 0 -0.130616
    outer loop
      vertex 19.7827 -2.5 8.01718
      vertex 19.8425 -13.5075 8.47109
      vertex 19.7827 -13.5673 8.01718
    endloop
  endfacet
  facet normal -0.128369 -0.0254979 0.991399
    outer loop
      vertex 16.1289 -17.0592 12.1925
      vertex 15.673 -17.0891 12.1327
      vertex 15.6904 -17.1767 12.1327
    endloop
  endfacet
  facet normal -0.0983205 -0.0863052 -0.991405
    outer loop
      vertex 15.8672 -17.4828 5.26725
      vertex 15.8083 -17.4157 5.26725
      vertex 16.1881 -17.1619 5.20749
    endloop
  endfacet
  facet normal -0.963976 -0.0632846 0.258351
    outer loop
      vertex 13.0357 -17 9.82504
      vertex 12.9466 -17.4481 9.38282
      vertex 13.0641 -17.4326 9.82504
    endloop
  endfacet
  facet normal -0.777103 -0.383275 -0.499211
    outer loop
      vertex 13.6315 -18.5695 7.15199
      vertex 13.4499 -18.2013 7.15199
      vertex 13.6614 -18.1137 6.7555
    endloop
  endfacet
  facet normal -0.938906 -0.318612 -0.130161
    outer loop
      vertex 13.1233 -18.3365 8.47109
      vertex 12.9765 -17.9039 8.47109
      vertex 13.0342 -17.8885 8.01718
    endloop
  endfacet
  facet normal -0.726302 -0.63702 -0.258246
    outer loop
      vertex 13.9227 -19.4273 8.01718
      vertex 13.6266 -19.0897 8.01718
      vertex 13.7206 -19.0176 7.57496
    endloop
  endfacet
  facet normal 0.793346 0 0.608771
    outer loop
      vertex 18.9814 -2.5 11.0077
      vertex 19.2601 -14.0899 10.6445
      vertex 19.2601 -2.5 10.6445
    endloop
  endfacet
  facet normal 0.793346 0 0.608771
    outer loop
      vertex 19.2601 -14.0899 10.6445
      vertex 18.9814 -2.5 11.0077
      vertex 18.9814 -14.3686 11.0077
    endloop
  endfacet
  facet normal -0.0518975 -0.792302 -0.607918
    outer loop
      vertex 16.35 -19.6314 6.39229
      vertex 15.9701 -19.8852 6.7555
      vertex 16.0065 -19.6089 6.39229
    endloop
  endfacet
  facet normal -0.906423 -0.180294 0.381956
    outer loop
      vertex 13.2378 -17.4097 10.248
      vertex 13.1487 -17.8578 9.82504
      vertex 13.3179 -17.8124 10.248
    endloop
  endfacet
  facet normal -0.792309 -0.0518979 -0.607909
    outer loop
      vertex 13.7411 -17.3435 6.39229
      vertex 13.4648 -17.3798 6.7555
      vertex 13.7186 -17 6.39229
    endloop
  endfacet
  facet normal -0.726214 -0.637081 -0.258342
    outer loop
      vertex 13.9227 -19.4273 8.01718
      vertex 13.7206 -19.0176 7.57496
      vertex 14.0065 -19.3435 7.57496
    endloop
  endfacet
  facet normal -0.824406 -0.550782 -0.130362
    outer loop
      vertex 13.6266 -19.0897 8.01718
      vertex 13.3254 -18.7463 8.47109
      vertex 13.3772 -18.7164 8.01718
    endloop
  endfacet
  facet normal -0.875119 -0.297032 -0.38202
    outer loop
      vertex 13.4499 -18.2013 7.15199
      vertex 13.288 -18.2683 7.57496
      vertex 13.3179 -17.8124 7.15199
    endloop
  endfacet
  facet normal -0.980791 -0.195063 0
    outer loop
      vertex 12.9765 -17.9039 8.47109
      vertex 12.8874 -17.4559 8.92891
      vertex 12.8874 -17.4559 8.47109
    endloop
  endfacet
  facet normal -0.980791 -0.195063 0
    outer loop
      vertex 12.8874 -17.4559 8.92891
      vertex 12.9765 -17.9039 8.47109
      vertex 12.9765 -17.9039 8.92891
    endloop
  endfacet
  facet normal 0.130618 0 0.991433
    outer loop
      vertex 16.5789 -2.5 12.1925
      vertex 17.0328 -16.3172 12.1327
      vertex 17.0328 -2.5 12.1327
    endloop
  endfacet
  facet normal 0.130618 0 0.991433
    outer loop
      vertex 17.0328 -16.3172 12.1327
      vertex 16.5789 -2.5 12.1925
      vertex 16.5789 -16.7711 12.1925
    endloop
  endfacet
  facet normal -0.938906 -0.318612 0.130161
    outer loop
      vertex 13.0342 -17.8885 9.38282
      vertex 12.9765 -17.9039 8.92891
      vertex 13.1233 -18.3365 8.92891
    endloop
  endfacet
  facet normal -0.221605 -0.449145 -0.86554
    outer loop
      vertex 15.6059 -18.7965 5.78986
      vertex 15.576 -18.3406 5.56094
      vertex 15.7576 -18.4302 5.56094
    endloop
  endfacet
  facet normal -0.720505 -0.481392 -0.499134
    outer loop
      vertex 13.8596 -18.9109 7.15199
      vertex 13.6315 -18.5695 7.15199
      vertex 14.0412 -18.7716 6.7555
    endloop
  endfacet
  facet normal -0.375984 -0.0747803 -0.923604
    outer loop
      vertex 14.8547 -17.4007 5.56094
      vertex 14.8152 -17.2021 5.56094
      vertex 15.2633 -17.2912 5.38574
    endloop
  endfacet
  facet normal -0.0507948 -0.254264 -0.9658
    outer loop
      vertex 16.2609 -17.677 5.26725
      vertex 16.0588 -18.0867 5.38574
      vertex 16.1733 -17.6595 5.26725
    endloop
  endfacet
  facet normal 0.793354 0 -0.60876
    outer loop
      vertex 19.2601 -14.0899 6.7555
      vertex 18.9814 -2.5 6.39229
      vertex 19.2601 -2.5 6.7555
    endloop
  endfacet
  facet normal 0.793354 0 -0.60876
    outer loop
      vertex 18.9814 -2.5 6.39229
      vertex 19.2601 -14.0899 6.7555
      vertex 18.9814 -14.3686 6.39229
    endloop
  endfacet
  facet normal 0.923879 0 -0.382684
    outer loop
      vertex 19.6643 -13.6857 7.57496
      vertex 19.4891 -2.5 7.15199
      vertex 19.6643 -2.5 7.57496
    endloop
  endfacet
  facet normal 0.923879 0 -0.382684
    outer loop
      vertex 19.4891 -2.5 7.15199
      vertex 19.6643 -13.6857 7.57496
      vertex 19.4891 -13.8609 7.15199
    endloop
  endfacet
  facet normal 0.500001 0 -0.866025
    outer loop
      vertex 17.898 -2.5 5.56094
      vertex 18.2945 -15.0555 5.78986
      vertex 17.898 -15.452 5.56094
    endloop
  endfacet
  facet normal 0.500001 0 -0.866025
    outer loop
      vertex 18.2945 -15.0555 5.78986
      vertex 17.898 -2.5 5.56094
      vertex 18.2945 -2.5 5.78986
    endloop
  endfacet
  facet normal -0.965976 0 0.258631
    outer loop
      vertex 12.9173 -17 9.38282
      vertex 13.0357 -2.5 9.82504
      vertex 12.9173 -2.5 9.38282
    endloop
  endfacet
  facet normal -0.965976 0 0.258631
    outer loop
      vertex 13.0357 -2.5 9.82504
      vertex 12.9173 -17 9.38282
      vertex 13.0357 -17 9.82504
    endloop
  endfacet
  facet normal -0.989344 -0.0648857 0.13034
    outer loop
      vertex 12.9173 -17 9.38282
      vertex 12.8575 -17 8.92891
      vertex 12.8874 -17.4559 8.92891
    endloop
  endfacet
  facet normal -0.989382 -0.0646929 -0.130149
    outer loop
      vertex 12.9466 -17.4481 8.01718
      vertex 12.8874 -17.4559 8.47109
      vertex 12.9173 -17 8.01718
    endloop
  endfacet
  facet normal -0.922182 -0.0605409 -0.381988
    outer loop
      vertex 13.0641 -17.4326 7.57496
      vertex 13.0357 -17 7.57496
      vertex 13.2378 -17.4097 7.15199
    endloop
  endfacet
  facet normal -0.923876 0 0.382691
    outer loop
      vertex 13.0357 -17 9.82504
      vertex 13.2109 -2.5 10.248
      vertex 13.0357 -2.5 9.82504
    endloop
  endfacet
  facet normal -0.923876 0 0.382691
    outer loop
      vertex 13.2109 -2.5 10.248
      vertex 13.0357 -17 9.82504
      vertex 13.2109 -17 10.248
    endloop
  endfacet
  facet normal -0.474354 -0.161087 0.865471
    outer loop
      vertex 14.8547 -17.4007 11.8391
      vertex 14.5535 -17.7441 11.6101
      vertex 14.9198 -17.5924 11.8391
    endloop
  endfacet
  facet normal 0.500132 0 0.865949
    outer loop
      vertex 17.898 -2.5 11.8391
      vertex 18.2945 -15.0555 11.6101
      vertex 18.2945 -2.5 11.6101
    endloop
  endfacet
  facet normal 0.500132 0 0.865949
    outer loop
      vertex 18.2945 -15.0555 11.6101
      vertex 17.898 -2.5 11.8391
      vertex 17.898 -15.452 11.8391
    endloop
  endfacet
  facet normal -1 0 0
    outer loop
      vertex 12.8575 -17 8.47109
      vertex 12.8575 -2.5 8.92891
      vertex 12.8575 -2.5 8.47109
    endloop
  endfacet
  facet normal -1 -0 0
    outer loop
      vertex 12.8575 -2.5 8.92891
      vertex 12.8575 -17 8.47109
      vertex 12.8575 -17 8.92891
    endloop
  endfacet
  facet normal -0.706388 -0.0462013 0.706315
    outer loop
      vertex 14.0423 -17 11.3314
      vertex 13.7411 -17.3435 11.0077
      vertex 14.062 -17.3012 11.3314
    endloop
  endfacet
  facet normal -0.571354 -0.651481 -0.499126
    outer loop
      vertex 14.4391 -19.4904 7.15199
      vertex 14.2922 -19.0578 6.7555
      vertex 14.5784 -19.3088 6.7555
    endloop
  endfacet
  facet normal -0.706382 -0.0462696 -0.706317
    outer loop
      vertex 13.7411 -17.3435 6.39229
      vertex 13.7186 -17 6.39229
      vertex 14.0423 -17 6.06856
    endloop
  endfacet
  facet normal -0.608771 0 -0.793346
    outer loop
      vertex 14.0423 -17 6.06856
      vertex 14.4055 -2.5 5.78986
      vertex 14.4055 -17 5.78986
    endloop
  endfacet
  facet normal -0.608771 0 -0.793346
    outer loop
      vertex 14.4055 -2.5 5.78986
      vertex 14.0423 -17 6.06856
      vertex 14.0423 -2.5 6.06856
    endloop
  endfacet
  facet normal -0.70714 0 -0.707074
    outer loop
      vertex 14.0423 -17 6.06856
      vertex 13.7186 -2.5 6.39229
      vertex 14.0423 -2.5 6.06856
    endloop
  endfacet
  facet normal -0.70714 -0 -0.707074
    outer loop
      vertex 13.7186 -2.5 6.39229
      vertex 14.0423 -17 6.06856
      vertex 13.7186 -17 6.39229
    endloop
  endfacet
  facet normal -0.499735 -0.0326398 -0.865563
    outer loop
      vertex 14.8152 -17.2021 5.56094
      vertex 14.4055 -17 5.78986
      vertex 14.802 -17 5.56094
    endloop
  endfacet
  facet normal -0.37656 -0.330105 -0.865582
    outer loop
      vertex 14.975 -18.375 5.78986
      vertex 14.8073 -18.1837 5.78986
      vertex 15.2554 -18.0946 5.56094
    endloop
  endfacet
  facet normal 0.865944 0 -0.500142
    outer loop
      vertex 19.4891 -13.8609 7.15199
      vertex 19.2601 -2.5 6.7555
      vertex 19.4891 -2.5 7.15199
    endloop
  endfacet
  facet normal 0.865944 0 -0.500142
    outer loop
      vertex 19.2601 -2.5 6.7555
      vertex 19.4891 -13.8609 7.15199
      vertex 19.2601 -14.0899 6.7555
    endloop
  endfacet
  facet normal -0.768478 -0.513314 -0.382034
    outer loop
      vertex 13.7206 -19.0176 7.57496
      vertex 13.4798 -18.6571 7.57496
      vertex 13.8596 -18.9109 7.15199
    endloop
  endfacet
  facet normal -0.989344 -0.0648857 -0.13034
    outer loop
      vertex 12.8874 -17.4559 8.47109
      vertex 12.8575 -17 8.47109
      vertex 12.9173 -17 8.01718
    endloop
  endfacet
  facet normal -0.989382 -0.0646929 0.130149
    outer loop
      vertex 12.9173 -17 9.38282
      vertex 12.8874 -17.4559 8.92891
      vertex 12.9466 -17.4481 9.38282
    endloop
  endfacet
  facet normal 0.38266 0 0.923889
    outer loop
      vertex 17.475 -2.5 12.0143
      vertex 17.898 -15.452 11.8391
      vertex 17.898 -2.5 11.8391
    endloop
  endfacet
  facet normal 0.38266 0 0.923889
    outer loop
      vertex 17.898 -15.452 11.8391
      vertex 17.475 -2.5 12.0143
      vertex 17.475 -15.875 12.0143
    endloop
  endfacet
  facet normal 0.707107 0 0.707107
    outer loop
      vertex 18.6577 -2.5 11.3314
      vertex 18.9814 -14.3686 11.0077
      vertex 18.9814 -2.5 11.0077
    endloop
  endfacet
  facet normal 0.707107 0 0.707107
    outer loop
      vertex 18.9814 -14.3686 11.0077
      vertex 18.6577 -2.5 11.3314
      vertex 18.6577 -14.6923 11.3314
    endloop
  endfacet
  facet normal -0.803345 -0.536603 0.258251
    outer loop
      vertex 13.7206 -19.0176 9.82504
      vertex 13.4798 -18.6571 9.82504
      vertex 13.6266 -19.0897 9.38282
    endloop
  endfacet
  facet normal -0.803345 -0.536603 -0.258251
    outer loop
      vertex 13.6266 -19.0897 8.01718
      vertex 13.4798 -18.6571 7.57496
      vertex 13.7206 -19.0176 7.57496
    endloop
  endfacet
  facet normal -0.906396 -0.180341 0.382
    outer loop
      vertex 13.2378 -17.4097 10.248
      vertex 13.0641 -17.4326 9.82504
      vertex 13.1487 -17.8578 9.82504
    endloop
  endfacet
  facet normal -0 0 1
    outer loop
      vertex 16.1211 -2.5 12.1925
      vertex 16.5789 -16.7711 12.1925
      vertex 16.5789 -2.5 12.1925
    endloop
  endfacet
  facet normal 0 0 1
    outer loop
      vertex 16.5789 -16.7711 12.1925
      vertex 16.1211 -17 12.1925
      vertex 16.35 -17.2289 12.1925
    endloop
  endfacet
  facet normal 0 0 1
    outer loop
      vertex 16.35 -17.2289 12.1925
      vertex 16.1211 -17 12.1925
      vertex 16.3201 -17.227 12.1925
    endloop
  endfacet
  facet normal 0 0 1
    outer loop
      vertex 16.3201 -17.227 12.1925
      vertex 16.1211 -17 12.1925
      vertex 16.2908 -17.2211 12.1925
    endloop
  endfacet
  facet normal 0 0 1
    outer loop
      vertex 16.2908 -17.2211 12.1925
      vertex 16.1211 -17 12.1925
      vertex 16.2624 -17.2115 12.1925
    endloop
  endfacet
  facet normal 0 0 1
    outer loop
      vertex 16.2624 -17.2115 12.1925
      vertex 16.1211 -17 12.1925
      vertex 16.2355 -17.1982 12.1925
    endloop
  endfacet
  facet normal 0 0 1
    outer loop
      vertex 16.2355 -17.1982 12.1925
      vertex 16.1211 -17 12.1925
      vertex 16.2106 -17.1816 12.1925
    endloop
  endfacet
  facet normal 0 0 1
    outer loop
      vertex 16.2106 -17.1816 12.1925
      vertex 16.1211 -17 12.1925
      vertex 16.1881 -17.1619 12.1925
    endloop
  endfacet
  facet normal 0 0 1
    outer loop
      vertex 16.1881 -17.1619 12.1925
      vertex 16.1211 -17 12.1925
      vertex 16.1684 -17.1394 12.1925
    endloop
  endfacet
  facet normal 0 0 1
    outer loop
      vertex 16.1684 -17.1394 12.1925
      vertex 16.1211 -17 12.1925
      vertex 16.1518 -17.1145 12.1925
    endloop
  endfacet
  facet normal 0 0 1
    outer loop
      vertex 16.1518 -17.1145 12.1925
      vertex 16.1211 -17 12.1925
      vertex 16.1385 -17.0876 12.1925
    endloop
  endfacet
  facet normal 0 0 1
    outer loop
      vertex 16.1385 -17.0876 12.1925
      vertex 16.1211 -17 12.1925
      vertex 16.1289 -17.0592 12.1925
    endloop
  endfacet
  facet normal 0 0 1
    outer loop
      vertex 16.5789 -16.7711 12.1925
      vertex 16.1211 -2.5 12.1925
      vertex 16.1211 -17 12.1925
    endloop
  endfacet
  facet normal 0 0 1
    outer loop
      vertex 16.1289 -17.0592 12.1925
      vertex 16.1211 -17 12.1925
      vertex 16.123 -17.0299 12.1925
    endloop
  endfacet
  facet normal -0 0 1
    outer loop
      vertex 60.1211 -16.7711 12.1925
      vertex 60.5789 -17 12.1925
      vertex 60.5789 -2.5 12.1925
    endloop
  endfacet
  facet normal 0 -0 1
    outer loop
      vertex 60.35 -17.2289 12.1925
      vertex 60.5789 -17 12.1925
      vertex 60.1211 -16.7711 12.1925
    endloop
  endfacet
  facet normal 0 0 1
    outer loop
      vertex 60.5789 -17 12.1925
      vertex 60.35 -17.2289 12.1925
      vertex 60.577 -17.0299 12.1925
    endloop
  endfacet
  facet normal 0 0 1
    outer loop
      vertex 60.577 -17.0299 12.1925
      vertex 60.35 -17.2289 12.1925
      vertex 60.5711 -17.0592 12.1925
    endloop
  endfacet
  facet normal 0 0 1
    outer loop
      vertex 60.5711 -17.0592 12.1925
      vertex 60.35 -17.2289 12.1925
      vertex 60.5615 -17.0876 12.1925
    endloop
  endfacet
  facet normal 0 0 1
    outer loop
      vertex 60.5615 -17.0876 12.1925
      vertex 60.35 -17.2289 12.1925
      vertex 60.5482 -17.1145 12.1925
    endloop
  endfacet
  facet normal 0 0 1
    outer loop
      vertex 60.5482 -17.1145 12.1925
      vertex 60.35 -17.2289 12.1925
      vertex 60.5316 -17.1394 12.1925
    endloop
  endfacet
  facet normal 0 0 1
    outer loop
      vertex 60.5316 -17.1394 12.1925
      vertex 60.35 -17.2289 12.1925
      vertex 60.5119 -17.1619 12.1925
    endloop
  endfacet
  facet normal 0 0 1
    outer loop
      vertex 60.5119 -17.1619 12.1925
      vertex 60.35 -17.2289 12.1925
      vertex 60.4893 -17.1816 12.1925
    endloop
  endfacet
  facet normal 0 0 1
    outer loop
      vertex 60.4893 -17.1816 12.1925
      vertex 60.35 -17.2289 12.1925
      vertex 60.4645 -17.1982 12.1925
    endloop
  endfacet
  facet normal 0 0 1
    outer loop
      vertex 60.4645 -17.1982 12.1925
      vertex 60.35 -17.2289 12.1925
      vertex 60.4376 -17.2115 12.1925
    endloop
  endfacet
  facet normal 0 0 1
    outer loop
      vertex 60.4376 -17.2115 12.1925
      vertex 60.35 -17.2289 12.1925
      vertex 60.4092 -17.2211 12.1925
    endloop
  endfacet
  facet normal 0 0 1
    outer loop
      vertex 60.1211 -16.7711 12.1925
      vertex 60.5789 -2.5 12.1925
      vertex 60.1211 -2.5 12.1925
    endloop
  endfacet
  facet normal 0 0 1
    outer loop
      vertex 60.4092 -17.2211 12.1925
      vertex 60.35 -17.2289 12.1925
      vertex 60.3799 -17.227 12.1925
    endloop
  endfacet
  facet normal -0 0 1
    outer loop
      vertex 16.5789 -16.7711 12.1925
      vertex 60.35 -17.2289 12.1925
      vertex 60.1211 -16.7711 12.1925
    endloop
  endfacet
  facet normal 0 0 1
    outer loop
      vertex 60.35 -17.2289 12.1925
      vertex 16.5789 -16.7711 12.1925
      vertex 16.35 -17.2289 12.1925
    endloop
  endfacet
  facet normal -0.408789 -0.828833 -0.382005
    outer loop
      vertex 15.0817 -20.062 7.57496
      vertex 14.7805 -19.7185 7.15199
      vertex 15.1487 -19.9001 7.15199
    endloop
  endfacet
  facet normal -0.500132 0 0.865949
    outer loop
      vertex 14.4055 -2.5 11.6101
      vertex 14.802 -17 11.8391
      vertex 14.802 -2.5 11.8391
    endloop
  endfacet
  facet normal -0.500132 0 0.865949
    outer loop
      vertex 14.802 -17 11.8391
      vertex 14.4055 -2.5 11.6101
      vertex 14.4055 -17 11.6101
    endloop
  endfacet
  facet normal -0.393359 -0.588513 -0.706343
    outer loop
      vertex 15.0343 -19.2789 6.39229
      vertex 14.9452 -18.8308 6.06856
      vertex 15.1961 -18.9985 6.06856
    endloop
  endfacet
  facet normal -0.056767 -0.864588 -0.499264
    outer loop
      vertex 16.35 -20.1391 7.15199
      vertex 15.9403 -20.1122 7.15199
      vertex 15.9701 -19.8852 6.7555
    endloop
  endfacet
  facet normal -0.401867 -0.458421 -0.792687
    outer loop
      vertex 15.1663 -18.5427 5.78986
      vertex 14.7182 -18.6318 6.06856
      vertex 14.975 -18.375 5.78986
    endloop
  endfacet
  facet normal -0.720491 -0.481466 -0.499082
    outer loop
      vertex 14.0412 -18.7716 6.7555
      vertex 13.6315 -18.5695 7.15199
      vertex 13.8297 -18.4551 6.7555
    endloop
  endfacet
  facet normal -0.865944 0 -0.500142
    outer loop
      vertex 13.4399 -17 6.7555
      vertex 13.2109 -2.5 7.15199
      vertex 13.4399 -2.5 6.7555
    endloop
  endfacet
  facet normal -0.865944 -0 -0.500142
    outer loop
      vertex 13.2109 -2.5 7.15199
      vertex 13.4399 -17 6.7555
      vertex 13.2109 -17 7.15199
    endloop
  endfacet
  facet normal -0.793354 0 -0.60876
    outer loop
      vertex 13.7186 -17 6.39229
      vertex 13.4399 -2.5 6.7555
      vertex 13.7186 -2.5 6.39229
    endloop
  endfacet
  facet normal -0.793354 -0 -0.60876
    outer loop
      vertex 13.4399 -2.5 6.7555
      vertex 13.7186 -17 6.39229
      vertex 13.4399 -17 6.7555
    endloop
  endfacet
  facet normal -0.792283 -0.0519427 -0.607938
    outer loop
      vertex 13.4648 -17.3798 6.7555
      vertex 13.4399 -17 6.7555
      vertex 13.7186 -17 6.39229
    endloop
  endfacet
  facet normal 0.130532 0 -0.991444
    outer loop
      vertex 16.5789 -2.5 5.20749
      vertex 17.0328 -16.3172 5.26725
      vertex 16.5789 -16.7711 5.20749
    endloop
  endfacet
  facet normal 0.130532 0 -0.991444
    outer loop
      vertex 17.0328 -16.3172 5.26725
      vertex 16.5789 -2.5 5.20749
      vertex 17.0328 -2.5 5.26725
    endloop
  endfacet
  facet normal -0.965976 0 -0.258631
    outer loop
      vertex 13.0357 -17 7.57496
      vertex 12.9173 -2.5 8.01718
      vertex 13.0357 -2.5 7.57496
    endloop
  endfacet
  facet normal -0.965976 -0 -0.258631
    outer loop
      vertex 12.9173 -2.5 8.01718
      vertex 13.0357 -17 7.57496
      vertex 12.9173 -17 8.01718
    endloop
  endfacet
  facet normal 1 -0 0
    outer loop
      vertex 19.8425 -13.5075 8.92891
      vertex 19.8425 -2.5 8.47109
      vertex 19.8425 -2.5 8.92891
    endloop
  endfacet
  facet normal 1 0 0
    outer loop
      vertex 19.8425 -2.5 8.47109
      vertex 19.8425 -13.5075 8.92891
      vertex 19.8425 -13.5075 8.47109
    endloop
  endfacet
  facet normal 0.258825 0 -0.965924
    outer loop
      vertex 17.0328 -2.5 5.26725
      vertex 17.475 -15.875 5.38574
      vertex 17.0328 -16.3172 5.26725
    endloop
  endfacet
  facet normal 0.258825 0 -0.965924
    outer loop
      vertex 17.475 -15.875 5.38574
      vertex 17.0328 -2.5 5.26725
      vertex 17.475 -2.5 5.38574
    endloop
  endfacet
  facet normal 0.38266 0 -0.923889
    outer loop
      vertex 17.475 -2.5 5.38574
      vertex 17.898 -15.452 5.56094
      vertex 17.475 -15.875 5.38574
    endloop
  endfacet
  facet normal 0.38266 0 -0.923889
    outer loop
      vertex 17.898 -15.452 5.56094
      vertex 17.475 -2.5 5.38574
      vertex 17.898 -2.5 5.56094
    endloop
  endfacet
  facet normal -0.88921 -0.438533 -0.130363
    outer loop
      vertex 13.3254 -18.7463 8.47109
      vertex 13.1786 -18.3137 8.01718
      vertex 13.3772 -18.7164 8.01718
    endloop
  endfacet
  facet normal -0.997856 -0.065444 0
    outer loop
      vertex 12.8874 -17.4559 8.47109
      vertex 12.8575 -17 8.92891
      vertex 12.8575 -17 8.47109
    endloop
  endfacet
  facet normal -0.997856 -0.065444 0
    outer loop
      vertex 12.8575 -17 8.92891
      vertex 12.8874 -17.4559 8.47109
      vertex 12.8874 -17.4559 8.92891
    endloop
  endfacet
  facet normal -0.906399 -0.180342 -0.381992
    outer loop
      vertex 13.1487 -17.8578 7.57496
      vertex 13.0641 -17.4326 7.57496
      vertex 13.2378 -17.4097 7.15199
    endloop
  endfacet
  facet normal -0.947465 -0.188513 -0.258405
    outer loop
      vertex 13.1487 -17.8578 7.57496
      vertex 13.0342 -17.8885 8.01718
      vertex 13.0641 -17.4326 7.57496
    endloop
  endfacet
  facet normal -0.947487 -0.188465 0.258358
    outer loop
      vertex 13.0641 -17.4326 9.82504
      vertex 12.9466 -17.4481 9.38282
      vertex 13.0342 -17.8885 9.38282
    endloop
  endfacet
  facet normal -0.914779 -0.310664 -0.258199
    outer loop
      vertex 13.1786 -18.3137 8.01718
      vertex 13.0342 -17.8885 8.01718
      vertex 13.288 -18.2683 7.57496
    endloop
  endfacet
  facet normal -0.8664 -0.427406 -0.258216
    outer loop
      vertex 13.4798 -18.6571 7.57496
      vertex 13.1786 -18.3137 8.01718
      vertex 13.288 -18.2683 7.57496
    endloop
  endfacet
  facet normal -0.964055 -0.0630369 0.258116
    outer loop
      vertex 13.0357 -17 9.82504
      vertex 12.9173 -17 9.38282
      vertex 12.9466 -17.4481 9.38282
    endloop
  endfacet
  facet normal -0.793346 0 0.608771
    outer loop
      vertex 13.4399 -17 10.6445
      vertex 13.7186 -2.5 11.0077
      vertex 13.4399 -2.5 10.6445
    endloop
  endfacet
  facet normal -0.793346 0 0.608771
    outer loop
      vertex 13.7186 -2.5 11.0077
      vertex 13.4399 -17 10.6445
      vertex 13.7186 -17 11.0077
    endloop
  endfacet
  facet normal -0.609432 -0.694725 0.382034
    outer loop
      vertex 14.1304 -19.2196 10.248
      vertex 14.0065 -19.3435 9.82504
      vertex 14.4391 -19.4904 10.248
    endloop
  endfacet
  facet normal -0.130618 0 0.991433
    outer loop
      vertex 15.6672 -2.5 12.1327
      vertex 16.1211 -17 12.1925
      vertex 16.1211 -2.5 12.1925
    endloop
  endfacet
  facet normal -0.130618 0 0.991433
    outer loop
      vertex 16.1211 -17 12.1925
      vertex 15.6672 -2.5 12.1327
      vertex 15.6672 -17 12.1327
    endloop
  endfacet
  facet normal -0.0519291 -0.792284 -0.607939
    outer loop
      vertex 16.35 -19.9101 6.7555
      vertex 15.9701 -19.8852 6.7555
      vertex 16.35 -19.6314 6.39229
    endloop
  endfacet
  facet normal -0.66019 -0.441049 0.607968
    outer loop
      vertex 14.0711 -18.3157 11.0077
      vertex 14.0412 -18.7716 10.6445
      vertex 14.2623 -18.6019 11.0077
    endloop
  endfacet
  facet normal -0.278577 -0.820481 0.499206
    outer loop
      vertex 15.2363 -19.6886 10.6445
      vertex 15.1487 -19.9001 10.248
      vertex 15.5968 -19.811 10.6445
    endloop
  endfacet
  facet normal -0.63702 -0.726302 0.258246
    outer loop
      vertex 14.3324 -19.6294 9.82504
      vertex 13.9227 -19.4273 9.38282
      vertex 14.2603 -19.7234 9.38282
    endloop
  endfacet
  facet normal -0.831444 -0.555609 0
    outer loop
      vertex 13.5792 -19.1261 8.47109
      vertex 13.3254 -18.7463 8.92891
      vertex 13.3254 -18.7463 8.47109
    endloop
  endfacet
  facet normal -0.831444 -0.555609 0
    outer loop
      vertex 13.3254 -18.7463 8.92891
      vertex 13.5792 -19.1261 8.47109
      vertex 13.5792 -19.1261 8.92891
    endloop
  endfacet
  facet normal -0.255372 -0.751814 -0.607915
    outer loop
      vertex 15.5968 -19.811 6.7555
      vertex 15.343 -19.4311 6.39229
      vertex 15.6689 -19.5418 6.39229
    endloop
  endfacet
  facet normal -0.849901 -0.168888 0.499145
    outer loop
      vertex 13.4648 -17.3798 10.6445
      vertex 13.3179 -17.8124 10.248
      vertex 13.539 -17.7532 10.6445
    endloop
  endfacet
  facet normal -0.865949 0 0.500132
    outer loop
      vertex 13.2109 -17 10.248
      vertex 13.4399 -2.5 10.6445
      vertex 13.2109 -2.5 10.248
    endloop
  endfacet
  facet normal -0.865949 0 0.500132
    outer loop
      vertex 13.4399 -2.5 10.6445
      vertex 13.2109 -17 10.248
      vertex 13.4399 -17 10.6445
    endloop
  endfacet
  facet normal -0.40187 -0.458414 -0.79269
    outer loop
      vertex 14.9452 -18.8308 6.06856
      vertex 14.7182 -18.6318 6.06856
      vertex 15.1663 -18.5427 5.78986
    endloop
  endfacet
  facet normal -0.0984136 -0.0861666 -0.991408
    outer loop
      vertex 16.1881 -17.1619 5.20749
      vertex 15.8083 -17.4157 5.26725
      vertex 16.1684 -17.1394 5.20749
    endloop
  endfacet
  facet normal -0.269563 -0.5468 -0.792683
    outer loop
      vertex 15.4669 -19.132 6.06856
      vertex 15.1961 -18.9985 6.06856
      vertex 15.6059 -18.7965 5.78986
    endloop
  endfacet
  facet normal -0.449145 -0.221605 -0.86554
    outer loop
      vertex 15.0094 -17.774 5.56094
      vertex 14.5535 -17.7441 5.78986
      vertex 14.9198 -17.5924 5.56094
    endloop
  endfacet
  facet normal 0.965976 0 0.258631
    outer loop
      vertex 19.6643 -2.5 9.82504
      vertex 19.7827 -13.5673 9.38282
      vertex 19.7827 -2.5 9.38282
    endloop
  endfacet
  facet normal 0.965976 0 0.258631
    outer loop
      vertex 19.7827 -13.5673 9.38282
      vertex 19.6643 -2.5 9.82504
      vertex 19.6643 -13.6857 9.82504
    endloop
  endfacet
  facet normal -0.245407 -0.0833292 0.965832
    outer loop
      vertex 15.6904 -17.1767 12.1327
      vertex 15.2633 -17.2912 12.0143
      vertex 15.3106 -17.4305 12.0143
    endloop
  endfacet
  facet normal 0.608771 0 0.793346
    outer loop
      vertex 18.2945 -2.5 11.6101
      vertex 18.6577 -14.6923 11.3314
      vertex 18.6577 -2.5 11.3314
    endloop
  endfacet
  facet normal 0.608771 0 0.793346
    outer loop
      vertex 18.6577 -14.6923 11.3314
      vertex 18.2945 -2.5 11.6101
      vertex 18.2945 -15.0555 11.6101
    endloop
  endfacet
  facet normal 0.965976 0 -0.258631
    outer loop
      vertex 19.7827 -13.5673 8.01718
      vertex 19.6643 -2.5 7.57496
      vertex 19.7827 -2.5 8.01718
    endloop
  endfacet
  facet normal 0.965976 0 -0.258631
    outer loop
      vertex 19.6643 -2.5 7.57496
      vertex 19.7827 -13.5673 8.01718
      vertex 19.6643 -13.6857 7.57496
    endloop
  endfacet
  facet normal -0.777242 -0.383157 -0.499086
    outer loop
      vertex 13.8297 -18.4551 6.7555
      vertex 13.6315 -18.5695 7.15199
      vertex 13.6614 -18.1137 6.7555
    endloop
  endfacet
  facet normal -0.481466 -0.720491 -0.499082
    outer loop
      vertex 14.7805 -19.7185 7.15199
      vertex 14.5784 -19.3088 6.7555
      vertex 14.8949 -19.5203 6.7555
    endloop
  endfacet
  facet normal -0.660101 -0.44111 -0.60802
    outer loop
      vertex 14.0412 -18.7716 6.7555
      vertex 13.8297 -18.4551 6.7555
      vertex 14.0711 -18.3157 6.39229
    endloop
  endfacet
  facet normal -0.57723 -0.196113 -0.792682
    outer loop
      vertex 14.218 -17.8831 6.06856
      vertex 14.1209 -17.5973 6.06856
      vertex 14.5535 -17.7441 5.78986
    endloop
  endfacet
  facet normal -0.571465 -0.651445 -0.499046
    outer loop
      vertex 14.4391 -19.4904 7.15199
      vertex 14.1304 -19.2196 7.15199
      vertex 14.2922 -19.0578 6.7555
    endloop
  endfacet
  facet normal -0.416439 -0.278203 -0.865553
    outer loop
      vertex 15.1219 -17.9424 5.56094
      vertex 14.8073 -18.1837 5.78986
      vertex 15.0094 -17.774 5.56094
    endloop
  endfacet
  facet normal -0.506838 -0.338768 -0.792686
    outer loop
      vertex 14.5192 -18.4048 6.06856
      vertex 14.3515 -18.1539 6.06856
      vertex 14.8073 -18.1837 5.78986
    endloop
  endfacet
  facet normal -0.706421 -0.0462035 -0.706282
    outer loop
      vertex 14.062 -17.3012 6.06856
      vertex 13.7411 -17.3435 6.39229
      vertex 14.0423 -17 6.06856
    endloop
  endfacet
  facet normal -0.864589 -0.0566832 -0.499272
    outer loop
      vertex 13.4648 -17.3798 6.7555
      vertex 13.2378 -17.4097 7.15199
      vertex 13.4399 -17 6.7555
    endloop
  endfacet
  facet normal 0.608771 0 -0.793346
    outer loop
      vertex 18.2945 -2.5 5.78986
      vertex 18.6577 -14.6923 6.06856
      vertex 18.2945 -15.0555 5.78986
    endloop
  endfacet
  facet normal 0.608771 0 -0.793346
    outer loop
      vertex 18.6577 -14.6923 6.06856
      vertex 18.2945 -2.5 5.78986
      vertex 18.6577 -2.5 6.06856
    endloop
  endfacet
  facet normal 0.70714 0 -0.707074
    outer loop
      vertex 18.9814 -14.3686 6.39229
      vertex 18.6577 -2.5 6.06856
      vertex 18.9814 -2.5 6.39229
    endloop
  endfacet
  facet normal 0.70714 0 -0.707074
    outer loop
      vertex 18.6577 -2.5 6.06856
      vertex 18.9814 -14.3686 6.39229
      vertex 18.6577 -14.6923 6.06856
    endloop
  endfacet
  facet normal -0.964055 -0.0630369 -0.258116
    outer loop
      vertex 12.9466 -17.4481 8.01718
      vertex 12.9173 -17 8.01718
      vertex 13.0357 -17 7.57496
    endloop
  endfacet
  facet normal -0.972443 -0.193429 -0.130152
    outer loop
      vertex 13.0342 -17.8885 8.01718
      vertex 12.8874 -17.4559 8.47109
      vertex 12.9466 -17.4481 8.01718
    endloop
  endfacet
  facet normal -0.947487 -0.188465 -0.258358
    outer loop
      vertex 13.0342 -17.8885 8.01718
      vertex 12.9466 -17.4481 8.01718
      vertex 13.0641 -17.4326 7.57496
    endloop
  endfacet
  facet normal -0.963976 -0.0632846 -0.258351
    outer loop
      vertex 13.0641 -17.4326 7.57496
      vertex 12.9466 -17.4481 8.01718
      vertex 13.0357 -17 7.57496
    endloop
  endfacet
  facet normal -0.8288 -0.408857 -0.382004
    outer loop
      vertex 13.4798 -18.6571 7.57496
      vertex 13.288 -18.2683 7.57496
      vertex 13.4499 -18.2013 7.15199
    endloop
  endfacet
  facet normal -0.896865 -0.442305 0
    outer loop
      vertex 13.3254 -18.7463 8.47109
      vertex 13.1233 -18.3365 8.92891
      vertex 13.1233 -18.3365 8.47109
    endloop
  endfacet
  facet normal -0.896865 -0.442305 0
    outer loop
      vertex 13.1233 -18.3365 8.92891
      vertex 13.3254 -18.7463 8.47109
      vertex 13.3254 -18.7463 8.92891
    endloop
  endfacet
  facet normal -0.824406 -0.550782 0.130362
    outer loop
      vertex 13.3772 -18.7164 9.38282
      vertex 13.3254 -18.7463 8.92891
      vertex 13.6266 -19.0897 9.38282
    endloop
  endfacet
  facet normal -0.0646912 -0.989356 -0.130342
    outer loop
      vertex 16.35 -20.4925 8.47109
      vertex 15.9019 -20.4034 8.01718
      vertex 16.35 -20.4327 8.01718
    endloop
  endfacet
  facet normal -0.972445 -0.193404 0.130177
    outer loop
      vertex 13.0342 -17.8885 9.38282
      vertex 12.8874 -17.4559 8.92891
      vertex 12.9765 -17.9039 8.92891
    endloop
  endfacet
  facet normal -0.70635 -0.0462674 0.70635
    outer loop
      vertex 14.0423 -17 11.3314
      vertex 13.7186 -17 11.0077
      vertex 13.7411 -17.3435 11.0077
    endloop
  endfacet
  facet normal -0.972443 -0.193429 0.130152
    outer loop
      vertex 12.9466 -17.4481 9.38282
      vertex 12.8874 -17.4559 8.92891
      vertex 13.0342 -17.8885 9.38282
    endloop
  endfacet
  facet normal -0.803277 -0.536666 0.258334
    outer loop
      vertex 13.4798 -18.6571 9.82504
      vertex 13.3772 -18.7164 9.38282
      vertex 13.6266 -19.0897 9.38282
    endloop
  endfacet
  facet normal -0.69472 -0.609427 0.38205
    outer loop
      vertex 13.8596 -18.9109 10.248
      vertex 13.7206 -19.0176 9.82504
      vertex 14.1304 -19.2196 10.248
    endloop
  endfacet
  facet normal -0.23241 -0.11462 0.96584
    outer loop
      vertex 15.7587 -17.3414 12.1327
      vertex 15.3106 -17.4305 12.0143
      vertex 15.3757 -17.5625 12.0143
    endloop
  endfacet
  facet normal -0.63487 -0.31298 0.706388
    outer loop
      vertex 14.218 -17.8831 11.3314
      vertex 14.0711 -18.3157 11.0077
      vertex 14.3515 -18.1539 11.3314
    endloop
  endfacet
  facet normal -0.0648873 -0.989369 -0.130151
    outer loop
      vertex 16.35 -20.4925 8.47109
      vertex 15.8941 -20.4626 8.47109
      vertex 15.9019 -20.4034 8.01718
    endloop
  endfacet
  facet normal -0.278575 -0.820476 -0.499215
    outer loop
      vertex 15.5968 -19.811 6.7555
      vertex 15.1487 -19.9001 7.15199
      vertex 15.2363 -19.6886 6.7555
    endloop
  endfacet
  facet normal -0.609444 -0.69471 -0.382042
    outer loop
      vertex 14.3324 -19.6294 7.57496
      vertex 14.0065 -19.3435 7.57496
      vertex 14.4391 -19.4904 7.15199
    endloop
  endfacet
  facet normal -0.768476 -0.513312 0.382042
    outer loop
      vertex 13.8596 -18.9109 10.248
      vertex 13.4798 -18.6571 9.82504
      vertex 13.7206 -19.0176 9.82504
    endloop
  endfacet
  facet normal -0.137993 -0.694283 -0.706349
    outer loop
      vertex 16.0065 -19.6089 6.39229
      vertex 15.6689 -19.5418 6.39229
      vertex 15.7527 -19.2291 6.06856
    endloop
  endfacet
  facet normal -0.180295 -0.906427 -0.381949
    outer loop
      vertex 15.9403 -20.1122 7.15199
      vertex 15.4922 -20.2013 7.57496
      vertex 15.5376 -20.0321 7.15199
    endloop
  endfacet
  facet normal -0.321345 -0.946962 0
    outer loop
      vertex 15.0135 -20.2267 8.47109
      vertex 15.4461 -20.3735 8.92891
      vertex 15.0135 -20.2267 8.92891
    endloop
  endfacet
  facet normal -0.321345 -0.946962 -0
    outer loop
      vertex 15.4461 -20.3735 8.92891
      vertex 15.0135 -20.2267 8.47109
      vertex 15.4461 -20.3735 8.47109
    endloop
  endfacet
  facet normal -0.278506 -0.820538 -0.499151
    outer loop
      vertex 15.5376 -20.0321 7.15199
      vertex 15.1487 -19.9001 7.15199
      vertex 15.5968 -19.811 6.7555
    endloop
  endfacet
  facet normal -0.751807 -0.25537 0.607925
    outer loop
      vertex 13.8082 -17.6811 11.0077
      vertex 13.539 -17.7532 10.6445
      vertex 13.9189 -18.007 11.0077
    endloop
  endfacet
  facet normal -0.707107 0 0.707107
    outer loop
      vertex 13.7186 -17 11.0077
      vertex 14.0423 -2.5 11.3314
      vertex 13.7186 -2.5 11.0077
    endloop
  endfacet
  facet normal -0.707107 0 0.707107
    outer loop
      vertex 14.0423 -2.5 11.3314
      vertex 13.7186 -17 11.0077
      vertex 14.0423 -17 11.3314
    endloop
  endfacet
  facet normal -0.864553 -0.0567646 0.499326
    outer loop
      vertex 13.4399 -17 10.6445
      vertex 13.2109 -17 10.248
      vertex 13.2378 -17.4097 10.248
    endloop
  endfacet
  facet normal -0.991433 0 -0.130616
    outer loop
      vertex 12.9173 -17 8.01718
      vertex 12.8575 -2.5 8.47109
      vertex 12.9173 -2.5 8.01718
    endloop
  endfacet
  facet normal -0.991433 -0 -0.130616
    outer loop
      vertex 12.8575 -2.5 8.47109
      vertex 12.9173 -17 8.01718
      vertex 12.8575 -17 8.47109
    endloop
  endfacet
  facet normal -0.255258 -0.7518 -0.60798
    outer loop
      vertex 15.5968 -19.811 6.7555
      vertex 15.2363 -19.6886 6.7555
      vertex 15.343 -19.4311 6.39229
    endloop
  endfacet
  facet normal -0.532173 -0.466783 -0.706332
    outer loop
      vertex 14.4893 -18.8607 6.39229
      vertex 14.2623 -18.6019 6.39229
      vertex 14.7182 -18.6318 6.06856
    endloop
  endfacet
  facet normal -0.123269 -0.362989 -0.923604
    outer loop
      vertex 15.9493 -18.4953 5.56094
      vertex 15.7576 -18.4302 5.56094
      vertex 16.0588 -18.0867 5.38574
    endloop
  endfacet
  facet normal -0.351081 -0.712081 -0.608015
    outer loop
      vertex 15.343 -19.4311 6.39229
      vertex 14.8949 -19.5203 6.7555
      vertex 15.0343 -19.2789 6.39229
    endloop
  endfacet
  facet normal -0.060541 -0.922185 -0.381982
    outer loop
      vertex 16.35 -20.3143 7.57496
      vertex 15.9174 -20.2859 7.57496
      vertex 16.35 -20.1391 7.15199
    endloop
  endfacet
  facet normal 0.258641 0 0.965973
    outer loop
      vertex 17.0328 -2.5 12.1327
      vertex 17.475 -15.875 12.0143
      vertex 17.475 -2.5 12.0143
    endloop
  endfacet
  facet normal 0.258641 0 0.965973
    outer loop
      vertex 17.475 -15.875 12.0143
      vertex 17.0328 -2.5 12.1327
      vertex 17.0328 -16.3172 12.1327
    endloop
  endfacet
  facet normal -0.318832 -0.938832 0.130159
    outer loop
      vertex 15.4615 -20.3158 9.38282
      vertex 15.0363 -20.1714 9.38282
      vertex 15.4461 -20.3735 8.92891
    endloop
  endfacet
  facet normal -0.016834 -0.258605 0.965837
    outer loop
      vertex 16.35 -17.6828 12.1327
      vertex 16.2609 -17.677 12.1327
      vertex 16.35 -18.125 12.0143
    endloop
  endfacet
  facet normal -0.866424 -0.427295 -0.258319
    outer loop
      vertex 13.3772 -18.7164 8.01718
      vertex 13.1786 -18.3137 8.01718
      vertex 13.4798 -18.6571 7.57496
    endloop
  endfacet
  facet normal -0.803277 -0.536666 -0.258334
    outer loop
      vertex 13.6266 -19.0897 8.01718
      vertex 13.3772 -18.7164 8.01718
      vertex 13.4798 -18.6571 7.57496
    endloop
  endfacet
  facet normal -0.76845 -0.513425 -0.381942
    outer loop
      vertex 13.8596 -18.9109 7.15199
      vertex 13.4798 -18.6571 7.57496
      vertex 13.6315 -18.5695 7.15199
    endloop
  endfacet
  facet normal -0.828857 -0.408801 -0.381939
    outer loop
      vertex 13.4798 -18.6571 7.57496
      vertex 13.4499 -18.2013 7.15199
      vertex 13.6315 -18.5695 7.15199
    endloop
  endfacet
  facet normal -0.849895 -0.168887 -0.499155
    outer loop
      vertex 13.539 -17.7532 6.7555
      vertex 13.3179 -17.8124 7.15199
      vertex 13.4648 -17.3798 6.7555
    endloop
  endfacet
  facet normal -0.751814 -0.255372 -0.607915
    outer loop
      vertex 13.9189 -18.007 6.39229
      vertex 13.539 -17.7532 6.7555
      vertex 13.8082 -17.6811 6.39229
    endloop
  endfacet
  facet normal -0.7518 -0.255258 -0.60798
    outer loop
      vertex 13.6614 -18.1137 6.7555
      vertex 13.539 -17.7532 6.7555
      vertex 13.9189 -18.007 6.39229
    endloop
  endfacet
  facet normal -0.7121 -0.351091 -0.607988
    outer loop
      vertex 14.0711 -18.3157 6.39229
      vertex 13.6614 -18.1137 6.7555
      vertex 13.9189 -18.007 6.39229
    endloop
  endfacet
  facet normal -0.712101 -0.351044 -0.608014
    outer loop
      vertex 13.8297 -18.4551 6.7555
      vertex 13.6614 -18.1137 6.7555
      vertex 14.0711 -18.3157 6.39229
    endloop
  endfacet
  facet normal -0.651445 -0.571465 -0.499046
    outer loop
      vertex 14.1304 -19.2196 7.15199
      vertex 13.8596 -18.9109 7.15199
      vertex 14.2922 -19.0578 6.7555
    endloop
  endfacet
  facet normal -0.288207 -0.252796 -0.923597
    outer loop
      vertex 15.2554 -18.0946 5.56094
      vertex 15.1219 -17.9424 5.56094
      vertex 15.5545 -17.7955 5.38574
    endloop
  endfacet
  facet normal -0.254382 -0.0505592 -0.965781
    outer loop
      vertex 15.2633 -17.2912 5.38574
      vertex 15.2346 -17.1468 5.38574
      vertex 15.6904 -17.1767 5.26725
    endloop
  endfacet
  facet normal -0.588513 -0.393359 -0.706343
    outer loop
      vertex 14.5192 -18.4048 6.06856
      vertex 14.0711 -18.3157 6.39229
      vertex 14.3515 -18.1539 6.06856
    endloop
  endfacet
  facet normal -0.608289 -0.0397856 -0.792718
    outer loop
      vertex 14.4221 -17.2538 5.78986
      vertex 14.062 -17.3012 6.06856
      vertex 14.4055 -17 5.78986
    endloop
  endfacet
  facet normal -0.694283 -0.137993 -0.706349
    outer loop
      vertex 13.8082 -17.6811 6.39229
      vertex 13.7411 -17.3435 6.39229
      vertex 14.1209 -17.5973 6.06856
    endloop
  endfacet
  facet normal -0.694316 -0.138113 -0.706293
    outer loop
      vertex 14.1209 -17.5973 6.06856
      vertex 13.7411 -17.3435 6.39229
      vertex 14.062 -17.3012 6.06856
    endloop
  endfacet
  facet normal -0.864547 -0.0567643 -0.499335
    outer loop
      vertex 13.2378 -17.4097 7.15199
      vertex 13.2109 -17 7.15199
      vertex 13.4399 -17 6.7555
    endloop
  endfacet
  facet normal -0.922184 -0.0605486 -0.381981
    outer loop
      vertex 13.2378 -17.4097 7.15199
      vertex 13.0357 -17 7.57496
      vertex 13.2109 -17 7.15199
    endloop
  endfacet
  facet normal -0.130532 0 -0.991444
    outer loop
      vertex 15.6672 -17 5.26725
      vertex 16.1211 -2.5 5.20749
      vertex 16.1211 -17 5.20749
    endloop
  endfacet
  facet normal -0.130532 0 -0.991444
    outer loop
      vertex 16.1211 -2.5 5.20749
      vertex 15.6672 -17 5.26725
      vertex 15.6672 -2.5 5.26725
    endloop
  endfacet
  facet normal -0.946962 -0.321345 0
    outer loop
      vertex 13.1233 -18.3365 8.47109
      vertex 12.9765 -17.9039 8.92891
      vertex 12.9765 -17.9039 8.47109
    endloop
  endfacet
  facet normal -0.946962 -0.321345 0
    outer loop
      vertex 12.9765 -17.9039 8.92891
      vertex 13.1233 -18.3365 8.47109
      vertex 13.1233 -18.3365 8.92891
    endloop
  endfacet
  facet normal -0.972445 -0.193404 -0.130177
    outer loop
      vertex 12.9765 -17.9039 8.47109
      vertex 12.8874 -17.4559 8.47109
      vertex 13.0342 -17.8885 8.01718
    endloop
  endfacet
  facet normal -0.137987 -0.694251 0.706381
    outer loop
      vertex 15.7527 -19.2291 11.3314
      vertex 15.6689 -19.5418 11.0077
      vertex 16.0065 -19.6089 11.0077
    endloop
  endfacet
  facet normal -0.849801 -0.169032 0.499266
    outer loop
      vertex 13.4648 -17.3798 10.6445
      vertex 13.2378 -17.4097 10.248
      vertex 13.3179 -17.8124 10.248
    endloop
  endfacet
  facet normal -0.343815 -0.169563 0.923602
    outer loop
      vertex 15.3106 -17.4305 12.0143
      vertex 14.9198 -17.5924 11.8391
      vertex 15.3757 -17.5625 12.0143
    endloop
  endfacet
  facet normal -0.778763 -0.154752 0.607931
    outer loop
      vertex 13.8082 -17.6811 11.0077
      vertex 13.4648 -17.3798 10.6445
      vertex 13.539 -17.7532 10.6445
    endloop
  endfacet
  facet normal -0.777108 -0.383277 0.499201
    outer loop
      vertex 13.6614 -18.1137 10.6445
      vertex 13.4499 -18.2013 10.248
      vertex 13.6315 -18.5695 10.248
    endloop
  endfacet
  facet normal -0.726214 -0.637081 0.258342
    outer loop
      vertex 14.0065 -19.3435 9.82504
      vertex 13.7206 -19.0176 9.82504
      vertex 13.9227 -19.4273 9.38282
    endloop
  endfacet
  facet normal -0.0726783 -0.108871 0.991395
    outer loop
      vertex 16.2106 -17.1816 12.1925
      vertex 15.9343 -17.5417 12.1327
      vertex 16.0086 -17.5913 12.1327
    endloop
  endfacet
  facet normal -0.108871 -0.0726783 0.991395
    outer loop
      vertex 16.1684 -17.1394 12.1925
      vertex 15.7587 -17.3414 12.1327
      vertex 15.8083 -17.4157 12.1327
    endloop
  endfacet
  facet normal -0.117407 -0.0578972 0.991395
    outer loop
      vertex 16.1385 -17.0876 12.1925
      vertex 15.7192 -17.2613 12.1327
      vertex 15.7587 -17.3414 12.1327
    endloop
  endfacet
  facet normal -0.0578972 -0.117407 0.991395
    outer loop
      vertex 16.2624 -17.2115 12.1925
      vertex 16.0086 -17.5913 12.1327
      vertex 16.0887 -17.6308 12.1327
    endloop
  endfacet
  facet normal -0.0605484 -0.922182 -0.381988
    outer loop
      vertex 16.35 -20.1391 7.15199
      vertex 15.9174 -20.2859 7.57496
      vertex 15.9403 -20.1122 7.15199
    endloop
  endfacet
  facet normal -0.180342 -0.906399 -0.381992
    outer loop
      vertex 15.9174 -20.2859 7.57496
      vertex 15.4922 -20.2013 7.57496
      vertex 15.9403 -20.1122 7.15199
    endloop
  endfacet
  facet normal -0.694715 -0.609448 -0.382027
    outer loop
      vertex 14.0065 -19.3435 7.57496
      vertex 13.7206 -19.0176 7.57496
      vertex 14.1304 -19.2196 7.15199
    endloop
  endfacet
  facet normal -0.513314 -0.768478 -0.382034
    outer loop
      vertex 14.6929 -19.8702 7.57496
      vertex 14.3324 -19.6294 7.57496
      vertex 14.4391 -19.4904 7.15199
    endloop
  endfacet
  facet normal -0.694722 -0.609429 -0.382043
    outer loop
      vertex 14.1304 -19.2196 7.15199
      vertex 13.7206 -19.0176 7.57496
      vertex 13.8596 -18.9109 7.15199
    endloop
  endfacet
  facet normal -0.588536 -0.39318 -0.706424
    outer loop
      vertex 14.2623 -18.6019 6.39229
      vertex 14.0711 -18.3157 6.39229
      vertex 14.5192 -18.4048 6.06856
    endloop
  endfacet
  facet normal -0.745398 -0.653768 -0.130266
    outer loop
      vertex 13.9227 -19.4273 8.01718
      vertex 13.5792 -19.1261 8.47109
      vertex 13.6266 -19.0897 8.01718
    endloop
  endfacet
  facet normal -0.637081 -0.726214 -0.258342
    outer loop
      vertex 14.3324 -19.6294 7.57496
      vertex 13.9227 -19.4273 8.01718
      vertex 14.0065 -19.3435 7.57496
    endloop
  endfacet
  facet normal -0.297032 -0.875119 -0.38202
    outer loop
      vertex 15.5376 -20.0321 7.15199
      vertex 15.0817 -20.062 7.57496
      vertex 15.1487 -19.9001 7.15199
    endloop
  endfacet
  facet normal -0.694284 -0.138106 0.706326
    outer loop
      vertex 14.062 -17.3012 11.3314
      vertex 13.7411 -17.3435 11.0077
      vertex 14.1209 -17.5973 11.3314
    endloop
  endfacet
  facet normal -0.532149 -0.466761 0.706365
    outer loop
      vertex 14.7182 -18.6318 11.3314
      vertex 14.2623 -18.6019 11.0077
      vertex 14.4893 -18.8607 11.0077
    endloop
  endfacet
  facet normal -0.745398 -0.653768 0.130266
    outer loop
      vertex 13.6266 -19.0897 9.38282
      vertex 13.5792 -19.1261 8.92891
      vertex 13.9227 -19.4273 9.38282
    endloop
  endfacet
  facet normal -0.408869 -0.828823 -0.381941
    outer loop
      vertex 15.0817 -20.062 7.57496
      vertex 14.6929 -19.8702 7.57496
      vertex 14.7805 -19.7185 7.15199
    endloop
  endfacet
  facet normal -0.296979 -0.87516 -0.381966
    outer loop
      vertex 15.4922 -20.2013 7.57496
      vertex 15.0817 -20.062 7.57496
      vertex 15.5376 -20.0321 7.15199
    endloop
  endfacet
  facet normal -0.154784 -0.778764 -0.607922
    outer loop
      vertex 16.0065 -19.6089 6.39229
      vertex 15.5968 -19.811 6.7555
      vertex 15.6689 -19.5418 6.39229
    endloop
  endfacet
  facet normal -0.154792 -0.778758 -0.607927
    outer loop
      vertex 15.9701 -19.8852 6.7555
      vertex 15.5968 -19.811 6.7555
      vertex 16.0065 -19.6089 6.39229
    endloop
  endfacet
  facet normal -0.351053 -0.712118 -0.607989
    outer loop
      vertex 15.2363 -19.6886 6.7555
      vertex 14.8949 -19.5203 6.7555
      vertex 15.343 -19.4311 6.39229
    endloop
  endfacet
  facet normal -0.44111 -0.660101 -0.60802
    outer loop
      vertex 14.8949 -19.5203 6.7555
      vertex 14.5784 -19.3088 6.7555
      vertex 15.0343 -19.2789 6.39229
    endloop
  endfacet
  facet normal -0.864594 -0.0566835 0.499263
    outer loop
      vertex 13.4399 -17 10.6445
      vertex 13.2378 -17.4097 10.248
      vertex 13.4648 -17.3798 10.6445
    endloop
  endfacet
  facet normal -0.258641 0 0.965973
    outer loop
      vertex 15.225 -2.5 12.0143
      vertex 15.6672 -17 12.1327
      vertex 15.6672 -2.5 12.1327
    endloop
  endfacet
  facet normal -0.258641 0 0.965973
    outer loop
      vertex 15.6672 -17 12.1327
      vertex 15.225 -2.5 12.0143
      vertex 15.225 -17 12.0143
    endloop
  endfacet
  facet normal -0.991433 0 0.130616
    outer loop
      vertex 12.8575 -17 8.92891
      vertex 12.9173 -2.5 9.38282
      vertex 12.8575 -2.5 8.92891
    endloop
  endfacet
  facet normal -0.991433 0 0.130616
    outer loop
      vertex 12.9173 -2.5 9.38282
      vertex 12.8575 -17 8.92891
      vertex 12.9173 -17 9.38282
    endloop
  endfacet
  facet normal -0.376513 -0.330253 -0.865547
    outer loop
      vertex 15.2554 -18.0946 5.56094
      vertex 14.8073 -18.1837 5.78986
      vertex 15.1219 -17.9424 5.56094
    endloop
  endfacet
  facet normal -0.338768 -0.506838 -0.792686
    outer loop
      vertex 15.1961 -18.9985 6.06856
      vertex 14.9452 -18.8308 6.06856
      vertex 15.1663 -18.5427 5.78986
    endloop
  endfacet
  facet normal -0.27821 -0.416429 -0.865555
    outer loop
      vertex 15.3778 -18.684 5.78986
      vertex 15.1663 -18.5427 5.78986
      vertex 15.576 -18.3406 5.56094
    endloop
  endfacet
  facet normal -0.889212 -0.43853 -0.13036
    outer loop
      vertex 13.3254 -18.7463 8.47109
      vertex 13.1233 -18.3365 8.47109
      vertex 13.1786 -18.3137 8.01718
    endloop
  endfacet
  facet normal -0.938803 -0.318822 -0.130389
    outer loop
      vertex 13.1233 -18.3365 8.47109
      vertex 13.0342 -17.8885 8.01718
      vertex 13.1786 -18.3137 8.01718
    endloop
  endfacet
  facet normal -0.820512 -0.278587 -0.499149
    outer loop
      vertex 13.6614 -18.1137 6.7555
      vertex 13.3179 -17.8124 7.15199
      vertex 13.539 -17.7532 6.7555
    endloop
  endfacet
  facet normal -0.820504 -0.278495 -0.499213
    outer loop
      vertex 13.4499 -18.2013 7.15199
      vertex 13.3179 -17.8124 7.15199
      vertex 13.6614 -18.1137 6.7555
    endloop
  endfacet
  facet normal -0.458414 -0.40187 -0.79269
    outer loop
      vertex 14.7182 -18.6318 6.06856
      vertex 14.5192 -18.4048 6.06856
      vertex 14.8073 -18.1837 5.78986
    endloop
  endfacet
  facet normal -0.458421 -0.401867 -0.792687
    outer loop
      vertex 14.975 -18.375 5.78986
      vertex 14.7182 -18.6318 6.06856
      vertex 14.8073 -18.1837 5.78986
    endloop
  endfacet
  facet normal -0.38266 0 -0.923889
    outer loop
      vertex 14.802 -17 5.56094
      vertex 15.225 -2.5 5.38574
      vertex 15.225 -17 5.38574
    endloop
  endfacet
  facet normal -0.38266 0 -0.923889
    outer loop
      vertex 15.225 -2.5 5.38574
      vertex 14.802 -17 5.56094
      vertex 14.802 -2.5 5.56094
    endloop
  endfacet
  facet normal -0.474331 -0.160934 -0.865512
    outer loop
      vertex 14.5535 -17.7441 5.78986
      vertex 14.4718 -17.5033 5.78986
      vertex 14.8547 -17.4007 5.56094
    endloop
  endfacet
  facet normal -0.634899 -0.312995 -0.706355
    outer loop
      vertex 14.3515 -18.1539 6.06856
      vertex 14.0711 -18.3157 6.39229
      vertex 14.218 -17.8831 6.06856
    endloop
  endfacet
  facet normal -0.5468 -0.269563 -0.792683
    outer loop
      vertex 14.3515 -18.1539 6.06856
      vertex 14.218 -17.8831 6.06856
      vertex 14.5535 -17.7441 5.78986
    endloop
  endfacet
  facet normal -0.49127 -0.0977098 -0.865509
    outer loop
      vertex 14.8547 -17.4007 5.56094
      vertex 14.4718 -17.5033 5.78986
      vertex 14.8152 -17.2021 5.56094
    endloop
  endfacet
  facet normal -0.195877 -0.577321 -0.792674
    outer loop
      vertex 15.8467 -18.8782 5.78986
      vertex 15.4669 -19.132 6.06856
      vertex 15.6059 -18.7965 5.78986
    endloop
  endfacet
  facet normal -0.258812 -0.0168475 -0.965781
    outer loop
      vertex 15.673 -17.0891 5.26725
      vertex 15.2346 -17.1468 5.38574
      vertex 15.6672 -17 5.26725
    endloop
  endfacet
  facet normal -0.258825 0 -0.965924
    outer loop
      vertex 15.225 -17 5.38574
      vertex 15.6672 -2.5 5.26725
      vertex 15.6672 -17 5.26725
    endloop
  endfacet
  facet normal -0.258825 0 -0.965924
    outer loop
      vertex 15.6672 -2.5 5.26725
      vertex 15.225 -17 5.38574
      vertex 15.225 -2.5 5.38574
    endloop
  endfacet
  facet normal -0.382528 -0.0250155 -0.923605
    outer loop
      vertex 15.2346 -17.1468 5.38574
      vertex 14.8152 -17.2021 5.56094
      vertex 15.225 -17 5.38574
    endloop
  endfacet
  facet normal 0.991433 0 0.130616
    outer loop
      vertex 19.7827 -2.5 9.38282
      vertex 19.8425 -13.5075 8.92891
      vertex 19.8425 -2.5 8.92891
    endloop
  endfacet
  facet normal 0.991433 0 0.130616
    outer loop
      vertex 19.8425 -13.5075 8.92891
      vertex 19.7827 -2.5 9.38282
      vertex 19.7827 -13.5673 9.38282
    endloop
  endfacet
  facet normal -0.923879 0 -0.382684
    outer loop
      vertex 13.2109 -17 7.15199
      vertex 13.0357 -2.5 7.57496
      vertex 13.2109 -2.5 7.15199
    endloop
  endfacet
  facet normal -0.923879 -0 -0.382684
    outer loop
      vertex 13.0357 -2.5 7.57496
      vertex 13.2109 -17 7.15199
      vertex 13.0357 -17 7.57496
    endloop
  endfacet
  facet normal -0.914799 -0.31043 0.258411
    outer loop
      vertex 13.1487 -17.8578 9.82504
      vertex 13.0342 -17.8885 9.38282
      vertex 13.288 -18.2683 9.82504
    endloop
  endfacet
  facet normal -0.947465 -0.188513 0.258405
    outer loop
      vertex 13.0641 -17.4326 9.82504
      vertex 13.0342 -17.8885 9.38282
      vertex 13.1487 -17.8578 9.82504
    endloop
  endfacet
  facet normal -0.712093 -0.351087 0.607998
    outer loop
      vertex 13.9189 -18.007 11.0077
      vertex 13.6614 -18.1137 10.6445
      vertex 14.0711 -18.3157 11.0077
    endloop
  endfacet
  facet normal -0.712093 -0.351041 0.608024
    outer loop
      vertex 14.0711 -18.3157 11.0077
      vertex 13.6614 -18.1137 10.6445
      vertex 13.8297 -18.4551 10.6445
    endloop
  endfacet
  facet normal -0.922181 -0.0605484 0.381989
    outer loop
      vertex 13.2109 -17 10.248
      vertex 13.0357 -17 9.82504
      vertex 13.2378 -17.4097 10.248
    endloop
  endfacet
  facet normal -0.922179 -0.0605406 0.381996
    outer loop
      vertex 13.2378 -17.4097 10.248
      vertex 13.0357 -17 9.82504
      vertex 13.0641 -17.4326 9.82504
    endloop
  endfacet
  facet normal -0.866424 -0.427295 0.258319
    outer loop
      vertex 13.4798 -18.6571 9.82504
      vertex 13.1786 -18.3137 9.38282
      vertex 13.3772 -18.7164 9.38282
    endloop
  endfacet
  facet normal -0.8664 -0.427406 0.258216
    outer loop
      vertex 13.288 -18.2683 9.82504
      vertex 13.1786 -18.3137 9.38282
      vertex 13.4798 -18.6571 9.82504
    endloop
  endfacet
  facet normal -0.875116 -0.297031 0.382027
    outer loop
      vertex 13.3179 -17.8124 10.248
      vertex 13.288 -18.2683 9.82504
      vertex 13.4499 -18.2013 10.248
    endloop
  endfacet
  facet normal -0.768447 -0.513424 0.381949
    outer loop
      vertex 13.6315 -18.5695 10.248
      vertex 13.4798 -18.6571 9.82504
      vertex 13.8596 -18.9109 10.248
    endloop
  endfacet
  facet normal -0.130627 -0.0085032 0.991395
    outer loop
      vertex 16.123 -17.0299 12.1925
      vertex 15.6672 -17 12.1327
      vertex 15.673 -17.0891 12.1327
    endloop
  endfacet
  facet normal -0.124024 -0.0419235 0.991393
    outer loop
      vertex 16.1289 -17.0592 12.1925
      vertex 15.7192 -17.2613 12.1327
      vertex 16.1385 -17.0876 12.1925
    endloop
  endfacet
  facet normal -0.123899 -0.0421783 0.991398
    outer loop
      vertex 16.1289 -17.0592 12.1925
      vertex 15.6904 -17.1767 12.1327
      vertex 15.7192 -17.2613 12.1327
    endloop
  endfacet
  facet normal -0.0833125 -0.245358 0.965846
    outer loop
      vertex 16.1733 -17.6595 12.1327
      vertex 15.9195 -18.0394 12.0143
      vertex 16.0588 -18.0867 12.0143
    endloop
  endfacet
  facet normal -0.128345 -0.0258442 0.991393
    outer loop
      vertex 16.123 -17.0299 12.1925
      vertex 15.673 -17.0891 12.1327
      vertex 16.1289 -17.0592 12.1925
    endloop
  endfacet
  facet normal -0.130614 -0.00829988 0.991399
    outer loop
      vertex 16.1211 -17 12.1925
      vertex 15.6672 -17 12.1327
      vertex 16.123 -17.0299 12.1925
    endloop
  endfacet
  facet normal -0.0566658 -0.864552 -0.499338
    outer loop
      vertex 16.35 -20.1391 7.15199
      vertex 15.9701 -19.8852 6.7555
      vertex 16.35 -19.9101 6.7555
    endloop
  endfacet
  facet normal -0.188515 -0.947478 -0.258357
    outer loop
      vertex 15.9019 -20.4034 8.01718
      vertex 15.4922 -20.2013 7.57496
      vertex 15.9174 -20.2859 7.57496
    endloop
  endfacet
  facet normal -0.0630328 -0.963994 -0.258347
    outer loop
      vertex 16.35 -20.4327 8.01718
      vertex 15.9019 -20.4034 8.01718
      vertex 15.9174 -20.2859 7.57496
    endloop
  endfacet
  facet normal -0.0632888 -0.96404 -0.258112
    outer loop
      vertex 16.35 -20.4327 8.01718
      vertex 15.9174 -20.2859 7.57496
      vertex 16.35 -20.3143 7.57496
    endloop
  endfacet
  facet normal -0.609434 -0.694728 -0.382026
    outer loop
      vertex 14.4391 -19.4904 7.15199
      vertex 14.0065 -19.3435 7.57496
      vertex 14.1304 -19.2196 7.15199
    endloop
  endfacet
  facet normal -0.523492 -0.596906 -0.607996
    outer loop
      vertex 14.5784 -19.3088 6.7555
      vertex 14.2922 -19.0578 6.7555
      vertex 14.4893 -18.8607 6.39229
    endloop
  endfacet
  facet normal -0.653666 -0.745466 -0.130386
    outer loop
      vertex 14.2239 -19.7708 8.47109
      vertex 13.8804 -19.4696 8.47109
      vertex 13.9227 -19.4273 8.01718
    endloop
  endfacet
  facet normal -0.550789 -0.824417 0.13026
    outer loop
      vertex 14.2603 -19.7234 9.38282
      vertex 14.2239 -19.7708 8.92891
      vertex 14.6336 -19.9728 9.38282
    endloop
  endfacet
  facet normal -0.726302 -0.63702 0.258246
    outer loop
      vertex 13.7206 -19.0176 9.82504
      vertex 13.6266 -19.0897 9.38282
      vertex 13.9227 -19.4273 9.38282
    endloop
  endfacet
  facet normal -0.82436 -0.550875 0.13026
    outer loop
      vertex 13.6266 -19.0897 9.38282
      vertex 13.3254 -18.7463 8.92891
      vertex 13.5792 -19.1261 8.92891
    endloop
  endfacet
  facet normal -0.154782 -0.778756 0.607932
    outer loop
      vertex 15.6689 -19.5418 11.0077
      vertex 15.5968 -19.811 10.6445
      vertex 16.0065 -19.6089 11.0077
    endloop
  endfacet
  facet normal -0.310646 -0.914727 0.258408
    outer loop
      vertex 15.4922 -20.2013 9.82504
      vertex 15.0363 -20.1714 9.38282
      vertex 15.4615 -20.3158 9.38282
    endloop
  endfacet
  facet normal -0.513425 -0.76845 -0.381942
    outer loop
      vertex 14.6929 -19.8702 7.57496
      vertex 14.4391 -19.4904 7.15199
      vertex 14.7805 -19.7185 7.15199
    endloop
  endfacet
  facet normal -0.310448 -0.914853 -0.258196
    outer loop
      vertex 15.4922 -20.2013 7.57496
      vertex 15.0363 -20.1714 8.01718
      vertex 15.0817 -20.062 7.57496
    endloop
  endfacet
  facet normal -0.39318 -0.588536 -0.706424
    outer loop
      vertex 15.0343 -19.2789 6.39229
      vertex 14.7481 -19.0877 6.39229
      vertex 14.9452 -18.8308 6.06856
    endloop
  endfacet
  facet normal -0.441054 -0.660196 -0.607957
    outer loop
      vertex 15.0343 -19.2789 6.39229
      vertex 14.5784 -19.3088 6.7555
      vertex 14.7481 -19.0877 6.39229
    endloop
  endfacet
  facet normal -0.313021 -0.634885 -0.706356
    outer loop
      vertex 15.343 -19.4311 6.39229
      vertex 15.0343 -19.2789 6.39229
      vertex 15.1961 -18.9985 6.06856
    endloop
  endfacet
  facet normal -0.312988 -0.634885 -0.706371
    outer loop
      vertex 15.343 -19.4311 6.39229
      vertex 15.1961 -18.9985 6.06856
      vertex 15.4669 -19.132 6.06856
    endloop
  endfacet
  facet normal -0.608771 0 0.793346
    outer loop
      vertex 14.0423 -2.5 11.3314
      vertex 14.4055 -17 11.6101
      vertex 14.4055 -2.5 11.6101
    endloop
  endfacet
  facet normal -0.608771 0 0.793346
    outer loop
      vertex 14.4055 -17 11.6101
      vertex 14.0423 -2.5 11.3314
      vertex 14.0423 -17 11.3314
    endloop
  endfacet
  facet normal -0.608289 -0.0397852 0.792718
    outer loop
      vertex 14.4055 -17 11.6101
      vertex 14.0423 -17 11.3314
      vertex 14.062 -17.3012 11.3314
    endloop
  endfacet
  facet normal -0.123258 -0.362998 -0.923602
    outer loop
      vertex 16.0588 -18.0867 5.38574
      vertex 15.7576 -18.4302 5.56094
      vertex 15.9195 -18.0394 5.38574
    endloop
  endfacet
  facet normal -0.330105 -0.37656 -0.865582
    outer loop
      vertex 15.1663 -18.5427 5.78986
      vertex 14.975 -18.375 5.78986
      vertex 15.2554 -18.0946 5.56094
    endloop
  endfacet
  facet normal -0.343806 -0.169631 -0.923592
    outer loop
      vertex 15.0094 -17.774 5.56094
      vertex 14.9198 -17.5924 5.56094
      vertex 15.3757 -17.5625 5.38574
    endloop
  endfacet
  facet normal -0.215682 -0.143964 -0.965793
    outer loop
      vertex 15.4574 -17.6849 5.38574
      vertex 15.3757 -17.5625 5.38574
      vertex 15.7587 -17.3414 5.26725
    endloop
  endfacet
  facet normal -0.128284 -0.0254811 -0.99141
    outer loop
      vertex 15.6904 -17.1767 5.26725
      vertex 15.673 -17.0891 5.26725
      vertex 16.1289 -17.0592 5.20749
    endloop
  endfacet
  facet normal -0.0833716 -0.245532 -0.965797
    outer loop
      vertex 16.0588 -18.0867 5.38574
      vertex 15.9195 -18.0394 5.38574
      vertex 16.1733 -17.6595 5.26725
    endloop
  endfacet
  facet normal -0.914799 -0.31043 -0.258411
    outer loop
      vertex 13.288 -18.2683 7.57496
      vertex 13.0342 -17.8885 8.01718
      vertex 13.1487 -17.8578 7.57496
    endloop
  endfacet
  facet normal -0.87516 -0.296979 -0.381966
    outer loop
      vertex 13.288 -18.2683 7.57496
      vertex 13.1487 -17.8578 7.57496
      vertex 13.3179 -17.8124 7.15199
    endloop
  endfacet
  facet normal -0.670252 -0.227668 -0.706349
    outer loop
      vertex 13.9189 -18.007 6.39229
      vertex 13.8082 -17.6811 6.39229
      vertex 14.1209 -17.5973 6.06856
    endloop
  endfacet
  facet normal -0.778771 -0.154753 -0.607921
    outer loop
      vertex 13.539 -17.7532 6.7555
      vertex 13.4648 -17.3798 6.7555
      vertex 13.8082 -17.6811 6.39229
    endloop
  endfacet
  facet normal -0.906427 -0.180295 -0.381949
    outer loop
      vertex 13.3179 -17.8124 7.15199
      vertex 13.1487 -17.8578 7.57496
      vertex 13.2378 -17.4097 7.15199
    endloop
  endfacet
  facet normal -0.849796 -0.169031 -0.499275
    outer loop
      vertex 13.3179 -17.8124 7.15199
      vertex 13.2378 -17.4097 7.15199
      vertex 13.4648 -17.3798 6.7555
    endloop
  endfacet
  facet normal -0.506858 -0.338625 -0.792734
    outer loop
      vertex 14.8073 -18.1837 5.78986
      vertex 14.3515 -18.1539 6.06856
      vertex 14.666 -17.9722 5.78986
    endloop
  endfacet
  facet normal -0.546705 -0.269637 -0.792723
    outer loop
      vertex 14.666 -17.9722 5.78986
      vertex 14.3515 -18.1539 6.06856
      vertex 14.5535 -17.7441 5.78986
    endloop
  endfacet
  facet normal -0.500001 0 -0.866025
    outer loop
      vertex 14.4055 -17 5.78986
      vertex 14.802 -2.5 5.56094
      vertex 14.802 -17 5.56094
    endloop
  endfacet
  facet normal -0.500001 0 -0.866025
    outer loop
      vertex 14.802 -2.5 5.56094
      vertex 14.4055 -17 5.78986
      vertex 14.4055 -2.5 5.78986
    endloop
  endfacet
  facet normal -0.382541 -0.0249854 -0.923601
    outer loop
      vertex 14.8152 -17.2021 5.56094
      vertex 14.802 -17 5.56094
      vertex 15.225 -17 5.38574
    endloop
  endfacet
  facet normal -0.375976 -0.0747265 -0.923611
    outer loop
      vertex 15.2633 -17.2912 5.38574
      vertex 14.8152 -17.2021 5.56094
      vertex 15.2346 -17.1468 5.38574
    endloop
  endfacet
  facet normal -0.0578592 -0.11733 -0.991406
    outer loop
      vertex 16.0887 -17.6308 5.26725
      vertex 16.0086 -17.5913 5.26725
      vertex 16.2624 -17.2115 5.20749
    endloop
  endfacet
  facet normal -0.161067 -0.474293 -0.865508
    outer loop
      vertex 15.8467 -18.8782 5.78986
      vertex 15.7576 -18.4302 5.56094
      vertex 15.9493 -18.4953 5.56094
    endloop
  endfacet
  facet normal -0.0326855 -0.499734 -0.865562
    outer loop
      vertex 16.35 -18.9445 5.78986
      vertex 16.0962 -18.9279 5.78986
      vertex 16.35 -18.548 5.56094
    endloop
  endfacet
  facet normal -0.338625 -0.506858 -0.792734
    outer loop
      vertex 15.1961 -18.9985 6.06856
      vertex 15.1663 -18.5427 5.78986
      vertex 15.3778 -18.684 5.78986
    endloop
  endfacet
  facet normal -0.130528 -0.00829442 -0.99141
    outer loop
      vertex 16.123 -17.0299 5.20749
      vertex 15.6672 -17 5.26725
      vertex 16.1211 -17 5.20749
    endloop
  endfacet
  facet normal 0 0 -1
    outer loop
      vertex 60.35 -17.2289 5.20749
      vertex 16.5789 -16.7711 5.20749
      vertex 60.1211 -16.7711 5.20749
    endloop
  endfacet
  facet normal 0 0 -1
    outer loop
      vertex 16.35 -17.2289 5.20749
      vertex 16.5789 -16.7711 5.20749
      vertex 60.35 -17.2289 5.20749
    endloop
  endfacet
  facet normal 0 0 -1
    outer loop
      vertex 16.1211 -17 5.20749
      vertex 16.5789 -16.7711 5.20749
      vertex 16.35 -17.2289 5.20749
    endloop
  endfacet
  facet normal 0 0 -1
    outer loop
      vertex 16.1211 -17 5.20749
      vertex 16.35 -17.2289 5.20749
      vertex 16.3201 -17.227 5.20749
    endloop
  endfacet
  facet normal 0 0 -1
    outer loop
      vertex 16.1211 -17 5.20749
      vertex 16.3201 -17.227 5.20749
      vertex 16.2908 -17.2211 5.20749
    endloop
  endfacet
  facet normal 0 0 -1
    outer loop
      vertex 16.1211 -17 5.20749
      vertex 16.2908 -17.2211 5.20749
      vertex 16.2624 -17.2115 5.20749
    endloop
  endfacet
  facet normal 0 0 -1
    outer loop
      vertex 16.1211 -17 5.20749
      vertex 16.2624 -17.2115 5.20749
      vertex 16.2355 -17.1982 5.20749
    endloop
  endfacet
  facet normal 0 0 -1
    outer loop
      vertex 16.1211 -17 5.20749
      vertex 16.2355 -17.1982 5.20749
      vertex 16.2106 -17.1816 5.20749
    endloop
  endfacet
  facet normal 0 0 -1
    outer loop
      vertex 16.1211 -17 5.20749
      vertex 16.2106 -17.1816 5.20749
      vertex 16.1881 -17.1619 5.20749
    endloop
  endfacet
  facet normal 0 0 -1
    outer loop
      vertex 16.1211 -17 5.20749
      vertex 16.1881 -17.1619 5.20749
      vertex 16.1684 -17.1394 5.20749
    endloop
  endfacet
  facet normal 0 0 -1
    outer loop
      vertex 16.1211 -17 5.20749
      vertex 16.1684 -17.1394 5.20749
      vertex 16.1518 -17.1145 5.20749
    endloop
  endfacet
  facet normal 0 0 -1
    outer loop
      vertex 16.1211 -17 5.20749
      vertex 16.1518 -17.1145 5.20749
      vertex 16.1385 -17.0876 5.20749
    endloop
  endfacet
  facet normal 0 0 -1
    outer loop
      vertex 16.1211 -17 5.20749
      vertex 16.1385 -17.0876 5.20749
      vertex 16.1289 -17.0592 5.20749
    endloop
  endfacet
  facet normal 0 0 -1
    outer loop
      vertex 16.1211 -17 5.20749
      vertex 16.1289 -17.0592 5.20749
      vertex 16.123 -17.0299 5.20749
    endloop
  endfacet
  facet normal 0 0 -1
    outer loop
      vertex 16.1211 -2.5 5.20749
      vertex 16.5789 -16.7711 5.20749
      vertex 16.1211 -17 5.20749
    endloop
  endfacet
  facet normal 0 0 -1
    outer loop
      vertex 16.5789 -16.7711 5.20749
      vertex 16.1211 -2.5 5.20749
      vertex 16.5789 -2.5 5.20749
    endloop
  endfacet
  facet normal 0 0 -1
    outer loop
      vertex 60.35 -17.2289 5.20749
      vertex 60.5789 -17 5.20749
      vertex 60.577 -17.0299 5.20749
    endloop
  endfacet
  facet normal 0 0 -1
    outer loop
      vertex 60.35 -17.2289 5.20749
      vertex 60.577 -17.0299 5.20749
      vertex 60.5711 -17.0592 5.20749
    endloop
  endfacet
  facet normal 0 0 -1
    outer loop
      vertex 60.35 -17.2289 5.20749
      vertex 60.5711 -17.0592 5.20749
      vertex 60.5615 -17.0876 5.20749
    endloop
  endfacet
  facet normal 0 0 -1
    outer loop
      vertex 60.35 -17.2289 5.20749
      vertex 60.5615 -17.0876 5.20749
      vertex 60.5482 -17.1145 5.20749
    endloop
  endfacet
  facet normal 0 0 -1
    outer loop
      vertex 60.35 -17.2289 5.20749
      vertex 60.5482 -17.1145 5.20749
      vertex 60.5316 -17.1394 5.20749
    endloop
  endfacet
  facet normal 0 0 -1
    outer loop
      vertex 60.35 -17.2289 5.20749
      vertex 60.5316 -17.1394 5.20749
      vertex 60.5119 -17.1619 5.20749
    endloop
  endfacet
  facet normal 0 0 -1
    outer loop
      vertex 60.35 -17.2289 5.20749
      vertex 60.5119 -17.1619 5.20749
      vertex 60.4893 -17.1816 5.20749
    endloop
  endfacet
  facet normal 0 0 -1
    outer loop
      vertex 60.35 -17.2289 5.20749
      vertex 60.4893 -17.1816 5.20749
      vertex 60.4645 -17.1982 5.20749
    endloop
  endfacet
  facet normal 0 0 -1
    outer loop
      vertex 60.35 -17.2289 5.20749
      vertex 60.4645 -17.1982 5.20749
      vertex 60.4376 -17.2115 5.20749
    endloop
  endfacet
  facet normal 0 0 -1
    outer loop
      vertex 60.35 -17.2289 5.20749
      vertex 60.4376 -17.2115 5.20749
      vertex 60.4092 -17.2211 5.20749
    endloop
  endfacet
  facet normal 0 0 -1
    outer loop
      vertex 60.35 -17.2289 5.20749
      vertex 60.4092 -17.2211 5.20749
      vertex 60.3799 -17.227 5.20749
    endloop
  endfacet
  facet normal -0 0 -1
    outer loop
      vertex 60.5789 -17 5.20749
      vertex 60.35 -17.2289 5.20749
      vertex 60.1211 -16.7711 5.20749
    endloop
  endfacet
  facet normal 0 0 -1
    outer loop
      vertex 60.5789 -17 5.20749
      vertex 60.1211 -16.7711 5.20749
      vertex 60.5789 -2.5 5.20749
    endloop
  endfacet
  facet normal -0 0 -1
    outer loop
      vertex 60.5789 -2.5 5.20749
      vertex 60.1211 -16.7711 5.20749
      vertex 60.1211 -2.5 5.20749
    endloop
  endfacet
  facet normal 0.923876 0 0.382691
    outer loop
      vertex 19.4891 -2.5 10.248
      vertex 19.6643 -13.6857 9.82504
      vertex 19.6643 -2.5 9.82504
    endloop
  endfacet
  facet normal 0.923876 0 0.382691
    outer loop
      vertex 19.6643 -13.6857 9.82504
      vertex 19.4891 -2.5 10.248
      vertex 19.4891 -13.8609 10.248
    endloop
  endfacet
  facet normal -0.875157 -0.296978 0.381973
    outer loop
      vertex 13.3179 -17.8124 10.248
      vertex 13.1487 -17.8578 9.82504
      vertex 13.288 -18.2683 9.82504
    endloop
  endfacet
  facet normal -0.751793 -0.255255 0.607991
    outer loop
      vertex 13.9189 -18.007 11.0077
      vertex 13.539 -17.7532 10.6445
      vertex 13.6614 -18.1137 10.6445
    endloop
  endfacet
  facet normal -0.660094 -0.441106 0.608031
    outer loop
      vertex 14.0711 -18.3157 11.0077
      vertex 13.8297 -18.4551 10.6445
      vertex 14.0412 -18.7716 10.6445
    endloop
  endfacet
  facet normal -0.82051 -0.278496 0.499203
    outer loop
      vertex 13.6614 -18.1137 10.6445
      vertex 13.3179 -17.8124 10.248
      vertex 13.4499 -18.2013 10.248
    endloop
  endfacet
  facet normal -0.778772 -0.154785 0.607911
    outer loop
      vertex 13.7411 -17.3435 11.0077
      vertex 13.4648 -17.3798 10.6445
      vertex 13.8082 -17.6811 11.0077
    endloop
  endfacet
  facet normal -0.914779 -0.310664 0.258199
    outer loop
      vertex 13.288 -18.2683 9.82504
      vertex 13.0342 -17.8885 9.38282
      vertex 13.1786 -18.3137 9.38282
    endloop
  endfacet
  facet normal -0.938803 -0.318822 0.130389
    outer loop
      vertex 13.1786 -18.3137 9.38282
      vertex 13.0342 -17.8885 9.38282
      vertex 13.1233 -18.3365 8.92891
    endloop
  endfacet
  facet normal -0.25537 -0.751807 0.607925
    outer loop
      vertex 15.6689 -19.5418 11.0077
      vertex 15.343 -19.4311 11.0077
      vertex 15.5968 -19.811 10.6445
    endloop
  endfacet
  facet normal -0.0462674 -0.70635 0.70635
    outer loop
      vertex 16.35 -19.3077 11.3314
      vertex 16.0065 -19.6089 11.0077
      vertex 16.35 -19.6314 11.0077
    endloop
  endfacet
  facet normal -0.143861 -0.215527 0.965843
    outer loop
      vertex 15.9343 -17.5417 12.1327
      vertex 15.6651 -17.8926 12.0143
      vertex 15.7875 -17.9743 12.0143
    endloop
  endfacet
  facet normal -0.188462 -0.947475 0.258405
    outer loop
      vertex 15.4922 -20.2013 9.82504
      vertex 15.4615 -20.3158 9.38282
      vertex 15.9019 -20.4034 9.38282
    endloop
  endfacet
  facet normal -0.0580112 -0.117331 0.991397
    outer loop
      vertex 16.2355 -17.1982 12.1925
      vertex 16.0086 -17.5913 12.1327
      vertex 16.2624 -17.2115 12.1925
    endloop
  endfacet
  facet normal -0.258604 -0.0169115 0.965835
    outer loop
      vertex 15.6672 -17 12.1327
      vertex 15.225 -17 12.0143
      vertex 15.2346 -17.1468 12.0143
    endloop
  endfacet
  facet normal -0.382541 -0.0249854 0.923601
    outer loop
      vertex 15.225 -17 12.0143
      vertex 14.802 -17 11.8391
      vertex 14.8152 -17.2021 11.8391
    endloop
  endfacet
  facet normal -0.499865 -0.0326483 0.865488
    outer loop
      vertex 14.802 -17 11.8391
      vertex 14.4055 -17 11.6101
      vertex 14.8152 -17.2021 11.8391
    endloop
  endfacet
  facet normal -0.375984 -0.0747803 0.923604
    outer loop
      vertex 15.2633 -17.2912 12.0143
      vertex 14.8152 -17.2021 11.8391
      vertex 14.8547 -17.4007 11.8391
    endloop
  endfacet
  facet normal -0.254201 -0.0505234 0.965831
    outer loop
      vertex 15.6904 -17.1767 12.1327
      vertex 15.2346 -17.1468 12.0143
      vertex 15.2633 -17.2912 12.0143
    endloop
  endfacet
  facet normal -0.0462696 -0.706382 -0.706317
    outer loop
      vertex 16.35 -19.6314 6.39229
      vertex 16.0065 -19.6089 6.39229
      vertex 16.35 -19.3077 6.06856
    endloop
  endfacet
  facet normal -0.169044 -0.849861 -0.499159
    outer loop
      vertex 15.9403 -20.1122 7.15199
      vertex 15.5376 -20.0321 7.15199
      vertex 15.5968 -19.811 6.7555
    endloop
  endfacet
  facet normal -0.16892 -0.849835 -0.499247
    outer loop
      vertex 15.9403 -20.1122 7.15199
      vertex 15.5968 -19.811 6.7555
      vertex 15.9701 -19.8852 6.7555
    endloop
  endfacet
  facet normal -0.43853 -0.889212 -0.13036
    outer loop
      vertex 15.0135 -20.2267 8.47109
      vertex 14.6037 -20.0246 8.47109
      vertex 15.0363 -20.1714 8.01718
    endloop
  endfacet
  facet normal -0.193428 -0.97244 -0.130177
    outer loop
      vertex 15.9019 -20.4034 8.01718
      vertex 15.4461 -20.3735 8.47109
      vertex 15.4615 -20.3158 8.01718
    endloop
  endfacet
  facet normal -0.550868 -0.824349 -0.130361
    outer loop
      vertex 14.6037 -20.0246 8.47109
      vertex 14.2239 -19.7708 8.47109
      vertex 14.6336 -19.9728 8.01718
    endloop
  endfacet
  facet normal -0.481392 -0.720505 -0.499134
    outer loop
      vertex 14.7805 -19.7185 7.15199
      vertex 14.4391 -19.4904 7.15199
      vertex 14.5784 -19.3088 6.7555
    endloop
  endfacet
  facet normal -0.653768 -0.745398 -0.130266
    outer loop
      vertex 14.2239 -19.7708 8.47109
      vertex 13.9227 -19.4273 8.01718
      vertex 14.2603 -19.7234 8.01718
    endloop
  endfacet
  facet normal -0.63702 -0.726302 -0.258246
    outer loop
      vertex 14.2603 -19.7234 8.01718
      vertex 13.9227 -19.4273 8.01718
      vertex 14.3324 -19.6294 7.57496
    endloop
  endfacet
  facet normal -0.43853 -0.889212 0.13036
    outer loop
      vertex 15.0363 -20.1714 9.38282
      vertex 14.6037 -20.0246 8.92891
      vertex 15.0135 -20.2267 8.92891
    endloop
  endfacet
  facet normal -0.194734 -0.170964 0.965842
    outer loop
      vertex 15.8083 -17.4157 12.1327
      vertex 15.4574 -17.6849 12.0143
      vertex 15.5545 -17.7955 12.0143
    endloop
  endfacet
  facet normal -0.653768 -0.745398 0.130266
    outer loop
      vertex 14.2603 -19.7234 9.38282
      vertex 13.9227 -19.4273 9.38282
      vertex 14.2239 -19.7708 8.92891
    endloop
  endfacet
  facet normal -0.659295 -0.751885 0
    outer loop
      vertex 13.8804 -19.4696 8.47109
      vertex 14.2239 -19.7708 8.92891
      vertex 13.8804 -19.4696 8.92891
    endloop
  endfacet
  facet normal -0.659295 -0.751885 -0
    outer loop
      vertex 14.2239 -19.7708 8.92891
      vertex 13.8804 -19.4696 8.47109
      vertex 14.2239 -19.7708 8.47109
    endloop
  endfacet
  facet normal -0.442305 -0.896865 0
    outer loop
      vertex 14.6037 -20.0246 8.47109
      vertex 15.0135 -20.2267 8.92891
      vertex 14.6037 -20.0246 8.92891
    endloop
  endfacet
  facet normal -0.442305 -0.896865 -0
    outer loop
      vertex 15.0135 -20.2267 8.92891
      vertex 14.6037 -20.0246 8.47109
      vertex 15.0135 -20.2267 8.47109
    endloop
  endfacet
  facet normal -0.318602 -0.938878 0.130387
    outer loop
      vertex 15.0363 -20.1714 9.38282
      vertex 15.0135 -20.2267 8.92891
      vertex 15.4461 -20.3735 8.92891
    endloop
  endfacet
  facet normal -0.82436 -0.550875 -0.13026
    outer loop
      vertex 13.5792 -19.1261 8.47109
      vertex 13.3254 -18.7463 8.47109
      vertex 13.6266 -19.0897 8.01718
    endloop
  endfacet
  facet normal -0.88921 -0.438533 0.130363
    outer loop
      vertex 13.3772 -18.7164 9.38282
      vertex 13.1786 -18.3137 9.38282
      vertex 13.3254 -18.7463 8.92891
    endloop
  endfacet
  facet normal -0.889212 -0.43853 0.13036
    outer loop
      vertex 13.1786 -18.3137 9.38282
      vertex 13.1233 -18.3365 8.92891
      vertex 13.3254 -18.7463 8.92891
    endloop
  endfacet
  facet normal -0.0630328 -0.963994 0.258347
    outer loop
      vertex 15.9174 -20.2859 9.82504
      vertex 15.9019 -20.4034 9.38282
      vertex 16.35 -20.4327 9.38282
    endloop
  endfacet
  facet normal -0.318602 -0.938878 -0.130387
    outer loop
      vertex 15.4461 -20.3735 8.47109
      vertex 15.0135 -20.2267 8.47109
      vertex 15.0363 -20.1714 8.01718
    endloop
  endfacet
  facet normal -0.188462 -0.947475 -0.258405
    outer loop
      vertex 15.9019 -20.4034 8.01718
      vertex 15.4615 -20.3158 8.01718
      vertex 15.4922 -20.2013 7.57496
    endloop
  endfacet
  facet normal -0.596871 -0.52353 -0.607998
    outer loop
      vertex 14.2922 -19.0578 6.7555
      vertex 14.2623 -18.6019 6.39229
      vertex 14.4893 -18.8607 6.39229
    endloop
  endfacet
  facet normal -0.466644 -0.532303 -0.706326
    outer loop
      vertex 14.9452 -18.8308 6.06856
      vertex 14.4893 -18.8607 6.39229
      vertex 14.7182 -18.6318 6.06856
    endloop
  endfacet
  facet normal -0.608289 -0.0397856 0.792718
    outer loop
      vertex 14.4055 -17 11.6101
      vertex 14.062 -17.3012 11.3314
      vertex 14.4221 -17.2538 11.6101
    endloop
  endfacet
  facet normal -0.499882 -0.0326952 0.865476
    outer loop
      vertex 14.8152 -17.2021 11.8391
      vertex 14.4055 -17 11.6101
      vertex 14.4221 -17.2538 11.6101
    endloop
  endfacet
  facet normal -0.0747803 -0.375984 0.923604
    outer loop
      vertex 16.0588 -18.0867 12.0143
      vertex 15.9493 -18.4953 11.8391
      vertex 16.1479 -18.5348 11.8391
    endloop
  endfacet
  facet normal -0.416429 -0.27821 -0.865555
    outer loop
      vertex 14.8073 -18.1837 5.78986
      vertex 14.666 -17.9722 5.78986
      vertex 15.0094 -17.774 5.56094
    endloop
  endfacet
  facet normal -0.44915 -0.221523 -0.865559
    outer loop
      vertex 14.666 -17.9722 5.78986
      vertex 14.5535 -17.7441 5.78986
      vertex 15.0094 -17.774 5.56094
    endloop
  endfacet
  facet normal -0.288138 -0.252968 -0.923571
    outer loop
      vertex 15.5545 -17.7955 5.38574
      vertex 15.1219 -17.9424 5.56094
      vertex 15.4574 -17.6849 5.38574
    endloop
  endfacet
  facet normal -0.245581 -0.0833882 -0.965783
    outer loop
      vertex 15.3106 -17.4305 5.38574
      vertex 15.2633 -17.2912 5.38574
      vertex 15.6904 -17.1767 5.26725
    endloop
  endfacet
  facet normal -0.171085 -0.194872 -0.965792
    outer loop
      vertex 15.6651 -17.8926 5.38574
      vertex 15.5545 -17.7955 5.38574
      vertex 15.9343 -17.5417 5.26725
    endloop
  endfacet
  facet normal -0.0605408 -0.922182 0.381989
    outer loop
      vertex 16.35 -20.1391 10.248
      vertex 15.9174 -20.2859 9.82504
      vertex 16.35 -20.3143 9.82504
    endloop
  endfacet
  facet normal -0.491179 -0.097842 -0.865546
    outer loop
      vertex 14.4718 -17.5033 5.78986
      vertex 14.4221 -17.2538 5.78986
      vertex 14.8152 -17.2021 5.56094
    endloop
  endfacet
  facet normal -0.577196 -0.195834 -0.792776
    outer loop
      vertex 14.5535 -17.7441 5.78986
      vertex 14.1209 -17.5973 6.06856
      vertex 14.4718 -17.5033 5.78986
    endloop
  endfacet
  facet normal -0.670215 -0.227704 -0.706373
    outer loop
      vertex 14.218 -17.8831 6.06856
      vertex 13.9189 -18.007 6.39229
      vertex 14.1209 -17.5973 6.06856
    endloop
  endfacet
  facet normal -0.634873 -0.313015 -0.70637
    outer loop
      vertex 14.0711 -18.3157 6.39229
      vertex 13.9189 -18.007 6.39229
      vertex 14.218 -17.8831 6.06856
    endloop
  endfacet
  facet normal -0.499751 -0.0326867 -0.865552
    outer loop
      vertex 14.4221 -17.2538 5.78986
      vertex 14.4055 -17 5.78986
      vertex 14.8152 -17.2021 5.56094
    endloop
  endfacet
  facet normal -0.608289 -0.0397852 -0.792718
    outer loop
      vertex 14.062 -17.3012 6.06856
      vertex 14.0423 -17 6.06856
      vertex 14.4055 -17 5.78986
    endloop
  endfacet
  facet normal -0.362989 -0.123269 -0.923604
    outer loop
      vertex 14.9198 -17.5924 5.56094
      vertex 14.8547 -17.4007 5.56094
      vertex 15.2633 -17.2912 5.38574
    endloop
  endfacet
  facet normal -0.47423 -0.161045 -0.865546
    outer loop
      vertex 14.9198 -17.5924 5.56094
      vertex 14.5535 -17.7441 5.78986
      vertex 14.8547 -17.4007 5.56094
    endloop
  endfacet
  facet normal -0.258788 -0.0169235 -0.965786
    outer loop
      vertex 15.2346 -17.1468 5.38574
      vertex 15.225 -17 5.38574
      vertex 15.6672 -17 5.26725
    endloop
  endfacet
  facet normal -0.25438 -0.0505276 -0.965783
    outer loop
      vertex 15.6904 -17.1767 5.26725
      vertex 15.2346 -17.1468 5.38574
      vertex 15.673 -17.0891 5.26725
    endloop
  endfacet
  facet normal -0.160917 -0.47428 -0.865543
    outer loop
      vertex 15.8467 -18.8782 5.78986
      vertex 15.6059 -18.7965 5.78986
      vertex 15.7576 -18.4302 5.56094
    endloop
  endfacet
  facet normal -0.0169244 -0.258802 -0.965782
    outer loop
      vertex 16.35 -18.125 5.38574
      vertex 16.2032 -18.1154 5.38574
      vertex 16.2609 -17.677 5.26725
    endloop
  endfacet
  facet normal -0.0462035 -0.706421 -0.706282
    outer loop
      vertex 16.35 -19.3077 6.06856
      vertex 16.0065 -19.6089 6.39229
      vertex 16.0488 -19.288 6.06856
    endloop
  endfacet
  facet normal -0.169575 -0.343838 -0.923591
    outer loop
      vertex 15.9195 -18.0394 5.38574
      vertex 15.576 -18.3406 5.56094
      vertex 15.7875 -17.9743 5.38574
    endloop
  endfacet
  facet normal -0.278203 -0.416439 -0.865553
    outer loop
      vertex 15.576 -18.3406 5.56094
      vertex 15.1663 -18.5427 5.78986
      vertex 15.4076 -18.2281 5.56094
    endloop
  endfacet
  facet normal -0.169623 -0.343789 -0.9236
    outer loop
      vertex 15.7576 -18.4302 5.56094
      vertex 15.576 -18.3406 5.56094
      vertex 15.9195 -18.0394 5.38574
    endloop
  endfacet
  facet normal -0.0833088 -0.245572 -0.965792
    outer loop
      vertex 16.1733 -17.6595 5.26725
      vertex 15.9195 -18.0394 5.38574
      vertex 16.0887 -17.6308 5.26725
    endloop
  endfacet
  facet normal -0.7923 -0.0518974 0.60792
    outer loop
      vertex 13.7186 -17 11.0077
      vertex 13.4648 -17.3798 10.6445
      vertex 13.7411 -17.3435 11.0077
    endloop
  endfacet
  facet normal -0.792275 -0.0519422 0.607949
    outer loop
      vertex 13.7186 -17 11.0077
      vertex 13.4399 -17 10.6445
      vertex 13.4648 -17.3798 10.6445
    endloop
  endfacet
  facet normal -0.491307 -0.0978677 0.86547
    outer loop
      vertex 14.8152 -17.2021 11.8391
      vertex 14.4221 -17.2538 11.6101
      vertex 14.4718 -17.5033 11.6101
    endloop
  endfacet
  facet normal -0.694251 -0.137987 0.706381
    outer loop
      vertex 14.1209 -17.5973 11.3314
      vertex 13.7411 -17.3435 11.0077
      vertex 13.8082 -17.6811 11.0077
    endloop
  endfacet
  facet normal -0.777246 -0.383159 0.499076
    outer loop
      vertex 13.6614 -18.1137 10.6445
      vertex 13.6315 -18.5695 10.248
      vertex 13.8297 -18.4551 10.6445
    endloop
  endfacet
  facet normal -0.513312 -0.768476 0.382042
    outer loop
      vertex 14.4391 -19.4904 10.248
      vertex 14.3324 -19.6294 9.82504
      vertex 14.6929 -19.8702 9.82504
    endloop
  endfacet
  facet normal -0.828797 -0.408856 0.382011
    outer loop
      vertex 13.4499 -18.2013 10.248
      vertex 13.288 -18.2683 9.82504
      vertex 13.4798 -18.6571 9.82504
    endloop
  endfacet
  facet normal -0.828855 -0.4088 0.381946
    outer loop
      vertex 13.6315 -18.5695 10.248
      vertex 13.4499 -18.2013 10.248
      vertex 13.4798 -18.6571 9.82504
    endloop
  endfacet
  facet normal -0.025645 -0.128372 0.991395
    outer loop
      vertex 16.3201 -17.227 12.1925
      vertex 16.1733 -17.6595 12.1327
      vertex 16.2609 -17.677 12.1327
    endloop
  endfacet
  facet normal -0.0507588 -0.254084 0.965849
    outer loop
      vertex 16.1733 -17.6595 12.1327
      vertex 16.0588 -18.0867 12.0143
      vertex 16.2609 -17.677 12.1327
    endloop
  endfacet
  facet normal -0.0726049 -0.108907 0.991397
    outer loop
      vertex 16.2106 -17.1816 12.1925
      vertex 16.0086 -17.5913 12.1327
      vertex 16.2355 -17.1982 12.1925
    endloop
  endfacet
  facet normal -0.0085032 -0.130627 0.991395
    outer loop
      vertex 16.3201 -17.227 12.1925
      vertex 16.2609 -17.677 12.1327
      vertex 16.35 -17.6828 12.1327
    endloop
  endfacet
  facet normal -0.215529 -0.143862 0.965842
    outer loop
      vertex 15.7587 -17.3414 12.1327
      vertex 15.3757 -17.5625 12.0143
      vertex 15.4574 -17.6849 12.0143
    endloop
  endfacet
  facet normal -0.362998 -0.123258 0.923602
    outer loop
      vertex 15.2633 -17.2912 12.0143
      vertex 14.9198 -17.5924 11.8391
      vertex 15.3106 -17.4305 12.0143
    endloop
  endfacet
  facet normal -0.362989 -0.123269 0.923604
    outer loop
      vertex 15.2633 -17.2912 12.0143
      vertex 14.8547 -17.4007 11.8391
      vertex 14.9198 -17.5924 11.8391
    endloop
  endfacet
  facet normal -0.114612 -0.232415 0.96584
    outer loop
      vertex 16.0086 -17.5913 12.1327
      vertex 15.7875 -17.9743 12.0143
      vertex 16.0887 -17.6308 12.1327
    endloop
  endfacet
  facet normal -0.258629 -0.0168355 0.96583
    outer loop
      vertex 15.6672 -17 12.1327
      vertex 15.2346 -17.1468 12.0143
      vertex 15.673 -17.0891 12.1327
    endloop
  endfacet
  facet normal -0.2542 -0.0504918 0.965833
    outer loop
      vertex 15.673 -17.0891 12.1327
      vertex 15.2346 -17.1468 12.0143
      vertex 15.6904 -17.1767 12.1327
    endloop
  endfacet
  facet normal -0.065444 -0.997856 0
    outer loop
      vertex 15.8941 -20.4626 8.47109
      vertex 16.35 -20.4925 8.92891
      vertex 15.8941 -20.4626 8.92891
    endloop
  endfacet
  facet normal -0.065444 -0.997856 -0
    outer loop
      vertex 16.35 -20.4925 8.92891
      vertex 15.8941 -20.4626 8.47109
      vertex 16.35 -20.4925 8.47109
    endloop
  endfacet
  facet normal -0.193404 -0.972448 0.130152
    outer loop
      vertex 15.9019 -20.4034 9.38282
      vertex 15.4461 -20.3735 8.92891
      vertex 15.8941 -20.4626 8.92891
    endloop
  endfacet
  facet normal -0.383306 -0.777165 -0.49909
    outer loop
      vertex 15.1487 -19.9001 7.15199
      vertex 14.7805 -19.7185 7.15199
      vertex 14.8949 -19.5203 6.7555
    endloop
  endfacet
  facet normal -0.383124 -0.777174 -0.499216
    outer loop
      vertex 15.1487 -19.9001 7.15199
      vertex 14.8949 -19.5203 6.7555
      vertex 15.2363 -19.6886 6.7555
    endloop
  endfacet
  facet normal -0.427307 -0.866448 -0.258218
    outer loop
      vertex 15.0363 -20.1714 8.01718
      vertex 14.6336 -19.9728 8.01718
      vertex 15.0817 -20.062 7.57496
    endloop
  endfacet
  facet normal -0.438533 -0.88921 -0.130363
    outer loop
      vertex 15.0363 -20.1714 8.01718
      vertex 14.6037 -20.0246 8.47109
      vertex 14.6336 -19.9728 8.01718
    endloop
  endfacet
  facet normal -0.637081 -0.726214 0.258342
    outer loop
      vertex 14.0065 -19.3435 9.82504
      vertex 13.9227 -19.4273 9.38282
      vertex 14.3324 -19.6294 9.82504
    endloop
  endfacet
  facet normal -0.694713 -0.609446 0.382034
    outer loop
      vertex 14.1304 -19.2196 10.248
      vertex 13.7206 -19.0176 9.82504
      vertex 14.0065 -19.3435 9.82504
    endloop
  endfacet
  facet normal -0.571358 -0.651485 0.499117
    outer loop
      vertex 14.5784 -19.3088 10.6445
      vertex 14.2922 -19.0578 10.6445
      vertex 14.4391 -19.4904 10.248
    endloop
  endfacet
  facet normal -0.550868 -0.824349 0.130361
    outer loop
      vertex 14.6336 -19.9728 9.38282
      vertex 14.2239 -19.7708 8.92891
      vertex 14.6037 -20.0246 8.92891
    endloop
  endfacet
  facet normal -0.555609 -0.831444 0
    outer loop
      vertex 14.2239 -19.7708 8.47109
      vertex 14.6037 -20.0246 8.92891
      vertex 14.2239 -19.7708 8.92891
    endloop
  endfacet
  facet normal -0.555609 -0.831444 -0
    outer loop
      vertex 14.6037 -20.0246 8.92891
      vertex 14.2239 -19.7708 8.47109
      vertex 14.6037 -20.0246 8.47109
    endloop
  endfacet
  facet normal -0.438533 -0.88921 0.130363
    outer loop
      vertex 14.6336 -19.9728 9.38282
      vertex 14.6037 -20.0246 8.92891
      vertex 15.0363 -20.1714 9.38282
    endloop
  endfacet
  facet normal -0.751885 -0.659295 0
    outer loop
      vertex 13.8804 -19.4696 8.47109
      vertex 13.5792 -19.1261 8.92891
      vertex 13.5792 -19.1261 8.47109
    endloop
  endfacet
  facet normal -0.751885 -0.659295 0
    outer loop
      vertex 13.5792 -19.1261 8.92891
      vertex 13.8804 -19.4696 8.47109
      vertex 13.8804 -19.4696 8.92891
    endloop
  endfacet
  facet normal -0.745466 -0.653666 -0.130386
    outer loop
      vertex 13.8804 -19.4696 8.47109
      vertex 13.5792 -19.1261 8.47109
      vertex 13.9227 -19.4273 8.01718
    endloop
  endfacet
  facet normal -0.0566662 -0.864558 0.499328
    outer loop
      vertex 16.35 -19.9101 10.6445
      vertex 15.9701 -19.8852 10.6445
      vertex 16.35 -20.1391 10.248
    endloop
  endfacet
  facet normal -0.0632888 -0.96404 0.258112
    outer loop
      vertex 16.35 -20.3143 9.82504
      vertex 15.9174 -20.2859 9.82504
      vertex 16.35 -20.4327 9.38282
    endloop
  endfacet
  facet normal -0.180294 -0.906423 0.381956
    outer loop
      vertex 15.5376 -20.0321 10.248
      vertex 15.4922 -20.2013 9.82504
      vertex 15.9403 -20.1122 10.248
    endloop
  endfacet
  facet normal -0.313006 -0.634856 0.706389
    outer loop
      vertex 15.1961 -18.9985 11.3314
      vertex 15.0343 -19.2789 11.0077
      vertex 15.343 -19.4311 11.0077
    endloop
  endfacet
  facet normal -0.536591 -0.803326 -0.258335
    outer loop
      vertex 14.6336 -19.9728 8.01718
      vertex 14.3324 -19.6294 7.57496
      vertex 14.6929 -19.8702 7.57496
    endloop
  endfacet
  facet normal -0.427394 -0.866375 -0.258321
    outer loop
      vertex 15.0817 -20.062 7.57496
      vertex 14.6336 -19.9728 8.01718
      vertex 14.6929 -19.8702 7.57496
    endloop
  endfacet
  facet normal -0.193404 -0.972448 -0.130152
    outer loop
      vertex 15.8941 -20.4626 8.47109
      vertex 15.4461 -20.3735 8.47109
      vertex 15.9019 -20.4034 8.01718
    endloop
  endfacet
  facet normal -0.195063 -0.980791 0
    outer loop
      vertex 15.4461 -20.3735 8.47109
      vertex 15.8941 -20.4626 8.92891
      vertex 15.4461 -20.3735 8.92891
    endloop
  endfacet
  facet normal -0.195063 -0.980791 -0
    outer loop
      vertex 15.8941 -20.4626 8.92891
      vertex 15.4461 -20.3735 8.47109
      vertex 15.8941 -20.4626 8.47109
    endloop
  endfacet
  facet normal -0.532227 -0.466578 -0.706427
    outer loop
      vertex 14.7182 -18.6318 6.06856
      vertex 14.2623 -18.6019 6.39229
      vertex 14.5192 -18.4048 6.06856
    endloop
  endfacet
  facet normal -0.651481 -0.571354 -0.499126
    outer loop
      vertex 14.2922 -19.0578 6.7555
      vertex 13.8596 -18.9109 7.15199
      vertex 14.0412 -18.7716 6.7555
    endloop
  endfacet
  facet normal -0.38266 0 0.923889
    outer loop
      vertex 14.802 -2.5 11.8391
      vertex 15.225 -17 12.0143
      vertex 15.225 -2.5 12.0143
    endloop
  endfacet
  facet normal -0.38266 0 0.923889
    outer loop
      vertex 15.225 -17 12.0143
      vertex 14.802 -2.5 11.8391
      vertex 14.802 -17 11.8391
    endloop
  endfacet
  facet normal -0.375976 -0.0747265 0.923611
    outer loop
      vertex 15.2346 -17.1468 12.0143
      vertex 14.8152 -17.2021 11.8391
      vertex 15.2633 -17.2912 12.0143
    endloop
  endfacet
  facet normal -0.382528 -0.0250155 0.923605
    outer loop
      vertex 15.225 -17 12.0143
      vertex 14.8152 -17.2021 11.8391
      vertex 15.2346 -17.1468 12.0143
    endloop
  endfacet
  facet normal -0.318785 -0.212965 -0.923592
    outer loop
      vertex 15.1219 -17.9424 5.56094
      vertex 15.0094 -17.774 5.56094
      vertex 15.3757 -17.5625 5.38574
    endloop
  endfacet
  facet normal -0.318913 -0.21287 -0.92357
    outer loop
      vertex 15.4574 -17.6849 5.38574
      vertex 15.1219 -17.9424 5.56094
      vertex 15.3757 -17.5625 5.38574
    endloop
  endfacet
  facet normal -0.123817 -0.0421506 -0.991409
    outer loop
      vertex 15.7192 -17.2613 5.26725
      vertex 15.6904 -17.1767 5.26725
      vertex 16.1289 -17.0592 5.20749
    endloop
  endfacet
  facet normal -0.245468 -0.0835636 -0.965796
    outer loop
      vertex 15.7192 -17.2613 5.26725
      vertex 15.3106 -17.4305 5.38574
      vertex 15.6904 -17.1767 5.26725
    endloop
  endfacet
  facet normal -0.11733 -0.0578592 -0.991406
    outer loop
      vertex 15.7587 -17.3414 5.26725
      vertex 15.7192 -17.2613 5.26725
      vertex 16.1385 -17.0876 5.20749
    endloop
  endfacet
  facet normal -0.194872 -0.171085 -0.965792
    outer loop
      vertex 15.5545 -17.7955 5.38574
      vertex 15.4574 -17.6849 5.38574
      vertex 15.8083 -17.4157 5.26725
    endloop
  endfacet
  facet normal -0.343815 -0.169563 -0.923602
    outer loop
      vertex 15.3757 -17.5625 5.38574
      vertex 14.9198 -17.5924 5.56094
      vertex 15.3106 -17.4305 5.38574
    endloop
  endfacet
  facet normal -0.362998 -0.123258 -0.923602
    outer loop
      vertex 15.3106 -17.4305 5.38574
      vertex 14.9198 -17.5924 5.56094
      vertex 15.2633 -17.2912 5.38574
    endloop
  endfacet
  facet normal -0.108799 -0.0726305 -0.991407
    outer loop
      vertex 15.8083 -17.4157 5.26725
      vertex 15.7587 -17.3414 5.26725
      vertex 16.1684 -17.1394 5.20749
    endloop
  endfacet
  facet normal -0.171073 -0.19489 -0.965791
    outer loop
      vertex 15.9343 -17.5417 5.26725
      vertex 15.5545 -17.7955 5.38574
      vertex 15.8672 -17.4828 5.26725
    endloop
  endfacet
  facet normal 0.865949 0 0.500132
    outer loop
      vertex 19.2601 -2.5 10.6445
      vertex 19.4891 -13.8609 10.248
      vertex 19.4891 -2.5 10.248
    endloop
  endfacet
  facet normal 0.865949 0 0.500132
    outer loop
      vertex 19.4891 -13.8609 10.248
      vertex 19.2601 -2.5 10.6445
      vertex 19.2601 -14.0899 10.6445
    endloop
  endfacet
  facet normal -0.597763 -0.119073 -0.792781
    outer loop
      vertex 14.4718 -17.5033 5.78986
      vertex 14.1209 -17.5973 6.06856
      vertex 14.4221 -17.2538 5.78986
    endloop
  endfacet
  facet normal -0.597872 -0.118928 -0.79272
    outer loop
      vertex 14.1209 -17.5973 6.06856
      vertex 14.062 -17.3012 6.06856
      vertex 14.4221 -17.2538 5.78986
    endloop
  endfacet
  facet normal -0.227668 -0.670252 -0.706349
    outer loop
      vertex 15.6689 -19.5418 6.39229
      vertex 15.343 -19.4311 6.39229
      vertex 15.7527 -19.2291 6.06856
    endloop
  endfacet
  facet normal -0.227704 -0.670215 -0.706373
    outer loop
      vertex 15.7527 -19.2291 6.06856
      vertex 15.343 -19.4311 6.39229
      vertex 15.4669 -19.132 6.06856
    endloop
  endfacet
  facet normal -0.221523 -0.44915 -0.865559
    outer loop
      vertex 15.6059 -18.7965 5.78986
      vertex 15.3778 -18.684 5.78986
      vertex 15.576 -18.3406 5.56094
    endloop
  endfacet
  facet normal -0.269637 -0.546705 -0.792723
    outer loop
      vertex 15.6059 -18.7965 5.78986
      vertex 15.1961 -18.9985 6.06856
      vertex 15.3778 -18.684 5.78986
    endloop
  endfacet
  facet normal -0.330253 -0.376513 -0.865547
    outer loop
      vertex 15.4076 -18.2281 5.56094
      vertex 15.1663 -18.5427 5.78986
      vertex 15.2554 -18.0946 5.56094
    endloop
  endfacet
  facet normal -0.252796 -0.288207 -0.923597
    outer loop
      vertex 15.4076 -18.2281 5.56094
      vertex 15.2554 -18.0946 5.56094
      vertex 15.5545 -17.7955 5.38574
    endloop
  endfacet
  facet normal -0.212835 -0.318862 -0.923595
    outer loop
      vertex 15.7875 -17.9743 5.38574
      vertex 15.576 -18.3406 5.56094
      vertex 15.6651 -17.8926 5.38574
    endloop
  endfacet
  facet normal -0.19489 -0.171073 -0.965791
    outer loop
      vertex 15.8672 -17.4828 5.26725
      vertex 15.5545 -17.7955 5.38574
      vertex 15.8083 -17.4157 5.26725
    endloop
  endfacet
  facet normal -0.0747803 -0.375984 -0.923604
    outer loop
      vertex 16.1479 -18.5348 5.56094
      vertex 15.9493 -18.4953 5.56094
      vertex 16.0588 -18.0867 5.38574
    endloop
  endfacet
  facet normal -0.0505581 -0.254376 -0.965783
    outer loop
      vertex 16.2032 -18.1154 5.38574
      vertex 16.0588 -18.0867 5.38574
      vertex 16.2609 -17.677 5.26725
    endloop
  endfacet
  facet normal -0.820517 -0.278589 0.499139
    outer loop
      vertex 13.539 -17.7532 10.6445
      vertex 13.3179 -17.8124 10.248
      vertex 13.6614 -18.1137 10.6445
    endloop
  endfacet
  facet normal -0.634844 -0.313 0.706402
    outer loop
      vertex 14.218 -17.8831 11.3314
      vertex 13.9189 -18.007 11.0077
      vertex 14.0711 -18.3157 11.0077
    endloop
  endfacet
  facet normal -0.597763 -0.119073 0.792781
    outer loop
      vertex 14.4221 -17.2538 11.6101
      vertex 14.1209 -17.5973 11.3314
      vertex 14.4718 -17.5033 11.6101
    endloop
  endfacet
  facet normal -0.597872 -0.118928 0.79272
    outer loop
      vertex 14.4221 -17.2538 11.6101
      vertex 14.062 -17.3012 11.3314
      vertex 14.1209 -17.5973 11.3314
    endloop
  endfacet
  facet normal -0.670184 -0.227694 0.706405
    outer loop
      vertex 14.1209 -17.5973 11.3314
      vertex 13.9189 -18.007 11.0077
      vertex 14.218 -17.8831 11.3314
    endloop
  endfacet
  facet normal -0.670221 -0.227657 0.706382
    outer loop
      vertex 14.1209 -17.5973 11.3314
      vertex 13.8082 -17.6811 11.0077
      vertex 13.9189 -18.007 11.0077
    endloop
  endfacet
  facet normal -0.491399 -0.0977354 0.865433
    outer loop
      vertex 14.8152 -17.2021 11.8391
      vertex 14.4718 -17.5033 11.6101
      vertex 14.8547 -17.4007 11.8391
    endloop
  endfacet
  facet normal -0.720496 -0.481469 0.499073
    outer loop
      vertex 13.8297 -18.4551 10.6445
      vertex 13.6315 -18.5695 10.248
      vertex 14.0412 -18.7716 10.6445
    endloop
  endfacet
  facet normal -0.720509 -0.481395 0.499124
    outer loop
      vertex 14.0412 -18.7716 10.6445
      vertex 13.6315 -18.5695 10.248
      vertex 13.8596 -18.9109 10.248
    endloop
  endfacet
  facet normal -0.0519286 -0.792276 0.607949
    outer loop
      vertex 16.35 -19.6314 11.0077
      vertex 15.9701 -19.8852 10.6445
      vertex 16.35 -19.9101 10.6445
    endloop
  endfacet
  facet normal -0.0862232 -0.0984783 0.991397
    outer loop
      vertex 16.1881 -17.1619 12.1925
      vertex 15.9343 -17.5417 12.1327
      vertex 16.2106 -17.1816 12.1925
    endloop
  endfacet
  facet normal -0.117331 -0.0580112 0.991397
    outer loop
      vertex 16.1385 -17.0876 12.1925
      vertex 15.7587 -17.3414 12.1327
      vertex 16.1518 -17.1145 12.1925
    endloop
  endfacet
  facet normal -0.108907 -0.0726049 0.991397
    outer loop
      vertex 16.1518 -17.1145 12.1925
      vertex 15.7587 -17.3414 12.1327
      vertex 16.1684 -17.1394 12.1925
    endloop
  endfacet
  facet normal -0.215518 -0.143872 0.965843
    outer loop
      vertex 15.7587 -17.3414 12.1327
      vertex 15.4574 -17.6849 12.0143
      vertex 15.8083 -17.4157 12.1327
    endloop
  endfacet
  facet normal -0.194752 -0.170952 0.96584
    outer loop
      vertex 15.8083 -17.4157 12.1327
      vertex 15.5545 -17.7955 12.0143
      vertex 15.8672 -17.4828 12.1327
    endloop
  endfacet
  facet normal -0.114619 -0.232408 0.965841
    outer loop
      vertex 16.0887 -17.6308 12.1327
      vertex 15.7875 -17.9743 12.0143
      vertex 15.9195 -18.0394 12.0143
    endloop
  endfacet
  facet normal -0.0420558 -0.123969 0.991394
    outer loop
      vertex 16.2624 -17.2115 12.1925
      vertex 16.0887 -17.6308 12.1327
      vertex 16.1733 -17.6595 12.1327
    endloop
  endfacet
  facet normal -0.0258366 -0.128307 0.991398
    outer loop
      vertex 16.2908 -17.2211 12.1925
      vertex 16.1733 -17.6595 12.1327
      vertex 16.3201 -17.227 12.1925
    endloop
  endfacet
  facet normal -0.00829988 -0.130614 0.991399
    outer loop
      vertex 16.35 -17.2289 12.1925
      vertex 16.3201 -17.227 12.1925
      vertex 16.35 -17.6828 12.1327
    endloop
  endfacet
  facet normal -0.232412 -0.11461 0.965841
    outer loop
      vertex 15.7192 -17.2613 12.1327
      vertex 15.3106 -17.4305 12.0143
      vertex 15.7587 -17.3414 12.1327
    endloop
  endfacet
  facet normal -0.245294 -0.0835044 0.965846
    outer loop
      vertex 15.6904 -17.1767 12.1327
      vertex 15.3106 -17.4305 12.0143
      vertex 15.7192 -17.2613 12.1327
    endloop
  endfacet
  facet normal -0.577196 -0.195834 0.792776
    outer loop
      vertex 14.4718 -17.5033 11.6101
      vertex 14.1209 -17.5973 11.3314
      vertex 14.5535 -17.7441 11.6101
    endloop
  endfacet
  facet normal -0.466623 -0.532278 0.706359
    outer loop
      vertex 14.7182 -18.6318 11.3314
      vertex 14.4893 -18.8607 11.0077
      vertex 14.9452 -18.8308 11.3314
    endloop
  endfacet
  facet normal -0.138106 -0.694284 0.706326
    outer loop
      vertex 16.0488 -19.288 11.3314
      vertex 15.7527 -19.2291 11.3314
      vertex 16.0065 -19.6089 11.0077
    endloop
  endfacet
  facet normal -0.168921 -0.84984 0.499237
    outer loop
      vertex 15.9701 -19.8852 10.6445
      vertex 15.5968 -19.811 10.6445
      vertex 15.9403 -20.1122 10.248
    endloop
  endfacet
  facet normal -0.609441 -0.694708 0.38205
    outer loop
      vertex 14.4391 -19.4904 10.248
      vertex 14.0065 -19.3435 9.82504
      vertex 14.3324 -19.6294 9.82504
    endloop
  endfacet
  facet normal -0.651485 -0.571358 0.499117
    outer loop
      vertex 14.0412 -18.7716 10.6445
      vertex 13.8596 -18.9109 10.248
      vertex 14.2922 -19.0578 10.6445
    endloop
  endfacet
  facet normal -0.536591 -0.803326 0.258335
    outer loop
      vertex 14.6929 -19.8702 9.82504
      vertex 14.3324 -19.6294 9.82504
      vertex 14.6336 -19.9728 9.38282
    endloop
  endfacet
  facet normal -0.536678 -0.803295 0.258252
    outer loop
      vertex 14.3324 -19.6294 9.82504
      vertex 14.2603 -19.7234 9.38282
      vertex 14.6336 -19.9728 9.38282
    endloop
  endfacet
  facet normal -0.193428 -0.97244 0.130177
    outer loop
      vertex 15.4615 -20.3158 9.38282
      vertex 15.4461 -20.3735 8.92891
      vertex 15.9019 -20.4034 9.38282
    endloop
  endfacet
  facet normal -0.297031 -0.875116 0.382027
    outer loop
      vertex 15.1487 -19.9001 10.248
      vertex 15.0817 -20.062 9.82504
      vertex 15.5376 -20.0321 10.248
    endloop
  endfacet
  facet normal -0.653666 -0.745466 0.130386
    outer loop
      vertex 13.9227 -19.4273 9.38282
      vertex 13.8804 -19.4696 8.92891
      vertex 14.2239 -19.7708 8.92891
    endloop
  endfacet
  facet normal -0.745466 -0.653666 0.130386
    outer loop
      vertex 13.9227 -19.4273 9.38282
      vertex 13.5792 -19.1261 8.92891
      vertex 13.8804 -19.4696 8.92891
    endloop
  endfacet
  facet normal -0.427394 -0.866375 0.258321
    outer loop
      vertex 14.6929 -19.8702 9.82504
      vertex 14.6336 -19.9728 9.38282
      vertex 15.0817 -20.062 9.82504
    endloop
  endfacet
  facet normal -0.481395 -0.720509 0.499124
    outer loop
      vertex 14.5784 -19.3088 10.6445
      vertex 14.4391 -19.4904 10.248
      vertex 14.7805 -19.7185 10.248
    endloop
  endfacet
  facet normal -0.550789 -0.824417 -0.13026
    outer loop
      vertex 14.6336 -19.9728 8.01718
      vertex 14.2239 -19.7708 8.47109
      vertex 14.2603 -19.7234 8.01718
    endloop
  endfacet
  facet normal -0.536678 -0.803295 -0.258252
    outer loop
      vertex 14.6336 -19.9728 8.01718
      vertex 14.2603 -19.7234 8.01718
      vertex 14.3324 -19.6294 7.57496
    endloop
  endfacet
  facet normal -0.318832 -0.938832 -0.130159
    outer loop
      vertex 15.4461 -20.3735 8.47109
      vertex 15.0363 -20.1714 8.01718
      vertex 15.4615 -20.3158 8.01718
    endloop
  endfacet
  facet normal -0.310646 -0.914727 -0.258408
    outer loop
      vertex 15.4615 -20.3158 8.01718
      vertex 15.0363 -20.1714 8.01718
      vertex 15.4922 -20.2013 7.57496
    endloop
  endfacet
  facet normal -0.596924 -0.523508 -0.607965
    outer loop
      vertex 14.2922 -19.0578 6.7555
      vertex 14.0412 -18.7716 6.7555
      vertex 14.2623 -18.6019 6.39229
    endloop
  endfacet
  facet normal -0.660196 -0.441054 -0.607957
    outer loop
      vertex 14.2623 -18.6019 6.39229
      vertex 14.0412 -18.7716 6.7555
      vertex 14.0711 -18.3157 6.39229
    endloop
  endfacet
  facet normal -0.130541 -0.00849761 -0.991407
    outer loop
      vertex 15.673 -17.0891 5.26725
      vertex 15.6672 -17 5.26725
      vertex 16.123 -17.0299 5.20749
    endloop
  endfacet
  facet normal -0.128261 -0.0258272 -0.991404
    outer loop
      vertex 16.1289 -17.0592 5.20749
      vertex 15.673 -17.0891 5.26725
      vertex 16.123 -17.0299 5.20749
    endloop
  endfacet
  facet normal -0.0579731 -0.117254 -0.991408
    outer loop
      vertex 16.2624 -17.2115 5.20749
      vertex 16.0086 -17.5913 5.26725
      vertex 16.2355 -17.1982 5.20749
    endloop
  endfacet
  facet normal -0.0256281 -0.128287 -0.991406
    outer loop
      vertex 16.2609 -17.677 5.26725
      vertex 16.1733 -17.6595 5.26725
      vertex 16.3201 -17.227 5.20749
    endloop
  endfacet
  facet normal -0.215671 -0.143974 -0.965794
    outer loop
      vertex 15.8083 -17.4157 5.26725
      vertex 15.4574 -17.6849 5.38574
      vertex 15.7587 -17.3414 5.26725
    endloop
  endfacet
  facet normal -0.232575 -0.114702 -0.965791
    outer loop
      vertex 15.3757 -17.5625 5.38574
      vertex 15.3106 -17.4305 5.38574
      vertex 15.7587 -17.3414 5.26725
    endloop
  endfacet
  facet normal -0.232577 -0.114691 -0.965792
    outer loop
      vertex 15.7587 -17.3414 5.26725
      vertex 15.3106 -17.4305 5.38574
      vertex 15.7192 -17.2613 5.26725
    endloop
  endfacet
  facet normal -0.123942 -0.041896 -0.991405
    outer loop
      vertex 16.1385 -17.0876 5.20749
      vertex 15.7192 -17.2613 5.26725
      vertex 16.1289 -17.0592 5.20749
    endloop
  endfacet
  facet normal -0.0605482 -0.922178 0.381996
    outer loop
      vertex 15.9403 -20.1122 10.248
      vertex 15.9174 -20.2859 9.82504
      vertex 16.35 -20.1391 10.248
    endloop
  endfacet
  facet normal -0.0567673 -0.864594 0.499255
    outer loop
      vertex 15.9701 -19.8852 10.6445
      vertex 15.9403 -20.1122 10.248
      vertex 16.35 -20.1391 10.248
    endloop
  endfacet
  facet normal -0.0397856 -0.608289 -0.792718
    outer loop
      vertex 16.35 -19.3077 6.06856
      vertex 16.0962 -18.9279 5.78986
      vertex 16.35 -18.9445 5.78986
    endloop
  endfacet
  facet normal -0.196077 -0.577125 -0.792768
    outer loop
      vertex 15.7527 -19.2291 6.06856
      vertex 15.4669 -19.132 6.06856
      vertex 15.8467 -18.8782 5.78986
    endloop
  endfacet
  facet normal -0.21299 -0.318823 -0.923573
    outer loop
      vertex 15.576 -18.3406 5.56094
      vertex 15.4076 -18.2281 5.56094
      vertex 15.6651 -17.8926 5.38574
    endloop
  endfacet
  facet normal -0.252968 -0.288138 -0.923571
    outer loop
      vertex 15.6651 -17.8926 5.38574
      vertex 15.4076 -18.2281 5.56094
      vertex 15.5545 -17.7955 5.38574
    endloop
  endfacet
  facet normal -0.0978531 -0.491234 -0.865513
    outer loop
      vertex 16.0962 -18.9279 5.78986
      vertex 15.8467 -18.8782 5.78986
      vertex 15.9493 -18.4953 5.56094
    endloop
  endfacet
  facet normal -0.0249848 -0.382532 -0.923604
    outer loop
      vertex 16.35 -18.548 5.56094
      vertex 16.1479 -18.5348 5.56094
      vertex 16.2032 -18.1154 5.38574
    endloop
  endfacet
  facet normal -0.0168459 -0.258788 -0.965787
    outer loop
      vertex 16.35 -18.125 5.38574
      vertex 16.2609 -17.677 5.26725
      vertex 16.35 -17.6828 5.26725
    endloop
  endfacet
  facet normal -0.0747265 -0.375976 -0.923611
    outer loop
      vertex 16.1479 -18.5348 5.56094
      vertex 16.0588 -18.0867 5.38574
      vertex 16.2032 -18.1154 5.38574
    endloop
  endfacet
  facet normal -0.0984783 -0.0862232 0.991397
    outer loop
      vertex 16.1684 -17.1394 12.1925
      vertex 15.8083 -17.4157 12.1327
      vertex 16.1881 -17.1619 12.1925
    endloop
  endfacet
  facet normal -0.0983852 -0.086362 0.991394
    outer loop
      vertex 16.1881 -17.1619 12.1925
      vertex 15.8083 -17.4157 12.1327
      vertex 15.8672 -17.4828 12.1327
    endloop
  endfacet
  facet normal -0.0419147 -0.123998 0.991397
    outer loop
      vertex 16.2624 -17.2115 12.1925
      vertex 16.1733 -17.6595 12.1327
      vertex 16.2908 -17.2211 12.1925
    endloop
  endfacet
  facet normal -0.474455 -0.160976 0.865436
    outer loop
      vertex 14.8547 -17.4007 11.8391
      vertex 14.4718 -17.5033 11.6101
      vertex 14.5535 -17.7441 11.6101
    endloop
  endfacet
  facet normal -0.546705 -0.269637 0.792723
    outer loop
      vertex 14.5535 -17.7441 11.6101
      vertex 14.3515 -18.1539 11.3314
      vertex 14.666 -17.9722 11.6101
    endloop
  endfacet
  facet normal -0.57723 -0.196113 0.792682
    outer loop
      vertex 14.5535 -17.7441 11.6101
      vertex 14.1209 -17.5973 11.3314
      vertex 14.218 -17.8831 11.3314
    endloop
  endfacet
  facet normal -0.5468 -0.269563 0.792683
    outer loop
      vertex 14.5535 -17.7441 11.6101
      vertex 14.218 -17.8831 11.3314
      vertex 14.3515 -18.1539 11.3314
    endloop
  endfacet
  facet normal -0.318913 -0.21287 0.92357
    outer loop
      vertex 15.3757 -17.5625 12.0143
      vertex 15.1219 -17.9424 11.8391
      vertex 15.4574 -17.6849 12.0143
    endloop
  endfacet
  facet normal -0.288138 -0.252968 0.923571
    outer loop
      vertex 15.4574 -17.6849 12.0143
      vertex 15.1219 -17.9424 11.8391
      vertex 15.5545 -17.7955 12.0143
    endloop
  endfacet
  facet normal -0.408787 -0.82883 0.382013
    outer loop
      vertex 15.1487 -19.9001 10.248
      vertex 14.7805 -19.7185 10.248
      vertex 15.0817 -20.062 9.82504
    endloop
  endfacet
  facet normal -0.169045 -0.849867 0.49915
    outer loop
      vertex 15.5968 -19.811 10.6445
      vertex 15.5376 -20.0321 10.248
      vertex 15.9403 -20.1122 10.248
    endloop
  endfacet
  facet normal -0.296978 -0.875157 0.381973
    outer loop
      vertex 15.5376 -20.0321 10.248
      vertex 15.0817 -20.062 9.82504
      vertex 15.4922 -20.2013 9.82504
    endloop
  endfacet
  facet normal -0.596864 -0.523525 0.608009
    outer loop
      vertex 14.4893 -18.8607 11.0077
      vertex 14.2623 -18.6019 11.0077
      vertex 14.2922 -19.0578 10.6445
    endloop
  endfacet
  facet normal -0.0648873 -0.989369 0.130151
    outer loop
      vertex 15.9019 -20.4034 9.38282
      vertex 15.8941 -20.4626 8.92891
      vertex 16.35 -20.4925 8.92891
    endloop
  endfacet
  facet normal -0.0646912 -0.989356 0.130342
    outer loop
      vertex 16.35 -20.4327 9.38282
      vertex 15.9019 -20.4034 9.38282
      vertex 16.35 -20.4925 8.92891
    endloop
  endfacet
  facet normal -0.188515 -0.947478 0.258357
    outer loop
      vertex 15.9174 -20.2859 9.82504
      vertex 15.4922 -20.2013 9.82504
      vertex 15.9019 -20.4034 9.38282
    endloop
  endfacet
  facet normal -0.180341 -0.906396 0.382
    outer loop
      vertex 15.9403 -20.1122 10.248
      vertex 15.4922 -20.2013 9.82504
      vertex 15.9174 -20.2859 9.82504
    endloop
  endfacet
  facet normal -0.383126 -0.777179 0.499206
    outer loop
      vertex 15.2363 -19.6886 10.6445
      vertex 14.8949 -19.5203 10.6445
      vertex 15.1487 -19.9001 10.248
    endloop
  endfacet
  facet normal -0.513424 -0.768447 0.381949
    outer loop
      vertex 14.7805 -19.7185 10.248
      vertex 14.4391 -19.4904 10.248
      vertex 14.6929 -19.8702 9.82504
    endloop
  endfacet
  facet normal -0.143875 -0.215522 0.965842
    outer loop
      vertex 15.9343 -17.5417 12.1327
      vertex 15.7875 -17.9743 12.0143
      vertex 16.0086 -17.5913 12.1327
    endloop
  endfacet
  facet normal -0.269637 -0.546705 0.792723
    outer loop
      vertex 15.3778 -18.684 11.6101
      vertex 15.1961 -18.9985 11.3314
      vertex 15.6059 -18.7965 11.6101
    endloop
  endfacet
  facet normal -0.466724 -0.532107 -0.706421
    outer loop
      vertex 14.7481 -19.0877 6.39229
      vertex 14.4893 -18.8607 6.39229
      vertex 14.9452 -18.8308 6.06856
    endloop
  endfacet
  facet normal -0.523548 -0.59689 -0.607964
    outer loop
      vertex 14.5784 -19.3088 6.7555
      vertex 14.4893 -18.8607 6.39229
      vertex 14.7481 -19.0877 6.39229
    endloop
  endfacet
  facet normal -0.114701 -0.232573 -0.965792
    outer loop
      vertex 15.9195 -18.0394 5.38574
      vertex 15.7875 -17.9743 5.38574
      vertex 16.0887 -17.6308 5.26725
    endloop
  endfacet
  facet normal -0.114693 -0.23258 -0.965791
    outer loop
      vertex 16.0887 -17.6308 5.26725
      vertex 15.7875 -17.9743 5.38574
      vertex 16.0086 -17.5913 5.26725
    endloop
  endfacet
  facet normal -0.0258196 -0.128223 -0.991409
    outer loop
      vertex 16.3201 -17.227 5.20749
      vertex 16.1733 -17.6595 5.26725
      vertex 16.2908 -17.2211 5.20749
    endloop
  endfacet
  facet normal -0.143977 -0.215675 -0.965792
    outer loop
      vertex 16.0086 -17.5913 5.26725
      vertex 15.7875 -17.9743 5.38574
      vertex 15.9343 -17.5417 5.26725
    endloop
  endfacet
  facet normal -0.143963 -0.21568 -0.965793
    outer loop
      vertex 15.7875 -17.9743 5.38574
      vertex 15.6651 -17.8926 5.38574
      vertex 15.9343 -17.5417 5.26725
    endloop
  endfacet
  facet normal -0.108836 -0.0725572 -0.991408
    outer loop
      vertex 16.1684 -17.1394 5.20749
      vertex 15.7587 -17.3414 5.26725
      vertex 16.1518 -17.1145 5.20749
    endloop
  endfacet
  facet normal -0.138113 -0.694316 -0.706293
    outer loop
      vertex 16.0065 -19.6089 6.39229
      vertex 15.7527 -19.2291 6.06856
      vertex 16.0488 -19.288 6.06856
    endloop
  endfacet
  facet normal -0.0397851 -0.608289 -0.792718
    outer loop
      vertex 16.35 -19.3077 6.06856
      vertex 16.0488 -19.288 6.06856
      vertex 16.0962 -18.9279 5.78986
    endloop
  endfacet
  facet normal -0.118928 -0.597872 -0.79272
    outer loop
      vertex 16.0488 -19.288 6.06856
      vertex 15.7527 -19.2291 6.06856
      vertex 16.0962 -18.9279 5.78986
    endloop
  endfacet
  facet normal -0.119073 -0.597763 -0.792781
    outer loop
      vertex 16.0962 -18.9279 5.78986
      vertex 15.7527 -19.2291 6.06856
      vertex 15.8467 -18.8782 5.78986
    endloop
  endfacet
  facet normal -0.0326412 -0.499757 -0.865551
    outer loop
      vertex 16.35 -18.548 5.56094
      vertex 16.0962 -18.9279 5.78986
      vertex 16.1479 -18.5348 5.56094
    endloop
  endfacet
  facet normal -0.097696 -0.491201 -0.86555
    outer loop
      vertex 16.0962 -18.9279 5.78986
      vertex 15.9493 -18.4953 5.56094
      vertex 16.1479 -18.5348 5.56094
    endloop
  endfacet
  facet normal -0.00849761 -0.130541 -0.991407
    outer loop
      vertex 16.35 -17.6828 5.26725
      vertex 16.2609 -17.677 5.26725
      vertex 16.3201 -17.227 5.20749
    endloop
  endfacet
  facet normal -0.0250163 -0.382541 -0.9236
    outer loop
      vertex 16.35 -18.548 5.56094
      vertex 16.2032 -18.1154 5.38574
      vertex 16.35 -18.125 5.38574
    endloop
  endfacet
  facet normal -0.00829442 -0.130528 -0.99141
    outer loop
      vertex 16.35 -17.6828 5.26725
      vertex 16.3201 -17.227 5.20749
      vertex 16.35 -17.2289 5.20749
    endloop
  endfacet
  facet normal -0.123258 -0.362998 0.923602
    outer loop
      vertex 15.9195 -18.0394 12.0143
      vertex 15.7576 -18.4302 11.8391
      vertex 16.0588 -18.0867 12.0143
    endloop
  endfacet
  facet normal -0.170952 -0.194752 0.96584
    outer loop
      vertex 15.8672 -17.4828 12.1327
      vertex 15.5545 -17.7955 12.0143
      vertex 15.9343 -17.5417 12.1327
    endloop
  endfacet
  facet normal -0.086362 -0.0983852 0.991394
    outer loop
      vertex 16.1881 -17.1619 12.1925
      vertex 15.8672 -17.4828 12.1327
      vertex 15.9343 -17.5417 12.1327
    endloop
  endfacet
  facet normal -0.160959 -0.474405 0.865467
    outer loop
      vertex 15.7576 -18.4302 11.8391
      vertex 15.6059 -18.7965 11.6101
      vertex 15.8467 -18.8782 11.6101
    endloop
  endfacet
  facet normal -0.449263 -0.221663 0.865464
    outer loop
      vertex 14.9198 -17.5924 11.8391
      vertex 14.5535 -17.7441 11.6101
      vertex 15.0094 -17.774 11.8391
    endloop
  endfacet
  facet normal -0.596918 -0.523502 0.607976
    outer loop
      vertex 14.2623 -18.6019 11.0077
      vertex 14.0412 -18.7716 10.6445
      vertex 14.2922 -19.0578 10.6445
    endloop
  endfacet
  facet normal -0.481469 -0.720496 0.499073
    outer loop
      vertex 14.8949 -19.5203 10.6445
      vertex 14.5784 -19.3088 10.6445
      vertex 14.7805 -19.7185 10.248
    endloop
  endfacet
  facet normal -0.170964 -0.194734 0.965842
    outer loop
      vertex 15.9343 -17.5417 12.1327
      vertex 15.5545 -17.7955 12.0143
      vertex 15.6651 -17.8926 12.0143
    endloop
  endfacet
  facet normal -0.312974 -0.634856 0.706403
    outer loop
      vertex 15.4669 -19.132 11.3314
      vertex 15.1961 -18.9985 11.3314
      vertex 15.343 -19.4311 11.0077
    endloop
  endfacet
  facet normal -0.0397851 -0.608289 0.792718
    outer loop
      vertex 16.0962 -18.9279 11.6101
      vertex 16.0488 -19.288 11.3314
      vertex 16.35 -19.3077 11.3314
    endloop
  endfacet
  facet normal -0.383308 -0.77717 0.499081
    outer loop
      vertex 14.8949 -19.5203 10.6445
      vertex 14.7805 -19.7185 10.248
      vertex 15.1487 -19.9001 10.248
    endloop
  endfacet
  facet normal -0.523487 -0.5969 0.608007
    outer loop
      vertex 14.4893 -18.8607 11.0077
      vertex 14.2922 -19.0578 10.6445
      vertex 14.5784 -19.3088 10.6445
    endloop
  endfacet
  facet normal -0.408868 -0.82882 0.381948
    outer loop
      vertex 14.7805 -19.7185 10.248
      vertex 14.6929 -19.8702 9.82504
      vertex 15.0817 -20.062 9.82504
    endloop
  endfacet
  facet normal -0.278508 -0.820543 0.499142
    outer loop
      vertex 15.5968 -19.811 10.6445
      vertex 15.1487 -19.9001 10.248
      vertex 15.5376 -20.0321 10.248
    endloop
  endfacet
  facet normal -0.427307 -0.866448 0.258218
    outer loop
      vertex 15.0817 -20.062 9.82504
      vertex 14.6336 -19.9728 9.38282
      vertex 15.0363 -20.1714 9.38282
    endloop
  endfacet
  facet normal -0.310448 -0.914853 0.258196
    outer loop
      vertex 15.0817 -20.062 9.82504
      vertex 15.0363 -20.1714 9.38282
      vertex 15.4922 -20.2013 9.82504
    endloop
  endfacet
  facet normal -0.0978787 -0.491363 0.865438
    outer loop
      vertex 15.9493 -18.4953 11.8391
      vertex 15.8467 -18.8782 11.6101
      vertex 16.0962 -18.9279 11.6101
    endloop
  endfacet
  facet normal -0.0832498 -0.245398 0.965841
    outer loop
      vertex 16.0887 -17.6308 12.1327
      vertex 15.9195 -18.0394 12.0143
      vertex 16.1733 -17.6595 12.1327
    endloop
  endfacet
  facet normal -0.0418871 -0.123916 -0.991408
    outer loop
      vertex 16.2908 -17.2211 5.20749
      vertex 16.1733 -17.6595 5.26725
      vertex 16.2624 -17.2115 5.20749
    endloop
  endfacet
  facet normal -0.0420281 -0.123888 -0.991406
    outer loop
      vertex 16.1733 -17.6595 5.26725
      vertex 16.0887 -17.6308 5.26725
      vertex 16.2624 -17.2115 5.20749
    endloop
  endfacet
  facet normal -0.0863052 -0.0983205 -0.991405
    outer loop
      vertex 15.9343 -17.5417 5.26725
      vertex 15.8672 -17.4828 5.26725
      vertex 16.1881 -17.1619 5.20749
    endloop
  endfacet
  facet normal -0.0725572 -0.108836 -0.991408
    outer loop
      vertex 16.2355 -17.1982 5.20749
      vertex 16.0086 -17.5913 5.26725
      vertex 16.2106 -17.1816 5.20749
    endloop
  endfacet
  facet normal -0.0726305 -0.108799 -0.991407
    outer loop
      vertex 16.0086 -17.5913 5.26725
      vertex 15.9343 -17.5417 5.26725
      vertex 16.2106 -17.1816 5.20749
    endloop
  endfacet
  facet normal -0.117254 -0.0579731 -0.991408
    outer loop
      vertex 16.1518 -17.1145 5.20749
      vertex 15.7587 -17.3414 5.26725
      vertex 16.1385 -17.0876 5.20749
    endloop
  endfacet
  facet normal -0.0169124 -0.258619 0.965831
    outer loop
      vertex 16.2609 -17.677 12.1327
      vertex 16.2032 -18.1154 12.0143
      vertex 16.35 -18.125 12.0143
    endloop
  endfacet
  facet normal -0.0505223 -0.254196 0.965832
    outer loop
      vertex 16.2609 -17.677 12.1327
      vertex 16.0588 -18.0867 12.0143
      vertex 16.2032 -18.1154 12.0143
    endloop
  endfacet
  facet normal -0.588486 -0.39334 0.706376
    outer loop
      vertex 14.3515 -18.1539 11.3314
      vertex 14.0711 -18.3157 11.0077
      vertex 14.5192 -18.4048 11.3314
    endloop
  endfacet
  facet normal -0.506838 -0.338768 0.792686
    outer loop
      vertex 14.8073 -18.1837 11.6101
      vertex 14.3515 -18.1539 11.3314
      vertex 14.5192 -18.4048 11.3314
    endloop
  endfacet
  facet normal -0.318785 -0.212965 0.923592
    outer loop
      vertex 15.3757 -17.5625 12.0143
      vertex 15.0094 -17.774 11.8391
      vertex 15.1219 -17.9424 11.8391
    endloop
  endfacet
  facet normal -0.343806 -0.169631 0.923592
    outer loop
      vertex 15.3757 -17.5625 12.0143
      vertex 14.9198 -17.5924 11.8391
      vertex 15.0094 -17.774 11.8391
    endloop
  endfacet
  facet normal -0.39334 -0.588486 0.706376
    outer loop
      vertex 15.1961 -18.9985 11.3314
      vertex 14.9452 -18.8308 11.3314
      vertex 15.0343 -19.2789 11.0077
    endloop
  endfacet
  facet normal -0.416548 -0.278276 0.865477
    outer loop
      vertex 15.0094 -17.774 11.8391
      vertex 14.8073 -18.1837 11.6101
      vertex 15.1219 -17.9424 11.8391
    endloop
  endfacet
  facet normal -0.0250163 -0.382541 0.9236
    outer loop
      vertex 16.35 -18.125 12.0143
      vertex 16.2032 -18.1154 12.0143
      vertex 16.35 -18.548 11.8391
    endloop
  endfacet
  facet normal -0.221663 -0.449263 0.865464
    outer loop
      vertex 15.7576 -18.4302 11.8391
      vertex 15.576 -18.3406 11.8391
      vertex 15.6059 -18.7965 11.6101
    endloop
  endfacet
  facet normal -0.278276 -0.416548 0.865477
    outer loop
      vertex 15.4076 -18.2281 11.8391
      vertex 15.1663 -18.5427 11.6101
      vertex 15.576 -18.3406 11.8391
    endloop
  endfacet
  facet normal -0.227657 -0.670221 0.706382
    outer loop
      vertex 15.7527 -19.2291 11.3314
      vertex 15.343 -19.4311 11.0077
      vertex 15.6689 -19.5418 11.0077
    endloop
  endfacet
  facet normal -0.0462013 -0.706388 0.706315
    outer loop
      vertex 16.0488 -19.288 11.3314
      vertex 16.0065 -19.6089 11.0077
      vertex 16.35 -19.3077 11.3314
    endloop
  endfacet
  facet normal -0.523542 -0.596884 0.607974
    outer loop
      vertex 14.7481 -19.0877 11.0077
      vertex 14.4893 -18.8607 11.0077
      vertex 14.5784 -19.3088 10.6445
    endloop
  endfacet
  facet normal -0.441049 -0.66019 0.607968
    outer loop
      vertex 14.7481 -19.0877 11.0077
      vertex 14.5784 -19.3088 10.6445
      vertex 15.0343 -19.2789 11.0077
    endloop
  endfacet
  facet normal -0.351078 -0.712074 0.608026
    outer loop
      vertex 15.0343 -19.2789 11.0077
      vertex 14.8949 -19.5203 10.6445
      vertex 15.343 -19.4311 11.0077
    endloop
  endfacet
  facet normal -0.441106 -0.660094 0.608031
    outer loop
      vertex 15.0343 -19.2789 11.0077
      vertex 14.5784 -19.3088 10.6445
      vertex 14.8949 -19.5203 10.6445
    endloop
  endfacet
  facet normal -0.330339 -0.376611 0.865471
    outer loop
      vertex 15.2554 -18.0946 11.8391
      vertex 15.1663 -18.5427 11.6101
      vertex 15.4076 -18.2281 11.8391
    endloop
  endfacet
  facet normal -0.221581 -0.449267 0.865483
    outer loop
      vertex 15.576 -18.3406 11.8391
      vertex 15.3778 -18.684 11.6101
      vertex 15.6059 -18.7965 11.6101
    endloop
  endfacet
  facet normal -0.212835 -0.318862 0.923595
    outer loop
      vertex 15.6651 -17.8926 12.0143
      vertex 15.576 -18.3406 11.8391
      vertex 15.7875 -17.9743 12.0143
    endloop
  endfacet
  facet normal -0.252968 -0.288138 0.923571
    outer loop
      vertex 15.5545 -17.7955 12.0143
      vertex 15.4076 -18.2281 11.8391
      vertex 15.6651 -17.8926 12.0143
    endloop
  endfacet
  facet normal -0.0861666 -0.0984136 -0.991408
    outer loop
      vertex 16.2106 -17.1816 5.20749
      vertex 15.9343 -17.5417 5.26725
      vertex 16.1881 -17.1619 5.20749
    endloop
  endfacet
  facet normal -0.506858 -0.338625 0.792734
    outer loop
      vertex 14.666 -17.9722 11.6101
      vertex 14.3515 -18.1539 11.3314
      vertex 14.8073 -18.1837 11.6101
    endloop
  endfacet
  facet normal -0.458414 -0.40187 0.79269
    outer loop
      vertex 14.8073 -18.1837 11.6101
      vertex 14.5192 -18.4048 11.3314
      vertex 14.7182 -18.6318 11.3314
    endloop
  endfacet
  facet normal -0.351049 -0.71211 0.607999
    outer loop
      vertex 15.343 -19.4311 11.0077
      vertex 14.8949 -19.5203 10.6445
      vertex 15.2363 -19.6886 10.6445
    endloop
  endfacet
  facet normal -0.255255 -0.751793 0.607991
    outer loop
      vertex 15.343 -19.4311 11.0077
      vertex 15.2363 -19.6886 10.6445
      vertex 15.5968 -19.811 10.6445
    endloop
  endfacet
  facet normal -0.401867 -0.458421 0.792687
    outer loop
      vertex 14.975 -18.375 11.6101
      vertex 14.7182 -18.6318 11.3314
      vertex 15.1663 -18.5427 11.6101
    endloop
  endfacet
  facet normal -0.338625 -0.506858 0.792734
    outer loop
      vertex 15.3778 -18.684 11.6101
      vertex 15.1663 -18.5427 11.6101
      vertex 15.1961 -18.9985 11.3314
    endloop
  endfacet
  facet normal -0.0977215 -0.491329 0.865475
    outer loop
      vertex 16.1479 -18.5348 11.8391
      vertex 15.9493 -18.4953 11.8391
      vertex 16.0962 -18.9279 11.6101
    endloop
  endfacet
  facet normal -0.0326497 -0.499887 0.865475
    outer loop
      vertex 16.1479 -18.5348 11.8391
      vertex 16.0962 -18.9279 11.6101
      vertex 16.35 -18.548 11.8391
    endloop
  endfacet
  facet normal -0.0326941 -0.499865 0.865486
    outer loop
      vertex 16.35 -18.548 11.8391
      vertex 16.0962 -18.9279 11.6101
      vertex 16.35 -18.9445 11.6101
    endloop
  endfacet
  facet normal -0.0397856 -0.608289 0.792718
    outer loop
      vertex 16.35 -18.9445 11.6101
      vertex 16.0962 -18.9279 11.6101
      vertex 16.35 -19.3077 11.3314
    endloop
  endfacet
  facet normal -0.15479 -0.77875 0.607938
    outer loop
      vertex 16.0065 -19.6089 11.0077
      vertex 15.5968 -19.811 10.6445
      vertex 15.9701 -19.8852 10.6445
    endloop
  endfacet
  facet normal -0.051897 -0.792294 0.607929
    outer loop
      vertex 16.0065 -19.6089 11.0077
      vertex 15.9701 -19.8852 10.6445
      vertex 16.35 -19.6314 11.0077
    endloop
  endfacet
  facet normal -0.118928 -0.597872 0.79272
    outer loop
      vertex 16.0962 -18.9279 11.6101
      vertex 15.7527 -19.2291 11.3314
      vertex 16.0488 -19.288 11.3314
    endloop
  endfacet
  facet normal -0.119073 -0.597763 0.792781
    outer loop
      vertex 15.8467 -18.8782 11.6101
      vertex 15.7527 -19.2291 11.3314
      vertex 16.0962 -18.9279 11.6101
    endloop
  endfacet
  facet normal -0.651449 -0.571469 0.499037
    outer loop
      vertex 14.2922 -19.0578 10.6445
      vertex 13.8596 -18.9109 10.248
      vertex 14.1304 -19.2196 10.248
    endloop
  endfacet
  facet normal -0.571469 -0.651449 0.499037
    outer loop
      vertex 14.2922 -19.0578 10.6445
      vertex 14.1304 -19.2196 10.248
      vertex 14.4391 -19.4904 10.248
    endloop
  endfacet
  facet normal -0.393162 -0.588509 0.706457
    outer loop
      vertex 14.9452 -18.8308 11.3314
      vertex 14.7481 -19.0877 11.0077
      vertex 15.0343 -19.2789 11.0077
    endloop
  endfacet
  facet normal -0.466703 -0.532082 0.706454
    outer loop
      vertex 14.9452 -18.8308 11.3314
      vertex 14.4893 -18.8607 11.0077
      vertex 14.7481 -19.0877 11.0077
    endloop
  endfacet
  facet normal -0.278283 -0.416538 0.865479
    outer loop
      vertex 15.576 -18.3406 11.8391
      vertex 15.1663 -18.5427 11.6101
      vertex 15.3778 -18.684 11.6101
    endloop
  endfacet
  facet normal -0.21299 -0.318823 0.923573
    outer loop
      vertex 15.6651 -17.8926 12.0143
      vertex 15.4076 -18.2281 11.8391
      vertex 15.576 -18.3406 11.8391
    endloop
  endfacet
  facet normal -0.416538 -0.278283 0.865479
    outer loop
      vertex 15.0094 -17.774 11.8391
      vertex 14.666 -17.9722 11.6101
      vertex 14.8073 -18.1837 11.6101
    endloop
  endfacet
  facet normal -0.449267 -0.221581 0.865483
    outer loop
      vertex 15.0094 -17.774 11.8391
      vertex 14.5535 -17.7441 11.6101
      vertex 14.666 -17.9722 11.6101
    endloop
  endfacet
  facet normal -0.588509 -0.393162 0.706457
    outer loop
      vertex 14.5192 -18.4048 11.3314
      vertex 14.0711 -18.3157 11.0077
      vertex 14.2623 -18.6019 11.0077
    endloop
  endfacet
  facet normal -0.532202 -0.466556 0.70646
    outer loop
      vertex 14.5192 -18.4048 11.3314
      vertex 14.2623 -18.6019 11.0077
      vertex 14.7182 -18.6318 11.3314
    endloop
  endfacet
  facet normal -0.252796 -0.288207 0.923597
    outer loop
      vertex 15.5545 -17.7955 12.0143
      vertex 15.2554 -18.0946 11.8391
      vertex 15.4076 -18.2281 11.8391
    endloop
  endfacet
  facet normal -0.330192 -0.376659 0.865506
    outer loop
      vertex 15.2554 -18.0946 11.8391
      vertex 14.975 -18.375 11.6101
      vertex 15.1663 -18.5427 11.6101
    endloop
  endfacet
  facet normal -0.195877 -0.577321 0.792674
    outer loop
      vertex 15.6059 -18.7965 11.6101
      vertex 15.4669 -19.132 11.3314
      vertex 15.8467 -18.8782 11.6101
    endloop
  endfacet
  facet normal -0.269563 -0.5468 0.792683
    outer loop
      vertex 15.6059 -18.7965 11.6101
      vertex 15.1961 -18.9985 11.3314
      vertex 15.4669 -19.132 11.3314
    endloop
  endfacet
  facet normal -0.161109 -0.474417 0.865432
    outer loop
      vertex 15.9493 -18.4953 11.8391
      vertex 15.7576 -18.4302 11.8391
      vertex 15.8467 -18.8782 11.6101
    endloop
  endfacet
  facet normal -0.123269 -0.362989 0.923604
    outer loop
      vertex 16.0588 -18.0867 12.0143
      vertex 15.7576 -18.4302 11.8391
      vertex 15.9493 -18.4953 11.8391
    endloop
  endfacet
  facet normal -0.0249848 -0.382532 0.923604
    outer loop
      vertex 16.2032 -18.1154 12.0143
      vertex 16.1479 -18.5348 11.8391
      vertex 16.35 -18.548 11.8391
    endloop
  endfacet
  facet normal -0.0747265 -0.375976 0.923611
    outer loop
      vertex 16.2032 -18.1154 12.0143
      vertex 16.0588 -18.0867 12.0143
      vertex 16.1479 -18.5348 11.8391
    endloop
  endfacet
  facet normal -0.338768 -0.506838 0.792686
    outer loop
      vertex 15.1663 -18.5427 11.6101
      vertex 14.9452 -18.8308 11.3314
      vertex 15.1961 -18.9985 11.3314
    endloop
  endfacet
  facet normal -0.40187 -0.458414 0.79269
    outer loop
      vertex 15.1663 -18.5427 11.6101
      vertex 14.7182 -18.6318 11.3314
      vertex 14.9452 -18.8308 11.3314
    endloop
  endfacet
  facet normal -0.169623 -0.343789 0.9236
    outer loop
      vertex 15.9195 -18.0394 12.0143
      vertex 15.576 -18.3406 11.8391
      vertex 15.7576 -18.4302 11.8391
    endloop
  endfacet
  facet normal -0.169575 -0.343838 0.923591
    outer loop
      vertex 15.7875 -17.9743 12.0143
      vertex 15.576 -18.3406 11.8391
      vertex 15.9195 -18.0394 12.0143
    endloop
  endfacet
  facet normal -0.288207 -0.252796 0.923597
    outer loop
      vertex 15.5545 -17.7955 12.0143
      vertex 15.1219 -17.9424 11.8391
      vertex 15.2554 -18.0946 11.8391
    endloop
  endfacet
  facet normal -0.376611 -0.330339 0.865471
    outer loop
      vertex 15.1219 -17.9424 11.8391
      vertex 14.8073 -18.1837 11.6101
      vertex 15.2554 -18.0946 11.8391
    endloop
  endfacet
  facet normal -0.227694 -0.670184 0.706405
    outer loop
      vertex 15.4669 -19.132 11.3314
      vertex 15.343 -19.4311 11.0077
      vertex 15.7527 -19.2291 11.3314
    endloop
  endfacet
  facet normal -0.196077 -0.577125 0.792768
    outer loop
      vertex 15.8467 -18.8782 11.6101
      vertex 15.4669 -19.132 11.3314
      vertex 15.7527 -19.2291 11.3314
    endloop
  endfacet
  facet normal -0.376659 -0.330192 0.865506
    outer loop
      vertex 15.2554 -18.0946 11.8391
      vertex 14.8073 -18.1837 11.6101
      vertex 14.975 -18.375 11.6101
    endloop
  endfacet
  facet normal -0.458421 -0.401867 0.792687
    outer loop
      vertex 14.8073 -18.1837 11.6101
      vertex 14.7182 -18.6318 11.3314
      vertex 14.975 -18.375 11.6101
    endloop
  endfacet
  facet normal 0.255258 -0.7518 -0.60798
    outer loop
      vertex 61.4637 -19.6886 6.7555
      vertex 61.1032 -19.811 6.7555
      vertex 61.357 -19.4311 6.39229
    endloop
  endfacet
  facet normal 0.77878 -0.154787 -0.607901
    outer loop
      vertex 63.2352 -17.3798 6.7555
      vertex 62.8918 -17.6811 6.39229
      vertex 62.9589 -17.3435 6.39229
    endloop
  endfacet
  facet normal 0.866375 -0.427394 0.258321
    outer loop
      vertex 63.412 -18.2683 9.82504
      vertex 63.2202 -18.6571 9.82504
      vertex 63.3228 -18.7164 9.38282
    endloop
  endfacet
  facet normal 0.849895 -0.168887 -0.499155
    outer loop
      vertex 63.3821 -17.8124 7.15199
      vertex 63.161 -17.7532 6.7555
      vertex 63.2352 -17.3798 6.7555
    endloop
  endfacet
  facet normal 0.906423 -0.180294 0.381956
    outer loop
      vertex 63.4622 -17.4097 10.248
      vertex 63.3821 -17.8124 10.248
      vertex 63.5513 -17.8578 9.82504
    endloop
  endfacet
  facet normal 0.401872 -0.458416 -0.792687
    outer loop
      vertex 61.7548 -18.8308 6.06856
      vertex 61.725 -18.375 5.78986
      vertex 61.9818 -18.6318 6.06856
    endloop
  endfacet
  facet normal 0.660196 -0.441054 -0.607957
    outer loop
      vertex 62.6588 -18.7716 6.7555
      vertex 62.4377 -18.6019 6.39229
      vertex 62.6289 -18.3157 6.39229
    endloop
  endfacet
  facet normal -0.965976 0 -0.258631
    outer loop
      vertex 57.0357 -2.5 7.57496
      vertex 56.9173 -13.5673 8.01718
      vertex 56.9173 -2.5 8.01718
    endloop
  endfacet
  facet normal -0.965976 0 -0.258631
    outer loop
      vertex 56.9173 -13.5673 8.01718
      vertex 57.0357 -2.5 7.57496
      vertex 57.0357 -13.6857 7.57496
    endloop
  endfacet
  facet normal 0.989382 -0.0646929 -0.130149
    outer loop
      vertex 63.8126 -17.4559 8.47109
      vertex 63.7534 -17.4481 8.01718
      vertex 63.7827 -17 8.01718
    endloop
  endfacet
  facet normal 0.792283 -0.0519427 -0.607938
    outer loop
      vertex 63.2352 -17.3798 6.7555
      vertex 62.9814 -17 6.39229
      vertex 63.2601 -17 6.7555
    endloop
  endfacet
  facet normal 0.297032 -0.875119 -0.38202
    outer loop
      vertex 61.6183 -20.062 7.57496
      vertex 61.1624 -20.0321 7.15199
      vertex 61.5513 -19.9001 7.15199
    endloop
  endfacet
  facet normal -0.865949 0 0.500132
    outer loop
      vertex 57.2109 -13.8609 10.248
      vertex 57.4399 -2.5 10.6445
      vertex 57.2109 -2.5 10.248
    endloop
  endfacet
  facet normal -0.865949 0 0.500132
    outer loop
      vertex 57.4399 -2.5 10.6445
      vertex 57.2109 -13.8609 10.248
      vertex 57.4399 -14.0899 10.6445
    endloop
  endfacet
  facet normal 0.866448 -0.427307 -0.258218
    outer loop
      vertex 63.5214 -18.3137 8.01718
      vertex 63.3228 -18.7164 8.01718
      vertex 63.412 -18.2683 7.57496
    endloop
  endfacet
  facet normal 0.130618 0 0.991433
    outer loop
      vertex 60.5789 -2.5 12.1925
      vertex 61.0328 -17 12.1327
      vertex 61.0328 -2.5 12.1327
    endloop
  endfacet
  facet normal 0.130618 0 0.991433
    outer loop
      vertex 61.0328 -17 12.1327
      vertex 60.5789 -2.5 12.1925
      vertex 60.5789 -17 12.1925
    endloop
  endfacet
  facet normal 0.922184 -0.0605486 -0.381981
    outer loop
      vertex 63.6643 -17 7.57496
      vertex 63.4622 -17.4097 7.15199
      vertex 63.4891 -17 7.15199
    endloop
  endfacet
  facet normal 0.255372 -0.751814 -0.607915
    outer loop
      vertex 61.1032 -19.811 6.7555
      vertex 61.0311 -19.5418 6.39229
      vertex 61.357 -19.4311 6.39229
    endloop
  endfacet
  facet normal 0.947478 -0.188515 -0.258357
    outer loop
      vertex 63.7534 -17.4481 8.01718
      vertex 63.5513 -17.8578 7.57496
      vertex 63.6359 -17.4326 7.57496
    endloop
  endfacet
  facet normal 0.318785 -0.212965 -0.923592
    outer loop
      vertex 61.5781 -17.9424 5.56094
      vertex 61.3243 -17.5625 5.38574
      vertex 61.6906 -17.774 5.56094
    endloop
  endfacet
  facet normal 0.119073 -0.597763 -0.792781
    outer loop
      vertex 60.9473 -19.2291 6.06856
      vertex 60.6038 -18.9279 5.78986
      vertex 60.8533 -18.8782 5.78986
    endloop
  endfacet
  facet normal 0.588598 -0.393222 -0.706349
    outer loop
      vertex 62.4377 -18.6019 6.39229
      vertex 62.3485 -18.1539 6.06856
      vertex 62.6289 -18.3157 6.39229
    endloop
  endfacet
  facet normal 0.778771 -0.154753 -0.607921
    outer loop
      vertex 63.161 -17.7532 6.7555
      vertex 62.8918 -17.6811 6.39229
      vertex 63.2352 -17.3798 6.7555
    endloop
  endfacet
  facet normal 0.745398 -0.653768 -0.130266
    outer loop
      vertex 63.1208 -19.1261 8.47109
      vertex 62.7773 -19.4273 8.01718
      vertex 63.0734 -19.0897 8.01718
    endloop
  endfacet
  facet normal -0.965976 0 0.258631
    outer loop
      vertex 56.9173 -13.5673 9.38282
      vertex 57.0357 -2.5 9.82504
      vertex 56.9173 -2.5 9.38282
    endloop
  endfacet
  facet normal -0.965976 0 0.258631
    outer loop
      vertex 57.0357 -2.5 9.82504
      vertex 56.9173 -13.5673 9.38282
      vertex 57.0357 -13.6857 9.82504
    endloop
  endfacet
  facet normal -1 0 0
    outer loop
      vertex 56.8575 -13.5075 8.47109
      vertex 56.8575 -2.5 8.92891
      vertex 56.8575 -2.5 8.47109
    endloop
  endfacet
  facet normal -1 -0 0
    outer loop
      vertex 56.8575 -2.5 8.92891
      vertex 56.8575 -13.5075 8.47109
      vertex 56.8575 -13.5075 8.92891
    endloop
  endfacet
  facet normal 0.88921 -0.438533 -0.13036
    outer loop
      vertex 63.5767 -18.3365 8.47109
      vertex 63.3228 -18.7164 8.01718
      vertex 63.5214 -18.3137 8.01718
    endloop
  endfacet
  facet normal 0.550868 -0.824349 0.130361
    outer loop
      vertex 62.4761 -19.7708 8.92891
      vertex 62.0664 -19.9728 9.38282
      vertex 62.0963 -20.0246 8.92891
    endloop
  endfacet
  facet normal 0.338768 -0.506838 0.792686
    outer loop
      vertex 61.5337 -18.5427 11.6101
      vertex 61.5039 -18.9985 11.3314
      vertex 61.7548 -18.8308 11.3314
    endloop
  endfacet
  facet normal 0.0566658 -0.864552 -0.499338
    outer loop
      vertex 60.7299 -19.8852 6.7555
      vertex 60.35 -20.1391 7.15199
      vertex 60.35 -19.9101 6.7555
    endloop
  endfacet
  facet normal 0.232412 -0.11461 0.965841
    outer loop
      vertex 60.9808 -17.2613 12.1327
      vertex 60.9413 -17.3414 12.1327
      vertex 61.3894 -17.4305 12.0143
    endloop
  endfacet
  facet normal 0.10892 -0.0726136 0.991395
    outer loop
      vertex 60.5482 -17.1145 12.1925
      vertex 60.5316 -17.1394 12.1925
      vertex 60.8917 -17.4157 12.1327
    endloop
  endfacet
  facet normal 0.906427 -0.180295 -0.381949
    outer loop
      vertex 63.5513 -17.8578 7.57496
      vertex 63.3821 -17.8124 7.15199
      vertex 63.4622 -17.4097 7.15199
    endloop
  endfacet
  facet normal 0.849796 -0.169031 -0.499275
    outer loop
      vertex 63.3821 -17.8124 7.15199
      vertex 63.2352 -17.3798 6.7555
      vertex 63.4622 -17.4097 7.15199
    endloop
  endfacet
  facet normal 0.793346 -0 0.608771
    outer loop
      vertex 62.9814 -17 11.0077
      vertex 63.2601 -2.5 10.6445
      vertex 62.9814 -2.5 11.0077
    endloop
  endfacet
  facet normal 0.793346 0 0.608771
    outer loop
      vertex 63.2601 -2.5 10.6445
      vertex 62.9814 -17 11.0077
      vertex 63.2601 -17 10.6445
    endloop
  endfacet
  facet normal 0.97244 -0.193428 -0.130177
    outer loop
      vertex 63.7235 -17.9039 8.47109
      vertex 63.6658 -17.8885 8.01718
      vertex 63.7534 -17.4481 8.01718
    endloop
  endfacet
  facet normal 0.947475 -0.188462 -0.258405
    outer loop
      vertex 63.6658 -17.8885 8.01718
      vertex 63.5513 -17.8578 7.57496
      vertex 63.7534 -17.4481 8.01718
    endloop
  endfacet
  facet normal 0.938803 -0.318822 -0.130389
    outer loop
      vertex 63.5767 -18.3365 8.47109
      vertex 63.5214 -18.3137 8.01718
      vertex 63.6658 -17.8885 8.01718
    endloop
  endfacet
  facet normal -0.70714 0 -0.707074
    outer loop
      vertex 57.7186 -14.3686 6.39229
      vertex 58.0423 -2.5 6.06856
      vertex 58.0423 -14.6923 6.06856
    endloop
  endfacet
  facet normal -0.70714 0 -0.707074
    outer loop
      vertex 58.0423 -2.5 6.06856
      vertex 57.7186 -14.3686 6.39229
      vertex 57.7186 -2.5 6.39229
    endloop
  endfacet
  facet normal 0.991433 0 -0.130616
    outer loop
      vertex 63.8425 -17 8.47109
      vertex 63.7827 -2.5 8.01718
      vertex 63.8425 -2.5 8.47109
    endloop
  endfacet
  facet normal 0.991433 0 -0.130616
    outer loop
      vertex 63.7827 -2.5 8.01718
      vertex 63.8425 -17 8.47109
      vertex 63.7827 -17 8.01718
    endloop
  endfacet
  facet normal 0.128274 -0.0256256 -0.991408
    outer loop
      vertex 61.0095 -17.1767 5.26725
      vertex 60.5711 -17.0592 5.20749
      vertex 61.027 -17.0891 5.26725
    endloop
  endfacet
  facet normal 0.608771 0 -0.793346
    outer loop
      vertex 62.2945 -17 5.78986
      vertex 62.6577 -2.5 6.06856
      vertex 62.6577 -17 6.06856
    endloop
  endfacet
  facet normal 0.608771 0 -0.793346
    outer loop
      vertex 62.6577 -2.5 6.06856
      vertex 62.2945 -17 5.78986
      vertex 62.2945 -2.5 5.78986
    endloop
  endfacet
  facet normal 0.597872 -0.118928 -0.79272
    outer loop
      vertex 62.5791 -17.5973 6.06856
      vertex 62.2779 -17.2538 5.78986
      vertex 62.638 -17.3012 6.06856
    endloop
  endfacet
  facet normal 0.923879 0 -0.382684
    outer loop
      vertex 63.6643 -17 7.57496
      vertex 63.4891 -2.5 7.15199
      vertex 63.6643 -2.5 7.57496
    endloop
  endfacet
  facet normal 0.923879 0 -0.382684
    outer loop
      vertex 63.4891 -2.5 7.15199
      vertex 63.6643 -17 7.57496
      vertex 63.4891 -17 7.15199
    endloop
  endfacet
  facet normal 0.777242 -0.383157 -0.499086
    outer loop
      vertex 63.0685 -18.5695 7.15199
      vertex 62.8703 -18.4551 6.7555
      vertex 63.0386 -18.1137 6.7555
    endloop
  endfacet
  facet normal 0.393311 -0.588442 -0.706429
    outer loop
      vertex 61.9519 -19.0877 6.39229
      vertex 61.5039 -18.9985 6.06856
      vertex 61.7548 -18.8308 6.06856
    endloop
  endfacet
  facet normal 0.751757 -0.255353 0.607994
    outer loop
      vertex 62.8918 -17.6811 11.0077
      vertex 62.7811 -18.007 11.0077
      vertex 63.0386 -18.1137 10.6445
    endloop
  endfacet
  facet normal -0.991433 0 0.130616
    outer loop
      vertex 56.8575 -13.5075 8.92891
      vertex 56.9173 -2.5 9.38282
      vertex 56.8575 -2.5 8.92891
    endloop
  endfacet
  facet normal -0.991433 0 0.130616
    outer loop
      vertex 56.9173 -2.5 9.38282
      vertex 56.8575 -13.5075 8.92891
      vertex 56.9173 -13.5673 9.38282
    endloop
  endfacet
  facet normal -0.923879 0 -0.382684
    outer loop
      vertex 57.2109 -2.5 7.15199
      vertex 57.0357 -13.6857 7.57496
      vertex 57.0357 -2.5 7.57496
    endloop
  endfacet
  facet normal -0.923879 0 -0.382684
    outer loop
      vertex 57.0357 -13.6857 7.57496
      vertex 57.2109 -2.5 7.15199
      vertex 57.2109 -13.8609 7.15199
    endloop
  endfacet
  facet normal -0.923876 0 0.382691
    outer loop
      vertex 57.0357 -13.6857 9.82504
      vertex 57.2109 -2.5 10.248
      vertex 57.0357 -2.5 9.82504
    endloop
  endfacet
  facet normal -0.923876 0 0.382691
    outer loop
      vertex 57.2109 -2.5 10.248
      vertex 57.0357 -13.6857 9.82504
      vertex 57.2109 -13.8609 10.248
    endloop
  endfacet
  facet normal 0.923876 -0 0.382691
    outer loop
      vertex 63.4891 -17 10.248
      vertex 63.6643 -2.5 9.82504
      vertex 63.4891 -2.5 10.248
    endloop
  endfacet
  facet normal 0.923876 0 0.382691
    outer loop
      vertex 63.6643 -2.5 9.82504
      vertex 63.4891 -17 10.248
      vertex 63.6643 -17 9.82504
    endloop
  endfacet
  facet normal 0.914853 -0.310448 -0.258196
    outer loop
      vertex 63.5214 -18.3137 8.01718
      vertex 63.412 -18.2683 7.57496
      vertex 63.5513 -17.8578 7.57496
    endloop
  endfacet
  facet normal 0.820512 -0.278587 -0.499149
    outer loop
      vertex 63.3821 -17.8124 7.15199
      vertex 63.0386 -18.1137 6.7555
      vertex 63.161 -17.7532 6.7555
    endloop
  endfacet
  facet normal 0.0646912 -0.989356 -0.130342
    outer loop
      vertex 60.7981 -20.4034 8.01718
      vertex 60.35 -20.4925 8.47109
      vertex 60.35 -20.4327 8.01718
    endloop
  endfacet
  facet normal 0.87514 -0.296972 -0.382018
    outer loop
      vertex 63.412 -18.2683 7.57496
      vertex 63.2501 -18.2013 7.15199
      vertex 63.5513 -17.8578 7.57496
    endloop
  endfacet
  facet normal 0.792309 -0.0518979 -0.607909
    outer loop
      vertex 63.2352 -17.3798 6.7555
      vertex 62.9589 -17.3435 6.39229
      vertex 62.9814 -17 6.39229
    endloop
  endfacet
  facet normal 0.965976 0 -0.258631
    outer loop
      vertex 63.7827 -17 8.01718
      vertex 63.6643 -2.5 7.57496
      vertex 63.7827 -2.5 8.01718
    endloop
  endfacet
  facet normal 0.965976 0 -0.258631
    outer loop
      vertex 63.6643 -2.5 7.57496
      vertex 63.7827 -17 8.01718
      vertex 63.6643 -17 7.57496
    endloop
  endfacet
  facet normal 0.906399 -0.180342 -0.381992
    outer loop
      vertex 63.5513 -17.8578 7.57496
      vertex 63.4622 -17.4097 7.15199
      vertex 63.6359 -17.4326 7.57496
    endloop
  endfacet
  facet normal 1 -0 0
    outer loop
      vertex 63.8425 -17 8.92891
      vertex 63.8425 -2.5 8.47109
      vertex 63.8425 -2.5 8.92891
    endloop
  endfacet
  facet normal 1 0 0
    outer loop
      vertex 63.8425 -2.5 8.47109
      vertex 63.8425 -17 8.92891
      vertex 63.8425 -17 8.47109
    endloop
  endfacet
  facet normal 0.989344 -0.0648857 -0.13034
    outer loop
      vertex 63.8126 -17.4559 8.47109
      vertex 63.7827 -17 8.01718
      vertex 63.8425 -17 8.47109
    endloop
  endfacet
  facet normal 0.963994 -0.0630328 -0.258347
    outer loop
      vertex 63.7534 -17.4481 8.01718
      vertex 63.6359 -17.4326 7.57496
      vertex 63.7827 -17 8.01718
    endloop
  endfacet
  facet normal 0.831444 -0.555609 0
    outer loop
      vertex 63.1208 -19.1261 8.92891
      vertex 63.3746 -18.7463 8.47109
      vertex 63.3746 -18.7463 8.92891
    endloop
  endfacet
  facet normal 0.831444 -0.555609 0
    outer loop
      vertex 63.3746 -18.7463 8.47109
      vertex 63.1208 -19.1261 8.92891
      vertex 63.1208 -19.1261 8.47109
    endloop
  endfacet
  facet normal 0.914727 -0.310646 -0.258408
    outer loop
      vertex 63.6658 -17.8885 8.01718
      vertex 63.5214 -18.3137 8.01718
      vertex 63.5513 -17.8578 7.57496
    endloop
  endfacet
  facet normal -0.608771 0 -0.793346
    outer loop
      vertex 58.0423 -14.6923 6.06856
      vertex 58.4055 -2.5 5.78986
      vertex 58.4055 -15.0555 5.78986
    endloop
  endfacet
  facet normal -0.608771 0 -0.793346
    outer loop
      vertex 58.4055 -2.5 5.78986
      vertex 58.0423 -14.6923 6.06856
      vertex 58.0423 -2.5 6.06856
    endloop
  endfacet
  facet normal 0.500001 0 -0.866025
    outer loop
      vertex 61.898 -17 5.56094
      vertex 62.2945 -2.5 5.78986
      vertex 62.2945 -17 5.78986
    endloop
  endfacet
  facet normal 0.500001 0 -0.866025
    outer loop
      vertex 62.2945 -2.5 5.78986
      vertex 61.898 -17 5.56094
      vertex 61.898 -2.5 5.56094
    endloop
  endfacet
  facet normal 0.491179 -0.097842 -0.865546
    outer loop
      vertex 62.2282 -17.5033 5.78986
      vertex 61.8848 -17.2021 5.56094
      vertex 62.2779 -17.2538 5.78986
    endloop
  endfacet
  facet normal 0.0978531 -0.491234 -0.865513
    outer loop
      vertex 60.8533 -18.8782 5.78986
      vertex 60.6038 -18.9279 5.78986
      vertex 60.7507 -18.4953 5.56094
    endloop
  endfacet
  facet normal 0.706421 -0.0462035 -0.706282
    outer loop
      vertex 62.9589 -17.3435 6.39229
      vertex 62.638 -17.3012 6.06856
      vertex 62.6577 -17 6.06856
    endloop
  endfacet
  facet normal 0.694334 -0.138003 -0.706297
    outer loop
      vertex 62.8918 -17.6811 6.39229
      vertex 62.638 -17.3012 6.06856
      vertex 62.9589 -17.3435 6.39229
    endloop
  endfacet
  facet normal 0.865944 0 -0.500142
    outer loop
      vertex 63.4891 -17 7.15199
      vertex 63.2601 -2.5 6.7555
      vertex 63.4891 -2.5 7.15199
    endloop
  endfacet
  facet normal 0.865944 0 -0.500142
    outer loop
      vertex 63.2601 -2.5 6.7555
      vertex 63.4891 -17 7.15199
      vertex 63.2601 -17 6.7555
    endloop
  endfacet
  facet normal 0.864547 -0.0567643 -0.499335
    outer loop
      vertex 63.4622 -17.4097 7.15199
      vertex 63.2601 -17 6.7555
      vertex 63.4891 -17 7.15199
    endloop
  endfacet
  facet normal 0.670232 -0.227661 -0.706371
    outer loop
      vertex 62.7811 -18.007 6.39229
      vertex 62.482 -17.8831 6.06856
      vertex 62.8918 -17.6811 6.39229
    endloop
  endfacet
  facet normal 0.751845 -0.255273 -0.607918
    outer loop
      vertex 63.0386 -18.1137 6.7555
      vertex 62.8918 -17.6811 6.39229
      vertex 63.161 -17.7532 6.7555
    endloop
  endfacet
  facet normal 0.651481 -0.571354 -0.499126
    outer loop
      vertex 62.8404 -18.9109 7.15199
      vertex 62.4078 -19.0578 6.7555
      vertex 62.6588 -18.7716 6.7555
    endloop
  endfacet
  facet normal 0.532227 -0.466578 -0.706427
    outer loop
      vertex 62.4377 -18.6019 6.39229
      vertex 61.9818 -18.6318 6.06856
      vertex 62.1808 -18.4048 6.06856
    endloop
  endfacet
  facet normal 0.694715 -0.609448 -0.382027
    outer loop
      vertex 62.6935 -19.3435 7.57496
      vertex 62.5696 -19.2196 7.15199
      vertex 62.9794 -19.0176 7.57496
    endloop
  endfacet
  facet normal 0.296979 -0.87516 -0.381966
    outer loop
      vertex 61.2078 -20.2013 7.57496
      vertex 61.1624 -20.0321 7.15199
      vertex 61.6183 -20.062 7.57496
    endloop
  endfacet
  facet normal 0.0519291 -0.792284 -0.607939
    outer loop
      vertex 60.7299 -19.8852 6.7555
      vertex 60.35 -19.9101 6.7555
      vertex 60.35 -19.6314 6.39229
    endloop
  endfacet
  facet normal -0.500001 0 -0.866025
    outer loop
      vertex 58.4055 -15.0555 5.78986
      vertex 58.802 -2.5 5.56094
      vertex 58.802 -15.452 5.56094
    endloop
  endfacet
  facet normal -0.500001 0 -0.866025
    outer loop
      vertex 58.802 -2.5 5.56094
      vertex 58.4055 -15.0555 5.78986
      vertex 58.4055 -2.5 5.78986
    endloop
  endfacet
  facet normal -0.865944 0 -0.500142
    outer loop
      vertex 57.4399 -2.5 6.7555
      vertex 57.2109 -13.8609 7.15199
      vertex 57.2109 -2.5 7.15199
    endloop
  endfacet
  facet normal -0.865944 0 -0.500142
    outer loop
      vertex 57.2109 -13.8609 7.15199
      vertex 57.4399 -2.5 6.7555
      vertex 57.4399 -14.0899 6.7555
    endloop
  endfacet
  facet normal -0.130618 0 0.991433
    outer loop
      vertex 59.6672 -16.3172 12.1327
      vertex 60.1211 -2.5 12.1925
      vertex 59.6672 -2.5 12.1327
    endloop
  endfacet
  facet normal -0.130618 0 0.991433
    outer loop
      vertex 60.1211 -2.5 12.1925
      vertex 59.6672 -16.3172 12.1327
      vertex 60.1211 -16.7711 12.1925
    endloop
  endfacet
  facet normal -0.608771 0 0.793346
    outer loop
      vertex 58.0423 -14.6923 11.3314
      vertex 58.4055 -2.5 11.6101
      vertex 58.0423 -2.5 11.3314
    endloop
  endfacet
  facet normal -0.608771 0 0.793346
    outer loop
      vertex 58.4055 -2.5 11.6101
      vertex 58.0423 -14.6923 11.3314
      vertex 58.4055 -15.0555 11.6101
    endloop
  endfacet
  facet normal 0.458416 -0.401872 0.792687
    outer loop
      vertex 62.1808 -18.4048 11.3314
      vertex 61.725 -18.375 11.6101
      vertex 61.9818 -18.6318 11.3314
    endloop
  endfacet
  facet normal 0.330294 -0.37656 0.86551
    outer loop
      vertex 61.4446 -18.0946 11.8391
      vertex 61.2924 -18.2281 11.8391
      vertex 61.725 -18.375 11.6101
    endloop
  endfacet
  facet normal 0.393203 -0.588571 0.706382
    outer loop
      vertex 61.9519 -19.0877 11.0077
      vertex 61.5039 -18.9985 11.3314
      vertex 61.6657 -19.2789 11.0077
    endloop
  endfacet
  facet normal 0.972448 -0.193404 -0.130152
    outer loop
      vertex 63.8126 -17.4559 8.47109
      vertex 63.7235 -17.9039 8.47109
      vertex 63.7534 -17.4481 8.01718
    endloop
  endfacet
  facet normal 0.188462 -0.947475 0.258405
    outer loop
      vertex 61.2078 -20.2013 9.82504
      vertex 60.7981 -20.4034 9.38282
      vertex 61.2385 -20.3158 9.38282
    endloop
  endfacet
  facet normal 0.706382 -0.0462696 -0.706317
    outer loop
      vertex 62.9589 -17.3435 6.39229
      vertex 62.6577 -17 6.06856
      vertex 62.9814 -17 6.39229
    endloop
  endfacet
  facet normal 0.864589 -0.0566832 -0.499272
    outer loop
      vertex 63.4622 -17.4097 7.15199
      vertex 63.2352 -17.3798 6.7555
      vertex 63.2601 -17 6.7555
    endloop
  endfacet
  facet normal 0.889211 -0.43853 0.130363
    outer loop
      vertex 63.5767 -18.3365 8.92891
      vertex 63.3228 -18.7164 9.38282
      vertex 63.3746 -18.7463 8.92891
    endloop
  endfacet
  facet normal 0.382532 -0.0249848 0.923604
    outer loop
      vertex 61.898 -17 11.8391
      vertex 61.4654 -17.1468 12.0143
      vertex 61.8848 -17.2021 11.8391
    endloop
  endfacet
  facet normal 0.707107 -0 0.707107
    outer loop
      vertex 62.6577 -17 11.3314
      vertex 62.9814 -2.5 11.0077
      vertex 62.6577 -2.5 11.3314
    endloop
  endfacet
  facet normal 0.707107 0 0.707107
    outer loop
      vertex 62.9814 -2.5 11.0077
      vertex 62.6577 -17 11.3314
      vertex 62.9814 -17 11.0077
    endloop
  endfacet
  facet normal 0.258641 0 0.965973
    outer loop
      vertex 61.0328 -2.5 12.1327
      vertex 61.475 -17 12.0143
      vertex 61.475 -2.5 12.0143
    endloop
  endfacet
  facet normal 0.258641 0 0.965973
    outer loop
      vertex 61.475 -17 12.0143
      vertex 61.0328 -2.5 12.1327
      vertex 61.0328 -17 12.1327
    endloop
  endfacet
  facet normal 0.659295 -0.751885 0
    outer loop
      vertex 62.4761 -19.7708 8.47109
      vertex 62.8196 -19.4696 8.92891
      vertex 62.4761 -19.7708 8.92891
    endloop
  endfacet
  facet normal 0.659295 -0.751885 0
    outer loop
      vertex 62.8196 -19.4696 8.92891
      vertex 62.4761 -19.7708 8.47109
      vertex 62.8196 -19.4696 8.47109
    endloop
  endfacet
  facet normal 0.96404 -0.0632888 -0.258112
    outer loop
      vertex 63.7827 -17 8.01718
      vertex 63.6359 -17.4326 7.57496
      vertex 63.6643 -17 7.57496
    endloop
  endfacet
  facet normal 0.922182 -0.0605409 -0.381988
    outer loop
      vertex 63.6359 -17.4326 7.57496
      vertex 63.4622 -17.4097 7.15199
      vertex 63.6643 -17 7.57496
    endloop
  endfacet
  facet normal 0.130532 0 -0.991444
    outer loop
      vertex 60.5789 -17 5.20749
      vertex 61.0328 -2.5 5.26725
      vertex 61.0328 -17 5.26725
    endloop
  endfacet
  facet normal 0.130532 0 -0.991444
    outer loop
      vertex 61.0328 -2.5 5.26725
      vertex 60.5789 -17 5.20749
      vertex 60.5789 -2.5 5.20749
    endloop
  endfacet
  facet normal 0.608289 -0.0397856 -0.792718
    outer loop
      vertex 62.638 -17.3012 6.06856
      vertex 62.2779 -17.2538 5.78986
      vertex 62.2945 -17 5.78986
    endloop
  endfacet
  facet normal 0.382541 -0.0250163 -0.9236
    outer loop
      vertex 61.898 -17 5.56094
      vertex 61.4654 -17.1468 5.38574
      vertex 61.475 -17 5.38574
    endloop
  endfacet
  facet normal 0.608289 -0.0397852 -0.792718
    outer loop
      vertex 62.638 -17.3012 6.06856
      vertex 62.2945 -17 5.78986
      vertex 62.6577 -17 6.06856
    endloop
  endfacet
  facet normal 0.634873 -0.313015 -0.70637
    outer loop
      vertex 62.6289 -18.3157 6.39229
      vertex 62.482 -17.8831 6.06856
      vertex 62.7811 -18.007 6.39229
    endloop
  endfacet
  facet normal 0.751764 -0.255355 -0.607984
    outer loop
      vertex 63.0386 -18.1137 6.7555
      vertex 62.7811 -18.007 6.39229
      vertex 62.8918 -17.6811 6.39229
    endloop
  endfacet
  facet normal 0.408869 -0.828823 -0.381941
    outer loop
      vertex 62.0071 -19.8702 7.57496
      vertex 61.6183 -20.062 7.57496
      vertex 61.9195 -19.7185 7.15199
    endloop
  endfacet
  facet normal 0.8288 -0.408857 -0.382004
    outer loop
      vertex 63.412 -18.2683 7.57496
      vertex 63.2202 -18.6571 7.57496
      vertex 63.2501 -18.2013 7.15199
    endloop
  endfacet
  facet normal 0.866375 -0.427394 -0.258321
    outer loop
      vertex 63.3228 -18.7164 8.01718
      vertex 63.2202 -18.6571 7.57496
      vertex 63.412 -18.2683 7.57496
    endloop
  endfacet
  facet normal 0.777103 -0.383275 -0.499211
    outer loop
      vertex 63.0685 -18.5695 7.15199
      vertex 63.0386 -18.1137 6.7555
      vertex 63.2501 -18.2013 7.15199
    endloop
  endfacet
  facet normal 0.481466 -0.720491 -0.499082
    outer loop
      vertex 61.9195 -19.7185 7.15199
      vertex 61.8051 -19.5203 6.7555
      vertex 62.1216 -19.3088 6.7555
    endloop
  endfacet
  facet normal 0.441135 -0.660139 -0.607961
    outer loop
      vertex 62.1216 -19.3088 6.7555
      vertex 61.8051 -19.5203 6.7555
      vertex 61.9519 -19.0877 6.39229
    endloop
  endfacet
  facet normal 0.118928 -0.597872 -0.79272
    outer loop
      vertex 60.6512 -19.288 6.06856
      vertex 60.6038 -18.9279 5.78986
      vertex 60.9473 -19.2291 6.06856
    endloop
  endfacet
  facet normal 0.338768 -0.506838 -0.792686
    outer loop
      vertex 61.7548 -18.8308 6.06856
      vertex 61.5039 -18.9985 6.06856
      vertex 61.5337 -18.5427 5.78986
    endloop
  endfacet
  facet normal 0.0326855 -0.499734 -0.865562
    outer loop
      vertex 60.6038 -18.9279 5.78986
      vertex 60.35 -18.9445 5.78986
      vertex 60.35 -18.548 5.56094
    endloop
  endfacet
  facet normal 0.310448 -0.914853 -0.258196
    outer loop
      vertex 61.6637 -20.1714 8.01718
      vertex 61.2078 -20.2013 7.57496
      vertex 61.6183 -20.062 7.57496
    endloop
  endfacet
  facet normal 0.571358 -0.651485 0.499117
    outer loop
      vertex 62.4078 -19.0578 10.6445
      vertex 62.1216 -19.3088 10.6445
      vertex 62.2609 -19.4904 10.248
    endloop
  endfacet
  facet normal 0.609434 -0.694728 -0.382026
    outer loop
      vertex 62.6935 -19.3435 7.57496
      vertex 62.2609 -19.4904 7.15199
      vertex 62.5696 -19.2196 7.15199
    endloop
  endfacet
  facet normal 0.653666 -0.745466 -0.130386
    outer loop
      vertex 62.8196 -19.4696 8.47109
      vertex 62.4761 -19.7708 8.47109
      vertex 62.7773 -19.4273 8.01718
    endloop
  endfacet
  facet normal -0.991433 0 -0.130616
    outer loop
      vertex 56.9173 -2.5 8.01718
      vertex 56.8575 -13.5075 8.47109
      vertex 56.8575 -2.5 8.47109
    endloop
  endfacet
  facet normal -0.991433 0 -0.130616
    outer loop
      vertex 56.8575 -13.5075 8.47109
      vertex 56.9173 -2.5 8.01718
      vertex 56.9173 -13.5673 8.01718
    endloop
  endfacet
  facet normal 0.143963 -0.21568 -0.965793
    outer loop
      vertex 60.9125 -17.9743 5.38574
      vertex 60.7657 -17.5417 5.26725
      vertex 61.0349 -17.8926 5.38574
    endloop
  endfacet
  facet normal 0.0978787 -0.491363 0.865438
    outer loop
      vertex 60.7507 -18.4953 11.8391
      vertex 60.6038 -18.9279 11.6101
      vertex 60.8533 -18.8782 11.6101
    endloop
  endfacet
  facet normal 0.416548 -0.278276 0.865477
    outer loop
      vertex 61.6906 -17.774 11.8391
      vertex 61.5781 -17.9424 11.8391
      vertex 61.8927 -18.1837 11.6101
    endloop
  endfacet
  facet normal -0.258641 0 0.965973
    outer loop
      vertex 59.225 -15.875 12.0143
      vertex 59.6672 -2.5 12.1327
      vertex 59.225 -2.5 12.0143
    endloop
  endfacet
  facet normal -0.258641 0 0.965973
    outer loop
      vertex 59.6672 -2.5 12.1327
      vertex 59.225 -15.875 12.0143
      vertex 59.6672 -16.3172 12.1327
    endloop
  endfacet
  facet normal 0.0578972 -0.117407 0.991395
    outer loop
      vertex 60.6914 -17.5913 12.1327
      vertex 60.4376 -17.2115 12.1925
      vertex 60.6113 -17.6308 12.1327
    endloop
  endfacet
  facet normal 0.500132 0 0.865949
    outer loop
      vertex 61.898 -2.5 11.8391
      vertex 62.2945 -17 11.6101
      vertex 62.2945 -2.5 11.6101
    endloop
  endfacet
  facet normal 0.500132 0 0.865949
    outer loop
      vertex 62.2945 -17 11.6101
      vertex 61.898 -2.5 11.8391
      vertex 61.898 -17 11.8391
    endloop
  endfacet
  facet normal 0.25537 -0.751807 0.607925
    outer loop
      vertex 61.357 -19.4311 11.0077
      vertex 61.0311 -19.5418 11.0077
      vertex 61.1032 -19.811 10.6445
    endloop
  endfacet
  facet normal 0.12396 -0.0420528 0.991396
    outer loop
      vertex 61.0095 -17.1767 12.1327
      vertex 60.5711 -17.0592 12.1925
      vertex 60.9808 -17.2613 12.1327
    endloop
  endfacet
  facet normal 0.637081 -0.726214 0.258342
    outer loop
      vertex 62.6935 -19.3435 9.82504
      vertex 62.3676 -19.6294 9.82504
      vertex 62.7773 -19.4273 9.38282
    endloop
  endfacet
  facet normal 0.481469 -0.720496 0.499073
    outer loop
      vertex 62.1216 -19.3088 10.6445
      vertex 61.8051 -19.5203 10.6445
      vertex 61.9195 -19.7185 10.248
    endloop
  endfacet
  facet normal 0.792275 -0.0519422 0.607949
    outer loop
      vertex 63.2601 -17 10.6445
      vertex 62.9814 -17 11.0077
      vertex 63.2352 -17.3798 10.6445
    endloop
  endfacet
  facet normal -0.793354 0 -0.60876
    outer loop
      vertex 57.7186 -2.5 6.39229
      vertex 57.4399 -14.0899 6.7555
      vertex 57.4399 -2.5 6.7555
    endloop
  endfacet
  facet normal -0.793354 0 -0.60876
    outer loop
      vertex 57.4399 -14.0899 6.7555
      vertex 57.7186 -2.5 6.39229
      vertex 57.7186 -14.3686 6.39229
    endloop
  endfacet
  facet normal 0.694258 -0.138101 -0.706352
    outer loop
      vertex 62.8918 -17.6811 6.39229
      vertex 62.5791 -17.5973 6.06856
      vertex 62.638 -17.3012 6.06856
    endloop
  endfacet
  facet normal 0.670239 -0.227712 -0.706348
    outer loop
      vertex 62.8918 -17.6811 6.39229
      vertex 62.482 -17.8831 6.06856
      vertex 62.5791 -17.5973 6.06856
    endloop
  endfacet
  facet normal 0.70714 0 -0.707074
    outer loop
      vertex 62.9814 -17 6.39229
      vertex 62.6577 -2.5 6.06856
      vertex 62.9814 -2.5 6.39229
    endloop
  endfacet
  facet normal 0.70714 0 -0.707074
    outer loop
      vertex 62.6577 -2.5 6.06856
      vertex 62.9814 -17 6.39229
      vertex 62.6577 -17 6.06856
    endloop
  endfacet
  facet normal 0.793354 0 -0.60876
    outer loop
      vertex 63.2601 -17 6.7555
      vertex 62.9814 -2.5 6.39229
      vertex 63.2601 -2.5 6.7555
    endloop
  endfacet
  facet normal 0.793354 0 -0.60876
    outer loop
      vertex 62.9814 -2.5 6.39229
      vertex 63.2601 -17 6.7555
      vertex 62.9814 -17 6.39229
    endloop
  endfacet
  facet normal 0.660101 -0.44111 -0.60802
    outer loop
      vertex 62.6588 -18.7716 6.7555
      vertex 62.6289 -18.3157 6.39229
      vertex 62.8703 -18.4551 6.7555
    endloop
  endfacet
  facet normal 0.7121 -0.351091 -0.607988
    outer loop
      vertex 63.0386 -18.1137 6.7555
      vertex 62.6289 -18.3157 6.39229
      vertex 62.7811 -18.007 6.39229
    endloop
  endfacet
  facet normal 0.820504 -0.278495 -0.499213
    outer loop
      vertex 63.2501 -18.2013 7.15199
      vertex 63.0386 -18.1137 6.7555
      vertex 63.3821 -17.8124 7.15199
    endloop
  endfacet
  facet normal 0.875141 -0.297039 -0.381964
    outer loop
      vertex 63.5513 -17.8578 7.57496
      vertex 63.2501 -18.2013 7.15199
      vertex 63.3821 -17.8124 7.15199
    endloop
  endfacet
  facet normal 0.720491 -0.481466 -0.499082
    outer loop
      vertex 63.0685 -18.5695 7.15199
      vertex 62.6588 -18.7716 6.7555
      vertex 62.8703 -18.4551 6.7555
    endloop
  endfacet
  facet normal 0.712101 -0.351044 -0.608014
    outer loop
      vertex 62.8703 -18.4551 6.7555
      vertex 62.6289 -18.3157 6.39229
      vertex 63.0386 -18.1137 6.7555
    endloop
  endfacet
  facet normal 0.803345 -0.536603 -0.258251
    outer loop
      vertex 63.0734 -19.0897 8.01718
      vertex 62.9794 -19.0176 7.57496
      vertex 63.2202 -18.6571 7.57496
    endloop
  endfacet
  facet normal 0.938906 -0.318612 -0.130161
    outer loop
      vertex 63.7235 -17.9039 8.47109
      vertex 63.5767 -18.3365 8.47109
      vertex 63.6658 -17.8885 8.01718
    endloop
  endfacet
  facet normal 0.258825 0 -0.965924
    outer loop
      vertex 61.0328 -17 5.26725
      vertex 61.475 -2.5 5.38574
      vertex 61.475 -17 5.38574
    endloop
  endfacet
  facet normal 0.258825 0 -0.965924
    outer loop
      vertex 61.475 -2.5 5.38574
      vertex 61.0328 -17 5.26725
      vertex 61.0328 -2.5 5.26725
    endloop
  endfacet
  facet normal 0.330141 -0.376601 -0.865551
    outer loop
      vertex 61.5337 -18.5427 5.78986
      vertex 61.2924 -18.2281 5.56094
      vertex 61.725 -18.375 5.78986
    endloop
  endfacet
  facet normal 0.278575 -0.820476 -0.499215
    outer loop
      vertex 61.5513 -19.9001 7.15199
      vertex 61.1032 -19.811 6.7555
      vertex 61.4637 -19.6886 6.7555
    endloop
  endfacet
  facet normal 0.269563 -0.5468 -0.792683
    outer loop
      vertex 61.2331 -19.132 6.06856
      vertex 61.0941 -18.7965 5.78986
      vertex 61.5039 -18.9985 6.06856
    endloop
  endfacet
  facet normal 0.694722 -0.609429 -0.382043
    outer loop
      vertex 62.9794 -19.0176 7.57496
      vertex 62.5696 -19.2196 7.15199
      vertex 62.8404 -18.9109 7.15199
    endloop
  endfacet
  facet normal 0.651445 -0.571465 -0.499046
    outer loop
      vertex 62.5696 -19.2196 7.15199
      vertex 62.4078 -19.0578 6.7555
      vertex 62.8404 -18.9109 7.15199
    endloop
  endfacet
  facet normal 0.154792 -0.778758 -0.607927
    outer loop
      vertex 60.7299 -19.8852 6.7555
      vertex 60.6935 -19.6089 6.39229
      vertex 61.1032 -19.811 6.7555
    endloop
  endfacet
  facet normal 0.0462696 -0.706382 -0.706317
    outer loop
      vertex 60.6935 -19.6089 6.39229
      vertex 60.35 -19.6314 6.39229
      vertex 60.35 -19.3077 6.06856
    endloop
  endfacet
  facet normal 0.0397851 -0.608289 -0.792718
    outer loop
      vertex 60.6512 -19.288 6.06856
      vertex 60.35 -19.3077 6.06856
      vertex 60.6038 -18.9279 5.78986
    endloop
  endfacet
  facet normal 0.0632888 -0.96404 -0.258112
    outer loop
      vertex 60.7826 -20.2859 7.57496
      vertex 60.35 -20.4327 8.01718
      vertex 60.35 -20.3143 7.57496
    endloop
  endfacet
  facet normal 0.427307 -0.866448 -0.258218
    outer loop
      vertex 61.6637 -20.1714 8.01718
      vertex 61.6183 -20.062 7.57496
      vertex 62.0664 -19.9728 8.01718
    endloop
  endfacet
  facet normal 0.180342 -0.906399 -0.381992
    outer loop
      vertex 60.7826 -20.2859 7.57496
      vertex 60.7597 -20.1122 7.15199
      vertex 61.2078 -20.2013 7.57496
    endloop
  endfacet
  facet normal 0.550868 -0.824349 -0.130361
    outer loop
      vertex 62.0963 -20.0246 8.47109
      vertex 62.0664 -19.9728 8.01718
      vertex 62.4761 -19.7708 8.47109
    endloop
  endfacet
  facet normal 0.536591 -0.803326 -0.258335
    outer loop
      vertex 62.0664 -19.9728 8.01718
      vertex 62.0071 -19.8702 7.57496
      vertex 62.3676 -19.6294 7.57496
    endloop
  endfacet
  facet normal 0.609444 -0.69471 -0.382042
    outer loop
      vertex 62.3676 -19.6294 7.57496
      vertex 62.2609 -19.4904 7.15199
      vertex 62.6935 -19.3435 7.57496
    endloop
  endfacet
  facet normal -0.258825 0 -0.965924
    outer loop
      vertex 59.225 -15.875 5.38574
      vertex 59.6672 -2.5 5.26725
      vertex 59.6672 -16.3172 5.26725
    endloop
  endfacet
  facet normal -0.258825 0 -0.965924
    outer loop
      vertex 59.6672 -2.5 5.26725
      vertex 59.225 -15.875 5.38574
      vertex 59.225 -2.5 5.38574
    endloop
  endfacet
  facet normal -0.130532 0 -0.991444
    outer loop
      vertex 59.6672 -16.3172 5.26725
      vertex 60.1211 -2.5 5.20749
      vertex 60.1211 -16.7711 5.20749
    endloop
  endfacet
  facet normal -0.130532 0 -0.991444
    outer loop
      vertex 60.1211 -2.5 5.20749
      vertex 59.6672 -16.3172 5.26725
      vertex 59.6672 -2.5 5.26725
    endloop
  endfacet
  facet normal 0.310448 -0.914853 0.258196
    outer loop
      vertex 61.6183 -20.062 9.82504
      vertex 61.2078 -20.2013 9.82504
      vertex 61.6637 -20.1714 9.38282
    endloop
  endfacet
  facet normal 0.0747803 -0.375984 0.923604
    outer loop
      vertex 60.6412 -18.0867 12.0143
      vertex 60.5521 -18.5348 11.8391
      vertex 60.7507 -18.4953 11.8391
    endloop
  endfacet
  facet normal 0.38266 0 0.923889
    outer loop
      vertex 61.475 -2.5 12.0143
      vertex 61.898 -17 11.8391
      vertex 61.898 -2.5 11.8391
    endloop
  endfacet
  facet normal 0.38266 0 0.923889
    outer loop
      vertex 61.898 -17 11.8391
      vertex 61.475 -2.5 12.0143
      vertex 61.475 -17 12.0143
    endloop
  endfacet
  facet normal 0.0580112 -0.117331 0.991397
    outer loop
      vertex 60.4645 -17.1982 12.1925
      vertex 60.4376 -17.2115 12.1925
      vertex 60.6914 -17.5913 12.1327
    endloop
  endfacet
  facet normal 0.114612 -0.232415 0.96584
    outer loop
      vertex 60.6914 -17.5913 12.1327
      vertex 60.6113 -17.6308 12.1327
      vertex 60.9125 -17.9743 12.0143
    endloop
  endfacet
  facet normal 0.653768 -0.745398 -0.130266
    outer loop
      vertex 62.4761 -19.7708 8.47109
      vertex 62.4397 -19.7234 8.01718
      vertex 62.7773 -19.4273 8.01718
    endloop
  endfacet
  facet normal 0.889211 -0.43853 -0.130363
    outer loop
      vertex 63.3746 -18.7463 8.47109
      vertex 63.3228 -18.7164 8.01718
      vertex 63.5767 -18.3365 8.47109
    endloop
  endfacet
  facet normal 0.96404 -0.0632888 0.258112
    outer loop
      vertex 63.6643 -17 9.82504
      vertex 63.6359 -17.4326 9.82504
      vertex 63.7827 -17 9.38282
    endloop
  endfacet
  facet normal 0.896865 -0.442305 0
    outer loop
      vertex 63.3746 -18.7463 8.92891
      vertex 63.5767 -18.3365 8.47109
      vertex 63.5767 -18.3365 8.92891
    endloop
  endfacet
  facet normal 0.896865 -0.442305 0
    outer loop
      vertex 63.5767 -18.3365 8.47109
      vertex 63.3746 -18.7463 8.92891
      vertex 63.3746 -18.7463 8.47109
    endloop
  endfacet
  facet normal 0.965976 -0 0.258631
    outer loop
      vertex 63.6643 -17 9.82504
      vertex 63.7827 -2.5 9.38282
      vertex 63.6643 -2.5 9.82504
    endloop
  endfacet
  facet normal 0.965976 0 0.258631
    outer loop
      vertex 63.7827 -2.5 9.38282
      vertex 63.6643 -17 9.82504
      vertex 63.7827 -17 9.38282
    endloop
  endfacet
  facet normal 0.0648873 -0.989369 -0.130151
    outer loop
      vertex 60.8059 -20.4626 8.47109
      vertex 60.35 -20.4925 8.47109
      vertex 60.7981 -20.4034 8.01718
    endloop
  endfacet
  facet normal 0.362993 -0.12327 0.923602
    outer loop
      vertex 61.8453 -17.4007 11.8391
      vertex 61.3894 -17.4305 12.0143
      vertex 61.7802 -17.5924 11.8391
    endloop
  endfacet
  facet normal 0.128359 -0.0256425 0.991396
    outer loop
      vertex 61.027 -17.0891 12.1327
      vertex 60.5711 -17.0592 12.1925
      vertex 61.0095 -17.1767 12.1327
    endloop
  endfacet
  facet normal 0.57723 -0.196113 0.792682
    outer loop
      vertex 62.5791 -17.5973 11.3314
      vertex 62.1465 -17.7441 11.6101
      vertex 62.482 -17.8831 11.3314
    endloop
  endfacet
  facet normal 0.474354 -0.161087 0.865471
    outer loop
      vertex 61.8453 -17.4007 11.8391
      vertex 61.7802 -17.5924 11.8391
      vertex 62.1465 -17.7441 11.6101
    endloop
  endfacet
  facet normal 0.499865 -0.0326483 0.865488
    outer loop
      vertex 61.898 -17 11.8391
      vertex 61.8848 -17.2021 11.8391
      vertex 62.2945 -17 11.6101
    endloop
  endfacet
  facet normal 0.375969 -0.0747773 0.92361
    outer loop
      vertex 61.8848 -17.2021 11.8391
      vertex 61.4654 -17.1468 12.0143
      vertex 61.8453 -17.4007 11.8391
    endloop
  endfacet
  facet normal 0.651449 -0.571469 0.499037
    outer loop
      vertex 62.8404 -18.9109 10.248
      vertex 62.4078 -19.0578 10.6445
      vertex 62.5696 -19.2196 10.248
    endloop
  endfacet
  facet normal 0.751885 -0.659295 0
    outer loop
      vertex 62.8196 -19.4696 8.92891
      vertex 63.1208 -19.1261 8.47109
      vertex 63.1208 -19.1261 8.92891
    endloop
  endfacet
  facet normal 0.751885 -0.659295 0
    outer loop
      vertex 63.1208 -19.1261 8.47109
      vertex 62.8196 -19.4696 8.92891
      vertex 62.8196 -19.4696 8.47109
    endloop
  endfacet
  facet normal 0.546705 -0.269637 0.792723
    outer loop
      vertex 62.1465 -17.7441 11.6101
      vertex 62.034 -17.9722 11.6101
      vertex 62.3485 -18.1539 11.3314
    endloop
  endfacet
  facet normal 0.865949 -0 0.500132
    outer loop
      vertex 63.2601 -17 10.6445
      vertex 63.4891 -2.5 10.248
      vertex 63.2601 -2.5 10.6445
    endloop
  endfacet
  facet normal 0.865949 0 0.500132
    outer loop
      vertex 63.4891 -2.5 10.248
      vertex 63.2601 -17 10.6445
      vertex 63.4891 -17 10.248
    endloop
  endfacet
  facet normal 0.351078 -0.712074 0.608026
    outer loop
      vertex 61.6657 -19.2789 11.0077
      vertex 61.357 -19.4311 11.0077
      vertex 61.8051 -19.5203 10.6445
    endloop
  endfacet
  facet normal 0.513424 -0.768447 0.381949
    outer loop
      vertex 62.2609 -19.4904 10.248
      vertex 61.9195 -19.7185 10.248
      vertex 62.0071 -19.8702 9.82504
    endloop
  endfacet
  facet normal 0.130528 -0.00849676 -0.991408
    outer loop
      vertex 61.027 -17.0891 5.26725
      vertex 60.5789 -17 5.20749
      vertex 61.0328 -17 5.26725
    endloop
  endfacet
  facet normal 0.588442 -0.393311 -0.706429
    outer loop
      vertex 62.4377 -18.6019 6.39229
      vertex 62.1808 -18.4048 6.06856
      vertex 62.3485 -18.1539 6.06856
    endloop
  endfacet
  facet normal 0.458416 -0.401872 -0.792687
    outer loop
      vertex 61.9818 -18.6318 6.06856
      vertex 61.725 -18.375 5.78986
      vertex 62.1808 -18.4048 6.06856
    endloop
  endfacet
  facet normal 0.466724 -0.532107 -0.706421
    outer loop
      vertex 61.9519 -19.0877 6.39229
      vertex 61.7548 -18.8308 6.06856
      vertex 62.2107 -18.8607 6.39229
    endloop
  endfacet
  facet normal 0.634899 -0.312995 -0.706355
    outer loop
      vertex 62.6289 -18.3157 6.39229
      vertex 62.3485 -18.1539 6.06856
      vertex 62.482 -17.8831 6.06856
    endloop
  endfacet
  facet normal 0.720505 -0.481392 -0.499134
    outer loop
      vertex 62.8404 -18.9109 7.15199
      vertex 62.6588 -18.7716 6.7555
      vertex 63.0685 -18.5695 7.15199
    endloop
  endfacet
  facet normal 0.828857 -0.408801 -0.381939
    outer loop
      vertex 63.2202 -18.6571 7.57496
      vertex 63.0685 -18.5695 7.15199
      vertex 63.2501 -18.2013 7.15199
    endloop
  endfacet
  facet normal 0.27821 -0.416429 -0.865555
    outer loop
      vertex 61.3222 -18.684 5.78986
      vertex 61.124 -18.3406 5.56094
      vertex 61.5337 -18.5427 5.78986
    endloop
  endfacet
  facet normal 0.269637 -0.546705 -0.792723
    outer loop
      vertex 61.5039 -18.9985 6.06856
      vertex 61.0941 -18.7965 5.78986
      vertex 61.3222 -18.684 5.78986
    endloop
  endfacet
  facet normal 0.160917 -0.47428 -0.865543
    outer loop
      vertex 61.0941 -18.7965 5.78986
      vertex 60.8533 -18.8782 5.78986
      vertex 60.9424 -18.4302 5.56094
    endloop
  endfacet
  facet normal 0.401865 -0.458418 -0.79269
    outer loop
      vertex 61.7548 -18.8308 6.06856
      vertex 61.5337 -18.5427 5.78986
      vertex 61.725 -18.375 5.78986
    endloop
  endfacet
  facet normal 0.532173 -0.466783 -0.706332
    outer loop
      vertex 62.2107 -18.8607 6.39229
      vertex 61.9818 -18.6318 6.06856
      vertex 62.4377 -18.6019 6.39229
    endloop
  endfacet
  facet normal 0.481392 -0.720505 -0.499134
    outer loop
      vertex 62.2609 -19.4904 7.15199
      vertex 61.9195 -19.7185 7.15199
      vertex 62.1216 -19.3088 6.7555
    endloop
  endfacet
  facet normal 0.523508 -0.596924 -0.607965
    outer loop
      vertex 62.1216 -19.3088 6.7555
      vertex 61.9519 -19.0877 6.39229
      vertex 62.4078 -19.0578 6.7555
    endloop
  endfacet
  facet normal 0.195877 -0.577321 -0.792674
    outer loop
      vertex 61.2331 -19.132 6.06856
      vertex 60.8533 -18.8782 5.78986
      vertex 61.0941 -18.7965 5.78986
    endloop
  endfacet
  facet normal 0.383306 -0.777165 -0.49909
    outer loop
      vertex 61.9195 -19.7185 7.15199
      vertex 61.5513 -19.9001 7.15199
      vertex 61.8051 -19.5203 6.7555
    endloop
  endfacet
  facet normal 0.76845 -0.513425 -0.381942
    outer loop
      vertex 63.2202 -18.6571 7.57496
      vertex 62.8404 -18.9109 7.15199
      vertex 63.0685 -18.5695 7.15199
    endloop
  endfacet
  facet normal 0.768478 -0.513314 -0.382034
    outer loop
      vertex 62.9794 -19.0176 7.57496
      vertex 62.8404 -18.9109 7.15199
      vertex 63.2202 -18.6571 7.57496
    endloop
  endfacet
  facet normal 0.0578592 -0.11733 -0.991406
    outer loop
      vertex 60.6113 -17.6308 5.26725
      vertex 60.4376 -17.2115 5.20749
      vertex 60.6914 -17.5913 5.26725
    endloop
  endfacet
  facet normal 0.072768 -0.108714 -0.991406
    outer loop
      vertex 60.6914 -17.5913 5.26725
      vertex 60.4645 -17.1982 5.20749
      vertex 60.4893 -17.1816 5.20749
    endloop
  endfacet
  facet normal 0.0462035 -0.706421 -0.706282
    outer loop
      vertex 60.6935 -19.6089 6.39229
      vertex 60.35 -19.3077 6.06856
      vertex 60.6512 -19.288 6.06856
    endloop
  endfacet
  facet normal 0.427394 -0.866375 -0.258321
    outer loop
      vertex 62.0664 -19.9728 8.01718
      vertex 61.6183 -20.062 7.57496
      vertex 62.0071 -19.8702 7.57496
    endloop
  endfacet
  facet normal 0.188462 -0.947475 -0.258405
    outer loop
      vertex 61.2385 -20.3158 8.01718
      vertex 60.7981 -20.4034 8.01718
      vertex 61.2078 -20.2013 7.57496
    endloop
  endfacet
  facet normal 0.193428 -0.97244 -0.130177
    outer loop
      vertex 61.2539 -20.3735 8.47109
      vertex 60.7981 -20.4034 8.01718
      vertex 61.2385 -20.3158 8.01718
    endloop
  endfacet
  facet normal 0.63702 -0.726302 -0.258246
    outer loop
      vertex 62.4397 -19.7234 8.01718
      vertex 62.3676 -19.6294 7.57496
      vertex 62.7773 -19.4273 8.01718
    endloop
  endfacet
  facet normal 0.571354 -0.651481 -0.499126
    outer loop
      vertex 62.2609 -19.4904 7.15199
      vertex 62.1216 -19.3088 6.7555
      vertex 62.4078 -19.0578 6.7555
    endloop
  endfacet
  facet normal 0.571465 -0.651445 -0.499046
    outer loop
      vertex 62.5696 -19.2196 7.15199
      vertex 62.2609 -19.4904 7.15199
      vertex 62.4078 -19.0578 6.7555
    endloop
  endfacet
  facet normal -0.38266 0 -0.923889
    outer loop
      vertex 58.802 -15.452 5.56094
      vertex 59.225 -2.5 5.38574
      vertex 59.225 -15.875 5.38574
    endloop
  endfacet
  facet normal -0.38266 0 -0.923889
    outer loop
      vertex 59.225 -2.5 5.38574
      vertex 58.802 -15.452 5.56094
      vertex 58.802 -2.5 5.56094
    endloop
  endfacet
  facet normal 0.0646912 -0.989356 0.130342
    outer loop
      vertex 60.35 -20.4327 9.38282
      vertex 60.35 -20.4925 8.92891
      vertex 60.7981 -20.4034 9.38282
    endloop
  endfacet
  facet normal -0.793346 0 0.608771
    outer loop
      vertex 57.4399 -14.0899 10.6445
      vertex 57.7186 -2.5 11.0077
      vertex 57.4399 -2.5 10.6445
    endloop
  endfacet
  facet normal -0.793346 0 0.608771
    outer loop
      vertex 57.7186 -2.5 11.0077
      vertex 57.4399 -14.0899 10.6445
      vertex 57.7186 -14.3686 11.0077
    endloop
  endfacet
  facet normal 0.318832 -0.938832 -0.130159
    outer loop
      vertex 61.2539 -20.3735 8.47109
      vertex 61.2385 -20.3158 8.01718
      vertex 61.6637 -20.1714 8.01718
    endloop
  endfacet
  facet normal 0.310646 -0.914727 0.258408
    outer loop
      vertex 61.6637 -20.1714 9.38282
      vertex 61.2078 -20.2013 9.82504
      vertex 61.2385 -20.3158 9.38282
    endloop
  endfacet
  facet normal 0.318832 -0.938832 0.130159
    outer loop
      vertex 61.6637 -20.1714 9.38282
      vertex 61.2385 -20.3158 9.38282
      vertex 61.2539 -20.3735 8.92891
    endloop
  endfacet
  facet normal 0.118928 -0.597872 0.79272
    outer loop
      vertex 60.9473 -19.2291 11.3314
      vertex 60.6038 -18.9279 11.6101
      vertex 60.6512 -19.288 11.3314
    endloop
  endfacet
  facet normal 0.466623 -0.532278 0.706359
    outer loop
      vertex 61.9818 -18.6318 11.3314
      vertex 61.7548 -18.8308 11.3314
      vertex 62.2107 -18.8607 11.0077
    endloop
  endfacet
  facet normal 0.0983771 -0.0863549 0.991395
    outer loop
      vertex 60.8917 -17.4157 12.1327
      vertex 60.5316 -17.1394 12.1925
      vertex 60.8328 -17.4828 12.1327
    endloop
  endfacet
  facet normal 0.0419147 -0.123998 0.991397
    outer loop
      vertex 60.4376 -17.2115 12.1925
      vertex 60.4092 -17.2211 12.1925
      vertex 60.5267 -17.6595 12.1327
    endloop
  endfacet
  facet normal 0.0258366 -0.128307 0.991398
    outer loop
      vertex 60.4092 -17.2211 12.1925
      vertex 60.3799 -17.227 12.1925
      vertex 60.5267 -17.6595 12.1327
    endloop
  endfacet
  facet normal 0.828855 -0.4088 0.381946
    outer loop
      vertex 63.2501 -18.2013 10.248
      vertex 63.0685 -18.5695 10.248
      vertex 63.2202 -18.6571 9.82504
    endloop
  endfacet
  facet normal 0.989382 -0.0646929 0.130149
    outer loop
      vertex 63.7827 -17 9.38282
      vertex 63.7534 -17.4481 9.38282
      vertex 63.8126 -17.4559 8.92891
    endloop
  endfacet
  facet normal 0.963994 -0.0630328 0.258347
    outer loop
      vertex 63.7827 -17 9.38282
      vertex 63.6359 -17.4326 9.82504
      vertex 63.7534 -17.4481 9.38282
    endloop
  endfacet
  facet normal 0.997856 -0.065444 0
    outer loop
      vertex 63.8126 -17.4559 8.92891
      vertex 63.8425 -17 8.47109
      vertex 63.8425 -17 8.92891
    endloop
  endfacet
  facet normal 0.997856 -0.065444 0
    outer loop
      vertex 63.8425 -17 8.47109
      vertex 63.8126 -17.4559 8.92891
      vertex 63.8126 -17.4559 8.47109
    endloop
  endfacet
  facet normal 0.947478 -0.188515 0.258357
    outer loop
      vertex 63.6359 -17.4326 9.82504
      vertex 63.5513 -17.8578 9.82504
      vertex 63.7534 -17.4481 9.38282
    endloop
  endfacet
  facet normal 0.596918 -0.523502 0.607976
    outer loop
      vertex 62.4377 -18.6019 11.0077
      vertex 62.4078 -19.0578 10.6445
      vertex 62.6588 -18.7716 10.6445
    endloop
  endfacet
  facet normal 0.803277 -0.536666 0.258334
    outer loop
      vertex 63.2202 -18.6571 9.82504
      vertex 63.0734 -19.0897 9.38282
      vertex 63.3228 -18.7164 9.38282
    endloop
  endfacet
  facet normal 0.245377 -0.0832425 0.965847
    outer loop
      vertex 61.0095 -17.1767 12.1327
      vertex 60.9808 -17.2613 12.1327
      vertex 61.4367 -17.2912 12.0143
    endloop
  endfacet
  facet normal 0.608771 0 0.793346
    outer loop
      vertex 62.2945 -2.5 11.6101
      vertex 62.6577 -17 11.3314
      vertex 62.6577 -2.5 11.3314
    endloop
  endfacet
  facet normal 0.608771 0 0.793346
    outer loop
      vertex 62.6577 -17 11.3314
      vertex 62.2945 -2.5 11.6101
      vertex 62.2945 -17 11.6101
    endloop
  endfacet
  facet normal 0.258629 -0.0168355 0.96583
    outer loop
      vertex 61.0328 -17 12.1327
      vertex 61.027 -17.0891 12.1327
      vertex 61.4654 -17.1468 12.0143
    endloop
  endfacet
  facet normal 0.0985025 -0.0862444 0.991393
    outer loop
      vertex 60.5316 -17.1394 12.1925
      vertex 60.5119 -17.1619 12.1925
      vertex 60.8328 -17.4828 12.1327
    endloop
  endfacet
  facet normal 0.0860403 -0.0987061 0.99139
    outer loop
      vertex 60.5119 -17.1619 12.1925
      vertex 60.4893 -17.1816 12.1925
      vertex 60.8328 -17.4828 12.1327
    endloop
  endfacet
  facet normal 0.130614 -0.00850235 0.991397
    outer loop
      vertex 61.0328 -17 12.1327
      vertex 60.5789 -17 12.1925
      vertex 61.027 -17.0891 12.1327
    endloop
  endfacet
  facet normal 0.128345 -0.0258442 0.991393
    outer loop
      vertex 60.577 -17.0299 12.1925
      vertex 60.5711 -17.0592 12.1925
      vertex 61.027 -17.0891 12.1327
    endloop
  endfacet
  facet normal 0.408868 -0.82882 0.381948
    outer loop
      vertex 61.9195 -19.7185 10.248
      vertex 61.6183 -20.062 9.82504
      vertex 62.0071 -19.8702 9.82504
    endloop
  endfacet
  facet normal 0.694713 -0.609446 0.382034
    outer loop
      vertex 62.9794 -19.0176 9.82504
      vertex 62.5696 -19.2196 10.248
      vertex 62.6935 -19.3435 9.82504
    endloop
  endfacet
  facet normal 0.670201 -0.22765 0.706404
    outer loop
      vertex 62.8918 -17.6811 11.0077
      vertex 62.482 -17.8831 11.3314
      vertex 62.7811 -18.007 11.0077
    endloop
  endfacet
  facet normal 0.778772 -0.154785 0.607911
    outer loop
      vertex 62.9589 -17.3435 11.0077
      vertex 62.8918 -17.6811 11.0077
      vertex 63.2352 -17.3798 10.6445
    endloop
  endfacet
  facet normal 0.449267 -0.221581 0.865483
    outer loop
      vertex 62.1465 -17.7441 11.6101
      vertex 61.6906 -17.774 11.8391
      vertex 62.034 -17.9722 11.6101
    endloop
  endfacet
  facet normal 0.768476 -0.513312 0.382042
    outer loop
      vertex 63.2202 -18.6571 9.82504
      vertex 62.8404 -18.9109 10.248
      vertex 62.9794 -19.0176 9.82504
    endloop
  endfacet
  facet normal 0.196077 -0.577125 0.792768
    outer loop
      vertex 61.2331 -19.132 11.3314
      vertex 60.8533 -18.8782 11.6101
      vertex 60.9473 -19.2291 11.3314
    endloop
  endfacet
  facet normal 0.065444 -0.997856 0
    outer loop
      vertex 60.35 -20.4925 8.47109
      vertex 60.8059 -20.4626 8.92891
      vertex 60.35 -20.4925 8.92891
    endloop
  endfacet
  facet normal 0.065444 -0.997856 0
    outer loop
      vertex 60.8059 -20.4626 8.92891
      vertex 60.35 -20.4925 8.47109
      vertex 60.8059 -20.4626 8.47109
    endloop
  endfacet
  facet normal 0.227657 -0.670221 0.706382
    outer loop
      vertex 61.357 -19.4311 11.0077
      vertex 60.9473 -19.2291 11.3314
      vertex 61.0311 -19.5418 11.0077
    endloop
  endfacet
  facet normal 0.441021 -0.660148 0.608034
    outer loop
      vertex 61.9519 -19.0877 11.0077
      vertex 61.6657 -19.2789 11.0077
      vertex 61.8051 -19.5203 10.6445
    endloop
  endfacet
  facet normal 0.194885 -0.171069 -0.965793
    outer loop
      vertex 61.2426 -17.6849 5.38574
      vertex 60.8328 -17.4828 5.26725
      vertex 60.8917 -17.4157 5.26725
    endloop
  endfacet
  facet normal 0.097696 -0.491201 -0.86555
    outer loop
      vertex 60.6038 -18.9279 5.78986
      vertex 60.5521 -18.5348 5.56094
      vertex 60.7507 -18.4953 5.56094
    endloop
  endfacet
  facet normal 0.252831 -0.288246 -0.923575
    outer loop
      vertex 61.2924 -18.2281 5.56094
      vertex 61.0349 -17.8926 5.38574
      vertex 61.4446 -18.0946 5.56094
    endloop
  endfacet
  facet normal 0.458418 -0.401865 -0.79269
    outer loop
      vertex 62.1808 -18.4048 6.06856
      vertex 61.725 -18.375 5.78986
      vertex 61.8927 -18.1837 5.78986
    endloop
  endfacet
  facet normal 0.596924 -0.523508 -0.607965
    outer loop
      vertex 62.6588 -18.7716 6.7555
      vertex 62.4078 -19.0578 6.7555
      vertex 62.4377 -18.6019 6.39229
    endloop
  endfacet
  facet normal 0.466644 -0.532303 -0.706326
    outer loop
      vertex 62.2107 -18.8607 6.39229
      vertex 61.7548 -18.8308 6.06856
      vertex 61.9818 -18.6318 6.06856
    endloop
  endfacet
  facet normal 0.5468 -0.269563 -0.792683
    outer loop
      vertex 62.3485 -18.1539 6.06856
      vertex 62.1465 -17.7441 5.78986
      vertex 62.482 -17.8831 6.06856
    endloop
  endfacet
  facet normal 0.506838 -0.338768 -0.792686
    outer loop
      vertex 62.1808 -18.4048 6.06856
      vertex 61.8927 -18.1837 5.78986
      vertex 62.3485 -18.1539 6.06856
    endloop
  endfacet
  facet normal 0.824406 -0.550782 -0.130362
    outer loop
      vertex 63.3746 -18.7463 8.47109
      vertex 63.0734 -19.0897 8.01718
      vertex 63.3228 -18.7164 8.01718
    endloop
  endfacet
  facet normal 0.803277 -0.536666 -0.258334
    outer loop
      vertex 63.3228 -18.7164 8.01718
      vertex 63.0734 -19.0897 8.01718
      vertex 63.2202 -18.6571 7.57496
    endloop
  endfacet
  facet normal 0.161067 -0.474293 -0.865508
    outer loop
      vertex 60.8533 -18.8782 5.78986
      vertex 60.7507 -18.4953 5.56094
      vertex 60.9424 -18.4302 5.56094
    endloop
  endfacet
  facet normal 0.221523 -0.44915 -0.865559
    outer loop
      vertex 61.3222 -18.684 5.78986
      vertex 61.0941 -18.7965 5.78986
      vertex 61.124 -18.3406 5.56094
    endloop
  endfacet
  facet normal 0.313021 -0.634885 -0.706356
    outer loop
      vertex 61.6657 -19.2789 6.39229
      vertex 61.357 -19.4311 6.39229
      vertex 61.5039 -18.9985 6.06856
    endloop
  endfacet
  facet normal 0.351053 -0.712118 -0.607989
    outer loop
      vertex 61.4637 -19.6886 6.7555
      vertex 61.357 -19.4311 6.39229
      vertex 61.8051 -19.5203 6.7555
    endloop
  endfacet
  facet normal 0.056767 -0.864588 -0.499264
    outer loop
      vertex 60.7597 -20.1122 7.15199
      vertex 60.35 -20.1391 7.15199
      vertex 60.7299 -19.8852 6.7555
    endloop
  endfacet
  facet normal 0.0518975 -0.792302 -0.607918
    outer loop
      vertex 60.7299 -19.8852 6.7555
      vertex 60.35 -19.6314 6.39229
      vertex 60.6935 -19.6089 6.39229
    endloop
  endfacet
  facet normal 0.227704 -0.670215 -0.706373
    outer loop
      vertex 61.357 -19.4311 6.39229
      vertex 60.9473 -19.2291 6.06856
      vertex 61.2331 -19.132 6.06856
    endloop
  endfacet
  facet normal 0.196077 -0.577125 -0.792768
    outer loop
      vertex 60.9473 -19.2291 6.06856
      vertex 60.8533 -18.8782 5.78986
      vertex 61.2331 -19.132 6.06856
    endloop
  endfacet
  facet normal 0.0326412 -0.499757 -0.865551
    outer loop
      vertex 60.6038 -18.9279 5.78986
      vertex 60.35 -18.548 5.56094
      vertex 60.5521 -18.5348 5.56094
    endloop
  endfacet
  facet normal 0.0249848 -0.382532 -0.923604
    outer loop
      vertex 60.5521 -18.5348 5.56094
      vertex 60.35 -18.548 5.56094
      vertex 60.4968 -18.1154 5.38574
    endloop
  endfacet
  facet normal 0.16892 -0.849835 -0.499247
    outer loop
      vertex 60.7597 -20.1122 7.15199
      vertex 60.7299 -19.8852 6.7555
      vertex 61.1032 -19.811 6.7555
    endloop
  endfacet
  facet normal 0.383124 -0.777174 -0.499216
    outer loop
      vertex 61.5513 -19.9001 7.15199
      vertex 61.4637 -19.6886 6.7555
      vertex 61.8051 -19.5203 6.7555
    endloop
  endfacet
  facet normal 0.513425 -0.76845 -0.381942
    outer loop
      vertex 62.0071 -19.8702 7.57496
      vertex 61.9195 -19.7185 7.15199
      vertex 62.2609 -19.4904 7.15199
    endloop
  endfacet
  facet normal 0.513314 -0.768478 -0.382034
    outer loop
      vertex 62.3676 -19.6294 7.57496
      vertex 62.0071 -19.8702 7.57496
      vertex 62.2609 -19.4904 7.15199
    endloop
  endfacet
  facet normal 0.195063 -0.980791 0
    outer loop
      vertex 60.8059 -20.4626 8.47109
      vertex 61.2539 -20.3735 8.92891
      vertex 60.8059 -20.4626 8.92891
    endloop
  endfacet
  facet normal 0.195063 -0.980791 0
    outer loop
      vertex 61.2539 -20.3735 8.92891
      vertex 60.8059 -20.4626 8.47109
      vertex 61.2539 -20.3735 8.47109
    endloop
  endfacet
  facet normal 0.310646 -0.914727 -0.258408
    outer loop
      vertex 61.2385 -20.3158 8.01718
      vertex 61.2078 -20.2013 7.57496
      vertex 61.6637 -20.1714 8.01718
    endloop
  endfacet
  facet normal 0.0605484 -0.922182 -0.381988
    outer loop
      vertex 60.7826 -20.2859 7.57496
      vertex 60.35 -20.1391 7.15199
      vertex 60.7597 -20.1122 7.15199
    endloop
  endfacet
  facet normal 0.188515 -0.947478 -0.258357
    outer loop
      vertex 60.7981 -20.4034 8.01718
      vertex 60.7826 -20.2859 7.57496
      vertex 61.2078 -20.2013 7.57496
    endloop
  endfacet
  facet normal 0.550789 -0.824417 -0.13026
    outer loop
      vertex 62.4761 -19.7708 8.47109
      vertex 62.0664 -19.9728 8.01718
      vertex 62.4397 -19.7234 8.01718
    endloop
  endfacet
  facet normal 0.536678 -0.803295 -0.258252
    outer loop
      vertex 62.4397 -19.7234 8.01718
      vertex 62.0664 -19.9728 8.01718
      vertex 62.3676 -19.6294 7.57496
    endloop
  endfacet
  facet normal 0.278508 -0.820543 0.499142
    outer loop
      vertex 61.5513 -19.9001 10.248
      vertex 61.1032 -19.811 10.6445
      vertex 61.1624 -20.0321 10.248
    endloop
  endfacet
  facet normal 0.168921 -0.84984 0.499237
    outer loop
      vertex 61.1032 -19.811 10.6445
      vertex 60.7299 -19.8852 10.6445
      vertex 60.7597 -20.1122 10.248
    endloop
  endfacet
  facet normal 0.0462674 -0.70635 0.70635
    outer loop
      vertex 60.35 -19.3077 11.3314
      vertex 60.35 -19.6314 11.0077
      vertex 60.6935 -19.6089 11.0077
    endloop
  endfacet
  facet normal -0.707107 0 0.707107
    outer loop
      vertex 57.7186 -14.3686 11.0077
      vertex 58.0423 -2.5 11.3314
      vertex 57.7186 -2.5 11.0077
    endloop
  endfacet
  facet normal -0.707107 0 0.707107
    outer loop
      vertex 58.0423 -2.5 11.3314
      vertex 57.7186 -14.3686 11.0077
      vertex 58.0423 -14.6923 11.3314
    endloop
  endfacet
  facet normal 0.481395 -0.720509 0.499124
    outer loop
      vertex 62.1216 -19.3088 10.6445
      vertex 61.9195 -19.7185 10.248
      vertex 62.2609 -19.4904 10.248
    endloop
  endfacet
  facet normal 0.169045 -0.849867 0.49915
    outer loop
      vertex 61.1032 -19.811 10.6445
      vertex 60.7597 -20.1122 10.248
      vertex 61.1624 -20.0321 10.248
    endloop
  endfacet
  facet normal 0.193404 -0.972448 -0.130152
    outer loop
      vertex 60.8059 -20.4626 8.47109
      vertex 60.7981 -20.4034 8.01718
      vertex 61.2539 -20.3735 8.47109
    endloop
  endfacet
  facet normal 0.438533 -0.88921 -0.130363
    outer loop
      vertex 62.0963 -20.0246 8.47109
      vertex 61.6637 -20.1714 8.01718
      vertex 62.0664 -19.9728 8.01718
    endloop
  endfacet
  facet normal 0.025645 -0.128372 0.991395
    outer loop
      vertex 60.5267 -17.6595 12.1327
      vertex 60.3799 -17.227 12.1925
      vertex 60.4391 -17.677 12.1327
    endloop
  endfacet
  facet normal 0.0507588 -0.254084 0.965849
    outer loop
      vertex 60.5267 -17.6595 12.1327
      vertex 60.4391 -17.677 12.1327
      vertex 60.6412 -18.0867 12.0143
    endloop
  endfacet
  facet normal 0.312974 -0.634856 0.706403
    outer loop
      vertex 61.5039 -18.9985 11.3314
      vertex 61.2331 -19.132 11.3314
      vertex 61.357 -19.4311 11.0077
    endloop
  endfacet
  facet normal 0.137987 -0.694251 0.706381
    outer loop
      vertex 60.9473 -19.2291 11.3314
      vertex 60.6935 -19.6089 11.0077
      vertex 61.0311 -19.5418 11.0077
    endloop
  endfacet
  facet normal 0.297031 -0.875116 0.382027
    outer loop
      vertex 61.5513 -19.9001 10.248
      vertex 61.1624 -20.0321 10.248
      vertex 61.6183 -20.062 9.82504
    endloop
  endfacet
  facet normal 0.0863425 -0.098363 0.991398
    outer loop
      vertex 60.8328 -17.4828 12.1327
      vertex 60.4893 -17.1816 12.1925
      vertex 60.7657 -17.5417 12.1327
    endloop
  endfacet
  facet normal 0.123258 -0.362998 0.923602
    outer loop
      vertex 60.7805 -18.0394 12.0143
      vertex 60.6412 -18.0867 12.0143
      vertex 60.9424 -18.4302 11.8391
    endloop
  endfacet
  facet normal 0.609441 -0.694708 0.38205
    outer loop
      vertex 62.6935 -19.3435 9.82504
      vertex 62.2609 -19.4904 10.248
      vertex 62.3676 -19.6294 9.82504
    endloop
  endfacet
  facet normal 0.513312 -0.768476 0.382042
    outer loop
      vertex 62.2609 -19.4904 10.248
      vertex 62.0071 -19.8702 9.82504
      vertex 62.3676 -19.6294 9.82504
    endloop
  endfacet
  facet normal 0.726234 -0.637098 0.258244
    outer loop
      vertex 62.9794 -19.0176 9.82504
      vertex 62.6935 -19.3435 9.82504
      vertex 63.0734 -19.0897 9.38282
    endloop
  endfacet
  facet normal 0.989344 -0.0648857 0.13034
    outer loop
      vertex 63.8425 -17 8.92891
      vertex 63.7827 -17 9.38282
      vertex 63.8126 -17.4559 8.92891
    endloop
  endfacet
  facet normal 0.980791 -0.195063 0
    outer loop
      vertex 63.7235 -17.9039 8.92891
      vertex 63.8126 -17.4559 8.47109
      vertex 63.8126 -17.4559 8.92891
    endloop
  endfacet
  facet normal 0.980791 -0.195063 0
    outer loop
      vertex 63.8126 -17.4559 8.47109
      vertex 63.7235 -17.9039 8.92891
      vertex 63.7235 -17.9039 8.47109
    endloop
  endfacet
  facet normal 0.670208 -0.227702 0.706381
    outer loop
      vertex 62.5791 -17.5973 11.3314
      vertex 62.482 -17.8831 11.3314
      vertex 62.8918 -17.6811 11.0077
    endloop
  endfacet
  facet normal 0.777108 -0.383277 0.499201
    outer loop
      vertex 63.2501 -18.2013 10.248
      vertex 63.0386 -18.1137 10.6445
      vertex 63.0685 -18.5695 10.248
    endloop
  endfacet
  facet normal 0.97244 -0.193428 0.130177
    outer loop
      vertex 63.7534 -17.4481 9.38282
      vertex 63.6658 -17.8885 9.38282
      vertex 63.7235 -17.9039 8.92891
    endloop
  endfacet
  facet normal 0.88921 -0.438533 0.13036
    outer loop
      vertex 63.5214 -18.3137 9.38282
      vertex 63.3228 -18.7164 9.38282
      vertex 63.5767 -18.3365 8.92891
    endloop
  endfacet
  facet normal 0.946962 -0.321345 0
    outer loop
      vertex 63.5767 -18.3365 8.92891
      vertex 63.7235 -17.9039 8.47109
      vertex 63.7235 -17.9039 8.92891
    endloop
  endfacet
  facet normal 0.946962 -0.321345 0
    outer loop
      vertex 63.7235 -17.9039 8.47109
      vertex 63.5767 -18.3365 8.92891
      vertex 63.5767 -18.3365 8.47109
    endloop
  endfacet
  facet normal 0.991433 -0 0.130616
    outer loop
      vertex 63.7827 -17 9.38282
      vertex 63.8425 -2.5 8.92891
      vertex 63.7827 -2.5 9.38282
    endloop
  endfacet
  facet normal 0.991433 0 0.130616
    outer loop
      vertex 63.8425 -2.5 8.92891
      vertex 63.7827 -17 9.38282
      vertex 63.8425 -17 8.92891
    endloop
  endfacet
  facet normal 0.117355 -0.0580229 0.991394
    outer loop
      vertex 60.5615 -17.0876 12.1925
      vertex 60.5482 -17.1145 12.1925
      vertex 60.9808 -17.2613 12.1327
    endloop
  endfacet
  facet normal 0.124024 -0.0419235 0.991393
    outer loop
      vertex 60.5711 -17.0592 12.1925
      vertex 60.5615 -17.0876 12.1925
      vertex 60.9808 -17.2613 12.1327
    endloop
  endfacet
  facet normal 0.254161 -0.0507743 0.965828
    outer loop
      vertex 61.027 -17.0891 12.1327
      vertex 61.0095 -17.1767 12.1327
      vertex 61.4654 -17.1468 12.0143
    endloop
  endfacet
  facet normal 0.117399 -0.0578933 0.991396
    outer loop
      vertex 60.9808 -17.2613 12.1327
      vertex 60.5482 -17.1145 12.1925
      vertex 60.9413 -17.3414 12.1327
    endloop
  endfacet
  facet normal 0.108867 -0.0726754 0.991396
    outer loop
      vertex 60.9413 -17.3414 12.1327
      vertex 60.5482 -17.1145 12.1925
      vertex 60.8917 -17.4157 12.1327
    endloop
  endfacet
  facet normal 0.130653 -0.00830236 0.991393
    outer loop
      vertex 60.5789 -17 12.1925
      vertex 60.577 -17.0299 12.1925
      vertex 61.027 -17.0891 12.1327
    endloop
  endfacet
  facet normal 0.523502 -0.596918 0.607976
    outer loop
      vertex 62.4078 -19.0578 10.6445
      vertex 61.9519 -19.0877 11.0077
      vertex 62.1216 -19.3088 10.6445
    endloop
  endfacet
  facet normal 0.441131 -0.660132 0.607971
    outer loop
      vertex 61.9519 -19.0877 11.0077
      vertex 61.8051 -19.5203 10.6445
      vertex 62.1216 -19.3088 10.6445
    endloop
  endfacet
  facet normal 0.427307 -0.866448 0.258218
    outer loop
      vertex 62.0664 -19.9728 9.38282
      vertex 61.6183 -20.062 9.82504
      vertex 61.6637 -20.1714 9.38282
    endloop
  endfacet
  facet normal 0.438533 -0.88921 0.130363
    outer loop
      vertex 62.0664 -19.9728 9.38282
      vertex 61.6637 -20.1714 9.38282
      vertex 62.0963 -20.0246 8.92891
    endloop
  endfacet
  facet normal 0.596864 -0.523525 0.608009
    outer loop
      vertex 62.4377 -18.6019 11.0077
      vertex 62.2107 -18.8607 11.0077
      vertex 62.4078 -19.0578 10.6445
    endloop
  endfacet
  facet normal 0.694226 -0.138095 0.706385
    outer loop
      vertex 62.638 -17.3012 11.3314
      vertex 62.5791 -17.5973 11.3314
      vertex 62.8918 -17.6811 11.0077
    endloop
  endfacet
  facet normal 0.7923 -0.0518974 0.60792
    outer loop
      vertex 62.9814 -17 11.0077
      vertex 62.9589 -17.3435 11.0077
      vertex 63.2352 -17.3798 10.6445
    endloop
  endfacet
  facet normal 0.608289 -0.0397852 0.792718
    outer loop
      vertex 62.6577 -17 11.3314
      vertex 62.2945 -17 11.6101
      vertex 62.638 -17.3012 11.3314
    endloop
  endfacet
  facet normal 0.37656 -0.330294 0.86551
    outer loop
      vertex 61.5781 -17.9424 11.8391
      vertex 61.4446 -18.0946 11.8391
      vertex 61.725 -18.375 11.6101
    endloop
  endfacet
  facet normal 0.720496 -0.481469 0.499073
    outer loop
      vertex 62.8703 -18.4551 10.6445
      vertex 62.6588 -18.7716 10.6445
      vertex 63.0685 -18.5695 10.248
    endloop
  endfacet
  facet normal 0.720509 -0.481395 0.499124
    outer loop
      vertex 63.0685 -18.5695 10.248
      vertex 62.6588 -18.7716 10.6445
      vertex 62.8404 -18.9109 10.248
    endloop
  endfacet
  facet normal 0.849801 -0.169032 0.499266
    outer loop
      vertex 63.4622 -17.4097 10.248
      vertex 63.2352 -17.3798 10.6445
      vertex 63.3821 -17.8124 10.248
    endloop
  endfacet
  facet normal 0.383308 -0.77717 0.499081
    outer loop
      vertex 61.8051 -19.5203 10.6445
      vertex 61.5513 -19.9001 10.248
      vertex 61.9195 -19.7185 10.248
    endloop
  endfacet
  facet normal 0.408787 -0.82883 0.382013
    outer loop
      vertex 61.9195 -19.7185 10.248
      vertex 61.5513 -19.9001 10.248
      vertex 61.6183 -20.062 9.82504
    endloop
  endfacet
  facet normal 0.318913 -0.21287 -0.92357
    outer loop
      vertex 61.5781 -17.9424 5.56094
      vertex 61.2426 -17.6849 5.38574
      vertex 61.3243 -17.5625 5.38574
    endloop
  endfacet
  facet normal 0.0418871 -0.123916 -0.991408
    outer loop
      vertex 60.5267 -17.6595 5.26725
      vertex 60.4092 -17.2211 5.20749
      vertex 60.4376 -17.2115 5.20749
    endloop
  endfacet
  facet normal 0.0420281 -0.123888 -0.991406
    outer loop
      vertex 60.5267 -17.6595 5.26725
      vertex 60.4376 -17.2115 5.20749
      vertex 60.6113 -17.6308 5.26725
    endloop
  endfacet
  facet normal 0.254329 -0.0505488 -0.965796
    outer loop
      vertex 61.4367 -17.2912 5.38574
      vertex 61.0095 -17.1767 5.26725
      vertex 61.4654 -17.1468 5.38574
    endloop
  endfacet
  facet normal 0.108795 -0.0726276 -0.991408
    outer loop
      vertex 60.8917 -17.4157 5.26725
      vertex 60.5482 -17.1145 5.20749
      vertex 60.9413 -17.3414 5.26725
    endloop
  endfacet
  facet normal 0.376601 -0.330141 -0.865551
    outer loop
      vertex 61.725 -18.375 5.78986
      vertex 61.5781 -17.9424 5.56094
      vertex 61.8927 -18.1837 5.78986
    endloop
  endfacet
  facet normal 0.577196 -0.195834 -0.792776
    outer loop
      vertex 62.5791 -17.5973 6.06856
      vertex 62.1465 -17.7441 5.78986
      vertex 62.2282 -17.5033 5.78986
    endloop
  endfacet
  facet normal 0.338625 -0.506858 -0.792734
    outer loop
      vertex 61.5039 -18.9985 6.06856
      vertex 61.3222 -18.684 5.78986
      vertex 61.5337 -18.5427 5.78986
    endloop
  endfacet
  facet normal 0.221605 -0.449145 -0.86554
    outer loop
      vertex 61.0941 -18.7965 5.78986
      vertex 60.9424 -18.4302 5.56094
      vertex 61.124 -18.3406 5.56094
    endloop
  endfacet
  facet normal 0.596871 -0.52353 -0.607998
    outer loop
      vertex 62.4078 -19.0578 6.7555
      vertex 62.2107 -18.8607 6.39229
      vertex 62.4377 -18.6019 6.39229
    endloop
  endfacet
  facet normal 0.52353 -0.596871 -0.607998
    outer loop
      vertex 62.4078 -19.0578 6.7555
      vertex 61.9519 -19.0877 6.39229
      vertex 62.2107 -18.8607 6.39229
    endloop
  endfacet
  facet normal 0.47423 -0.161045 -0.865546
    outer loop
      vertex 62.1465 -17.7441 5.78986
      vertex 61.7802 -17.5924 5.56094
      vertex 61.8453 -17.4007 5.56094
    endloop
  endfacet
  facet normal 0.416439 -0.278203 -0.865553
    outer loop
      vertex 61.8927 -18.1837 5.78986
      vertex 61.5781 -17.9424 5.56094
      vertex 61.6906 -17.774 5.56094
    endloop
  endfacet
  facet normal 0.745466 -0.653666 -0.130386
    outer loop
      vertex 62.8196 -19.4696 8.47109
      vertex 62.7773 -19.4273 8.01718
      vertex 63.1208 -19.1261 8.47109
    endloop
  endfacet
  facet normal 0.726234 -0.637098 -0.258244
    outer loop
      vertex 63.0734 -19.0897 8.01718
      vertex 62.6935 -19.3435 7.57496
      vertex 62.9794 -19.0176 7.57496
    endloop
  endfacet
  facet normal 0.82436 -0.550875 -0.13026
    outer loop
      vertex 63.1208 -19.1261 8.47109
      vertex 63.0734 -19.0897 8.01718
      vertex 63.3746 -18.7463 8.47109
    endloop
  endfacet
  facet normal 0.21299 -0.318823 -0.923573
    outer loop
      vertex 61.124 -18.3406 5.56094
      vertex 61.0349 -17.8926 5.38574
      vertex 61.2924 -18.2281 5.56094
    endloop
  endfacet
  facet normal 0.278203 -0.416439 -0.865553
    outer loop
      vertex 61.5337 -18.5427 5.78986
      vertex 61.124 -18.3406 5.56094
      vertex 61.2924 -18.2281 5.56094
    endloop
  endfacet
  facet normal 0.312988 -0.634885 -0.706371
    outer loop
      vertex 61.357 -19.4311 6.39229
      vertex 61.2331 -19.132 6.06856
      vertex 61.5039 -18.9985 6.06856
    endloop
  endfacet
  facet normal 0.393222 -0.588598 -0.706349
    outer loop
      vertex 61.6657 -19.2789 6.39229
      vertex 61.5039 -18.9985 6.06856
      vertex 61.9519 -19.0877 6.39229
    endloop
  endfacet
  facet normal 0.138113 -0.694316 -0.706293
    outer loop
      vertex 60.6935 -19.6089 6.39229
      vertex 60.6512 -19.288 6.06856
      vertex 60.9473 -19.2291 6.06856
    endloop
  endfacet
  facet normal 0.154784 -0.778764 -0.607922
    outer loop
      vertex 61.1032 -19.811 6.7555
      vertex 60.6935 -19.6089 6.39229
      vertex 61.0311 -19.5418 6.39229
    endloop
  endfacet
  facet normal 0.408789 -0.828833 -0.382005
    outer loop
      vertex 61.6183 -20.062 7.57496
      vertex 61.5513 -19.9001 7.15199
      vertex 61.9195 -19.7185 7.15199
    endloop
  endfacet
  facet normal 0.180295 -0.906427 -0.381949
    outer loop
      vertex 61.2078 -20.2013 7.57496
      vertex 60.7597 -20.1122 7.15199
      vertex 61.1624 -20.0321 7.15199
    endloop
  endfacet
  facet normal 0.0397856 -0.608289 -0.792718
    outer loop
      vertex 60.6038 -18.9279 5.78986
      vertex 60.35 -19.3077 6.06856
      vertex 60.35 -18.9445 5.78986
    endloop
  endfacet
  facet normal 0.0747803 -0.375984 -0.923604
    outer loop
      vertex 60.7507 -18.4953 5.56094
      vertex 60.5521 -18.5348 5.56094
      vertex 60.6412 -18.0867 5.38574
    endloop
  endfacet
  facet normal 0.0169244 -0.258802 -0.965782
    outer loop
      vertex 60.4968 -18.1154 5.38574
      vertex 60.35 -18.125 5.38574
      vertex 60.4391 -17.677 5.26725
    endloop
  endfacet
  facet normal 0.0250163 -0.382541 -0.9236
    outer loop
      vertex 60.4968 -18.1154 5.38574
      vertex 60.35 -18.548 5.56094
      vertex 60.35 -18.125 5.38574
    endloop
  endfacet
  facet normal 0.555609 -0.831444 0
    outer loop
      vertex 62.0963 -20.0246 8.47109
      vertex 62.4761 -19.7708 8.92891
      vertex 62.0963 -20.0246 8.92891
    endloop
  endfacet
  facet normal 0.555609 -0.831444 0
    outer loop
      vertex 62.4761 -19.7708 8.92891
      vertex 62.0963 -20.0246 8.47109
      vertex 62.4761 -19.7708 8.47109
    endloop
  endfacet
  facet normal 0.442305 -0.896865 0
    outer loop
      vertex 61.6865 -20.2267 8.47109
      vertex 62.0963 -20.0246 8.92891
      vertex 61.6865 -20.2267 8.92891
    endloop
  endfacet
  facet normal 0.442305 -0.896865 0
    outer loop
      vertex 62.0963 -20.0246 8.92891
      vertex 61.6865 -20.2267 8.47109
      vertex 62.0963 -20.0246 8.47109
    endloop
  endfacet
  facet normal 0.0630328 -0.963994 -0.258347
    outer loop
      vertex 60.7981 -20.4034 8.01718
      vertex 60.35 -20.4327 8.01718
      vertex 60.7826 -20.2859 7.57496
    endloop
  endfacet
  facet normal 0.637081 -0.726214 -0.258342
    outer loop
      vertex 62.7773 -19.4273 8.01718
      vertex 62.3676 -19.6294 7.57496
      vertex 62.6935 -19.3435 7.57496
    endloop
  endfacet
  facet normal 0.726283 -0.637003 -0.258341
    outer loop
      vertex 62.7773 -19.4273 8.01718
      vertex 62.6935 -19.3435 7.57496
      vertex 63.0734 -19.0897 8.01718
    endloop
  endfacet
  facet normal 0.43853 -0.889212 0.13036
    outer loop
      vertex 62.0963 -20.0246 8.92891
      vertex 61.6637 -20.1714 9.38282
      vertex 61.6865 -20.2267 8.92891
    endloop
  endfacet
  facet normal 0.318602 -0.938878 0.130387
    outer loop
      vertex 61.6637 -20.1714 9.38282
      vertex 61.2539 -20.3735 8.92891
      vertex 61.6865 -20.2267 8.92891
    endloop
  endfacet
  facet normal 0.0605482 -0.922178 0.381996
    outer loop
      vertex 60.7597 -20.1122 10.248
      vertex 60.35 -20.1391 10.248
      vertex 60.7826 -20.2859 9.82504
    endloop
  endfacet
  facet normal 0.0630328 -0.963994 0.258347
    outer loop
      vertex 60.7826 -20.2859 9.82504
      vertex 60.35 -20.4327 9.38282
      vertex 60.7981 -20.4034 9.38282
    endloop
  endfacet
  facet normal 0.321345 -0.946962 0
    outer loop
      vertex 61.2539 -20.3735 8.47109
      vertex 61.6865 -20.2267 8.92891
      vertex 61.2539 -20.3735 8.92891
    endloop
  endfacet
  facet normal 0.321345 -0.946962 0
    outer loop
      vertex 61.6865 -20.2267 8.92891
      vertex 61.2539 -20.3735 8.47109
      vertex 61.6865 -20.2267 8.47109
    endloop
  endfacet
  facet normal 0.0085032 -0.130627 0.991395
    outer loop
      vertex 60.3799 -17.227 12.1925
      vertex 60.35 -17.6828 12.1327
      vertex 60.4391 -17.677 12.1327
    endloop
  endfacet
  facet normal 0.288207 -0.252796 0.923597
    outer loop
      vertex 61.5781 -17.9424 11.8391
      vertex 61.1455 -17.7955 12.0143
      vertex 61.4446 -18.0946 11.8391
    endloop
  endfacet
  facet normal 0.245371 -0.0833169 0.965842
    outer loop
      vertex 61.4367 -17.2912 12.0143
      vertex 60.9808 -17.2613 12.1327
      vertex 61.3894 -17.4305 12.0143
    endloop
  endfacet
  facet normal 0.195877 -0.577321 0.792674
    outer loop
      vertex 61.0941 -18.7965 11.6101
      vertex 60.8533 -18.8782 11.6101
      vertex 61.2331 -19.132 11.3314
    endloop
  endfacet
  facet normal 0.227694 -0.670184 0.706405
    outer loop
      vertex 61.2331 -19.132 11.3314
      vertex 60.9473 -19.2291 11.3314
      vertex 61.357 -19.4311 11.0077
    endloop
  endfacet
  facet normal 0.313006 -0.634856 0.706389
    outer loop
      vertex 61.5039 -18.9985 11.3314
      vertex 61.357 -19.4311 11.0077
      vertex 61.6657 -19.2789 11.0077
    endloop
  endfacet
  facet normal 0.393293 -0.588415 0.706462
    outer loop
      vertex 61.7548 -18.8308 11.3314
      vertex 61.5039 -18.9985 11.3314
      vertex 61.9519 -19.0877 11.0077
    endloop
  endfacet
  facet normal 0.154782 -0.778756 0.607932
    outer loop
      vertex 61.0311 -19.5418 11.0077
      vertex 60.6935 -19.6089 11.0077
      vertex 61.1032 -19.811 10.6445
    endloop
  endfacet
  facet normal 0.653666 -0.745466 0.130386
    outer loop
      vertex 62.7773 -19.4273 9.38282
      vertex 62.4761 -19.7708 8.92891
      vertex 62.8196 -19.4696 8.92891
    endloop
  endfacet
  facet normal 0.745466 -0.653666 0.130386
    outer loop
      vertex 63.1208 -19.1261 8.92891
      vertex 62.7773 -19.4273 9.38282
      vertex 62.8196 -19.4696 8.92891
    endloop
  endfacet
  facet normal 0.922181 -0.0605484 0.381989
    outer loop
      vertex 63.4891 -17 10.248
      vertex 63.4622 -17.4097 10.248
      vertex 63.6643 -17 9.82504
    endloop
  endfacet
  facet normal 0.864553 -0.0567646 0.499326
    outer loop
      vertex 63.4891 -17 10.248
      vertex 63.2601 -17 10.6445
      vertex 63.4622 -17.4097 10.248
    endloop
  endfacet
  facet normal 0.922179 -0.0605406 0.381996
    outer loop
      vertex 63.6643 -17 9.82504
      vertex 63.4622 -17.4097 10.248
      vertex 63.6359 -17.4326 9.82504
    endloop
  endfacet
  facet normal 0.906396 -0.180341 0.382
    outer loop
      vertex 63.6359 -17.4326 9.82504
      vertex 63.4622 -17.4097 10.248
      vertex 63.5513 -17.8578 9.82504
    endloop
  endfacet
  facet normal 0.938906 -0.318612 0.130161
    outer loop
      vertex 63.6658 -17.8885 9.38282
      vertex 63.5767 -18.3365 8.92891
      vertex 63.7235 -17.9039 8.92891
    endloop
  endfacet
  facet normal 0.947475 -0.188462 0.258405
    outer loop
      vertex 63.7534 -17.4481 9.38282
      vertex 63.5513 -17.8578 9.82504
      vertex 63.6658 -17.8885 9.38282
    endloop
  endfacet
  facet normal 0.972448 -0.193404 0.130152
    outer loop
      vertex 63.7534 -17.4481 9.38282
      vertex 63.7235 -17.9039 8.92891
      vertex 63.8126 -17.4559 8.92891
    endloop
  endfacet
  facet normal 0.330228 -0.3767 0.865475
    outer loop
      vertex 61.725 -18.375 11.6101
      vertex 61.2924 -18.2281 11.8391
      vertex 61.5337 -18.5427 11.6101
    endloop
  endfacet
  facet normal 0.194737 -0.170967 0.965841
    outer loop
      vertex 61.2426 -17.6849 12.0143
      vertex 60.8328 -17.4828 12.1327
      vertex 61.1455 -17.7955 12.0143
    endloop
  endfacet
  facet normal 0.577196 -0.195834 0.792776
    outer loop
      vertex 62.2282 -17.5033 11.6101
      vertex 62.1465 -17.7441 11.6101
      vertex 62.5791 -17.5973 11.3314
    endloop
  endfacet
  facet normal 0.597872 -0.118928 0.79272
    outer loop
      vertex 62.638 -17.3012 11.3314
      vertex 62.2779 -17.2538 11.6101
      vertex 62.5791 -17.5973 11.3314
    endloop
  endfacet
  facet normal 0.536591 -0.803326 0.258335
    outer loop
      vertex 62.3676 -19.6294 9.82504
      vertex 62.0071 -19.8702 9.82504
      vertex 62.0664 -19.9728 9.38282
    endloop
  endfacet
  facet normal 0.427394 -0.866375 0.258321
    outer loop
      vertex 62.0071 -19.8702 9.82504
      vertex 61.6183 -20.062 9.82504
      vertex 62.0664 -19.9728 9.38282
    endloop
  endfacet
  facet normal 0.820517 -0.278589 0.499139
    outer loop
      vertex 63.161 -17.7532 10.6445
      vertex 63.0386 -18.1137 10.6445
      vertex 63.3821 -17.8124 10.248
    endloop
  endfacet
  facet normal 0.694302 -0.137997 0.706329
    outer loop
      vertex 62.9589 -17.3435 11.0077
      vertex 62.638 -17.3012 11.3314
      vertex 62.8918 -17.6811 11.0077
    endloop
  endfacet
  facet normal 0.608289 -0.0397856 0.792718
    outer loop
      vertex 62.2945 -17 11.6101
      vertex 62.2779 -17.2538 11.6101
      vertex 62.638 -17.3012 11.3314
    endloop
  endfacet
  facet normal 0.499882 -0.0326952 0.865476
    outer loop
      vertex 62.2945 -17 11.6101
      vertex 61.8848 -17.2021 11.8391
      vertex 62.2779 -17.2538 11.6101
    endloop
  endfacet
  facet normal 0.5468 -0.269563 0.792683
    outer loop
      vertex 62.482 -17.8831 11.3314
      vertex 62.1465 -17.7441 11.6101
      vertex 62.3485 -18.1539 11.3314
    endloop
  endfacet
  facet normal 0.588571 -0.393203 0.706382
    outer loop
      vertex 62.6289 -18.3157 11.0077
      vertex 62.3485 -18.1539 11.3314
      vertex 62.4377 -18.6019 11.0077
    endloop
  endfacet
  facet normal 0.466703 -0.532082 0.706454
    outer loop
      vertex 62.2107 -18.8607 11.0077
      vertex 61.7548 -18.8308 11.3314
      vertex 61.9519 -19.0877 11.0077
    endloop
  endfacet
  facet normal 0.523525 -0.596864 0.608009
    outer loop
      vertex 62.2107 -18.8607 11.0077
      vertex 61.9519 -19.0877 11.0077
      vertex 62.4078 -19.0578 10.6445
    endloop
  endfacet
  facet normal 0.651485 -0.571358 0.499117
    outer loop
      vertex 62.6588 -18.7716 10.6445
      vertex 62.4078 -19.0578 10.6445
      vertex 62.8404 -18.9109 10.248
    endloop
  endfacet
  facet normal 0.69472 -0.609427 0.38205
    outer loop
      vertex 62.8404 -18.9109 10.248
      vertex 62.5696 -19.2196 10.248
      vertex 62.9794 -19.0176 9.82504
    endloop
  endfacet
  facet normal 0.828797 -0.408856 0.382011
    outer loop
      vertex 63.2501 -18.2013 10.248
      vertex 63.2202 -18.6571 9.82504
      vertex 63.412 -18.2683 9.82504
    endloop
  endfacet
  facet normal 0.875137 -0.296971 0.382026
    outer loop
      vertex 63.5513 -17.8578 9.82504
      vertex 63.2501 -18.2013 10.248
      vertex 63.412 -18.2683 9.82504
    endloop
  endfacet
  facet normal 0.777246 -0.383159 0.499076
    outer loop
      vertex 63.0386 -18.1137 10.6445
      vertex 62.8703 -18.4551 10.6445
      vertex 63.0685 -18.5695 10.248
    endloop
  endfacet
  facet normal 0.660094 -0.441106 0.608031
    outer loop
      vertex 62.8703 -18.4551 10.6445
      vertex 62.6289 -18.3157 11.0077
      vertex 62.6588 -18.7716 10.6445
    endloop
  endfacet
  facet normal 0.726283 -0.637003 0.258341
    outer loop
      vertex 63.0734 -19.0897 9.38282
      vertex 62.6935 -19.3435 9.82504
      vertex 62.7773 -19.4273 9.38282
    endloop
  endfacet
  facet normal 0.768447 -0.513424 0.381949
    outer loop
      vertex 63.0685 -18.5695 10.248
      vertex 62.8404 -18.9109 10.248
      vertex 63.2202 -18.6571 9.82504
    endloop
  endfacet
  facet normal 0.0726218 -0.108786 -0.991409
    outer loop
      vertex 60.6914 -17.5913 5.26725
      vertex 60.4893 -17.1816 5.20749
      vertex 60.7657 -17.5417 5.26725
    endloop
  endfacet
  facet normal 0.0833716 -0.245532 -0.965797
    outer loop
      vertex 60.6412 -18.0867 5.38574
      vertex 60.5267 -17.6595 5.26725
      vertex 60.7805 -18.0394 5.38574
    endloop
  endfacet
  facet normal 0.215682 -0.143964 -0.965793
    outer loop
      vertex 61.2426 -17.6849 5.38574
      vertex 60.9413 -17.3414 5.26725
      vertex 61.3243 -17.5625 5.38574
    endloop
  endfacet
  facet normal 0.0579731 -0.117254 -0.991408
    outer loop
      vertex 60.6914 -17.5913 5.26725
      vertex 60.4376 -17.2115 5.20749
      vertex 60.4645 -17.1982 5.20749
    endloop
  endfacet
  facet normal 0.123269 -0.362989 -0.923604
    outer loop
      vertex 60.7507 -18.4953 5.56094
      vertex 60.6412 -18.0867 5.38574
      vertex 60.9424 -18.4302 5.56094
    endloop
  endfacet
  facet normal 0.0507948 -0.254264 -0.9658
    outer loop
      vertex 60.6412 -18.0867 5.38574
      vertex 60.4391 -17.677 5.26725
      vertex 60.5267 -17.6595 5.26725
    endloop
  endfacet
  facet normal 0.0833088 -0.245572 -0.965792
    outer loop
      vertex 60.7805 -18.0394 5.38574
      vertex 60.5267 -17.6595 5.26725
      vertex 60.6113 -17.6308 5.26725
    endloop
  endfacet
  facet normal 0.123879 -0.0420251 -0.991407
    outer loop
      vertex 60.9808 -17.2613 5.26725
      vertex 60.5711 -17.0592 5.20749
      vertex 61.0095 -17.1767 5.26725
    endloop
  endfacet
  facet normal 0.171088 -0.194875 -0.965791
    outer loop
      vertex 61.0349 -17.8926 5.38574
      vertex 60.8328 -17.4828 5.26725
      vertex 61.1455 -17.7955 5.38574
    endloop
  endfacet
  facet normal 0.449145 -0.221605 -0.86554
    outer loop
      vertex 62.1465 -17.7441 5.78986
      vertex 61.6906 -17.774 5.56094
      vertex 61.7802 -17.5924 5.56094
    endloop
  endfacet
  facet normal 0.38266 0 -0.923889
    outer loop
      vertex 61.475 -17 5.38574
      vertex 61.898 -2.5 5.56094
      vertex 61.898 -17 5.56094
    endloop
  endfacet
  facet normal 0.38266 0 -0.923889
    outer loop
      vertex 61.898 -2.5 5.56094
      vertex 61.475 -17 5.38574
      vertex 61.475 -2.5 5.38574
    endloop
  endfacet
  facet normal 0.258788 -0.0169235 -0.965786
    outer loop
      vertex 61.4654 -17.1468 5.38574
      vertex 61.0328 -17 5.26725
      vertex 61.475 -17 5.38574
    endloop
  endfacet
  facet normal 0.499735 -0.0326398 -0.865563
    outer loop
      vertex 62.2945 -17 5.78986
      vertex 61.8848 -17.2021 5.56094
      vertex 61.898 -17 5.56094
    endloop
  endfacet
  facet normal 0.57723 -0.196113 -0.792682
    outer loop
      vertex 62.482 -17.8831 6.06856
      vertex 62.1465 -17.7441 5.78986
      vertex 62.5791 -17.5973 6.06856
    endloop
  endfacet
  facet normal 0.123258 -0.362998 -0.923602
    outer loop
      vertex 60.9424 -18.4302 5.56094
      vertex 60.6412 -18.0867 5.38574
      vertex 60.7805 -18.0394 5.38574
    endloop
  endfacet
  facet normal 0.169623 -0.343789 -0.9236
    outer loop
      vertex 60.9424 -18.4302 5.56094
      vertex 60.7805 -18.0394 5.38574
      vertex 61.124 -18.3406 5.56094
    endloop
  endfacet
  facet normal 0.441026 -0.660154 -0.608024
    outer loop
      vertex 61.8051 -19.5203 6.7555
      vertex 61.6657 -19.2789 6.39229
      vertex 61.9519 -19.0877 6.39229
    endloop
  endfacet
  facet normal 0.351081 -0.712081 -0.608015
    outer loop
      vertex 61.8051 -19.5203 6.7555
      vertex 61.357 -19.4311 6.39229
      vertex 61.6657 -19.2789 6.39229
    endloop
  endfacet
  facet normal 0.137993 -0.694283 -0.706349
    outer loop
      vertex 61.0311 -19.5418 6.39229
      vertex 60.6935 -19.6089 6.39229
      vertex 60.9473 -19.2291 6.06856
    endloop
  endfacet
  facet normal 0.227668 -0.670252 -0.706349
    outer loop
      vertex 61.0311 -19.5418 6.39229
      vertex 60.9473 -19.2291 6.06856
      vertex 61.357 -19.4311 6.39229
    endloop
  endfacet
  facet normal 0.169044 -0.849861 -0.499159
    outer loop
      vertex 61.1624 -20.0321 7.15199
      vertex 60.7597 -20.1122 7.15199
      vertex 61.1032 -19.811 6.7555
    endloop
  endfacet
  facet normal 0.278506 -0.820538 -0.499151
    outer loop
      vertex 61.1624 -20.0321 7.15199
      vertex 61.1032 -19.811 6.7555
      vertex 61.5513 -19.9001 7.15199
    endloop
  endfacet
  facet normal 0.0505581 -0.254376 -0.965783
    outer loop
      vertex 60.4968 -18.1154 5.38574
      vertex 60.4391 -17.677 5.26725
      vertex 60.6412 -18.0867 5.38574
    endloop
  endfacet
  facet normal 0.0747265 -0.375976 -0.923611
    outer loop
      vertex 60.5521 -18.5348 5.56094
      vertex 60.4968 -18.1154 5.38574
      vertex 60.6412 -18.0867 5.38574
    endloop
  endfacet
  facet normal 0.060541 -0.922185 -0.381982
    outer loop
      vertex 60.7826 -20.2859 7.57496
      vertex 60.35 -20.3143 7.57496
      vertex 60.35 -20.1391 7.15199
    endloop
  endfacet
  facet normal 0.0519286 -0.792276 0.607949
    outer loop
      vertex 60.35 -19.6314 11.0077
      vertex 60.35 -19.9101 10.6445
      vertex 60.7299 -19.8852 10.6445
    endloop
  endfacet
  facet normal 0.15479 -0.77875 0.607938
    outer loop
      vertex 61.1032 -19.811 10.6445
      vertex 60.6935 -19.6089 11.0077
      vertex 60.7299 -19.8852 10.6445
    endloop
  endfacet
  facet normal 0.0249848 -0.382532 0.923604
    outer loop
      vertex 60.4968 -18.1154 12.0143
      vertex 60.35 -18.548 11.8391
      vertex 60.5521 -18.5348 11.8391
    endloop
  endfacet
  facet normal 0.193428 -0.97244 0.130177
    outer loop
      vertex 61.2385 -20.3158 9.38282
      vertex 60.7981 -20.4034 9.38282
      vertex 61.2539 -20.3735 8.92891
    endloop
  endfacet
  facet normal 0.0462013 -0.706388 0.706315
    outer loop
      vertex 60.6512 -19.288 11.3314
      vertex 60.35 -19.3077 11.3314
      vertex 60.6935 -19.6089 11.0077
    endloop
  endfacet
  facet normal 0.0977215 -0.491329 0.865475
    outer loop
      vertex 60.7507 -18.4953 11.8391
      vertex 60.5521 -18.5348 11.8391
      vertex 60.6038 -18.9279 11.6101
    endloop
  endfacet
  facet normal 0.318602 -0.938878 -0.130387
    outer loop
      vertex 61.6865 -20.2267 8.47109
      vertex 61.2539 -20.3735 8.47109
      vertex 61.6637 -20.1714 8.01718
    endloop
  endfacet
  facet normal 0.43853 -0.889212 -0.13036
    outer loop
      vertex 61.6865 -20.2267 8.47109
      vertex 61.6637 -20.1714 8.01718
      vertex 62.0963 -20.0246 8.47109
    endloop
  endfacet
  facet normal 0.0420558 -0.123969 0.991394
    outer loop
      vertex 60.6113 -17.6308 12.1327
      vertex 60.4376 -17.2115 12.1925
      vertex 60.5267 -17.6595 12.1327
    endloop
  endfacet
  facet normal 0.114619 -0.232408 0.965841
    outer loop
      vertex 60.9125 -17.9743 12.0143
      vertex 60.6113 -17.6308 12.1327
      vertex 60.7805 -18.0394 12.0143
    endloop
  endfacet
  facet normal 0.016834 -0.258605 0.965837
    outer loop
      vertex 60.35 -17.6828 12.1327
      vertex 60.35 -18.125 12.0143
      vertex 60.4391 -17.677 12.1327
    endloop
  endfacet
  facet normal 0.00829988 -0.130614 0.991399
    outer loop
      vertex 60.35 -17.2289 12.1925
      vertex 60.35 -17.6828 12.1327
      vertex 60.3799 -17.227 12.1925
    endloop
  endfacet
  facet normal 0.0747265 -0.375976 0.923611
    outer loop
      vertex 60.6412 -18.0867 12.0143
      vertex 60.4968 -18.1154 12.0143
      vertex 60.5521 -18.5348 11.8391
    endloop
  endfacet
  facet normal 0.123269 -0.362989 0.923604
    outer loop
      vertex 60.9424 -18.4302 11.8391
      vertex 60.6412 -18.0867 12.0143
      vertex 60.7507 -18.4953 11.8391
    endloop
  endfacet
  facet normal 0.161109 -0.474417 0.865432
    outer loop
      vertex 60.9424 -18.4302 11.8391
      vertex 60.7507 -18.4953 11.8391
      vertex 60.8533 -18.8782 11.6101
    endloop
  endfacet
  facet normal 0.143861 -0.215527 0.965843
    outer loop
      vertex 61.0349 -17.8926 12.0143
      vertex 60.7657 -17.5417 12.1327
      vertex 60.9125 -17.9743 12.0143
    endloop
  endfacet
  facet normal 0.169623 -0.343789 0.9236
    outer loop
      vertex 61.124 -18.3406 11.8391
      vertex 60.7805 -18.0394 12.0143
      vertex 60.9424 -18.4302 11.8391
    endloop
  endfacet
  facet normal 0.221581 -0.449267 0.865483
    outer loop
      vertex 61.124 -18.3406 11.8391
      vertex 61.0941 -18.7965 11.6101
      vertex 61.3222 -18.684 11.6101
    endloop
  endfacet
  facet normal 0.269563 -0.5468 0.792683
    outer loop
      vertex 61.5039 -18.9985 11.3314
      vertex 61.0941 -18.7965 11.6101
      vertex 61.2331 -19.132 11.3314
    endloop
  endfacet
  facet normal 0.255255 -0.751793 0.607991
    outer loop
      vertex 61.357 -19.4311 11.0077
      vertex 61.1032 -19.811 10.6445
      vertex 61.4637 -19.6886 10.6445
    endloop
  endfacet
  facet normal 0.278577 -0.820481 0.499206
    outer loop
      vertex 61.4637 -19.6886 10.6445
      vertex 61.1032 -19.811 10.6445
      vertex 61.5513 -19.9001 10.248
    endloop
  endfacet
  facet normal 0.653768 -0.745398 0.130266
    outer loop
      vertex 62.7773 -19.4273 9.38282
      vertex 62.4397 -19.7234 9.38282
      vertex 62.4761 -19.7708 8.92891
    endloop
  endfacet
  facet normal 0.63702 -0.726302 0.258246
    outer loop
      vertex 62.7773 -19.4273 9.38282
      vertex 62.3676 -19.6294 9.82504
      vertex 62.4397 -19.7234 9.38282
    endloop
  endfacet
  facet normal 0.914727 -0.310646 0.258408
    outer loop
      vertex 63.5513 -17.8578 9.82504
      vertex 63.5214 -18.3137 9.38282
      vertex 63.6658 -17.8885 9.38282
    endloop
  endfacet
  facet normal 0.938803 -0.318822 0.130389
    outer loop
      vertex 63.6658 -17.8885 9.38282
      vertex 63.5214 -18.3137 9.38282
      vertex 63.5767 -18.3365 8.92891
    endloop
  endfacet
  facet normal 0.254149 -0.0505129 0.965845
    outer loop
      vertex 61.4654 -17.1468 12.0143
      vertex 61.0095 -17.1767 12.1327
      vertex 61.4367 -17.2912 12.0143
    endloop
  endfacet
  facet normal 0.362993 -0.123256 0.923604
    outer loop
      vertex 61.4367 -17.2912 12.0143
      vertex 61.3894 -17.4305 12.0143
      vertex 61.8453 -17.4007 11.8391
    endloop
  endfacet
  facet normal 0.318785 -0.212965 0.923592
    outer loop
      vertex 61.6906 -17.774 11.8391
      vertex 61.3243 -17.5625 12.0143
      vertex 61.5781 -17.9424 11.8391
    endloop
  endfacet
  facet normal 0.375997 -0.0747306 0.923603
    outer loop
      vertex 61.4654 -17.1468 12.0143
      vertex 61.4367 -17.2912 12.0143
      vertex 61.8453 -17.4007 11.8391
    endloop
  endfacet
  facet normal 0.849901 -0.168888 0.499145
    outer loop
      vertex 63.2352 -17.3798 10.6445
      vertex 63.161 -17.7532 10.6445
      vertex 63.3821 -17.8124 10.248
    endloop
  endfacet
  facet normal 0.864594 -0.0566835 0.499263
    outer loop
      vertex 63.2601 -17 10.6445
      vertex 63.2352 -17.3798 10.6445
      vertex 63.4622 -17.4097 10.248
    endloop
  endfacet
  facet normal 0.597763 -0.119073 0.792781
    outer loop
      vertex 62.2779 -17.2538 11.6101
      vertex 62.2282 -17.5033 11.6101
      vertex 62.5791 -17.5973 11.3314
    endloop
  endfacet
  facet normal 0.491307 -0.0978677 0.86547
    outer loop
      vertex 62.2779 -17.2538 11.6101
      vertex 61.8848 -17.2021 11.8391
      vertex 62.2282 -17.5033 11.6101
    endloop
  endfacet
  facet normal 0.458418 -0.401865 0.79269
    outer loop
      vertex 61.8927 -18.1837 11.6101
      vertex 61.725 -18.375 11.6101
      vertex 62.1808 -18.4048 11.3314
    endloop
  endfacet
  facet normal 0.506838 -0.338768 0.792686
    outer loop
      vertex 62.3485 -18.1539 11.3314
      vertex 61.8927 -18.1837 11.6101
      vertex 62.1808 -18.4048 11.3314
    endloop
  endfacet
  facet normal 0.532149 -0.466761 0.706365
    outer loop
      vertex 62.4377 -18.6019 11.0077
      vertex 61.9818 -18.6318 11.3314
      vertex 62.2107 -18.8607 11.0077
    endloop
  endfacet
  facet normal 0.634844 -0.313 0.706402
    outer loop
      vertex 62.7811 -18.007 11.0077
      vertex 62.482 -17.8831 11.3314
      vertex 62.6289 -18.3157 11.0077
    endloop
  endfacet
  facet normal 0.82051 -0.278496 0.499203
    outer loop
      vertex 63.3821 -17.8124 10.248
      vertex 63.0386 -18.1137 10.6445
      vertex 63.2501 -18.2013 10.248
    endloop
  endfacet
  facet normal 0.875138 -0.297038 0.381972
    outer loop
      vertex 63.3821 -17.8124 10.248
      vertex 63.2501 -18.2013 10.248
      vertex 63.5513 -17.8578 9.82504
    endloop
  endfacet
  facet normal 0.571469 -0.651449 0.499037
    outer loop
      vertex 62.4078 -19.0578 10.6445
      vertex 62.2609 -19.4904 10.248
      vertex 62.5696 -19.2196 10.248
    endloop
  endfacet
  facet normal 0.609432 -0.694725 0.382034
    outer loop
      vertex 62.5696 -19.2196 10.248
      vertex 62.2609 -19.4904 10.248
      vertex 62.6935 -19.3435 9.82504
    endloop
  endfacet
  facet normal 0.745398 -0.653768 0.130266
    outer loop
      vertex 63.0734 -19.0897 9.38282
      vertex 62.7773 -19.4273 9.38282
      vertex 63.1208 -19.1261 8.92891
    endloop
  endfacet
  facet normal 0.803345 -0.536603 0.258251
    outer loop
      vertex 63.2202 -18.6571 9.82504
      vertex 62.9794 -19.0176 9.82504
      vertex 63.0734 -19.0897 9.38282
    endloop
  endfacet
  facet normal 0.00829442 -0.130528 -0.99141
    outer loop
      vertex 60.3799 -17.227 5.20749
      vertex 60.35 -17.6828 5.26725
      vertex 60.35 -17.2289 5.20749
    endloop
  endfacet
  facet normal 0.0862857 -0.0982984 -0.991409
    outer loop
      vertex 60.7657 -17.5417 5.26725
      vertex 60.4893 -17.1816 5.20749
      vertex 60.8328 -17.4828 5.26725
    endloop
  endfacet
  facet normal 0.171069 -0.194885 -0.965793
    outer loop
      vertex 61.0349 -17.8926 5.38574
      vertex 60.7657 -17.5417 5.26725
      vertex 60.8328 -17.4828 5.26725
    endloop
  endfacet
  facet normal 0.212835 -0.318862 -0.923595
    outer loop
      vertex 61.124 -18.3406 5.56094
      vertex 60.9125 -17.9743 5.38574
      vertex 61.0349 -17.8926 5.38574
    endloop
  endfacet
  facet normal 0.0859837 -0.0986412 -0.991401
    outer loop
      vertex 60.8328 -17.4828 5.26725
      vertex 60.4893 -17.1816 5.20749
      vertex 60.5119 -17.1619 5.20749
    endloop
  endfacet
  facet normal 0.108849 -0.0725659 -0.991406
    outer loop
      vertex 60.8917 -17.4157 5.26725
      vertex 60.5316 -17.1394 5.20749
      vertex 60.5482 -17.1145 5.20749
    endloop
  endfacet
  facet normal 0.0983124 -0.0862981 -0.991407
    outer loop
      vertex 60.8328 -17.4828 5.26725
      vertex 60.5316 -17.1394 5.20749
      vertex 60.8917 -17.4157 5.26725
    endloop
  endfacet
  facet normal 0.169575 -0.343838 -0.923591
    outer loop
      vertex 61.124 -18.3406 5.56094
      vertex 60.7805 -18.0394 5.38574
      vertex 60.9125 -17.9743 5.38574
    endloop
  endfacet
  facet normal 0.114701 -0.232573 -0.965792
    outer loop
      vertex 60.7805 -18.0394 5.38574
      vertex 60.6113 -17.6308 5.26725
      vertex 60.9125 -17.9743 5.38574
    endloop
  endfacet
  facet normal 0.0256281 -0.128287 -0.991406
    outer loop
      vertex 60.4391 -17.677 5.26725
      vertex 60.3799 -17.227 5.20749
      vertex 60.5267 -17.6595 5.26725
    endloop
  endfacet
  facet normal 0.0258196 -0.128223 -0.991409
    outer loop
      vertex 60.5267 -17.6595 5.26725
      vertex 60.3799 -17.227 5.20749
      vertex 60.4092 -17.2211 5.20749
    endloop
  endfacet
  facet normal 0.00849761 -0.130541 -0.991407
    outer loop
      vertex 60.4391 -17.677 5.26725
      vertex 60.35 -17.6828 5.26725
      vertex 60.3799 -17.227 5.20749
    endloop
  endfacet
  facet normal 0.0168459 -0.258788 -0.965787
    outer loop
      vertex 60.4391 -17.677 5.26725
      vertex 60.35 -18.125 5.38574
      vertex 60.35 -17.6828 5.26725
    endloop
  endfacet
  facet normal 0.130567 -0.0082969 -0.991405
    outer loop
      vertex 61.027 -17.0891 5.26725
      vertex 60.577 -17.0299 5.20749
      vertex 60.5789 -17 5.20749
    endloop
  endfacet
  facet normal 0.245551 -0.0833016 -0.965798
    outer loop
      vertex 61.4367 -17.2912 5.38574
      vertex 60.9808 -17.2613 5.26725
      vertex 61.0095 -17.1767 5.26725
    endloop
  endfacet
  facet normal 0.258812 -0.0168475 -0.965781
    outer loop
      vertex 61.4654 -17.1468 5.38574
      vertex 61.027 -17.0891 5.26725
      vertex 61.0328 -17 5.26725
    endloop
  endfacet
  facet normal 0.254342 -0.0508103 -0.965779
    outer loop
      vertex 61.4654 -17.1468 5.38574
      vertex 61.0095 -17.1767 5.26725
      vertex 61.027 -17.0891 5.26725
    endloop
  endfacet
  facet normal 0.215671 -0.143974 -0.965794
    outer loop
      vertex 61.2426 -17.6849 5.38574
      vertex 60.8917 -17.4157 5.26725
      vertex 60.9413 -17.3414 5.26725
    endloop
  endfacet
  facet normal 0.117322 -0.0578552 -0.991407
    outer loop
      vertex 60.9413 -17.3414 5.26725
      vertex 60.5482 -17.1145 5.20749
      vertex 60.9808 -17.2613 5.26725
    endloop
  endfacet
  facet normal 0.376461 -0.330208 -0.865586
    outer loop
      vertex 61.725 -18.375 5.78986
      vertex 61.4446 -18.0946 5.56094
      vertex 61.5781 -17.9424 5.56094
    endloop
  endfacet
  facet normal 0.330208 -0.376461 -0.865586
    outer loop
      vertex 61.725 -18.375 5.78986
      vertex 61.2924 -18.2281 5.56094
      vertex 61.4446 -18.0946 5.56094
    endloop
  endfacet
  facet normal 0.232575 -0.114702 -0.965791
    outer loop
      vertex 61.3243 -17.5625 5.38574
      vertex 60.9413 -17.3414 5.26725
      vertex 61.3894 -17.4305 5.38574
    endloop
  endfacet
  facet normal 0.343838 -0.169575 -0.923591
    outer loop
      vertex 61.6906 -17.774 5.56094
      vertex 61.3243 -17.5625 5.38574
      vertex 61.3894 -17.4305 5.38574
    endloop
  endfacet
  facet normal 0.546705 -0.269637 -0.792723
    outer loop
      vertex 62.3485 -18.1539 6.06856
      vertex 62.034 -17.9722 5.78986
      vertex 62.1465 -17.7441 5.78986
    endloop
  endfacet
  facet normal 0.506858 -0.338625 -0.792734
    outer loop
      vertex 62.3485 -18.1539 6.06856
      vertex 61.8927 -18.1837 5.78986
      vertex 62.034 -17.9722 5.78986
    endloop
  endfacet
  facet normal 0.343789 -0.169623 -0.9236
    outer loop
      vertex 61.6906 -17.774 5.56094
      vertex 61.3894 -17.4305 5.38574
      vertex 61.7802 -17.5924 5.56094
    endloop
  endfacet
  facet normal 0.474331 -0.160934 -0.865512
    outer loop
      vertex 62.1465 -17.7441 5.78986
      vertex 61.8453 -17.4007 5.56094
      vertex 62.2282 -17.5033 5.78986
    endloop
  endfacet
  facet normal 0.0632888 -0.96404 0.258112
    outer loop
      vertex 60.35 -20.3143 9.82504
      vertex 60.35 -20.4327 9.38282
      vertex 60.7826 -20.2859 9.82504
    endloop
  endfacet
  facet normal 0.0250163 -0.382541 0.9236
    outer loop
      vertex 60.35 -18.125 12.0143
      vertex 60.35 -18.548 11.8391
      vertex 60.4968 -18.1154 12.0143
    endloop
  endfacet
  facet normal 0.119073 -0.597763 0.792781
    outer loop
      vertex 60.8533 -18.8782 11.6101
      vertex 60.6038 -18.9279 11.6101
      vertex 60.9473 -19.2291 11.3314
    endloop
  endfacet
  facet normal 0.051897 -0.792294 0.607929
    outer loop
      vertex 60.6935 -19.6089 11.0077
      vertex 60.35 -19.6314 11.0077
      vertex 60.7299 -19.8852 10.6445
    endloop
  endfacet
  facet normal 0.138106 -0.694284 0.706326
    outer loop
      vertex 60.9473 -19.2291 11.3314
      vertex 60.6512 -19.288 11.3314
      vertex 60.6935 -19.6089 11.0077
    endloop
  endfacet
  facet normal -0.38266 0 0.923889
    outer loop
      vertex 58.802 -15.452 11.8391
      vertex 59.225 -2.5 12.0143
      vertex 58.802 -2.5 11.8391
    endloop
  endfacet
  facet normal -0.38266 0 0.923889
    outer loop
      vertex 59.225 -2.5 12.0143
      vertex 58.802 -15.452 11.8391
      vertex 59.225 -15.875 12.0143
    endloop
  endfacet
  facet normal -0.500132 0 0.865949
    outer loop
      vertex 58.4055 -15.0555 11.6101
      vertex 58.802 -2.5 11.8391
      vertex 58.4055 -2.5 11.6101
    endloop
  endfacet
  facet normal -0.500132 0 0.865949
    outer loop
      vertex 58.802 -2.5 11.8391
      vertex 58.4055 -15.0555 11.6101
      vertex 58.802 -15.452 11.8391
    endloop
  endfacet
  facet normal 0.0169124 -0.258619 0.965831
    outer loop
      vertex 60.4391 -17.677 12.1327
      vertex 60.35 -18.125 12.0143
      vertex 60.4968 -18.1154 12.0143
    endloop
  endfacet
  facet normal 0.0505223 -0.254196 0.965832
    outer loop
      vertex 60.6412 -18.0867 12.0143
      vertex 60.4391 -17.677 12.1327
      vertex 60.4968 -18.1154 12.0143
    endloop
  endfacet
  facet normal 0.269637 -0.546705 0.792723
    outer loop
      vertex 61.3222 -18.684 11.6101
      vertex 61.0941 -18.7965 11.6101
      vertex 61.5039 -18.9985 11.3314
    endloop
  endfacet
  facet normal 0.170948 -0.194747 0.965842
    outer loop
      vertex 60.8328 -17.4828 12.1327
      vertex 60.7657 -17.5417 12.1327
      vertex 61.0349 -17.8926 12.0143
    endloop
  endfacet
  facet normal 0.0728159 -0.108785 0.991395
    outer loop
      vertex 60.4893 -17.1816 12.1925
      vertex 60.4645 -17.1982 12.1925
      vertex 60.6914 -17.5913 12.1327
    endloop
  endfacet
  facet normal 0.169575 -0.343838 0.923591
    outer loop
      vertex 60.9125 -17.9743 12.0143
      vertex 60.7805 -18.0394 12.0143
      vertex 61.124 -18.3406 11.8391
    endloop
  endfacet
  facet normal 0.221663 -0.449263 0.865464
    outer loop
      vertex 61.124 -18.3406 11.8391
      vertex 60.9424 -18.4302 11.8391
      vertex 61.0941 -18.7965 11.6101
    endloop
  endfacet
  facet normal 0.160959 -0.474405 0.865467
    outer loop
      vertex 60.9424 -18.4302 11.8391
      vertex 60.8533 -18.8782 11.6101
      vertex 61.0941 -18.7965 11.6101
    endloop
  endfacet
  facet normal 0.180294 -0.906423 0.381956
    outer loop
      vertex 61.1624 -20.0321 10.248
      vertex 60.7597 -20.1122 10.248
      vertex 61.2078 -20.2013 9.82504
    endloop
  endfacet
  facet normal 0.296978 -0.875157 0.381973
    outer loop
      vertex 61.6183 -20.062 9.82504
      vertex 61.1624 -20.0321 10.248
      vertex 61.2078 -20.2013 9.82504
    endloop
  endfacet
  facet normal 0.383126 -0.777179 0.499206
    outer loop
      vertex 61.8051 -19.5203 10.6445
      vertex 61.4637 -19.6886 10.6445
      vertex 61.5513 -19.9001 10.248
    endloop
  endfacet
  facet normal 0.351049 -0.71211 0.607999
    outer loop
      vertex 61.8051 -19.5203 10.6445
      vertex 61.357 -19.4311 11.0077
      vertex 61.4637 -19.6886 10.6445
    endloop
  endfacet
  facet normal 0.82436 -0.550875 0.13026
    outer loop
      vertex 63.3746 -18.7463 8.92891
      vertex 63.0734 -19.0897 9.38282
      vertex 63.1208 -19.1261 8.92891
    endloop
  endfacet
  facet normal 0.824406 -0.550782 0.130362
    outer loop
      vertex 63.3228 -18.7164 9.38282
      vertex 63.0734 -19.0897 9.38282
      vertex 63.3746 -18.7463 8.92891
    endloop
  endfacet
  facet normal 0.536678 -0.803295 0.258252
    outer loop
      vertex 62.3676 -19.6294 9.82504
      vertex 62.0664 -19.9728 9.38282
      vertex 62.4397 -19.7234 9.38282
    endloop
  endfacet
  facet normal 0.550789 -0.824417 0.13026
    outer loop
      vertex 62.4397 -19.7234 9.38282
      vertex 62.0664 -19.9728 9.38282
      vertex 62.4761 -19.7708 8.92891
    endloop
  endfacet
  facet normal 0.914853 -0.310448 0.258196
    outer loop
      vertex 63.5513 -17.8578 9.82504
      vertex 63.412 -18.2683 9.82504
      vertex 63.5214 -18.3137 9.38282
    endloop
  endfacet
  facet normal 0.866448 -0.427307 0.258218
    outer loop
      vertex 63.412 -18.2683 9.82504
      vertex 63.3228 -18.7164 9.38282
      vertex 63.5214 -18.3137 9.38282
    endloop
  endfacet
  facet normal 0.258604 -0.0169115 0.965835
    outer loop
      vertex 61.475 -17 12.0143
      vertex 61.0328 -17 12.1327
      vertex 61.4654 -17.1468 12.0143
    endloop
  endfacet
  facet normal 0.382541 -0.0250163 0.9236
    outer loop
      vertex 61.475 -17 12.0143
      vertex 61.4654 -17.1468 12.0143
      vertex 61.898 -17 11.8391
    endloop
  endfacet
  facet normal 0.474455 -0.160976 0.865436
    outer loop
      vertex 62.2282 -17.5033 11.6101
      vertex 61.8453 -17.4007 11.8391
      vertex 62.1465 -17.7441 11.6101
    endloop
  endfacet
  facet normal 0.491399 -0.0977354 0.865433
    outer loop
      vertex 61.8848 -17.2021 11.8391
      vertex 61.8453 -17.4007 11.8391
      vertex 62.2282 -17.5033 11.6101
    endloop
  endfacet
  facet normal 0.343838 -0.169575 0.923591
    outer loop
      vertex 61.3894 -17.4305 12.0143
      vertex 61.3243 -17.5625 12.0143
      vertex 61.6906 -17.774 11.8391
    endloop
  endfacet
  facet normal 0.23241 -0.11462 0.96584
    outer loop
      vertex 61.3894 -17.4305 12.0143
      vertex 60.9413 -17.3414 12.1327
      vertex 61.3243 -17.5625 12.0143
    endloop
  endfacet
  facet normal 0.70635 -0.0462674 0.70635
    outer loop
      vertex 62.9814 -17 11.0077
      vertex 62.6577 -17 11.3314
      vertex 62.9589 -17.3435 11.0077
    endloop
  endfacet
  facet normal 0.706388 -0.0462013 0.706315
    outer loop
      vertex 62.6577 -17 11.3314
      vertex 62.638 -17.3012 11.3314
      vertex 62.9589 -17.3435 11.0077
    endloop
  endfacet
  facet normal 0.778763 -0.154752 0.607931
    outer loop
      vertex 63.2352 -17.3798 10.6445
      vertex 62.8918 -17.6811 11.0077
      vertex 63.161 -17.7532 10.6445
    endloop
  endfacet
  facet normal 0.751838 -0.25527 0.607929
    outer loop
      vertex 63.161 -17.7532 10.6445
      vertex 62.8918 -17.6811 11.0077
      vertex 63.0386 -18.1137 10.6445
    endloop
  endfacet
  facet normal 0.416538 -0.278283 0.865479
    outer loop
      vertex 62.034 -17.9722 11.6101
      vertex 61.6906 -17.774 11.8391
      vertex 61.8927 -18.1837 11.6101
    endloop
  endfacet
  facet normal 0.506858 -0.338625 0.792734
    outer loop
      vertex 62.034 -17.9722 11.6101
      vertex 61.8927 -18.1837 11.6101
      vertex 62.3485 -18.1539 11.3314
    endloop
  endfacet
  facet normal 0.215529 -0.143862 0.965842
    outer loop
      vertex 61.3243 -17.5625 12.0143
      vertex 60.9413 -17.3414 12.1327
      vertex 61.2426 -17.6849 12.0143
    endloop
  endfacet
  facet normal 0.212835 -0.318862 0.923595
    outer loop
      vertex 61.0349 -17.8926 12.0143
      vertex 60.9125 -17.9743 12.0143
      vertex 61.124 -18.3406 11.8391
    endloop
  endfacet
  facet normal 0.588415 -0.393293 0.706462
    outer loop
      vertex 62.3485 -18.1539 11.3314
      vertex 62.1808 -18.4048 11.3314
      vertex 62.4377 -18.6019 11.0077
    endloop
  endfacet
  facet normal 0.532202 -0.466556 0.70646
    outer loop
      vertex 62.1808 -18.4048 11.3314
      vertex 61.9818 -18.6318 11.3314
      vertex 62.4377 -18.6019 11.0077
    endloop
  endfacet
  facet normal 0.0566662 -0.864558 0.499328
    outer loop
      vertex 60.35 -19.9101 10.6445
      vertex 60.35 -20.1391 10.248
      vertex 60.7299 -19.8852 10.6445
    endloop
  endfacet
  facet normal 0.0567673 -0.864594 0.499255
    outer loop
      vertex 60.7299 -19.8852 10.6445
      vertex 60.35 -20.1391 10.248
      vertex 60.7597 -20.1122 10.248
    endloop
  endfacet
  facet normal 0.143977 -0.215675 -0.965792
    outer loop
      vertex 60.9125 -17.9743 5.38574
      vertex 60.6914 -17.5913 5.26725
      vertex 60.7657 -17.5417 5.26725
    endloop
  endfacet
  facet normal 0.114693 -0.23258 -0.965791
    outer loop
      vertex 60.9125 -17.9743 5.38574
      vertex 60.6113 -17.6308 5.26725
      vertex 60.6914 -17.5913 5.26725
    endloop
  endfacet
  facet normal 0.0984377 -0.0861877 -0.991404
    outer loop
      vertex 60.8328 -17.4828 5.26725
      vertex 60.5119 -17.1619 5.20749
      vertex 60.5316 -17.1394 5.20749
    endloop
  endfacet
  facet normal 0.375997 -0.0747306 -0.923603
    outer loop
      vertex 61.8453 -17.4007 5.56094
      vertex 61.4367 -17.2912 5.38574
      vertex 61.4654 -17.1468 5.38574
    endloop
  endfacet
  facet normal 0.382532 -0.0249848 -0.923604
    outer loop
      vertex 61.8848 -17.2021 5.56094
      vertex 61.4654 -17.1468 5.38574
      vertex 61.898 -17 5.56094
    endloop
  endfacet
  facet normal 0.128261 -0.0258272 -0.991404
    outer loop
      vertex 61.027 -17.0891 5.26725
      vertex 60.5711 -17.0592 5.20749
      vertex 60.577 -17.0299 5.20749
    endloop
  endfacet
  facet normal 0.123942 -0.041896 -0.991405
    outer loop
      vertex 60.9808 -17.2613 5.26725
      vertex 60.5615 -17.0876 5.20749
      vertex 60.5711 -17.0592 5.20749
    endloop
  endfacet
  facet normal 0.117277 -0.0579847 -0.991405
    outer loop
      vertex 60.9808 -17.2613 5.26725
      vertex 60.5482 -17.1145 5.20749
      vertex 60.5615 -17.0876 5.20749
    endloop
  endfacet
  facet normal 0.288207 -0.252796 -0.923597
    outer loop
      vertex 61.4446 -18.0946 5.56094
      vertex 61.1455 -17.7955 5.38574
      vertex 61.5781 -17.9424 5.56094
    endloop
  endfacet
  facet normal 0.252921 -0.288085 -0.923601
    outer loop
      vertex 61.4446 -18.0946 5.56094
      vertex 61.0349 -17.8926 5.38574
      vertex 61.1455 -17.7955 5.38574
    endloop
  endfacet
  facet normal 0.44915 -0.221523 -0.865559
    outer loop
      vertex 62.034 -17.9722 5.78986
      vertex 61.6906 -17.774 5.56094
      vertex 62.1465 -17.7441 5.78986
    endloop
  endfacet
  facet normal 0.416429 -0.27821 -0.865555
    outer loop
      vertex 61.8927 -18.1837 5.78986
      vertex 61.6906 -17.774 5.56094
      vertex 62.034 -17.9722 5.78986
    endloop
  endfacet
  facet normal 0.499751 -0.0326867 -0.865552
    outer loop
      vertex 62.2779 -17.2538 5.78986
      vertex 61.8848 -17.2021 5.56094
      vertex 62.2945 -17 5.78986
    endloop
  endfacet
  facet normal 0.597763 -0.119073 -0.792781
    outer loop
      vertex 62.5791 -17.5973 6.06856
      vertex 62.2282 -17.5033 5.78986
      vertex 62.2779 -17.2538 5.78986
    endloop
  endfacet
  facet normal 0.232577 -0.114691 -0.965792
    outer loop
      vertex 61.3894 -17.4305 5.38574
      vertex 60.9413 -17.3414 5.26725
      vertex 60.9808 -17.2613 5.26725
    endloop
  endfacet
  facet normal 0.245545 -0.0833759 -0.965793
    outer loop
      vertex 61.3894 -17.4305 5.38574
      vertex 60.9808 -17.2613 5.26725
      vertex 61.4367 -17.2912 5.38574
    endloop
  endfacet
  facet normal 0.0648873 -0.989369 0.130151
    outer loop
      vertex 60.7981 -20.4034 9.38282
      vertex 60.35 -20.4925 8.92891
      vertex 60.8059 -20.4626 8.92891
    endloop
  endfacet
  facet normal 0.193404 -0.972448 0.130152
    outer loop
      vertex 61.2539 -20.3735 8.92891
      vertex 60.7981 -20.4034 9.38282
      vertex 60.8059 -20.4626 8.92891
    endloop
  endfacet
  facet normal 0.0832498 -0.245398 0.965841
    outer loop
      vertex 60.6113 -17.6308 12.1327
      vertex 60.5267 -17.6595 12.1327
      vertex 60.7805 -18.0394 12.0143
    endloop
  endfacet
  facet normal 0.0833125 -0.245358 0.965846
    outer loop
      vertex 60.7805 -18.0394 12.0143
      vertex 60.5267 -17.6595 12.1327
      vertex 60.6412 -18.0867 12.0143
    endloop
  endfacet
  facet normal 0.252921 -0.288085 0.923601
    outer loop
      vertex 61.1455 -17.7955 12.0143
      vertex 61.0349 -17.8926 12.0143
      vertex 61.4446 -18.0946 11.8391
    endloop
  endfacet
  facet normal 0.170967 -0.194737 0.965841
    outer loop
      vertex 61.1455 -17.7955 12.0143
      vertex 60.8328 -17.4828 12.1327
      vertex 61.0349 -17.8926 12.0143
    endloop
  endfacet
  facet normal 0.143875 -0.215522 0.965842
    outer loop
      vertex 60.7657 -17.5417 12.1327
      vertex 60.6914 -17.5913 12.1327
      vertex 60.9125 -17.9743 12.0143
    endloop
  endfacet
  facet normal 0.0726696 -0.108858 0.991398
    outer loop
      vertex 60.7657 -17.5417 12.1327
      vertex 60.4893 -17.1816 12.1925
      vertex 60.6914 -17.5913 12.1327
    endloop
  endfacet
  facet normal 0.3767 -0.330228 0.865475
    outer loop
      vertex 61.8927 -18.1837 11.6101
      vertex 61.5781 -17.9424 11.8391
      vertex 61.725 -18.375 11.6101
    endloop
  endfacet
  facet normal 0.278276 -0.416548 0.865477
    outer loop
      vertex 61.2924 -18.2281 11.8391
      vertex 61.124 -18.3406 11.8391
      vertex 61.5337 -18.5427 11.6101
    endloop
  endfacet
  facet normal 0.343789 -0.169623 0.9236
    outer loop
      vertex 61.7802 -17.5924 11.8391
      vertex 61.3894 -17.4305 12.0143
      vertex 61.6906 -17.774 11.8391
    endloop
  endfacet
  facet normal 0.449263 -0.221663 0.865464
    outer loop
      vertex 61.7802 -17.5924 11.8391
      vertex 61.6906 -17.774 11.8391
      vertex 62.1465 -17.7441 11.6101
    endloop
  endfacet
  facet normal 0.215518 -0.143872 0.965843
    outer loop
      vertex 60.9413 -17.3414 12.1327
      vertex 60.8917 -17.4157 12.1327
      vertex 61.2426 -17.6849 12.0143
    endloop
  endfacet
  facet normal 0.194747 -0.170948 0.965842
    outer loop
      vertex 60.8917 -17.4157 12.1327
      vertex 60.8328 -17.4828 12.1327
      vertex 61.2426 -17.6849 12.0143
    endloop
  endfacet
  facet normal 0.318913 -0.21287 0.92357
    outer loop
      vertex 61.3243 -17.5625 12.0143
      vertex 61.2426 -17.6849 12.0143
      vertex 61.5781 -17.9424 11.8391
    endloop
  endfacet
  facet normal 0.288138 -0.252968 0.923571
    outer loop
      vertex 61.2426 -17.6849 12.0143
      vertex 61.1455 -17.7955 12.0143
      vertex 61.5781 -17.9424 11.8391
    endloop
  endfacet
  facet normal 0.66019 -0.441049 0.607968
    outer loop
      vertex 62.6289 -18.3157 11.0077
      vertex 62.4377 -18.6019 11.0077
      vertex 62.6588 -18.7716 10.6445
    endloop
  endfacet
  facet normal 0.63487 -0.31298 0.706388
    outer loop
      vertex 62.482 -17.8831 11.3314
      vertex 62.3485 -18.1539 11.3314
      vertex 62.6289 -18.3157 11.0077
    endloop
  endfacet
  facet normal 0.49127 -0.0977098 -0.865509
    outer loop
      vertex 62.2282 -17.5033 5.78986
      vertex 61.8453 -17.4007 5.56094
      vertex 61.8848 -17.2021 5.56094
    endloop
  endfacet
  facet normal 0.375969 -0.0747773 -0.92361
    outer loop
      vertex 61.8453 -17.4007 5.56094
      vertex 61.4654 -17.1468 5.38574
      vertex 61.8848 -17.2021 5.56094
    endloop
  endfacet
  facet normal 0.288138 -0.252968 -0.923571
    outer loop
      vertex 61.5781 -17.9424 5.56094
      vertex 61.1455 -17.7955 5.38574
      vertex 61.2426 -17.6849 5.38574
    endloop
  endfacet
  facet normal 0.194875 -0.171088 -0.965791
    outer loop
      vertex 61.1455 -17.7955 5.38574
      vertex 60.8328 -17.4828 5.26725
      vertex 61.2426 -17.6849 5.38574
    endloop
  endfacet
  facet normal 0.188515 -0.947478 0.258357
    outer loop
      vertex 61.2078 -20.2013 9.82504
      vertex 60.7826 -20.2859 9.82504
      vertex 60.7981 -20.4034 9.38282
    endloop
  endfacet
  facet normal 0.180341 -0.906396 0.382
    outer loop
      vertex 61.2078 -20.2013 9.82504
      vertex 60.7597 -20.1122 10.248
      vertex 60.7826 -20.2859 9.82504
    endloop
  endfacet
  facet normal 0.0397851 -0.608289 0.792718
    outer loop
      vertex 60.6038 -18.9279 11.6101
      vertex 60.35 -19.3077 11.3314
      vertex 60.6512 -19.288 11.3314
    endloop
  endfacet
  facet normal 0.0397856 -0.608289 0.792718
    outer loop
      vertex 60.35 -18.9445 11.6101
      vertex 60.35 -19.3077 11.3314
      vertex 60.6038 -18.9279 11.6101
    endloop
  endfacet
  facet normal 0.0326941 -0.499865 0.865486
    outer loop
      vertex 60.35 -18.548 11.8391
      vertex 60.35 -18.9445 11.6101
      vertex 60.6038 -18.9279 11.6101
    endloop
  endfacet
  facet normal 0.0326497 -0.499887 0.865475
    outer loop
      vertex 60.5521 -18.5348 11.8391
      vertex 60.35 -18.548 11.8391
      vertex 60.6038 -18.9279 11.6101
    endloop
  endfacet
  facet normal 0.338625 -0.506858 0.792734
    outer loop
      vertex 61.5337 -18.5427 11.6101
      vertex 61.3222 -18.684 11.6101
      vertex 61.5039 -18.9985 11.3314
    endloop
  endfacet
  facet normal 0.278283 -0.416538 0.865479
    outer loop
      vertex 61.5337 -18.5427 11.6101
      vertex 61.124 -18.3406 11.8391
      vertex 61.3222 -18.684 11.6101
    endloop
  endfacet
  facet normal 0.401865 -0.458418 0.79269
    outer loop
      vertex 61.725 -18.375 11.6101
      vertex 61.5337 -18.5427 11.6101
      vertex 61.7548 -18.8308 11.3314
    endloop
  endfacet
  facet normal 0.401872 -0.458416 0.792687
    outer loop
      vertex 61.9818 -18.6318 11.3314
      vertex 61.725 -18.375 11.6101
      vertex 61.7548 -18.8308 11.3314
    endloop
  endfacet
  facet normal 0.252831 -0.288246 0.923575
    outer loop
      vertex 61.4446 -18.0946 11.8391
      vertex 61.0349 -17.8926 12.0143
      vertex 61.2924 -18.2281 11.8391
    endloop
  endfacet
  facet normal 0.21299 -0.318823 0.923573
    outer loop
      vertex 61.2924 -18.2281 11.8391
      vertex 61.0349 -17.8926 12.0143
      vertex 61.124 -18.3406 11.8391
    endloop
  endfacet
  facet normal 0.712093 -0.351041 0.608024
    outer loop
      vertex 63.0386 -18.1137 10.6445
      vertex 62.6289 -18.3157 11.0077
      vertex 62.8703 -18.4551 10.6445
    endloop
  endfacet
  facet normal 0.712093 -0.351087 0.607998
    outer loop
      vertex 62.7811 -18.007 11.0077
      vertex 62.6289 -18.3157 11.0077
      vertex 63.0386 -18.1137 10.6445
    endloop
  endfacet
  facet normal 0.362993 -0.12327 -0.923602
    outer loop
      vertex 61.7802 -17.5924 5.56094
      vertex 61.3894 -17.4305 5.38574
      vertex 61.8453 -17.4007 5.56094
    endloop
  endfacet
  facet normal 0.362993 -0.123256 -0.923604
    outer loop
      vertex 61.8453 -17.4007 5.56094
      vertex 61.3894 -17.4305 5.38574
      vertex 61.4367 -17.2912 5.38574
    endloop
  endfacet
  facet normal 0.0605408 -0.922182 0.381989
    outer loop
      vertex 60.35 -20.1391 10.248
      vertex 60.35 -20.3143 9.82504
      vertex 60.7826 -20.2859 9.82504
    endloop
  endfacet
  facet normal 0 0.793354 -0.60876
    outer loop
      vertex 57.7186 -14.3686 6.39229
      vertex 19.2601 -14.0899 6.7555
      vertex 57.4399 -14.0899 6.7555
    endloop
  endfacet
  facet normal 0 0.793354 -0.60876
    outer loop
      vertex 19.2601 -14.0899 6.7555
      vertex 57.7186 -14.3686 6.39229
      vertex 18.9814 -14.3686 6.39229
    endloop
  endfacet
  facet normal 0 0.793346 0.608771
    outer loop
      vertex 57.4399 -14.0899 10.6445
      vertex 18.9814 -14.3686 11.0077
      vertex 57.7186 -14.3686 11.0077
    endloop
  endfacet
  facet normal 0 0.793346 0.608771
    outer loop
      vertex 18.9814 -14.3686 11.0077
      vertex 57.4399 -14.0899 10.6445
      vertex 19.2601 -14.0899 10.6445
    endloop
  endfacet
  facet normal 0 0.865949 0.500132
    outer loop
      vertex 57.2109 -13.8609 10.248
      vertex 19.2601 -14.0899 10.6445
      vertex 57.4399 -14.0899 10.6445
    endloop
  endfacet
  facet normal 0 0.865949 0.500132
    outer loop
      vertex 19.2601 -14.0899 10.6445
      vertex 57.2109 -13.8609 10.248
      vertex 19.4891 -13.8609 10.248
    endloop
  endfacet
  facet normal 0 0.965976 -0.258631
    outer loop
      vertex 57.0357 -13.6857 7.57496
      vertex 19.7827 -13.5673 8.01718
      vertex 56.9173 -13.5673 8.01718
    endloop
  endfacet
  facet normal 0 0.965976 -0.258631
    outer loop
      vertex 19.7827 -13.5673 8.01718
      vertex 57.0357 -13.6857 7.57496
      vertex 19.6643 -13.6857 7.57496
    endloop
  endfacet
  facet normal 0 -0.865949 0.500132
    outer loop
      vertex 16.35 -20.1391 10.248
      vertex 60.35 -19.9101 10.6445
      vertex 16.35 -19.9101 10.6445
    endloop
  endfacet
  facet normal 0 -0.865949 0.500132
    outer loop
      vertex 60.35 -19.9101 10.6445
      vertex 16.35 -20.1391 10.248
      vertex 60.35 -20.1391 10.248
    endloop
  endfacet
  facet normal 0 -0.965976 0.258631
    outer loop
      vertex 16.35 -20.4327 9.38282
      vertex 60.35 -20.3143 9.82504
      vertex 16.35 -20.3143 9.82504
    endloop
  endfacet
  facet normal 0 -0.965976 0.258631
    outer loop
      vertex 60.35 -20.3143 9.82504
      vertex 16.35 -20.4327 9.38282
      vertex 60.35 -20.4327 9.38282
    endloop
  endfacet
  facet normal 0 -0.865944 -0.500142
    outer loop
      vertex 16.35 -19.9101 6.7555
      vertex 60.35 -20.1391 7.15199
      vertex 16.35 -20.1391 7.15199
    endloop
  endfacet
  facet normal 0 -0.865944 -0.500142
    outer loop
      vertex 60.35 -20.1391 7.15199
      vertex 16.35 -19.9101 6.7555
      vertex 60.35 -19.9101 6.7555
    endloop
  endfacet
  facet normal 0 -0.70714 -0.707074
    outer loop
      vertex 16.35 -19.6314 6.39229
      vertex 60.35 -19.3077 6.06856
      vertex 60.35 -19.6314 6.39229
    endloop
  endfacet
  facet normal -0 -0.70714 -0.707074
    outer loop
      vertex 60.35 -19.3077 6.06856
      vertex 16.35 -19.6314 6.39229
      vertex 16.35 -19.3077 6.06856
    endloop
  endfacet
  facet normal 0 0.707107 0.707107
    outer loop
      vertex 57.7186 -14.3686 11.0077
      vertex 18.6577 -14.6923 11.3314
      vertex 58.0423 -14.6923 11.3314
    endloop
  endfacet
  facet normal 0 0.707107 0.707107
    outer loop
      vertex 18.6577 -14.6923 11.3314
      vertex 57.7186 -14.3686 11.0077
      vertex 18.9814 -14.3686 11.0077
    endloop
  endfacet
  facet normal 0 0.991433 -0.130616
    outer loop
      vertex 56.9173 -13.5673 8.01718
      vertex 19.8425 -13.5075 8.47109
      vertex 56.8575 -13.5075 8.47109
    endloop
  endfacet
  facet normal 0 0.991433 -0.130616
    outer loop
      vertex 19.8425 -13.5075 8.47109
      vertex 56.9173 -13.5673 8.01718
      vertex 19.7827 -13.5673 8.01718
    endloop
  endfacet
  facet normal 0 0.38266 -0.923889
    outer loop
      vertex 59.225 -15.875 5.38574
      vertex 17.898 -15.452 5.56094
      vertex 58.802 -15.452 5.56094
    endloop
  endfacet
  facet normal 0 0.38266 -0.923889
    outer loop
      vertex 17.898 -15.452 5.56094
      vertex 59.225 -15.875 5.38574
      vertex 17.475 -15.875 5.38574
    endloop
  endfacet
  facet normal 0 -0.38266 -0.923889
    outer loop
      vertex 16.35 -18.548 5.56094
      vertex 60.35 -18.125 5.38574
      vertex 60.35 -18.548 5.56094
    endloop
  endfacet
  facet normal -0 -0.38266 -0.923889
    outer loop
      vertex 60.35 -18.125 5.38574
      vertex 16.35 -18.548 5.56094
      vertex 16.35 -18.125 5.38574
    endloop
  endfacet
  facet normal 0 -0.258641 0.965973
    outer loop
      vertex 16.35 -17.6828 12.1327
      vertex 60.35 -18.125 12.0143
      vertex 60.35 -17.6828 12.1327
    endloop
  endfacet
  facet normal 0 -0.258641 0.965973
    outer loop
      vertex 60.35 -18.125 12.0143
      vertex 16.35 -17.6828 12.1327
      vertex 16.35 -18.125 12.0143
    endloop
  endfacet
  facet normal 0 -0.707107 0.707107
    outer loop
      vertex 16.35 -19.3077 11.3314
      vertex 60.35 -19.6314 11.0077
      vertex 60.35 -19.3077 11.3314
    endloop
  endfacet
  facet normal 0 -0.707107 0.707107
    outer loop
      vertex 60.35 -19.6314 11.0077
      vertex 16.35 -19.3077 11.3314
      vertex 16.35 -19.6314 11.0077
    endloop
  endfacet
  facet normal 0 -0.608771 -0.793346
    outer loop
      vertex 16.35 -19.3077 6.06856
      vertex 60.35 -18.9445 5.78986
      vertex 60.35 -19.3077 6.06856
    endloop
  endfacet
  facet normal -0 -0.608771 -0.793346
    outer loop
      vertex 60.35 -18.9445 5.78986
      vertex 16.35 -19.3077 6.06856
      vertex 16.35 -18.9445 5.78986
    endloop
  endfacet
  facet normal 0 0.923879 -0.382684
    outer loop
      vertex 57.2109 -13.8609 7.15199
      vertex 19.6643 -13.6857 7.57496
      vertex 57.0357 -13.6857 7.57496
    endloop
  endfacet
  facet normal 0 0.923879 -0.382684
    outer loop
      vertex 19.6643 -13.6857 7.57496
      vertex 57.2109 -13.8609 7.15199
      vertex 19.4891 -13.8609 7.15199
    endloop
  endfacet
  facet normal 0 0.865944 -0.500142
    outer loop
      vertex 57.4399 -14.0899 6.7555
      vertex 19.4891 -13.8609 7.15199
      vertex 57.2109 -13.8609 7.15199
    endloop
  endfacet
  facet normal 0 0.865944 -0.500142
    outer loop
      vertex 19.4891 -13.8609 7.15199
      vertex 57.4399 -14.0899 6.7555
      vertex 19.2601 -14.0899 6.7555
    endloop
  endfacet
  facet normal 0 0.70714 -0.707074
    outer loop
      vertex 58.0423 -14.6923 6.06856
      vertex 18.9814 -14.3686 6.39229
      vertex 57.7186 -14.3686 6.39229
    endloop
  endfacet
  facet normal 0 0.70714 -0.707074
    outer loop
      vertex 18.9814 -14.3686 6.39229
      vertex 58.0423 -14.6923 6.06856
      vertex 18.6577 -14.6923 6.06856
    endloop
  endfacet
  facet normal 0 0.130532 -0.991444
    outer loop
      vertex 60.1211 -16.7711 5.20749
      vertex 17.0328 -16.3172 5.26725
      vertex 59.6672 -16.3172 5.26725
    endloop
  endfacet
  facet normal 0 0.130532 -0.991444
    outer loop
      vertex 17.0328 -16.3172 5.26725
      vertex 60.1211 -16.7711 5.20749
      vertex 16.5789 -16.7711 5.20749
    endloop
  endfacet
  facet normal -0 0.500132 0.865949
    outer loop
      vertex 18.2945 -15.0555 11.6101
      vertex 58.802 -15.452 11.8391
      vertex 58.4055 -15.0555 11.6101
    endloop
  endfacet
  facet normal 0 0.500132 0.865949
    outer loop
      vertex 58.802 -15.452 11.8391
      vertex 18.2945 -15.0555 11.6101
      vertex 17.898 -15.452 11.8391
    endloop
  endfacet
  facet normal -0 0.608771 0.793346
    outer loop
      vertex 18.6577 -14.6923 11.3314
      vertex 58.4055 -15.0555 11.6101
      vertex 58.0423 -14.6923 11.3314
    endloop
  endfacet
  facet normal 0 0.608771 0.793346
    outer loop
      vertex 58.4055 -15.0555 11.6101
      vertex 18.6577 -14.6923 11.3314
      vertex 18.2945 -15.0555 11.6101
    endloop
  endfacet
  facet normal 0 -0.793346 0.608771
    outer loop
      vertex 16.35 -19.9101 10.6445
      vertex 60.35 -19.6314 11.0077
      vertex 16.35 -19.6314 11.0077
    endloop
  endfacet
  facet normal 0 -0.793346 0.608771
    outer loop
      vertex 60.35 -19.6314 11.0077
      vertex 16.35 -19.9101 10.6445
      vertex 60.35 -19.9101 10.6445
    endloop
  endfacet
  facet normal 0 -0.991433 0.130616
    outer loop
      vertex 16.35 -20.4925 8.92891
      vertex 60.35 -20.4327 9.38282
      vertex 16.35 -20.4327 9.38282
    endloop
  endfacet
  facet normal 0 -0.991433 0.130616
    outer loop
      vertex 60.35 -20.4327 9.38282
      vertex 16.35 -20.4925 8.92891
      vertex 60.35 -20.4925 8.92891
    endloop
  endfacet
  facet normal 0 -1 0
    outer loop
      vertex 16.35 -20.4925 8.47109
      vertex 60.35 -20.4925 8.92891
      vertex 16.35 -20.4925 8.92891
    endloop
  endfacet
  facet normal 0 -1 -0
    outer loop
      vertex 60.35 -20.4925 8.92891
      vertex 16.35 -20.4925 8.47109
      vertex 60.35 -20.4925 8.47109
    endloop
  endfacet
  facet normal 0 -0.793354 -0.60876
    outer loop
      vertex 16.35 -19.6314 6.39229
      vertex 60.35 -19.9101 6.7555
      vertex 16.35 -19.9101 6.7555
    endloop
  endfacet
  facet normal 0 -0.793354 -0.60876
    outer loop
      vertex 60.35 -19.9101 6.7555
      vertex 16.35 -19.6314 6.39229
      vertex 60.35 -19.6314 6.39229
    endloop
  endfacet
  facet normal 0 -0.500001 -0.866025
    outer loop
      vertex 16.35 -18.9445 5.78986
      vertex 60.35 -18.548 5.56094
      vertex 60.35 -18.9445 5.78986
    endloop
  endfacet
  facet normal -0 -0.500001 -0.866025
    outer loop
      vertex 60.35 -18.548 5.56094
      vertex 16.35 -18.9445 5.78986
      vertex 16.35 -18.548 5.56094
    endloop
  endfacet
  facet normal 0 0.923876 0.382691
    outer loop
      vertex 57.0357 -13.6857 9.82504
      vertex 19.4891 -13.8609 10.248
      vertex 57.2109 -13.8609 10.248
    endloop
  endfacet
  facet normal 0 0.923876 0.382691
    outer loop
      vertex 19.4891 -13.8609 10.248
      vertex 57.0357 -13.6857 9.82504
      vertex 19.6643 -13.6857 9.82504
    endloop
  endfacet
  facet normal 0 1 -0
    outer loop
      vertex 56.8575 -13.5075 8.47109
      vertex 19.8425 -13.5075 8.92891
      vertex 56.8575 -13.5075 8.92891
    endloop
  endfacet
  facet normal 0 1 0
    outer loop
      vertex 19.8425 -13.5075 8.92891
      vertex 56.8575 -13.5075 8.47109
      vertex 19.8425 -13.5075 8.47109
    endloop
  endfacet
  facet normal 0 -0.130618 0.991433
    outer loop
      vertex 16.35 -17.2289 12.1925
      vertex 60.35 -17.6828 12.1327
      vertex 60.35 -17.2289 12.1925
    endloop
  endfacet
  facet normal 0 -0.130618 0.991433
    outer loop
      vertex 60.35 -17.6828 12.1327
      vertex 16.35 -17.2289 12.1925
      vertex 16.35 -17.6828 12.1327
    endloop
  endfacet
  facet normal 0 -0.500132 0.865949
    outer loop
      vertex 16.35 -18.548 11.8391
      vertex 60.35 -18.9445 11.6101
      vertex 60.35 -18.548 11.8391
    endloop
  endfacet
  facet normal 0 -0.500132 0.865949
    outer loop
      vertex 60.35 -18.9445 11.6101
      vertex 16.35 -18.548 11.8391
      vertex 16.35 -18.9445 11.6101
    endloop
  endfacet
  facet normal 0 -0.608771 0.793346
    outer loop
      vertex 16.35 -18.9445 11.6101
      vertex 60.35 -19.3077 11.3314
      vertex 60.35 -18.9445 11.6101
    endloop
  endfacet
  facet normal 0 -0.608771 0.793346
    outer loop
      vertex 60.35 -19.3077 11.3314
      vertex 16.35 -18.9445 11.6101
      vertex 16.35 -19.3077 11.3314
    endloop
  endfacet
  facet normal 0 -0.38266 0.923889
    outer loop
      vertex 16.35 -18.125 12.0143
      vertex 60.35 -18.548 11.8391
      vertex 60.35 -18.125 12.0143
    endloop
  endfacet
  facet normal 0 -0.38266 0.923889
    outer loop
      vertex 60.35 -18.548 11.8391
      vertex 16.35 -18.125 12.0143
      vertex 16.35 -18.548 11.8391
    endloop
  endfacet
  facet normal 0 -0.923876 0.382691
    outer loop
      vertex 16.35 -20.3143 9.82504
      vertex 60.35 -20.1391 10.248
      vertex 16.35 -20.1391 10.248
    endloop
  endfacet
  facet normal 0 -0.923876 0.382691
    outer loop
      vertex 60.35 -20.1391 10.248
      vertex 16.35 -20.3143 9.82504
      vertex 60.35 -20.3143 9.82504
    endloop
  endfacet
  facet normal 0 0.258825 -0.965924
    outer loop
      vertex 59.6672 -16.3172 5.26725
      vertex 17.475 -15.875 5.38574
      vertex 59.225 -15.875 5.38574
    endloop
  endfacet
  facet normal 0 0.258825 -0.965924
    outer loop
      vertex 17.475 -15.875 5.38574
      vertex 59.6672 -16.3172 5.26725
      vertex 17.0328 -16.3172 5.26725
    endloop
  endfacet
  facet normal 0 0.500001 -0.866025
    outer loop
      vertex 58.802 -15.452 5.56094
      vertex 18.2945 -15.0555 5.78986
      vertex 58.4055 -15.0555 5.78986
    endloop
  endfacet
  facet normal 0 0.500001 -0.866025
    outer loop
      vertex 18.2945 -15.0555 5.78986
      vertex 58.802 -15.452 5.56094
      vertex 17.898 -15.452 5.56094
    endloop
  endfacet
  facet normal 0 0.965976 0.258631
    outer loop
      vertex 56.9173 -13.5673 9.38282
      vertex 19.6643 -13.6857 9.82504
      vertex 57.0357 -13.6857 9.82504
    endloop
  endfacet
  facet normal 0 0.965976 0.258631
    outer loop
      vertex 19.6643 -13.6857 9.82504
      vertex 56.9173 -13.5673 9.38282
      vertex 19.7827 -13.5673 9.38282
    endloop
  endfacet
  facet normal 0 0.991433 0.130616
    outer loop
      vertex 56.8575 -13.5075 8.92891
      vertex 19.7827 -13.5673 9.38282
      vertex 56.9173 -13.5673 9.38282
    endloop
  endfacet
  facet normal 0 0.991433 0.130616
    outer loop
      vertex 19.7827 -13.5673 9.38282
      vertex 56.8575 -13.5075 8.92891
      vertex 19.8425 -13.5075 8.92891
    endloop
  endfacet
  facet normal -0 0.130618 0.991433
    outer loop
      vertex 17.0328 -16.3172 12.1327
      vertex 60.1211 -16.7711 12.1925
      vertex 59.6672 -16.3172 12.1327
    endloop
  endfacet
  facet normal 0 0.130618 0.991433
    outer loop
      vertex 60.1211 -16.7711 12.1925
      vertex 17.0328 -16.3172 12.1327
      vertex 16.5789 -16.7711 12.1925
    endloop
  endfacet
  facet normal 0 -0.965976 -0.258631
    outer loop
      vertex 16.35 -20.3143 7.57496
      vertex 60.35 -20.4327 8.01718
      vertex 16.35 -20.4327 8.01718
    endloop
  endfacet
  facet normal 0 -0.965976 -0.258631
    outer loop
      vertex 60.35 -20.4327 8.01718
      vertex 16.35 -20.3143 7.57496
      vertex 60.35 -20.3143 7.57496
    endloop
  endfacet
  facet normal 0 -0.258825 -0.965924
    outer loop
      vertex 16.35 -18.125 5.38574
      vertex 60.35 -17.6828 5.26725
      vertex 60.35 -18.125 5.38574
    endloop
  endfacet
  facet normal -0 -0.258825 -0.965924
    outer loop
      vertex 60.35 -17.6828 5.26725
      vertex 16.35 -18.125 5.38574
      vertex 16.35 -17.6828 5.26725
    endloop
  endfacet
  facet normal 0 -0.130532 -0.991444
    outer loop
      vertex 16.35 -17.6828 5.26725
      vertex 60.35 -17.2289 5.20749
      vertex 60.35 -17.6828 5.26725
    endloop
  endfacet
  facet normal -0 -0.130532 -0.991444
    outer loop
      vertex 60.35 -17.2289 5.20749
      vertex 16.35 -17.6828 5.26725
      vertex 16.35 -17.2289 5.20749
    endloop
  endfacet
  facet normal 0 0.608771 -0.793346
    outer loop
      vertex 58.4055 -15.0555 5.78986
      vertex 18.6577 -14.6923 6.06856
      vertex 58.0423 -14.6923 6.06856
    endloop
  endfacet
  facet normal 0 0.608771 -0.793346
    outer loop
      vertex 18.6577 -14.6923 6.06856
      vertex 58.4055 -15.0555 5.78986
      vertex 18.2945 -15.0555 5.78986
    endloop
  endfacet
  facet normal -0 0.258641 0.965973
    outer loop
      vertex 17.475 -15.875 12.0143
      vertex 59.6672 -16.3172 12.1327
      vertex 59.225 -15.875 12.0143
    endloop
  endfacet
  facet normal 0 0.258641 0.965973
    outer loop
      vertex 59.6672 -16.3172 12.1327
      vertex 17.475 -15.875 12.0143
      vertex 17.0328 -16.3172 12.1327
    endloop
  endfacet
  facet normal -0 0.38266 0.923889
    outer loop
      vertex 17.898 -15.452 11.8391
      vertex 59.225 -15.875 12.0143
      vertex 58.802 -15.452 11.8391
    endloop
  endfacet
  facet normal 0 0.38266 0.923889
    outer loop
      vertex 59.225 -15.875 12.0143
      vertex 17.898 -15.452 11.8391
      vertex 17.475 -15.875 12.0143
    endloop
  endfacet
  facet normal 0 -0.923879 -0.382684
    outer loop
      vertex 16.35 -20.1391 7.15199
      vertex 60.35 -20.3143 7.57496
      vertex 16.35 -20.3143 7.57496
    endloop
  endfacet
  facet normal 0 -0.923879 -0.382684
    outer loop
      vertex 60.35 -20.3143 7.57496
      vertex 16.35 -20.1391 7.15199
      vertex 60.35 -20.1391 7.15199
    endloop
  endfacet
  facet normal 0 -0.991433 -0.130616
    outer loop
      vertex 16.35 -20.4327 8.01718
      vertex 60.35 -20.4925 8.47109
      vertex 16.35 -20.4925 8.47109
    endloop
  endfacet
  facet normal 0 -0.991433 -0.130616
    outer loop
      vertex 60.35 -20.4925 8.47109
      vertex 16.35 -20.4327 8.01718
      vertex 60.35 -20.4327 8.01718
    endloop
  endfacet
  facet normal -1 0 0
    outer loop
      vertex 0 96.2855 4.7781
      vertex 0 108 8
      vertex 0 108 0
    endloop
  endfacet
  facet normal -1 0 0
    outer loop
      vertex 0 108 8
      vertex 0 96.2855 4.7781
      vertex 0 96.3 5
    endloop
  endfacet
  facet normal -1 0 0
    outer loop
      vertex 0 108 0
      vertex 0 96.2421 4.56001
      vertex 0 96.2855 4.7781
    endloop
  endfacet
  facet normal -1 0 0
    outer loop
      vertex 0 108 0
      vertex 0 96.1706 4.34944
      vertex 0 96.2421 4.56001
    endloop
  endfacet
  facet normal -1 0 0
    outer loop
      vertex 0 108 0
      vertex 0 96.0722 4.15
      vertex 0 96.1706 4.34944
    endloop
  endfacet
  facet normal -1 0 0
    outer loop
      vertex 0 108 0
      vertex 0 95.9487 3.96511
      vertex 0 96.0722 4.15
    endloop
  endfacet
  facet normal -1 0 0
    outer loop
      vertex 0 108 0
      vertex 0 95.8021 3.79792
      vertex 0 95.9487 3.96511
    endloop
  endfacet
  facet normal -1 0 0
    outer loop
      vertex 0 108 0
      vertex 0 95.6349 3.6513
      vertex 0 95.8021 3.79792
    endloop
  endfacet
  facet normal -1 0 0
    outer loop
      vertex 0 108 0
      vertex 0 95.45 3.52776
      vertex 0 95.6349 3.6513
    endloop
  endfacet
  facet normal -1 0 0
    outer loop
      vertex 0 108 0
      vertex 0 95.2506 3.4294
      vertex 0 95.45 3.52776
    endloop
  endfacet
  facet normal -1 0 0
    outer loop
      vertex 0 108 0
      vertex 0 95.04 3.35793
      vertex 0 95.2506 3.4294
    endloop
  endfacet
  facet normal -1 0 0
    outer loop
      vertex 0 108 0
      vertex 0 94.8219 3.31454
      vertex 0 95.04 3.35793
    endloop
  endfacet
  facet normal -1 0 0
    outer loop
      vertex 0 108 0
      vertex 0 94.6 3.3
      vertex 0 94.8219 3.31454
    endloop
  endfacet
  facet normal -1 0 0
    outer loop
      vertex 0 108 0
      vertex 0 94.3781 3.31454
      vertex 0 94.6 3.3
    endloop
  endfacet
  facet normal -1 0 0
    outer loop
      vertex 0 108 0
      vertex 0 94.16 3.35793
      vertex 0 94.3781 3.31454
    endloop
  endfacet
  facet normal -1 0 0
    outer loop
      vertex 0 92.9145 4.7781
      vertex 0 19.7 5
      vertex 0 92.9 5
    endloop
  endfacet
  facet normal -1 0 0
    outer loop
      vertex 0 19.6855 4.7781
      vertex 0 92.9145 4.7781
      vertex 0 92.9579 4.56001
    endloop
  endfacet
  facet normal -1 0 0
    outer loop
      vertex 0 19.6421 4.56001
      vertex 0 92.9579 4.56001
      vertex 0 93.0294 4.34944
    endloop
  endfacet
  facet normal -1 0 0
    outer loop
      vertex 0 19.5706 4.34944
      vertex 0 93.0294 4.34944
      vertex 0 93.1278 4.15
    endloop
  endfacet
  facet normal -1 0 0
    outer loop
      vertex 0 19.4722 4.15
      vertex 0 93.1278 4.15
      vertex 0 93.2513 3.96511
    endloop
  endfacet
  facet normal -1 0 0
    outer loop
      vertex 0 19.3487 3.96511
      vertex 0 93.2513 3.96511
      vertex 0 93.3979 3.79792
    endloop
  endfacet
  facet normal -1 0 0
    outer loop
      vertex 0 19.2021 3.79792
      vertex 0 93.3979 3.79792
      vertex 0 93.5651 3.6513
    endloop
  endfacet
  facet normal -1 0 0
    outer loop
      vertex 0 19.0349 3.6513
      vertex 0 93.5651 3.6513
      vertex 0 93.75 3.52776
    endloop
  endfacet
  facet normal -1 0 0
    outer loop
      vertex 0 18.85 3.52776
      vertex 0 93.75 3.52776
      vertex 0 93.9494 3.4294
    endloop
  endfacet
  facet normal -1 0 0
    outer loop
      vertex 0 18.6506 3.4294
      vertex 0 93.9494 3.4294
      vertex 0 94.16 3.35793
    endloop
  endfacet
  facet normal -1 0 0
    outer loop
      vertex 0 18.44 3.35793
      vertex 0 94.16 3.35793
      vertex 0 108 0
    endloop
  endfacet
  facet normal -1 0 0
    outer loop
      vertex 0 92.9145 4.7781
      vertex 0 19.6855 4.7781
      vertex 0 19.7 5
    endloop
  endfacet
  facet normal -1 0 0
    outer loop
      vertex 0 92.9579 4.56001
      vertex 0 19.6421 4.56001
      vertex 0 19.6855 4.7781
    endloop
  endfacet
  facet normal -1 0 0
    outer loop
      vertex 0 93.0294 4.34944
      vertex 0 19.5706 4.34944
      vertex 0 19.6421 4.56001
    endloop
  endfacet
  facet normal -1 0 0
    outer loop
      vertex 0 93.1278 4.15
      vertex 0 19.4722 4.15
      vertex 0 19.5706 4.34944
    endloop
  endfacet
  facet normal -1 0 0
    outer loop
      vertex 0 93.2513 3.96511
      vertex 0 19.3487 3.96511
      vertex 0 19.4722 4.15
    endloop
  endfacet
  facet normal -1 0 0
    outer loop
      vertex 0 93.3979 3.79792
      vertex 0 19.2021 3.79792
      vertex 0 19.3487 3.96511
    endloop
  endfacet
  facet normal -1 0 0
    outer loop
      vertex 0 93.5651 3.6513
      vertex 0 19.0349 3.6513
      vertex 0 19.2021 3.79792
    endloop
  endfacet
  facet normal -1 0 0
    outer loop
      vertex 0 93.75 3.52776
      vertex 0 18.85 3.52776
      vertex 0 19.0349 3.6513
    endloop
  endfacet
  facet normal -1 0 0
    outer loop
      vertex 0 93.9494 3.4294
      vertex 0 18.6506 3.4294
      vertex 0 18.85 3.52776
    endloop
  endfacet
  facet normal -1 0 0
    outer loop
      vertex 0 94.16 3.35793
      vertex 0 18.44 3.35793
      vertex 0 18.6506 3.4294
    endloop
  endfacet
  facet normal -1 0 0
    outer loop
      vertex 0 108 0
      vertex 0 18.2219 3.31454
      vertex 0 18.44 3.35793
    endloop
  endfacet
  facet normal -1 0 0
    outer loop
      vertex 0 0 0
      vertex 0 18.2219 3.31454
      vertex 0 108 0
    endloop
  endfacet
  facet normal -1 0 0
    outer loop
      vertex 0 16.3145 4.7781
      vertex 0 3 8
      vertex 0 16.3 5
    endloop
  endfacet
  facet normal -1 0 0
    outer loop
      vertex 0 16.3579 4.56001
      vertex 0 3 8
      vertex 0 16.3145 4.7781
    endloop
  endfacet
  facet normal -1 0 0
    outer loop
      vertex 0 16.4294 4.34944
      vertex 0 3 8
      vertex 0 16.3579 4.56001
    endloop
  endfacet
  facet normal -1 0 0
    outer loop
      vertex 0 0 0
      vertex 0 16.4294 4.34944
      vertex 0 16.5278 4.15
    endloop
  endfacet
  facet normal -1 0 0
    outer loop
      vertex 0 0 0
      vertex 0 16.5278 4.15
      vertex 0 16.6513 3.96511
    endloop
  endfacet
  facet normal -1 0 0
    outer loop
      vertex 0 0 0
      vertex 0 16.6513 3.96511
      vertex 0 16.7979 3.79792
    endloop
  endfacet
  facet normal -1 0 0
    outer loop
      vertex 0 0 0
      vertex 0 16.7979 3.79792
      vertex 0 16.9651 3.6513
    endloop
  endfacet
  facet normal -1 0 0
    outer loop
      vertex 0 0 0
      vertex 0 16.9651 3.6513
      vertex 0 17.15 3.52776
    endloop
  endfacet
  facet normal -1 0 0
    outer loop
      vertex 0 0 0
      vertex 0 17.15 3.52776
      vertex 0 17.3494 3.4294
    endloop
  endfacet
  facet normal -1 0 0
    outer loop
      vertex 0 0 0
      vertex 0 17.3494 3.4294
      vertex 0 17.56 3.35793
    endloop
  endfacet
  facet normal -1 0 0
    outer loop
      vertex 0 18.2219 3.31454
      vertex 0 0 0
      vertex 0 18 3.3
    endloop
  endfacet
  facet normal -1 0 0
    outer loop
      vertex 0 0 0
      vertex 0 17.7781 3.31454
      vertex 0 18 3.3
    endloop
  endfacet
  facet normal -1 0 0
    outer loop
      vertex 0 0 0
      vertex 0 17.56 3.35793
      vertex 0 17.7781 3.31454
    endloop
  endfacet
  facet normal -1 -0 0
    outer loop
      vertex 0 16.4294 4.34944
      vertex 0 0 0
      vertex 0 3 8
    endloop
  endfacet
  facet normal -1 0 0
    outer loop
      vertex 0 0 17.4
      vertex 0 3 8
      vertex 0 0 0
    endloop
  endfacet
  facet normal -1 0 0
    outer loop
      vertex 0 3 8
      vertex 0 0 17.4
      vertex 0 3 17.4
    endloop
  endfacet
  facet normal -1 0 0
    outer loop
      vertex 0 96.2855 5.22189
      vertex 0 108 8
      vertex 0 96.3 5
    endloop
  endfacet
  facet normal -1 0 0
    outer loop
      vertex 0 96.2421 5.43999
      vertex 0 108 8
      vertex 0 96.2855 5.22189
    endloop
  endfacet
  facet normal -1 0 0
    outer loop
      vertex 0 96.1706 5.65056
      vertex 0 108 8
      vertex 0 96.2421 5.43999
    endloop
  endfacet
  facet normal -1 0 0
    outer loop
      vertex 0 96.0722 5.85
      vertex 0 108 8
      vertex 0 96.1706 5.65056
    endloop
  endfacet
  facet normal -1 0 0
    outer loop
      vertex 0 95.9487 6.03489
      vertex 0 108 8
      vertex 0 96.0722 5.85
    endloop
  endfacet
  facet normal -1 0 0
    outer loop
      vertex 0 95.8021 6.20208
      vertex 0 108 8
      vertex 0 95.9487 6.03489
    endloop
  endfacet
  facet normal -1 0 0
    outer loop
      vertex 0 95.6349 6.3487
      vertex 0 108 8
      vertex 0 95.8021 6.20208
    endloop
  endfacet
  facet normal -1 0 0
    outer loop
      vertex 0 95.45 6.47224
      vertex 0 108 8
      vertex 0 95.6349 6.3487
    endloop
  endfacet
  facet normal -1 0 0
    outer loop
      vertex 0 95.2506 6.57059
      vertex 0 108 8
      vertex 0 95.45 6.47224
    endloop
  endfacet
  facet normal -1 0 0
    outer loop
      vertex 0 95.04 6.64207
      vertex 0 108 8
      vertex 0 95.2506 6.57059
    endloop
  endfacet
  facet normal -1 0 0
    outer loop
      vertex 0 94.8219 6.68546
      vertex 0 108 8
      vertex 0 95.04 6.64207
    endloop
  endfacet
  facet normal -1 0 0
    outer loop
      vertex 0 94.6 6.7
      vertex 0 108 8
      vertex 0 94.8219 6.68546
    endloop
  endfacet
  facet normal -1 0 0
    outer loop
      vertex 0 94.3781 6.68546
      vertex 0 108 8
      vertex 0 94.6 6.7
    endloop
  endfacet
  facet normal -1 0 0
    outer loop
      vertex 0 19.7 5
      vertex 0 92.9145 5.22189
      vertex 0 92.9 5
    endloop
  endfacet
  facet normal -1 0 0
    outer loop
      vertex 0 19.6855 5.22189
      vertex 0 92.9145 5.22189
      vertex 0 19.7 5
    endloop
  endfacet
  facet normal -1 0 0
    outer loop
      vertex 0 92.9145 5.22189
      vertex 0 19.6855 5.22189
      vertex 0 92.9579 5.43999
    endloop
  endfacet
  facet normal -1 0 0
    outer loop
      vertex 0 19.6421 5.43999
      vertex 0 92.9579 5.43999
      vertex 0 19.6855 5.22189
    endloop
  endfacet
  facet normal -1 0 0
    outer loop
      vertex 0 92.9579 5.43999
      vertex 0 19.6421 5.43999
      vertex 0 93.0294 5.65056
    endloop
  endfacet
  facet normal -1 0 0
    outer loop
      vertex 0 19.5706 5.65056
      vertex 0 93.0294 5.65056
      vertex 0 19.6421 5.43999
    endloop
  endfacet
  facet normal -1 0 0
    outer loop
      vertex 0 93.0294 5.65056
      vertex 0 19.5706 5.65056
      vertex 0 93.1278 5.85
    endloop
  endfacet
  facet normal -1 0 0
    outer loop
      vertex 0 19.4722 5.85
      vertex 0 93.1278 5.85
      vertex 0 19.5706 5.65056
    endloop
  endfacet
  facet normal -1 0 0
    outer loop
      vertex 0 93.1278 5.85
      vertex 0 19.4722 5.85
      vertex 0 93.2513 6.03489
    endloop
  endfacet
  facet normal -1 0 0
    outer loop
      vertex 0 19.3487 6.03489
      vertex 0 93.2513 6.03489
      vertex 0 19.4722 5.85
    endloop
  endfacet
  facet normal -1 0 0
    outer loop
      vertex 0 93.2513 6.03489
      vertex 0 19.3487 6.03489
      vertex 0 93.3979 6.20208
    endloop
  endfacet
  facet normal -1 0 0
    outer loop
      vertex 0 19.2021 6.20208
      vertex 0 93.3979 6.20208
      vertex 0 19.3487 6.03489
    endloop
  endfacet
  facet normal -1 0 0
    outer loop
      vertex 0 93.3979 6.20208
      vertex 0 19.2021 6.20208
      vertex 0 93.5651 6.3487
    endloop
  endfacet
  facet normal -1 0 0
    outer loop
      vertex 0 19.0349 6.3487
      vertex 0 93.5651 6.3487
      vertex 0 19.2021 6.20208
    endloop
  endfacet
  facet normal -1 0 0
    outer loop
      vertex 0 93.5651 6.3487
      vertex 0 19.0349 6.3487
      vertex 0 93.75 6.47224
    endloop
  endfacet
  facet normal -1 0 0
    outer loop
      vertex 0 18.85 6.47224
      vertex 0 93.75 6.47224
      vertex 0 19.0349 6.3487
    endloop
  endfacet
  facet normal -1 0 0
    outer loop
      vertex 0 93.75 6.47224
      vertex 0 18.85 6.47224
      vertex 0 93.9494 6.57059
    endloop
  endfacet
  facet normal -1 0 0
    outer loop
      vertex 0 18.6506 6.57059
      vertex 0 93.9494 6.57059
      vertex 0 18.85 6.47224
    endloop
  endfacet
  facet normal -1 0 0
    outer loop
      vertex 0 93.9494 6.57059
      vertex 0 18.6506 6.57059
      vertex 0 94.16 6.64207
    endloop
  endfacet
  facet normal -1 0 0
    outer loop
      vertex 0 18.44 6.64207
      vertex 0 94.16 6.64207
      vertex 0 18.6506 6.57059
    endloop
  endfacet
  facet normal -1 0 0
    outer loop
      vertex 0 94.16 6.64207
      vertex 0 18.44 6.64207
      vertex 0 94.3781 6.68546
    endloop
  endfacet
  facet normal -1 0 0
    outer loop
      vertex 0 18.2219 6.68546
      vertex 0 94.3781 6.68546
      vertex 0 18.44 6.64207
    endloop
  endfacet
  facet normal -1 0 0
    outer loop
      vertex 0 94.3781 6.68546
      vertex 0 18.2219 6.68546
      vertex 0 108 8
    endloop
  endfacet
  facet normal -1 0 0
    outer loop
      vertex 0 18 6.7
      vertex 0 108 8
      vertex 0 18.2219 6.68546
    endloop
  endfacet
  facet normal -1 0 0
    outer loop
      vertex 0 18 6.7
      vertex 0 3 8
      vertex 0 108 8
    endloop
  endfacet
  facet normal -1 0 0
    outer loop
      vertex 0 17.7781 6.68546
      vertex 0 3 8
      vertex 0 18 6.7
    endloop
  endfacet
  facet normal -1 0 0
    outer loop
      vertex 0 17.56 6.64207
      vertex 0 3 8
      vertex 0 17.7781 6.68546
    endloop
  endfacet
  facet normal -1 0 0
    outer loop
      vertex 0 17.3494 6.57059
      vertex 0 3 8
      vertex 0 17.56 6.64207
    endloop
  endfacet
  facet normal -1 0 0
    outer loop
      vertex 0 17.15 6.47224
      vertex 0 3 8
      vertex 0 17.3494 6.57059
    endloop
  endfacet
  facet normal -1 0 0
    outer loop
      vertex 0 16.9651 6.3487
      vertex 0 3 8
      vertex 0 17.15 6.47224
    endloop
  endfacet
  facet normal -1 0 0
    outer loop
      vertex 0 16.7979 6.20208
      vertex 0 3 8
      vertex 0 16.9651 6.3487
    endloop
  endfacet
  facet normal -1 0 0
    outer loop
      vertex 0 16.6513 6.03489
      vertex 0 3 8
      vertex 0 16.7979 6.20208
    endloop
  endfacet
  facet normal -1 0 0
    outer loop
      vertex 0 16.5278 5.85
      vertex 0 3 8
      vertex 0 16.6513 6.03489
    endloop
  endfacet
  facet normal -1 0 0
    outer loop
      vertex 0 16.4294 5.65056
      vertex 0 3 8
      vertex 0 16.5278 5.85
    endloop
  endfacet
  facet normal -1 0 0
    outer loop
      vertex 0 16.3579 5.43999
      vertex 0 3 8
      vertex 0 16.4294 5.65056
    endloop
  endfacet
  facet normal -1 0 0
    outer loop
      vertex 0 16.3145 5.22189
      vertex 0 3 8
      vertex 0 16.3579 5.43999
    endloop
  endfacet
  facet normal -1 0 0
    outer loop
      vertex 0 3 8
      vertex 0 16.3145 5.22189
      vertex 0 16.3 5
    endloop
  endfacet
  facet normal -0 0 1
    outer loop
      vertex 8.69208 92.9979 2
      vertex 17 87 2
      vertex 8.8387 93.1651 2
    endloop
  endfacet
  facet normal 0 0 1
    outer loop
      vertex 17 53 2
      vertex 9.17546 18.6219 2
      vertex 9.19 18.4 2
    endloop
  endfacet
  facet normal -0 0 1
    outer loop
      vertex 8.52489 92.8513 2
      vertex 17 87 2
      vertex 8.69208 92.9979 2
    endloop
  endfacet
  facet normal 0 0 1
    outer loop
      vertex 17 53 2
      vertex 9.13207 18.84 2
      vertex 9.17546 18.6219 2
    endloop
  endfacet
  facet normal -0 0 1
    outer loop
      vertex 8.34 92.7278 2
      vertex 17 87 2
      vertex 8.52489 92.8513 2
    endloop
  endfacet
  facet normal 0 0 1
    outer loop
      vertex 17 53 2
      vertex 9.06059 19.0506 2
      vertex 9.13207 18.84 2
    endloop
  endfacet
  facet normal -0 0 1
    outer loop
      vertex 8.14056 92.6294 2
      vertex 17 87 2
      vertex 8.34 92.7278 2
    endloop
  endfacet
  facet normal 0 0 1
    outer loop
      vertex 17 53 2
      vertex 8.96224 19.25 2
      vertex 9.06059 19.0506 2
    endloop
  endfacet
  facet normal -0 0 1
    outer loop
      vertex 7.92999 92.5579 2
      vertex 17 87 2
      vertex 8.14056 92.6294 2
    endloop
  endfacet
  facet normal 0 0 1
    outer loop
      vertex 17 53 2
      vertex 8.8387 19.4349 2
      vertex 8.96224 19.25 2
    endloop
  endfacet
  facet normal -0 0 1
    outer loop
      vertex 7.71189 92.5145 2
      vertex 17 87 2
      vertex 7.92999 92.5579 2
    endloop
  endfacet
  facet normal 0 0 1
    outer loop
      vertex 17 53 2
      vertex 8.69208 19.6021 2
      vertex 8.8387 19.4349 2
    endloop
  endfacet
  facet normal -0 0 1
    outer loop
      vertex 7.49 92.5 2
      vertex 17 87 2
      vertex 7.71189 92.5145 2
    endloop
  endfacet
  facet normal 0 0 1
    outer loop
      vertex 17 53 2
      vertex 8.52489 19.7487 2
      vertex 8.69208 19.6021 2
    endloop
  endfacet
  facet normal 0 0 1
    outer loop
      vertex 17 87 2
      vertex 7.49 92.5 2
      vertex 17 76 2
    endloop
  endfacet
  facet normal 0 0 1
    outer loop
      vertex 17 53 2
      vertex 8.34 19.8722 2
      vertex 8.52489 19.7487 2
    endloop
  endfacet
  facet normal 0 0 1
    outer loop
      vertex 7.2681 92.5145 2
      vertex 17 76 2
      vertex 7.49 92.5 2
    endloop
  endfacet
  facet normal 0 0 1
    outer loop
      vertex 17 53 2
      vertex 8.14056 19.9706 2
      vertex 8.34 19.8722 2
    endloop
  endfacet
  facet normal 0 0 1
    outer loop
      vertex 7.05001 92.5579 2
      vertex 17 76 2
      vertex 7.2681 92.5145 2
    endloop
  endfacet
  facet normal 0 0 1
    outer loop
      vertex 17 53 2
      vertex 7.92999 20.0421 2
      vertex 8.14056 19.9706 2
    endloop
  endfacet
  facet normal 0 0 1
    outer loop
      vertex 6.83944 92.6294 2
      vertex 17 76 2
      vertex 7.05001 92.5579 2
    endloop
  endfacet
  facet normal 0 0 1
    outer loop
      vertex 17 53 2
      vertex 7.71189 20.0855 2
      vertex 7.92999 20.0421 2
    endloop
  endfacet
  facet normal 0 0 1
    outer loop
      vertex 6.64 92.7278 2
      vertex 17 76 2
      vertex 6.83944 92.6294 2
    endloop
  endfacet
  facet normal 0 0 1
    outer loop
      vertex 17 53 2
      vertex 7.49 20.1 2
      vertex 7.71189 20.0855 2
    endloop
  endfacet
  facet normal 0 0 1
    outer loop
      vertex 17 76 2
      vertex 6.64 92.7278 2
      vertex 17 70 2
    endloop
  endfacet
  facet normal 0 0 1
    outer loop
      vertex 17 53 2
      vertex 7.2681 20.0855 2
      vertex 7.49 20.1 2
    endloop
  endfacet
  facet normal 0 0 1
    outer loop
      vertex 6.4551 92.8513 2
      vertex 17 70 2
      vertex 6.64 92.7278 2
    endloop
  endfacet
  facet normal 0 0 1
    outer loop
      vertex 17 53 2
      vertex 7.05001 20.0421 2
      vertex 7.2681 20.0855 2
    endloop
  endfacet
  facet normal 0 0 1
    outer loop
      vertex 6.28792 92.9979 2
      vertex 17 70 2
      vertex 6.4551 92.8513 2
    endloop
  endfacet
  facet normal 0 0 1
    outer loop
      vertex 17 53 2
      vertex 6.83944 19.9706 2
      vertex 7.05001 20.0421 2
    endloop
  endfacet
  facet normal 0 0 1
    outer loop
      vertex 17 70 2
      vertex 6.28792 92.9979 2
      vertex 17 59 2
    endloop
  endfacet
  facet normal 0 0 1
    outer loop
      vertex 17 53 2
      vertex 6.64 19.8722 2
      vertex 6.83944 19.9706 2
    endloop
  endfacet
  facet normal 0 0 1
    outer loop
      vertex 6.1413 93.1651 2
      vertex 17 59 2
      vertex 6.28792 92.9979 2
    endloop
  endfacet
  facet normal 0 0 1
    outer loop
      vertex 17 53 2
      vertex 6.4551 19.7487 2
      vertex 6.64 19.8722 2
    endloop
  endfacet
  facet normal 0 0 1
    outer loop
      vertex 6.01776 93.35 2
      vertex 17 59 2
      vertex 6.1413 93.1651 2
    endloop
  endfacet
  facet normal 0 0 1
    outer loop
      vertex 17 53 2
      vertex 6.28792 19.6021 2
      vertex 6.4551 19.7487 2
    endloop
  endfacet
  facet normal 0 0 1
    outer loop
      vertex 17 59 2
      vertex 6.01776 93.35 2
      vertex 17 53 2
    endloop
  endfacet
  facet normal 0 0 1
    outer loop
      vertex 17 53 2
      vertex 6.1413 19.4349 2
      vertex 6.28792 19.6021 2
    endloop
  endfacet
  facet normal 0 0 1
    outer loop
      vertex 6.01776 19.25 2
      vertex 17 53 2
      vertex 6.01776 93.35 2
    endloop
  endfacet
  facet normal 0 0 1
    outer loop
      vertex 17 53 2
      vertex 6.01776 19.25 2
      vertex 6.1413 19.4349 2
    endloop
  endfacet
  facet normal 0 0 1
    outer loop
      vertex 5.9194 93.5494 2
      vertex 6.01776 19.25 2
      vertex 6.01776 93.35 2
    endloop
  endfacet
  facet normal 0 0 1
    outer loop
      vertex 5.9194 93.5494 2
      vertex 5.9194 19.0506 2
      vertex 6.01776 19.25 2
    endloop
  endfacet
  facet normal 0 0 1
    outer loop
      vertex 5.84793 93.76 2
      vertex 5.9194 19.0506 2
      vertex 5.9194 93.5494 2
    endloop
  endfacet
  facet normal 0 0 1
    outer loop
      vertex 5.84793 93.76 2
      vertex 5.84793 18.84 2
      vertex 5.9194 19.0506 2
    endloop
  endfacet
  facet normal 0 0 1
    outer loop
      vertex 2.5 106 2
      vertex 5.84793 93.76 2
      vertex 5.80454 93.9781 2
    endloop
  endfacet
  facet normal 0 0 1
    outer loop
      vertex 5.84793 93.76 2
      vertex 2.5 106 2
      vertex 5.84793 18.84 2
    endloop
  endfacet
  facet normal 0 0 1
    outer loop
      vertex 2.5 106 2
      vertex 5.80454 93.9781 2
      vertex 5.79 94.2 2
    endloop
  endfacet
  facet normal 0 0 1
    outer loop
      vertex 5.84793 18.84 2
      vertex 2.5 106 2
      vertex 5.80454 18.6219 2
    endloop
  endfacet
  facet normal -0 0 1
    outer loop
      vertex 17 42 2
      vertex 25 36 2
      vertex 25 42 2
    endloop
  endfacet
  facet normal 0 0 1
    outer loop
      vertex 25 36 2
      vertex 17 42 2
      vertex 17 36 2
    endloop
  endfacet
  facet normal -0 0 1
    outer loop
      vertex 17 59 2
      vertex 25 53 2
      vertex 25 59 2
    endloop
  endfacet
  facet normal 0 0 1
    outer loop
      vertex 25 53 2
      vertex 17 59 2
      vertex 17 53 2
    endloop
  endfacet
  facet normal -0 0 1
    outer loop
      vertex 17 76 2
      vertex 25 70 2
      vertex 25 76 2
    endloop
  endfacet
  facet normal 0 0 1
    outer loop
      vertex 25 70 2
      vertex 17 76 2
      vertex 17 70 2
    endloop
  endfacet
  facet normal -0 0 1
    outer loop
      vertex 30 42 2
      vertex 38 36 2
      vertex 38 42 2
    endloop
  endfacet
  facet normal 0 0 1
    outer loop
      vertex 38 36 2
      vertex 30 42 2
      vertex 30 36 2
    endloop
  endfacet
  facet normal -0 0 1
    outer loop
      vertex 30 59 2
      vertex 38 53 2
      vertex 38 59 2
    endloop
  endfacet
  facet normal 0 0 1
    outer loop
      vertex 38 53 2
      vertex 30 59 2
      vertex 30 53 2
    endloop
  endfacet
  facet normal -0 0 1
    outer loop
      vertex 30 76 2
      vertex 38 70 2
      vertex 38 76 2
    endloop
  endfacet
  facet normal 0 0 1
    outer loop
      vertex 38 70 2
      vertex 30 76 2
      vertex 30 70 2
    endloop
  endfacet
  facet normal -0 0 1
    outer loop
      vertex 43 42 2
      vertex 51 36 2
      vertex 51 42 2
    endloop
  endfacet
  facet normal 0 0 1
    outer loop
      vertex 51 36 2
      vertex 43 42 2
      vertex 43 36 2
    endloop
  endfacet
  facet normal -0 0 1
    outer loop
      vertex 43 59 2
      vertex 51 53 2
      vertex 51 59 2
    endloop
  endfacet
  facet normal 0 0 1
    outer loop
      vertex 51 53 2
      vertex 43 59 2
      vertex 43 53 2
    endloop
  endfacet
  facet normal -0 0 1
    outer loop
      vertex 43 76 2
      vertex 51 70 2
      vertex 51 76 2
    endloop
  endfacet
  facet normal 0 0 1
    outer loop
      vertex 51 70 2
      vertex 43 76 2
      vertex 43 70 2
    endloop
  endfacet
  facet normal -0 0 1
    outer loop
      vertex 56 42 2
      vertex 64 36 2
      vertex 64 42 2
    endloop
  endfacet
  facet normal 0 0 1
    outer loop
      vertex 64 36 2
      vertex 56 42 2
      vertex 56 36 2
    endloop
  endfacet
  facet normal -0 0 1
    outer loop
      vertex 56 59 2
      vertex 64 53 2
      vertex 64 59 2
    endloop
  endfacet
  facet normal 0 0 1
    outer loop
      vertex 64 53 2
      vertex 56 59 2
      vertex 56 53 2
    endloop
  endfacet
  facet normal -0 0 1
    outer loop
      vertex 56 76 2
      vertex 64 70 2
      vertex 64 76 2
    endloop
  endfacet
  facet normal 0 0 1
    outer loop
      vertex 64 70 2
      vertex 56 76 2
      vertex 56 70 2
    endloop
  endfacet
  facet normal 0 0 1
    outer loop
      vertex 70.8521 93.76 2
      vertex 74.2 106 2
      vertex 70.8955 93.9781 2
    endloop
  endfacet
  facet normal 0 0 1
    outer loop
      vertex 74.2 106 2
      vertex 70.8955 18.6219 2
      vertex 70.91 18.4 2
    endloop
  endfacet
  facet normal 0 0 1
    outer loop
      vertex 70.8521 18.84 2
      vertex 74.2 106 2
      vertex 70.8521 93.76 2
    endloop
  endfacet
  facet normal 0 0 1
    outer loop
      vertex 74.2 106 2
      vertex 70.8521 18.84 2
      vertex 70.8955 18.6219 2
    endloop
  endfacet
  facet normal -0 0 1
    outer loop
      vertex 70.7806 93.5494 2
      vertex 70.8521 18.84 2
      vertex 70.8521 93.76 2
    endloop
  endfacet
  facet normal 0 0 1
    outer loop
      vertex 70.7806 93.5494 2
      vertex 70.7806 19.0506 2
      vertex 70.8521 18.84 2
    endloop
  endfacet
  facet normal 0 0 1
    outer loop
      vertex 64 59 2
      vertex 70.7806 93.5494 2
      vertex 70.6822 93.35 2
    endloop
  endfacet
  facet normal 0 0 1
    outer loop
      vertex 70.7806 93.5494 2
      vertex 64 59 2
      vertex 70.7806 19.0506 2
    endloop
  endfacet
  facet normal 0 0 1
    outer loop
      vertex 64 70 2
      vertex 70.6822 93.35 2
      vertex 70.5587 93.1651 2
    endloop
  endfacet
  facet normal -0 0 1
    outer loop
      vertex 64 53 2
      vertex 70.7806 19.0506 2
      vertex 64 59 2
    endloop
  endfacet
  facet normal 0 0 1
    outer loop
      vertex 64 76 2
      vertex 70.5587 93.1651 2
      vertex 70.4121 92.9979 2
    endloop
  endfacet
  facet normal 0 0 1
    outer loop
      vertex 70.7806 19.0506 2
      vertex 64 53 2
      vertex 70.6822 19.25 2
    endloop
  endfacet
  facet normal 0 0 1
    outer loop
      vertex 64 76 2
      vertex 70.4121 92.9979 2
      vertex 70.2449 92.8513 2
    endloop
  endfacet
  facet normal -0 0 1
    outer loop
      vertex 64 42 2
      vertex 70.6822 19.25 2
      vertex 64 53 2
    endloop
  endfacet
  facet normal 0 0 1
    outer loop
      vertex 64 76 2
      vertex 70.2449 92.8513 2
      vertex 70.06 92.7278 2
    endloop
  endfacet
  facet normal 0 0 1
    outer loop
      vertex 70.6822 19.25 2
      vertex 64 42 2
      vertex 70.5587 19.4349 2
    endloop
  endfacet
  facet normal 0 0 1
    outer loop
      vertex 64 76 2
      vertex 70.06 92.7278 2
      vertex 69.8606 92.6294 2
    endloop
  endfacet
  facet normal -0 0 1
    outer loop
      vertex 64 36 2
      vertex 70.5587 19.4349 2
      vertex 64 42 2
    endloop
  endfacet
  facet normal 0 0 1
    outer loop
      vertex 64 87 2
      vertex 69.8606 92.6294 2
      vertex 69.65 92.5579 2
    endloop
  endfacet
  facet normal 0 0 1
    outer loop
      vertex 70.5587 19.4349 2
      vertex 64 36 2
      vertex 70.4121 19.6021 2
    endloop
  endfacet
  facet normal 0 0 1
    outer loop
      vertex 64 87 2
      vertex 69.65 92.5579 2
      vertex 69.4319 92.5145 2
    endloop
  endfacet
  facet normal 0 0 1
    outer loop
      vertex 70.4121 19.6021 2
      vertex 64 36 2
      vertex 70.2449 19.7487 2
    endloop
  endfacet
  facet normal 0 0 1
    outer loop
      vertex 64 87 2
      vertex 69.4319 92.5145 2
      vertex 69.21 92.5 2
    endloop
  endfacet
  facet normal 0 0 1
    outer loop
      vertex 70.2449 19.7487 2
      vertex 64 36 2
      vertex 70.06 19.8722 2
    endloop
  endfacet
  facet normal 0 0 1
    outer loop
      vertex 64 87 2
      vertex 69.21 92.5 2
      vertex 68.9881 92.5145 2
    endloop
  endfacet
  facet normal 0 0 1
    outer loop
      vertex 70.06 19.8722 2
      vertex 64 36 2
      vertex 69.8606 19.9706 2
    endloop
  endfacet
  facet normal 0 0 1
    outer loop
      vertex 64 87 2
      vertex 68.9881 92.5145 2
      vertex 68.77 92.5579 2
    endloop
  endfacet
  facet normal -0 0 1
    outer loop
      vertex 64 25 2
      vertex 69.8606 19.9706 2
      vertex 64 36 2
    endloop
  endfacet
  facet normal 0 0 1
    outer loop
      vertex 64 87 2
      vertex 68.77 92.5579 2
      vertex 68.5594 92.6294 2
    endloop
  endfacet
  facet normal 0 0 1
    outer loop
      vertex 69.8606 19.9706 2
      vertex 64 25 2
      vertex 69.65 20.0421 2
    endloop
  endfacet
  facet normal 0 0 1
    outer loop
      vertex 64 87 2
      vertex 68.5594 92.6294 2
      vertex 68.36 92.7278 2
    endloop
  endfacet
  facet normal 0 0 1
    outer loop
      vertex 69.65 20.0421 2
      vertex 64 25 2
      vertex 69.4319 20.0855 2
    endloop
  endfacet
  facet normal 0 0 1
    outer loop
      vertex 64 87 2
      vertex 68.36 92.7278 2
      vertex 68.1751 92.8513 2
    endloop
  endfacet
  facet normal 0 0 1
    outer loop
      vertex 69.4319 20.0855 2
      vertex 64 25 2
      vertex 69.21 20.1 2
    endloop
  endfacet
  facet normal 0 0 1
    outer loop
      vertex 64 87 2
      vertex 68.1751 92.8513 2
      vertex 68.0079 92.9979 2
    endloop
  endfacet
  facet normal 0 0 1
    outer loop
      vertex 69.21 20.1 2
      vertex 64 25 2
      vertex 68.9881 20.0855 2
    endloop
  endfacet
  facet normal 0 0 1
    outer loop
      vertex 64 87 2
      vertex 68.0079 92.9979 2
      vertex 67.8613 93.1651 2
    endloop
  endfacet
  facet normal 0 0 1
    outer loop
      vertex 68.9881 20.0855 2
      vertex 64 25 2
      vertex 68.77 20.0421 2
    endloop
  endfacet
  facet normal 0 0 1
    outer loop
      vertex 64 87 2
      vertex 67.8613 93.1651 2
      vertex 67.7378 93.35 2
    endloop
  endfacet
  facet normal 0 0 1
    outer loop
      vertex 68.77 20.0421 2
      vertex 64 25 2
      vertex 68.5594 19.9706 2
    endloop
  endfacet
  facet normal 0 0 1
    outer loop
      vertex 64 87 2
      vertex 67.7378 93.35 2
      vertex 67.6394 93.5494 2
    endloop
  endfacet
  facet normal 0 0 1
    outer loop
      vertex 68.5594 19.9706 2
      vertex 64 25 2
      vertex 68.36 19.8722 2
    endloop
  endfacet
  facet normal 0 0 1
    outer loop
      vertex 64 87 2
      vertex 67.6394 93.5494 2
      vertex 67.5679 93.76 2
    endloop
  endfacet
  facet normal 0 0 1
    outer loop
      vertex 68.36 19.8722 2
      vertex 64 25 2
      vertex 68.1751 19.7487 2
    endloop
  endfacet
  facet normal 0 0 1
    outer loop
      vertex 64 87 2
      vertex 67.5679 93.76 2
      vertex 67.5245 93.9781 2
    endloop
  endfacet
  facet normal 0 0 1
    outer loop
      vertex 68.1751 19.7487 2
      vertex 64 25 2
      vertex 68.0079 19.6021 2
    endloop
  endfacet
  facet normal 0 0 1
    outer loop
      vertex 56 87 2
      vertex 67.5245 93.9781 2
      vertex 67.51 94.2 2
    endloop
  endfacet
  facet normal 0 0 1
    outer loop
      vertex 68.0079 19.6021 2
      vertex 64 25 2
      vertex 67.8613 19.4349 2
    endloop
  endfacet
  facet normal 0 0 1
    outer loop
      vertex 68.0079 96.2021 2
      vertex 72.7 106 2
      vertex 72.7 108 2
    endloop
  endfacet
  facet normal 0 0 1
    outer loop
      vertex 72.7 106 2
      vertex 70.8955 95.2219 2
      vertex 70.91 95 2
    endloop
  endfacet
  facet normal 0 0 1
    outer loop
      vertex 72.7 106 2
      vertex 70.8521 95.44 2
      vertex 70.8955 95.2219 2
    endloop
  endfacet
  facet normal 0 0 1
    outer loop
      vertex 72.7 106 2
      vertex 70.7806 95.6506 2
      vertex 70.8521 95.44 2
    endloop
  endfacet
  facet normal 0 0 1
    outer loop
      vertex 72.7 106 2
      vertex 70.6822 95.85 2
      vertex 70.7806 95.6506 2
    endloop
  endfacet
  facet normal 0 0 1
    outer loop
      vertex 72.7 106 2
      vertex 70.5587 96.0349 2
      vertex 70.6822 95.85 2
    endloop
  endfacet
  facet normal 0 0 1
    outer loop
      vertex 72.7 106 2
      vertex 70.4121 96.2021 2
      vertex 70.5587 96.0349 2
    endloop
  endfacet
  facet normal 0 0 1
    outer loop
      vertex 72.7 106 2
      vertex 70.2449 96.3487 2
      vertex 70.4121 96.2021 2
    endloop
  endfacet
  facet normal 0 0 1
    outer loop
      vertex 72.7 106 2
      vertex 70.06 96.4722 2
      vertex 70.2449 96.3487 2
    endloop
  endfacet
  facet normal 0 0 1
    outer loop
      vertex 72.7 106 2
      vertex 69.8606 96.5706 2
      vertex 70.06 96.4722 2
    endloop
  endfacet
  facet normal 0 0 1
    outer loop
      vertex 72.7 106 2
      vertex 69.65 96.6421 2
      vertex 69.8606 96.5706 2
    endloop
  endfacet
  facet normal 0 0 1
    outer loop
      vertex 72.7 106 2
      vertex 69.4319 96.6855 2
      vertex 69.65 96.6421 2
    endloop
  endfacet
  facet normal 0 0 1
    outer loop
      vertex 72.7 106 2
      vertex 69.21 96.7 2
      vertex 69.4319 96.6855 2
    endloop
  endfacet
  facet normal 0 0 1
    outer loop
      vertex 72.7 106 2
      vertex 68.9881 96.6855 2
      vertex 69.21 96.7 2
    endloop
  endfacet
  facet normal 0 0 1
    outer loop
      vertex 72.7 106 2
      vertex 68.77 96.6421 2
      vertex 68.9881 96.6855 2
    endloop
  endfacet
  facet normal 0 0 1
    outer loop
      vertex 72.7 106 2
      vertex 68.5594 96.5706 2
      vertex 68.77 96.6421 2
    endloop
  endfacet
  facet normal 0 0 1
    outer loop
      vertex 72.7 106 2
      vertex 68.36 96.4722 2
      vertex 68.5594 96.5706 2
    endloop
  endfacet
  facet normal 0 0 1
    outer loop
      vertex 72.7 106 2
      vertex 68.1751 96.3487 2
      vertex 68.36 96.4722 2
    endloop
  endfacet
  facet normal 0 0 1
    outer loop
      vertex 72.7 106 2
      vertex 68.0079 96.2021 2
      vertex 68.1751 96.3487 2
    endloop
  endfacet
  facet normal 0 0 1
    outer loop
      vertex 72.7 108 2
      vertex 67.8613 96.0349 2
      vertex 68.0079 96.2021 2
    endloop
  endfacet
  facet normal 0 0 1
    outer loop
      vertex 51 87 2
      vertex 67.8613 96.0349 2
      vertex 72.7 108 2
    endloop
  endfacet
  facet normal 0 0 1
    outer loop
      vertex 67.8613 96.0349 2
      vertex 51 87 2
      vertex 67.7378 95.85 2
    endloop
  endfacet
  facet normal 0 0 1
    outer loop
      vertex 56 87 2
      vertex 67.51 94.2 2
      vertex 67.51 95 2
    endloop
  endfacet
  facet normal 0 0 1
    outer loop
      vertex 67.8613 19.4349 2
      vertex 64 25 2
      vertex 67.7378 19.25 2
    endloop
  endfacet
  facet normal 0 0 1
    outer loop
      vertex 69.8606 92.6294 2
      vertex 64 87 2
      vertex 64 76 2
    endloop
  endfacet
  facet normal 0 0 1
    outer loop
      vertex 56 87 2
      vertex 67.51 95 2
      vertex 67.5245 95.2219 2
    endloop
  endfacet
  facet normal 0 0 1
    outer loop
      vertex 56 87 2
      vertex 67.5245 95.2219 2
      vertex 67.5679 95.44 2
    endloop
  endfacet
  facet normal 0 0 1
    outer loop
      vertex 56 87 2
      vertex 67.5679 95.44 2
      vertex 67.6394 95.6506 2
    endloop
  endfacet
  facet normal 0 0 1
    outer loop
      vertex 67.7378 95.85 2
      vertex 51 87 2
      vertex 67.6394 95.6506 2
    endloop
  endfacet
  facet normal 0 0 1
    outer loop
      vertex 67.5245 93.9781 2
      vertex 56 87 2
      vertex 64 87 2
    endloop
  endfacet
  facet normal 0 0 1
    outer loop
      vertex 51 76 2
      vertex 56 76 2
      vertex 56 87 2
    endloop
  endfacet
  facet normal 0 0 1
    outer loop
      vertex 56 76 2
      vertex 51 76 2
      vertex 56 70 2
    endloop
  endfacet
  facet normal 0 0 1
    outer loop
      vertex 56 70 2
      vertex 51 70 2
      vertex 56 59 2
    endloop
  endfacet
  facet normal 0 0 1
    outer loop
      vertex 51 59 2
      vertex 56 59 2
      vertex 51 70 2
    endloop
  endfacet
  facet normal 0 0 1
    outer loop
      vertex 51 53 2
      vertex 56 53 2
      vertex 51 59 2
    endloop
  endfacet
  facet normal 0 0 1
    outer loop
      vertex 56 53 2
      vertex 51 53 2
      vertex 56 42 2
    endloop
  endfacet
  facet normal 0 0 1
    outer loop
      vertex 51 76 2
      vertex 56 87 2
      vertex 51 87 2
    endloop
  endfacet
  facet normal 0 0 1
    outer loop
      vertex 67.6394 95.6506 2
      vertex 51 87 2
      vertex 56 87 2
    endloop
  endfacet
  facet normal 0 0 1
    outer loop
      vertex 72.7 108 2
      vertex 43 87 2
      vertex 51 87 2
    endloop
  endfacet
  facet normal 0 0 1
    outer loop
      vertex 38 76 2
      vertex 43 76 2
      vertex 43 87 2
    endloop
  endfacet
  facet normal 0 0 1
    outer loop
      vertex 43 76 2
      vertex 38 76 2
      vertex 43 70 2
    endloop
  endfacet
  facet normal 0 0 1
    outer loop
      vertex 43 70 2
      vertex 38 70 2
      vertex 43 59 2
    endloop
  endfacet
  facet normal 0 0 1
    outer loop
      vertex 38 59 2
      vertex 43 59 2
      vertex 38 70 2
    endloop
  endfacet
  facet normal 0 0 1
    outer loop
      vertex 38 53 2
      vertex 43 53 2
      vertex 38 59 2
    endloop
  endfacet
  facet normal 0 0 1
    outer loop
      vertex 43 53 2
      vertex 38 53 2
      vertex 43 42 2
    endloop
  endfacet
  facet normal 0 0 1
    outer loop
      vertex 38 76 2
      vertex 43 87 2
      vertex 38 87 2
    endloop
  endfacet
  facet normal 0 0 1
    outer loop
      vertex 72.7 108 2
      vertex 38 87 2
      vertex 43 87 2
    endloop
  endfacet
  facet normal -0 0 1
    outer loop
      vertex 4 108 2
      vertex 38 87 2
      vertex 72.7 108 2
    endloop
  endfacet
  facet normal 0 0 1
    outer loop
      vertex 25 76 2
      vertex 30 76 2
      vertex 30 87 2
    endloop
  endfacet
  facet normal 0 0 1
    outer loop
      vertex 30 76 2
      vertex 25 76 2
      vertex 30 70 2
    endloop
  endfacet
  facet normal 0 0 1
    outer loop
      vertex 30 70 2
      vertex 25 70 2
      vertex 30 59 2
    endloop
  endfacet
  facet normal 0 0 1
    outer loop
      vertex 25 59 2
      vertex 30 59 2
      vertex 25 70 2
    endloop
  endfacet
  facet normal 0 0 1
    outer loop
      vertex 25 53 2
      vertex 30 53 2
      vertex 25 59 2
    endloop
  endfacet
  facet normal 0 0 1
    outer loop
      vertex 30 53 2
      vertex 25 53 2
      vertex 30 42 2
    endloop
  endfacet
  facet normal 0 0 1
    outer loop
      vertex 25 76 2
      vertex 30 87 2
      vertex 25 87 2
    endloop
  endfacet
  facet normal 0 0 1
    outer loop
      vertex 38 87 2
      vertex 4 108 2
      vertex 30 87 2
    endloop
  endfacet
  facet normal 0 0 1
    outer loop
      vertex 30 87 2
      vertex 4 108 2
      vertex 25 87 2
    endloop
  endfacet
  facet normal -0 0 1
    outer loop
      vertex 9.17546 93.9781 2
      vertex 17 87 2
      vertex 9.19 94.2 2
    endloop
  endfacet
  facet normal -0 0 1
    outer loop
      vertex 9.13207 93.76 2
      vertex 17 87 2
      vertex 9.17546 93.9781 2
    endloop
  endfacet
  facet normal -0 0 1
    outer loop
      vertex 9.06059 93.5494 2
      vertex 17 87 2
      vertex 9.13207 93.76 2
    endloop
  endfacet
  facet normal -0 0 1
    outer loop
      vertex 8.96224 93.35 2
      vertex 17 87 2
      vertex 9.06059 93.5494 2
    endloop
  endfacet
  facet normal -0 0 1
    outer loop
      vertex 8.8387 93.1651 2
      vertex 17 87 2
      vertex 8.96224 93.35 2
    endloop
  endfacet
  facet normal 0 0 1
    outer loop
      vertex 17 53 2
      vertex 9.19 18.4 2
      vertex 17 42 2
    endloop
  endfacet
  facet normal -0 0 1
    outer loop
      vertex 9.19 94.2 2
      vertex 17 87 2
      vertex 9.19 95 2
    endloop
  endfacet
  facet normal -0 -0 1
    outer loop
      vertex 9.06059 95.6506 2
      vertex 25 87 2
      vertex 8.96224 95.85 2
    endloop
  endfacet
  facet normal 0 0 1
    outer loop
      vertex 17 87 2
      vertex 9.17546 95.2219 2
      vertex 9.19 95 2
    endloop
  endfacet
  facet normal 0 0 1
    outer loop
      vertex 17 87 2
      vertex 9.13207 95.44 2
      vertex 9.17546 95.2219 2
    endloop
  endfacet
  facet normal 0 0 1
    outer loop
      vertex 25 87 2
      vertex 9.13207 95.44 2
      vertex 17 87 2
    endloop
  endfacet
  facet normal -0 -0 1
    outer loop
      vertex 9.13207 95.44 2
      vertex 25 87 2
      vertex 9.06059 95.6506 2
    endloop
  endfacet
  facet normal -0 -0 1
    outer loop
      vertex 8.8387 96.0349 2
      vertex 25 87 2
      vertex 4 108 2
    endloop
  endfacet
  facet normal 0 0 1
    outer loop
      vertex 25 87 2
      vertex 8.8387 96.0349 2
      vertex 8.96224 95.85 2
    endloop
  endfacet
  facet normal 0 0 1
    outer loop
      vertex 8.8387 96.0349 2
      vertex 4 108 2
      vertex 8.69208 96.2021 2
    endloop
  endfacet
  facet normal -0 0 1
    outer loop
      vertex 4 106 2
      vertex 8.69208 96.2021 2
      vertex 4 108 2
    endloop
  endfacet
  facet normal 0 0 1
    outer loop
      vertex 8.69208 96.2021 2
      vertex 4 106 2
      vertex 8.52489 96.3487 2
    endloop
  endfacet
  facet normal 0 0 1
    outer loop
      vertex 8.52489 96.3487 2
      vertex 4 106 2
      vertex 8.34 96.4722 2
    endloop
  endfacet
  facet normal 0 0 1
    outer loop
      vertex 8.34 96.4722 2
      vertex 4 106 2
      vertex 8.14056 96.5706 2
    endloop
  endfacet
  facet normal 0 0 1
    outer loop
      vertex 8.14056 96.5706 2
      vertex 4 106 2
      vertex 7.92999 96.6421 2
    endloop
  endfacet
  facet normal 0 0 1
    outer loop
      vertex 7.92999 96.6421 2
      vertex 4 106 2
      vertex 7.71189 96.6855 2
    endloop
  endfacet
  facet normal 0 0 1
    outer loop
      vertex 2.5 106 2
      vertex 5.79 94.2 2
      vertex 5.79 95 2
    endloop
  endfacet
  facet normal 0 0 1
    outer loop
      vertex 2.5 3 2
      vertex 5.80454 18.6219 2
      vertex 2.5 106 2
    endloop
  endfacet
  facet normal 0 0 1
    outer loop
      vertex 5.84793 95.44 2
      vertex 2.5 106 2
      vertex 5.80454 95.2219 2
    endloop
  endfacet
  facet normal 0 0 1
    outer loop
      vertex 5.9194 95.6506 2
      vertex 2.5 106 2
      vertex 5.84793 95.44 2
    endloop
  endfacet
  facet normal 0 0 1
    outer loop
      vertex 6.01776 95.85 2
      vertex 2.5 106 2
      vertex 5.9194 95.6506 2
    endloop
  endfacet
  facet normal 0 0 1
    outer loop
      vertex 6.1413 96.0349 2
      vertex 2.5 106 2
      vertex 6.01776 95.85 2
    endloop
  endfacet
  facet normal 0 0 1
    outer loop
      vertex 6.28792 96.2021 2
      vertex 2.5 106 2
      vertex 6.1413 96.0349 2
    endloop
  endfacet
  facet normal 0 0 1
    outer loop
      vertex 6.4551 96.3487 2
      vertex 2.5 106 2
      vertex 6.28792 96.2021 2
    endloop
  endfacet
  facet normal -0 0 1
    outer loop
      vertex 2.5 106 2
      vertex 6.4551 96.3487 2
      vertex 4 106 2
    endloop
  endfacet
  facet normal 0 0 1
    outer loop
      vertex 6.64 96.4722 2
      vertex 4 106 2
      vertex 6.4551 96.3487 2
    endloop
  endfacet
  facet normal 0 0 1
    outer loop
      vertex 6.83944 96.5706 2
      vertex 4 106 2
      vertex 6.64 96.4722 2
    endloop
  endfacet
  facet normal 0 0 1
    outer loop
      vertex 7.05001 96.6421 2
      vertex 4 106 2
      vertex 6.83944 96.5706 2
    endloop
  endfacet
  facet normal 0 0 1
    outer loop
      vertex 7.2681 96.6855 2
      vertex 4 106 2
      vertex 7.05001 96.6421 2
    endloop
  endfacet
  facet normal 0 0 1
    outer loop
      vertex 7.49 96.7 2
      vertex 4 106 2
      vertex 7.2681 96.6855 2
    endloop
  endfacet
  facet normal 0 0 1
    outer loop
      vertex 7.71189 96.6855 2
      vertex 4 106 2
      vertex 7.49 96.7 2
    endloop
  endfacet
  facet normal 0 0 1
    outer loop
      vertex 70.91 95 2
      vertex 74.2 106 2
      vertex 72.7 106 2
    endloop
  endfacet
  facet normal 0 0 1
    outer loop
      vertex 74.2 106 2
      vertex 70.91 95 2
      vertex 70.91 94.2 2
    endloop
  endfacet
  facet normal 0 0 1
    outer loop
      vertex 70.8955 93.9781 2
      vertex 74.2 106 2
      vertex 70.91 94.2 2
    endloop
  endfacet
  facet normal 0 0 1
    outer loop
      vertex 74.2 106 2
      vertex 70.91 18.4 2
      vertex 74.2 3 2
    endloop
  endfacet
  facet normal -0 0 1
    outer loop
      vertex 70.91 17.6 2
      vertex 74.2 3 2
      vertex 70.91 18.4 2
    endloop
  endfacet
  facet normal -0 0 1
    outer loop
      vertex 70.8955 17.3781 2
      vertex 74.2 3 2
      vertex 70.91 17.6 2
    endloop
  endfacet
  facet normal -0 0 1
    outer loop
      vertex 70.8521 17.16 2
      vertex 74.2 3 2
      vertex 70.8955 17.3781 2
    endloop
  endfacet
  facet normal -0 0 1
    outer loop
      vertex 70.7806 16.9494 2
      vertex 74.2 3 2
      vertex 70.8521 17.16 2
    endloop
  endfacet
  facet normal -0 0 1
    outer loop
      vertex 70.6822 16.75 2
      vertex 74.2 3 2
      vertex 70.7806 16.9494 2
    endloop
  endfacet
  facet normal -0 0 1
    outer loop
      vertex 70.5587 16.5651 2
      vertex 74.2 3 2
      vertex 70.6822 16.75 2
    endloop
  endfacet
  facet normal -0 0 1
    outer loop
      vertex 70.4121 16.3979 2
      vertex 74.2 3 2
      vertex 70.5587 16.5651 2
    endloop
  endfacet
  facet normal -0 0 1
    outer loop
      vertex 70.2449 16.2513 2
      vertex 74.2 3 2
      vertex 70.4121 16.3979 2
    endloop
  endfacet
  facet normal -0 0 1
    outer loop
      vertex 70.06 16.1278 2
      vertex 74.2 3 2
      vertex 70.2449 16.2513 2
    endloop
  endfacet
  facet normal -0 0 1
    outer loop
      vertex 69.8606 16.0294 2
      vertex 74.2 3 2
      vertex 70.06 16.1278 2
    endloop
  endfacet
  facet normal -0 0 1
    outer loop
      vertex 69.65 15.9579 2
      vertex 74.2 3 2
      vertex 69.8606 16.0294 2
    endloop
  endfacet
  facet normal -0 0 1
    outer loop
      vertex 69.4319 15.9145 2
      vertex 74.2 3 2
      vertex 69.65 15.9579 2
    endloop
  endfacet
  facet normal -0 0 1
    outer loop
      vertex 69.21 15.9 2
      vertex 74.2 3 2
      vertex 69.4319 15.9145 2
    endloop
  endfacet
  facet normal 0 0 1
    outer loop
      vertex 68.9881 15.9145 2
      vertex 74.2 3 2
      vertex 69.21 15.9 2
    endloop
  endfacet
  facet normal 0 0 1
    outer loop
      vertex 68.77 15.9579 2
      vertex 74.2 3 2
      vertex 68.9881 15.9145 2
    endloop
  endfacet
  facet normal 0 0 1
    outer loop
      vertex 68.5594 16.0294 2
      vertex 74.2 3 2
      vertex 68.77 15.9579 2
    endloop
  endfacet
  facet normal 0 0 1
    outer loop
      vertex 68.36 16.1278 2
      vertex 74.2 3 2
      vertex 68.5594 16.0294 2
    endloop
  endfacet
  facet normal 0 0 1
    outer loop
      vertex 68.1751 16.2513 2
      vertex 74.2 3 2
      vertex 68.36 16.1278 2
    endloop
  endfacet
  facet normal 0 0 1
    outer loop
      vertex 68.0079 16.3979 2
      vertex 74.2 3 2
      vertex 68.1751 16.2513 2
    endloop
  endfacet
  facet normal 0 0 1
    outer loop
      vertex 67.8613 16.5651 2
      vertex 74.2 3 2
      vertex 68.0079 16.3979 2
    endloop
  endfacet
  facet normal 0 0 1
    outer loop
      vertex 51 25 2
      vertex 67.8613 16.5651 2
      vertex 67.7378 16.75 2
    endloop
  endfacet
  facet normal 0 0 1
    outer loop
      vertex 56 25 2
      vertex 67.7378 16.75 2
      vertex 67.6394 16.9494 2
    endloop
  endfacet
  facet normal 0 0 1
    outer loop
      vertex 70.5587 93.1651 2
      vertex 64 76 2
      vertex 64 70 2
    endloop
  endfacet
  facet normal 0 0 1
    outer loop
      vertex 70.6822 93.35 2
      vertex 64 70 2
      vertex 64 59 2
    endloop
  endfacet
  facet normal 0 0 1
    outer loop
      vertex 67.7378 19.25 2
      vertex 64 25 2
      vertex 67.6394 19.0506 2
    endloop
  endfacet
  facet normal 0 0 1
    outer loop
      vertex 67.6394 19.0506 2
      vertex 64 25 2
      vertex 67.5679 18.84 2
    endloop
  endfacet
  facet normal 0 0 1
    outer loop
      vertex 67.5679 18.84 2
      vertex 64 25 2
      vertex 67.5245 18.6219 2
    endloop
  endfacet
  facet normal 0 0 1
    outer loop
      vertex 67.5245 18.6219 2
      vertex 64 25 2
      vertex 67.51 18.4 2
    endloop
  endfacet
  facet normal -0 0 1
    outer loop
      vertex 56 25 2
      vertex 67.51 18.4 2
      vertex 64 25 2
    endloop
  endfacet
  facet normal 0 0 1
    outer loop
      vertex 67.51 18.4 2
      vertex 56 25 2
      vertex 67.51 17.6 2
    endloop
  endfacet
  facet normal 0 0 1
    outer loop
      vertex 67.51 17.6 2
      vertex 56 25 2
      vertex 67.5245 17.3781 2
    endloop
  endfacet
  facet normal 0 0 1
    outer loop
      vertex 67.5245 17.3781 2
      vertex 56 25 2
      vertex 67.5679 17.16 2
    endloop
  endfacet
  facet normal 0 0 1
    outer loop
      vertex 67.5679 17.16 2
      vertex 56 25 2
      vertex 67.6394 16.9494 2
    endloop
  endfacet
  facet normal 0 0 1
    outer loop
      vertex 67.7378 16.75 2
      vertex 56 25 2
      vertex 51 25 2
    endloop
  endfacet
  facet normal 0 0 1
    outer loop
      vertex 56 70 2
      vertex 51 76 2
      vertex 51 70 2
    endloop
  endfacet
  facet normal 0 0 1
    outer loop
      vertex 56 59 2
      vertex 51 59 2
      vertex 56 53 2
    endloop
  endfacet
  facet normal 0 0 1
    outer loop
      vertex 51 42 2
      vertex 56 42 2
      vertex 51 53 2
    endloop
  endfacet
  facet normal 0 0 1
    outer loop
      vertex 56 42 2
      vertex 51 42 2
      vertex 56 36 2
    endloop
  endfacet
  facet normal 0 0 1
    outer loop
      vertex 51 36 2
      vertex 56 36 2
      vertex 51 42 2
    endloop
  endfacet
  facet normal 0 0 1
    outer loop
      vertex 56 36 2
      vertex 51 36 2
      vertex 56 25 2
    endloop
  endfacet
  facet normal 0 0 1
    outer loop
      vertex 51 25 2
      vertex 56 25 2
      vertex 51 36 2
    endloop
  endfacet
  facet normal 0 0 1
    outer loop
      vertex 67.8613 16.5651 2
      vertex 51 25 2
      vertex 74.2 3 2
    endloop
  endfacet
  facet normal -0 0 1
    outer loop
      vertex 43 25 2
      vertex 74.2 3 2
      vertex 51 25 2
    endloop
  endfacet
  facet normal 0 0 1
    outer loop
      vertex 43 70 2
      vertex 38 76 2
      vertex 38 70 2
    endloop
  endfacet
  facet normal 0 0 1
    outer loop
      vertex 43 59 2
      vertex 38 59 2
      vertex 43 53 2
    endloop
  endfacet
  facet normal 0 0 1
    outer loop
      vertex 38 42 2
      vertex 43 42 2
      vertex 38 53 2
    endloop
  endfacet
  facet normal 0 0 1
    outer loop
      vertex 43 42 2
      vertex 38 42 2
      vertex 43 36 2
    endloop
  endfacet
  facet normal 0 0 1
    outer loop
      vertex 38 36 2
      vertex 43 36 2
      vertex 38 42 2
    endloop
  endfacet
  facet normal 0 0 1
    outer loop
      vertex 43 36 2
      vertex 38 36 2
      vertex 43 25 2
    endloop
  endfacet
  facet normal 0 0 1
    outer loop
      vertex 38 25 2
      vertex 43 25 2
      vertex 38 36 2
    endloop
  endfacet
  facet normal -0 0 1
    outer loop
      vertex 38 25 2
      vertex 74.2 3 2
      vertex 43 25 2
    endloop
  endfacet
  facet normal 0 0 1
    outer loop
      vertex 2.5 3 2
      vertex 38 25 2
      vertex 30 25 2
    endloop
  endfacet
  facet normal 0 0 1
    outer loop
      vertex 30 70 2
      vertex 25 76 2
      vertex 25 70 2
    endloop
  endfacet
  facet normal 0 0 1
    outer loop
      vertex 30 59 2
      vertex 25 59 2
      vertex 30 53 2
    endloop
  endfacet
  facet normal 0 0 1
    outer loop
      vertex 25 42 2
      vertex 30 42 2
      vertex 25 53 2
    endloop
  endfacet
  facet normal 0 0 1
    outer loop
      vertex 30 42 2
      vertex 25 42 2
      vertex 30 36 2
    endloop
  endfacet
  facet normal 0 0 1
    outer loop
      vertex 25 36 2
      vertex 30 36 2
      vertex 25 42 2
    endloop
  endfacet
  facet normal 0 0 1
    outer loop
      vertex 30 36 2
      vertex 25 36 2
      vertex 30 25 2
    endloop
  endfacet
  facet normal 0 0 1
    outer loop
      vertex 25 25 2
      vertex 30 25 2
      vertex 25 36 2
    endloop
  endfacet
  facet normal 0 0 1
    outer loop
      vertex 8.8387 16.5651 2
      vertex 30 25 2
      vertex 25 25 2
    endloop
  endfacet
  facet normal 0 0 1
    outer loop
      vertex 9.06059 16.9494 2
      vertex 25 25 2
      vertex 17 25 2
    endloop
  endfacet
  facet normal 0 0 1
    outer loop
      vertex 17 42 2
      vertex 9.19 18.4 2
      vertex 17 36 2
    endloop
  endfacet
  facet normal 0 0 1
    outer loop
      vertex 17 36 2
      vertex 9.19 18.4 2
      vertex 17 25 2
    endloop
  endfacet
  facet normal 0 0 1
    outer loop
      vertex 9.19 17.6 2
      vertex 17 25 2
      vertex 9.19 18.4 2
    endloop
  endfacet
  facet normal 0 0 1
    outer loop
      vertex 9.17546 17.3781 2
      vertex 17 25 2
      vertex 9.19 17.6 2
    endloop
  endfacet
  facet normal 0 0 1
    outer loop
      vertex 9.13207 17.16 2
      vertex 17 25 2
      vertex 9.17546 17.3781 2
    endloop
  endfacet
  facet normal 0 0 1
    outer loop
      vertex 9.06059 16.9494 2
      vertex 17 25 2
      vertex 9.13207 17.16 2
    endloop
  endfacet
  facet normal 0 0 1
    outer loop
      vertex 25 25 2
      vertex 9.06059 16.9494 2
      vertex 8.96224 16.75 2
    endloop
  endfacet
  facet normal 0 0 1
    outer loop
      vertex 25 25 2
      vertex 8.96224 16.75 2
      vertex 8.8387 16.5651 2
    endloop
  endfacet
  facet normal 0 0 1
    outer loop
      vertex 30 25 2
      vertex 8.8387 16.5651 2
      vertex 2.5 3 2
    endloop
  endfacet
  facet normal 0 0 1
    outer loop
      vertex 2.5 3 2
      vertex 8.8387 16.5651 2
      vertex 8.69208 16.3979 2
    endloop
  endfacet
  facet normal 0 0 1
    outer loop
      vertex 2.5 3 2
      vertex 8.69208 16.3979 2
      vertex 8.52489 16.2513 2
    endloop
  endfacet
  facet normal 0 0 1
    outer loop
      vertex 2.5 3 2
      vertex 8.52489 16.2513 2
      vertex 8.34 16.1278 2
    endloop
  endfacet
  facet normal 0 0 1
    outer loop
      vertex 2.5 3 2
      vertex 8.34 16.1278 2
      vertex 8.14056 16.0294 2
    endloop
  endfacet
  facet normal 0 0 1
    outer loop
      vertex 2.5 3 2
      vertex 8.14056 16.0294 2
      vertex 7.92999 15.9579 2
    endloop
  endfacet
  facet normal 0 0 1
    outer loop
      vertex 2.5 3 2
      vertex 7.92999 15.9579 2
      vertex 7.71189 15.9145 2
    endloop
  endfacet
  facet normal 0 0 1
    outer loop
      vertex 2.5 3 2
      vertex 7.71189 15.9145 2
      vertex 7.49 15.9 2
    endloop
  endfacet
  facet normal 0 0 1
    outer loop
      vertex 2.5 3 2
      vertex 7.49 15.9 2
      vertex 7.2681 15.9145 2
    endloop
  endfacet
  facet normal 0 0 1
    outer loop
      vertex 5.80454 95.2219 2
      vertex 2.5 106 2
      vertex 5.79 95 2
    endloop
  endfacet
  facet normal 0 0 1
    outer loop
      vertex 5.80454 18.6219 2
      vertex 2.5 3 2
      vertex 5.79 18.4 2
    endloop
  endfacet
  facet normal 0 0 1
    outer loop
      vertex 38 25 2
      vertex 2.5 3 2
      vertex 74.2 3 2
    endloop
  endfacet
  facet normal 0 0 1
    outer loop
      vertex 7.05001 15.9579 2
      vertex 2.5 3 2
      vertex 7.2681 15.9145 2
    endloop
  endfacet
  facet normal 0 0 1
    outer loop
      vertex 6.83944 16.0294 2
      vertex 2.5 3 2
      vertex 7.05001 15.9579 2
    endloop
  endfacet
  facet normal 0 0 1
    outer loop
      vertex 6.64 16.1278 2
      vertex 2.5 3 2
      vertex 6.83944 16.0294 2
    endloop
  endfacet
  facet normal 0 0 1
    outer loop
      vertex 6.4551 16.2513 2
      vertex 2.5 3 2
      vertex 6.64 16.1278 2
    endloop
  endfacet
  facet normal 0 0 1
    outer loop
      vertex 6.28792 16.3979 2
      vertex 2.5 3 2
      vertex 6.4551 16.2513 2
    endloop
  endfacet
  facet normal 0 0 1
    outer loop
      vertex 6.1413 16.5651 2
      vertex 2.5 3 2
      vertex 6.28792 16.3979 2
    endloop
  endfacet
  facet normal 0 0 1
    outer loop
      vertex 6.01776 16.75 2
      vertex 2.5 3 2
      vertex 6.1413 16.5651 2
    endloop
  endfacet
  facet normal 0 0 1
    outer loop
      vertex 5.9194 16.9494 2
      vertex 2.5 3 2
      vertex 6.01776 16.75 2
    endloop
  endfacet
  facet normal 0 0 1
    outer loop
      vertex 5.84793 17.16 2
      vertex 2.5 3 2
      vertex 5.9194 16.9494 2
    endloop
  endfacet
  facet normal 0 0 1
    outer loop
      vertex 5.80454 17.3781 2
      vertex 2.5 3 2
      vertex 5.84793 17.16 2
    endloop
  endfacet
  facet normal 0 0 1
    outer loop
      vertex 5.79 17.6 2
      vertex 2.5 3 2
      vertex 5.80454 17.3781 2
    endloop
  endfacet
  facet normal 0 0 1
    outer loop
      vertex 5.79 18.4 2
      vertex 2.5 3 2
      vertex 5.79 17.6 2
    endloop
  endfacet
  facet normal 1 0 0
    outer loop
      vertex 76.7 3 17.4
      vertex 76.7 0 17.4
      vertex 76.7 3 8
    endloop
  endfacet
  facet normal 1 0 0
    outer loop
      vertex 76.7 96.2855 4.7781
      vertex 76.7 108 8
      vertex 76.7 96.3 5
    endloop
  endfacet
  facet normal 1 0 0
    outer loop
      vertex 76.7 108 8
      vertex 76.7 96.2855 5.22189
      vertex 76.7 96.3 5
    endloop
  endfacet
  facet normal 1 0 0
    outer loop
      vertex 76.7 108 8
      vertex 76.7 96.2421 5.43999
      vertex 76.7 96.2855 5.22189
    endloop
  endfacet
  facet normal 1 0 0
    outer loop
      vertex 76.7 108 8
      vertex 76.7 96.1706 5.65056
      vertex 76.7 96.2421 5.43999
    endloop
  endfacet
  facet normal 1 0 0
    outer loop
      vertex 76.7 108 8
      vertex 76.7 96.0722 5.85
      vertex 76.7 96.1706 5.65056
    endloop
  endfacet
  facet normal 1 0 0
    outer loop
      vertex 76.7 108 8
      vertex 76.7 95.9487 6.03489
      vertex 76.7 96.0722 5.85
    endloop
  endfacet
  facet normal 1 0 0
    outer loop
      vertex 76.7 108 8
      vertex 76.7 95.8021 6.20208
      vertex 76.7 95.9487 6.03489
    endloop
  endfacet
  facet normal 1 0 0
    outer loop
      vertex 76.7 108 8
      vertex 76.7 95.6349 6.3487
      vertex 76.7 95.8021 6.20208
    endloop
  endfacet
  facet normal 1 0 0
    outer loop
      vertex 76.7 108 8
      vertex 76.7 95.45 6.47224
      vertex 76.7 95.6349 6.3487
    endloop
  endfacet
  facet normal 1 0 0
    outer loop
      vertex 76.7 108 8
      vertex 76.7 95.2506 6.57059
      vertex 76.7 95.45 6.47224
    endloop
  endfacet
  facet normal 1 0 0
    outer loop
      vertex 76.7 108 8
      vertex 76.7 95.04 6.64207
      vertex 76.7 95.2506 6.57059
    endloop
  endfacet
  facet normal 1 0 0
    outer loop
      vertex 76.7 108 8
      vertex 76.7 94.8219 6.68546
      vertex 76.7 95.04 6.64207
    endloop
  endfacet
  facet normal 1 0 0
    outer loop
      vertex 76.7 108 8
      vertex 76.7 94.6 6.7
      vertex 76.7 94.8219 6.68546
    endloop
  endfacet
  facet normal 1 0 0
    outer loop
      vertex 76.7 108 8
      vertex 76.7 94.3781 6.68546
      vertex 76.7 94.6 6.7
    endloop
  endfacet
  facet normal 1 0 0
    outer loop
      vertex 76.7 92.9145 5.22189
      vertex 76.7 19.7 5
      vertex 76.7 92.9 5
    endloop
  endfacet
  facet normal 1 0 0
    outer loop
      vertex 76.7 19.6855 5.22189
      vertex 76.7 92.9145 5.22189
      vertex 76.7 92.9579 5.43999
    endloop
  endfacet
  facet normal 1 0 0
    outer loop
      vertex 76.7 19.6421 5.43999
      vertex 76.7 92.9579 5.43999
      vertex 76.7 93.0294 5.65056
    endloop
  endfacet
  facet normal 1 0 0
    outer loop
      vertex 76.7 19.5706 5.65056
      vertex 76.7 93.0294 5.65056
      vertex 76.7 93.1278 5.85
    endloop
  endfacet
  facet normal 1 0 0
    outer loop
      vertex 76.7 19.4722 5.85
      vertex 76.7 93.1278 5.85
      vertex 76.7 93.2513 6.03489
    endloop
  endfacet
  facet normal 1 0 0
    outer loop
      vertex 76.7 19.3487 6.03489
      vertex 76.7 93.2513 6.03489
      vertex 76.7 93.3979 6.20208
    endloop
  endfacet
  facet normal 1 0 0
    outer loop
      vertex 76.7 19.2021 6.20208
      vertex 76.7 93.3979 6.20208
      vertex 76.7 93.5651 6.3487
    endloop
  endfacet
  facet normal 1 0 0
    outer loop
      vertex 76.7 19.0349 6.3487
      vertex 76.7 93.5651 6.3487
      vertex 76.7 93.75 6.47224
    endloop
  endfacet
  facet normal 1 0 0
    outer loop
      vertex 76.7 18.85 6.47224
      vertex 76.7 93.75 6.47224
      vertex 76.7 93.9494 6.57059
    endloop
  endfacet
  facet normal 1 0 0
    outer loop
      vertex 76.7 18.6506 6.57059
      vertex 76.7 93.9494 6.57059
      vertex 76.7 94.16 6.64207
    endloop
  endfacet
  facet normal 1 0 0
    outer loop
      vertex 76.7 18.44 6.64207
      vertex 76.7 94.16 6.64207
      vertex 76.7 94.3781 6.68546
    endloop
  endfacet
  facet normal 1 0 0
    outer loop
      vertex 76.7 18.2219 6.68546
      vertex 76.7 94.3781 6.68546
      vertex 76.7 108 8
    endloop
  endfacet
  facet normal 1 0 0
    outer loop
      vertex 76.7 92.9145 5.22189
      vertex 76.7 19.6855 5.22189
      vertex 76.7 19.7 5
    endloop
  endfacet
  facet normal 1 0 0
    outer loop
      vertex 76.7 92.9579 5.43999
      vertex 76.7 19.6421 5.43999
      vertex 76.7 19.6855 5.22189
    endloop
  endfacet
  facet normal 1 0 0
    outer loop
      vertex 76.7 93.0294 5.65056
      vertex 76.7 19.5706 5.65056
      vertex 76.7 19.6421 5.43999
    endloop
  endfacet
  facet normal 1 0 0
    outer loop
      vertex 76.7 93.1278 5.85
      vertex 76.7 19.4722 5.85
      vertex 76.7 19.5706 5.65056
    endloop
  endfacet
  facet normal 1 0 0
    outer loop
      vertex 76.7 93.2513 6.03489
      vertex 76.7 19.3487 6.03489
      vertex 76.7 19.4722 5.85
    endloop
  endfacet
  facet normal 1 0 0
    outer loop
      vertex 76.7 93.3979 6.20208
      vertex 76.7 19.2021 6.20208
      vertex 76.7 19.3487 6.03489
    endloop
  endfacet
  facet normal 1 0 0
    outer loop
      vertex 76.7 93.5651 6.3487
      vertex 76.7 19.0349 6.3487
      vertex 76.7 19.2021 6.20208
    endloop
  endfacet
  facet normal 1 0 0
    outer loop
      vertex 76.7 93.75 6.47224
      vertex 76.7 18.85 6.47224
      vertex 76.7 19.0349 6.3487
    endloop
  endfacet
  facet normal 1 0 0
    outer loop
      vertex 76.7 93.9494 6.57059
      vertex 76.7 18.6506 6.57059
      vertex 76.7 18.85 6.47224
    endloop
  endfacet
  facet normal 1 0 0
    outer loop
      vertex 76.7 94.16 6.64207
      vertex 76.7 18.44 6.64207
      vertex 76.7 18.6506 6.57059
    endloop
  endfacet
  facet normal 1 0 0
    outer loop
      vertex 76.7 94.3781 6.68546
      vertex 76.7 18.2219 6.68546
      vertex 76.7 18.44 6.64207
    endloop
  endfacet
  facet normal 1 0 0
    outer loop
      vertex 76.7 108 8
      vertex 76.7 18 6.7
      vertex 76.7 18.2219 6.68546
    endloop
  endfacet
  facet normal 1 0 0
    outer loop
      vertex 76.7 16.3145 5.22189
      vertex 76.7 3 8
      vertex 76.7 16.3 5
    endloop
  endfacet
  facet normal 1 0 0
    outer loop
      vertex 76.7 16.3579 5.43999
      vertex 76.7 3 8
      vertex 76.7 16.3145 5.22189
    endloop
  endfacet
  facet normal 1 0 0
    outer loop
      vertex 76.7 16.4294 5.65056
      vertex 76.7 3 8
      vertex 76.7 16.3579 5.43999
    endloop
  endfacet
  facet normal 1 0 0
    outer loop
      vertex 76.7 16.5278 5.85
      vertex 76.7 3 8
      vertex 76.7 16.4294 5.65056
    endloop
  endfacet
  facet normal 1 0 0
    outer loop
      vertex 76.7 16.6513 6.03489
      vertex 76.7 3 8
      vertex 76.7 16.5278 5.85
    endloop
  endfacet
  facet normal 1 0 0
    outer loop
      vertex 76.7 16.7979 6.20208
      vertex 76.7 3 8
      vertex 76.7 16.6513 6.03489
    endloop
  endfacet
  facet normal 1 0 0
    outer loop
      vertex 76.7 16.9651 6.3487
      vertex 76.7 3 8
      vertex 76.7 16.7979 6.20208
    endloop
  endfacet
  facet normal 1 0 0
    outer loop
      vertex 76.7 17.15 6.47224
      vertex 76.7 3 8
      vertex 76.7 16.9651 6.3487
    endloop
  endfacet
  facet normal 1 0 0
    outer loop
      vertex 76.7 17.3494 6.57059
      vertex 76.7 3 8
      vertex 76.7 17.15 6.47224
    endloop
  endfacet
  facet normal 1 0 0
    outer loop
      vertex 76.7 17.56 6.64207
      vertex 76.7 3 8
      vertex 76.7 17.3494 6.57059
    endloop
  endfacet
  facet normal 1 0 0
    outer loop
      vertex 76.7 17.7781 6.68546
      vertex 76.7 3 8
      vertex 76.7 17.56 6.64207
    endloop
  endfacet
  facet normal 1 0 0
    outer loop
      vertex 76.7 18 6.7
      vertex 76.7 3 8
      vertex 76.7 17.7781 6.68546
    endloop
  endfacet
  facet normal 1 -0 0
    outer loop
      vertex 76.7 3 8
      vertex 76.7 18 6.7
      vertex 76.7 108 8
    endloop
  endfacet
  facet normal 1 0 0
    outer loop
      vertex 76.7 108 8
      vertex 76.7 96.2855 4.7781
      vertex 76.7 108 0
    endloop
  endfacet
  facet normal 1 -0 0
    outer loop
      vertex 76.7 96.2421 4.56001
      vertex 76.7 108 0
      vertex 76.7 96.2855 4.7781
    endloop
  endfacet
  facet normal 1 -0 0
    outer loop
      vertex 76.7 96.1706 4.34944
      vertex 76.7 108 0
      vertex 76.7 96.2421 4.56001
    endloop
  endfacet
  facet normal 1 -0 0
    outer loop
      vertex 76.7 96.0722 4.15
      vertex 76.7 108 0
      vertex 76.7 96.1706 4.34944
    endloop
  endfacet
  facet normal 1 -0 0
    outer loop
      vertex 76.7 95.9487 3.96511
      vertex 76.7 108 0
      vertex 76.7 96.0722 4.15
    endloop
  endfacet
  facet normal 1 -0 0
    outer loop
      vertex 76.7 95.8021 3.79792
      vertex 76.7 108 0
      vertex 76.7 95.9487 3.96511
    endloop
  endfacet
  facet normal 1 -0 0
    outer loop
      vertex 76.7 95.6349 3.6513
      vertex 76.7 108 0
      vertex 76.7 95.8021 3.79792
    endloop
  endfacet
  facet normal 1 -0 0
    outer loop
      vertex 76.7 95.45 3.52776
      vertex 76.7 108 0
      vertex 76.7 95.6349 3.6513
    endloop
  endfacet
  facet normal 1 -0 0
    outer loop
      vertex 76.7 95.2506 3.4294
      vertex 76.7 108 0
      vertex 76.7 95.45 3.52776
    endloop
  endfacet
  facet normal 1 -0 0
    outer loop
      vertex 76.7 95.04 3.35793
      vertex 76.7 108 0
      vertex 76.7 95.2506 3.4294
    endloop
  endfacet
  facet normal 1 -0 0
    outer loop
      vertex 76.7 94.8219 3.31454
      vertex 76.7 108 0
      vertex 76.7 95.04 3.35793
    endloop
  endfacet
  facet normal 1 -0 0
    outer loop
      vertex 76.7 94.6 3.3
      vertex 76.7 108 0
      vertex 76.7 94.8219 3.31454
    endloop
  endfacet
  facet normal 1 0 0
    outer loop
      vertex 76.7 94.3781 3.31454
      vertex 76.7 108 0
      vertex 76.7 94.6 3.3
    endloop
  endfacet
  facet normal 1 0 0
    outer loop
      vertex 76.7 94.16 3.35793
      vertex 76.7 108 0
      vertex 76.7 94.3781 3.31454
    endloop
  endfacet
  facet normal 1 -0 0
    outer loop
      vertex 76.7 19.7 5
      vertex 76.7 92.9145 4.7781
      vertex 76.7 92.9 5
    endloop
  endfacet
  facet normal 1 0 0
    outer loop
      vertex 76.7 19.6855 4.7781
      vertex 76.7 92.9145 4.7781
      vertex 76.7 19.7 5
    endloop
  endfacet
  facet normal 1 0 0
    outer loop
      vertex 76.7 92.9145 4.7781
      vertex 76.7 19.6855 4.7781
      vertex 76.7 92.9579 4.56001
    endloop
  endfacet
  facet normal 1 0 0
    outer loop
      vertex 76.7 19.6421 4.56001
      vertex 76.7 92.9579 4.56001
      vertex 76.7 19.6855 4.7781
    endloop
  endfacet
  facet normal 1 0 0
    outer loop
      vertex 76.7 92.9579 4.56001
      vertex 76.7 19.6421 4.56001
      vertex 76.7 93.0294 4.34944
    endloop
  endfacet
  facet normal 1 0 0
    outer loop
      vertex 76.7 19.5706 4.34944
      vertex 76.7 93.0294 4.34944
      vertex 76.7 19.6421 4.56001
    endloop
  endfacet
  facet normal 1 0 0
    outer loop
      vertex 76.7 93.0294 4.34944
      vertex 76.7 19.5706 4.34944
      vertex 76.7 93.1278 4.15
    endloop
  endfacet
  facet normal 1 0 0
    outer loop
      vertex 76.7 19.4722 4.15
      vertex 76.7 93.1278 4.15
      vertex 76.7 19.5706 4.34944
    endloop
  endfacet
  facet normal 1 0 0
    outer loop
      vertex 76.7 93.1278 4.15
      vertex 76.7 19.4722 4.15
      vertex 76.7 93.2513 3.96511
    endloop
  endfacet
  facet normal 1 0 0
    outer loop
      vertex 76.7 19.3487 3.96511
      vertex 76.7 93.2513 3.96511
      vertex 76.7 19.4722 4.15
    endloop
  endfacet
  facet normal 1 0 0
    outer loop
      vertex 76.7 93.2513 3.96511
      vertex 76.7 19.3487 3.96511
      vertex 76.7 93.3979 3.79792
    endloop
  endfacet
  facet normal 1 0 0
    outer loop
      vertex 76.7 19.2021 3.79792
      vertex 76.7 93.3979 3.79792
      vertex 76.7 19.3487 3.96511
    endloop
  endfacet
  facet normal 1 0 0
    outer loop
      vertex 76.7 93.3979 3.79792
      vertex 76.7 19.2021 3.79792
      vertex 76.7 93.5651 3.6513
    endloop
  endfacet
  facet normal 1 0 0
    outer loop
      vertex 76.7 19.0349 3.6513
      vertex 76.7 93.5651 3.6513
      vertex 76.7 19.2021 3.79792
    endloop
  endfacet
  facet normal 1 0 0
    outer loop
      vertex 76.7 93.5651 3.6513
      vertex 76.7 19.0349 3.6513
      vertex 76.7 93.75 3.52776
    endloop
  endfacet
  facet normal 1 0 0
    outer loop
      vertex 76.7 18.85 3.52776
      vertex 76.7 93.75 3.52776
      vertex 76.7 19.0349 3.6513
    endloop
  endfacet
  facet normal 1 0 0
    outer loop
      vertex 76.7 93.75 3.52776
      vertex 76.7 18.85 3.52776
      vertex 76.7 93.9494 3.4294
    endloop
  endfacet
  facet normal 1 0 0
    outer loop
      vertex 76.7 18.6506 3.4294
      vertex 76.7 93.9494 3.4294
      vertex 76.7 18.85 3.52776
    endloop
  endfacet
  facet normal 1 0 0
    outer loop
      vertex 76.7 93.9494 3.4294
      vertex 76.7 18.6506 3.4294
      vertex 76.7 94.16 3.35793
    endloop
  endfacet
  facet normal 1 0 0
    outer loop
      vertex 76.7 18.44 3.35793
      vertex 76.7 94.16 3.35793
      vertex 76.7 18.6506 3.4294
    endloop
  endfacet
  facet normal 1 0 0
    outer loop
      vertex 76.7 94.16 3.35793
      vertex 76.7 18.44 3.35793
      vertex 76.7 108 0
    endloop
  endfacet
  facet normal 1 -0 0
    outer loop
      vertex 76.7 18.2219 3.31454
      vertex 76.7 108 0
      vertex 76.7 18.44 3.35793
    endloop
  endfacet
  facet normal 1 0 0
    outer loop
      vertex 76.7 0 0
      vertex 76.7 18.2219 3.31454
      vertex 76.7 18 3.3
    endloop
  endfacet
  facet normal 1 0 0
    outer loop
      vertex 76.7 3 8
      vertex 76.7 16.3145 4.7781
      vertex 76.7 16.3 5
    endloop
  endfacet
  facet normal 1 0 0
    outer loop
      vertex 76.7 3 8
      vertex 76.7 16.3579 4.56001
      vertex 76.7 16.3145 4.7781
    endloop
  endfacet
  facet normal 1 0 0
    outer loop
      vertex 76.7 3 8
      vertex 76.7 16.4294 4.34944
      vertex 76.7 16.3579 4.56001
    endloop
  endfacet
  facet normal 1 0 0
    outer loop
      vertex 76.7 0 0
      vertex 76.7 16.4294 4.34944
      vertex 76.7 3 8
    endloop
  endfacet
  facet normal 1 0 0
    outer loop
      vertex 76.7 16.4294 4.34944
      vertex 76.7 0 0
      vertex 76.7 16.5278 4.15
    endloop
  endfacet
  facet normal 1 0 0
    outer loop
      vertex 76.7 16.5278 4.15
      vertex 76.7 0 0
      vertex 76.7 16.6513 3.96511
    endloop
  endfacet
  facet normal 1 0 0
    outer loop
      vertex 76.7 16.6513 3.96511
      vertex 76.7 0 0
      vertex 76.7 16.7979 3.79792
    endloop
  endfacet
  facet normal 1 0 0
    outer loop
      vertex 76.7 16.7979 3.79792
      vertex 76.7 0 0
      vertex 76.7 16.9651 3.6513
    endloop
  endfacet
  facet normal 1 0 0
    outer loop
      vertex 76.7 16.9651 3.6513
      vertex 76.7 0 0
      vertex 76.7 17.15 3.52776
    endloop
  endfacet
  facet normal 1 0 0
    outer loop
      vertex 76.7 17.15 3.52776
      vertex 76.7 0 0
      vertex 76.7 17.3494 3.4294
    endloop
  endfacet
  facet normal 1 0 0
    outer loop
      vertex 76.7 18.2219 3.31454
      vertex 76.7 0 0
      vertex 76.7 108 0
    endloop
  endfacet
  facet normal 1 0 0
    outer loop
      vertex 76.7 17.7781 3.31454
      vertex 76.7 0 0
      vertex 76.7 18 3.3
    endloop
  endfacet
  facet normal 1 0 0
    outer loop
      vertex 76.7 17.56 3.35793
      vertex 76.7 0 0
      vertex 76.7 17.7781 3.31454
    endloop
  endfacet
  facet normal 1 0 0
    outer loop
      vertex 76.7 17.3494 3.4294
      vertex 76.7 0 0
      vertex 76.7 17.56 3.35793
    endloop
  endfacet
  facet normal 1 0 0
    outer loop
      vertex 76.7 0 0
      vertex 76.7 3 8
      vertex 76.7 0 17.4
    endloop
  endfacet
  facet normal 0 1 0
    outer loop
      vertex 76.7 108 8
      vertex 72.7 108 2
      vertex 72.7 108 8
    endloop
  endfacet
  facet normal 0 1 0
    outer loop
      vertex 72.7 108 2
      vertex 76.7 108 0
      vertex 4 108 2
    endloop
  endfacet
  facet normal 0 1 -0
    outer loop
      vertex 76.7 108 0
      vertex 72.7 108 2
      vertex 76.7 108 8
    endloop
  endfacet
  facet normal 0 1 -0
    outer loop
      vertex 4 108 2
      vertex 0 108 8
      vertex 4 108 8
    endloop
  endfacet
  facet normal 0 1 0
    outer loop
      vertex 4 108 2
      vertex 0 108 0
      vertex 0 108 8
    endloop
  endfacet
  facet normal 0 1 0
    outer loop
      vertex 0 108 0
      vertex 4 108 2
      vertex 76.7 108 0
    endloop
  endfacet
  facet normal 0 0 -1
    outer loop
      vertex 10.3449 19.5825 0
      vertex 17 25 0
      vertex 10.3454 19.581 0
    endloop
  endfacet
  facet normal 0 0 -1
    outer loop
      vertex 17 59 0
      vertex 10.58 94.1984 0
      vertex 10.5801 94.2 0
    endloop
  endfacet
  facet normal 0 0 -1
    outer loop
      vertex 10.3442 19.5839 0
      vertex 17 25 0
      vertex 10.3449 19.5825 0
    endloop
  endfacet
  facet normal 0 0 -1
    outer loop
      vertex 17 59 0
      vertex 10.5536 93.7967 0
      vertex 10.58 94.1984 0
    endloop
  endfacet
  facet normal 0 0 -1
    outer loop
      vertex 10.1661 19.945 0
      vertex 17 25 0
      vertex 10.3442 19.5839 0
    endloop
  endfacet
  facet normal 0 0 -1
    outer loop
      vertex 17 59 0
      vertex 10.4751 93.4018 0
      vertex 10.5536 93.7967 0
    endloop
  endfacet
  facet normal 0 0 -1
    outer loop
      vertex 9.94239 20.2798 0
      vertex 17 25 0
      vertex 10.1661 19.945 0
    endloop
  endfacet
  facet normal 0 0 -1
    outer loop
      vertex 17 59 0
      vertex 10.4748 93.4002 0
      vertex 10.4751 93.4018 0
    endloop
  endfacet
  facet normal 0 0 -1
    outer loop
      vertex 9.94152 20.2811 0
      vertex 17 25 0
      vertex 9.94239 20.2798 0
    endloop
  endfacet
  facet normal 0 0 -1
    outer loop
      vertex 17 59 0
      vertex 10.3454 93.019 0
      vertex 10.4748 93.4002 0
    endloop
  endfacet
  facet normal 0 0 -1
    outer loop
      vertex 9.94048 20.2823 0
      vertex 17 25 0
      vertex 9.94152 20.2811 0
    endloop
  endfacet
  facet normal 0 0 -1
    outer loop
      vertex 17 59 0
      vertex 10.3449 93.0175 0
      vertex 10.3454 93.019 0
    endloop
  endfacet
  facet normal 0 0 -1
    outer loop
      vertex 9.67501 20.585 0
      vertex 17 25 0
      vertex 9.94048 20.2823 0
    endloop
  endfacet
  facet normal 0 0 -1
    outer loop
      vertex 17 59 0
      vertex 10.3442 93.0161 0
      vertex 10.3449 93.0175 0
    endloop
  endfacet
  facet normal 0 0 -1
    outer loop
      vertex 9.3723 20.8505 0
      vertex 17 25 0
      vertex 9.67501 20.585 0
    endloop
  endfacet
  facet normal 0 0 -1
    outer loop
      vertex 17 59 0
      vertex 10.1661 92.655 0
      vertex 10.3442 93.0161 0
    endloop
  endfacet
  facet normal 0 0 -1
    outer loop
      vertex 9.37112 20.8515 0
      vertex 17 25 0
      vertex 9.3723 20.8505 0
    endloop
  endfacet
  facet normal 0 0 -1
    outer loop
      vertex 17 59 0
      vertex 9.94239 92.3202 0
      vertex 10.1661 92.655 0
    endloop
  endfacet
  facet normal 0 0 -1
    outer loop
      vertex 9.03635 21.0752 0
      vertex 17 25 0
      vertex 9.37112 20.8515 0
    endloop
  endfacet
  facet normal 0 0 -1
    outer loop
      vertex 17 59 0
      vertex 9.94152 92.3189 0
      vertex 9.94239 92.3202 0
    endloop
  endfacet
  facet normal 0 0 -1
    outer loop
      vertex 9.03504 21.0761 0
      vertex 17 25 0
      vertex 9.03635 21.0752 0
    endloop
  endfacet
  facet normal 0 0 -1
    outer loop
      vertex 17 59 0
      vertex 9.94048 92.3177 0
      vertex 9.94152 92.3189 0
    endloop
  endfacet
  facet normal 0 0 -1
    outer loop
      vertex 9.03362 21.0768 0
      vertex 17 25 0
      vertex 9.03504 21.0761 0
    endloop
  endfacet
  facet normal 0 0 -1
    outer loop
      vertex 17 59 0
      vertex 9.67501 92.015 0
      vertex 9.94048 92.3177 0
    endloop
  endfacet
  facet normal 0 0 -1
    outer loop
      vertex 8.67252 21.2549 0
      vertex 17 25 0
      vertex 9.03362 21.0768 0
    endloop
  endfacet
  facet normal 0 0 -1
    outer loop
      vertex 17 59 0
      vertex 9.3723 91.7495 0
      vertex 9.67501 92.015 0
    endloop
  endfacet
  facet normal 0 0 -1
    outer loop
      vertex 8.67103 21.2554 0
      vertex 17 25 0
      vertex 8.67252 21.2549 0
    endloop
  endfacet
  facet normal 0 0 -1
    outer loop
      vertex 17 59 0
      vertex 9.37112 91.7485 0
      vertex 9.3723 91.7495 0
    endloop
  endfacet
  facet normal 0 0 -1
    outer loop
      vertex 8.28977 21.3848 0
      vertex 17 25 0
      vertex 8.67103 21.2554 0
    endloop
  endfacet
  facet normal 0 0 -1
    outer loop
      vertex 17 59 0
      vertex 9.03635 91.5248 0
      vertex 9.37112 91.7485 0
    endloop
  endfacet
  facet normal 0 0 -1
    outer loop
      vertex 8.28822 21.3851 0
      vertex 17 25 0
      vertex 8.28977 21.3848 0
    endloop
  endfacet
  facet normal 0 0 -1
    outer loop
      vertex 17 59 0
      vertex 9.03504 91.5239 0
      vertex 9.03635 91.5248 0
    endloop
  endfacet
  facet normal 0 0 -1
    outer loop
      vertex 7.89333 21.4636 0
      vertex 17 25 0
      vertex 8.28822 21.3851 0
    endloop
  endfacet
  facet normal 0 0 -1
    outer loop
      vertex 17 59 0
      vertex 9.03362 91.5232 0
      vertex 9.03504 91.5239 0
    endloop
  endfacet
  facet normal -0 0 -1
    outer loop
      vertex 17 25 0
      vertex 7.89333 21.4636 0
      vertex 17 36 0
    endloop
  endfacet
  facet normal 0 0 -1
    outer loop
      vertex 17 59 0
      vertex 8.67252 91.3451 0
      vertex 9.03362 91.5232 0
    endloop
  endfacet
  facet normal 0 0 -1
    outer loop
      vertex 7.49157 21.49 0
      vertex 17 36 0
      vertex 7.89333 21.4636 0
    endloop
  endfacet
  facet normal 0 0 -1
    outer loop
      vertex 17 59 0
      vertex 8.67103 91.3446 0
      vertex 8.67252 91.3451 0
    endloop
  endfacet
  facet normal 0 0 -1
    outer loop
      vertex 7.49 21.4901 0
      vertex 17 36 0
      vertex 7.49157 21.49 0
    endloop
  endfacet
  facet normal 0 0 -1
    outer loop
      vertex 17 59 0
      vertex 8.28977 91.2152 0
      vertex 8.67103 91.3446 0
    endloop
  endfacet
  facet normal 0 0 -1
    outer loop
      vertex 7.48843 21.49 0
      vertex 17 36 0
      vertex 7.49 21.4901 0
    endloop
  endfacet
  facet normal 0 0 -1
    outer loop
      vertex 17 59 0
      vertex 7.89488 91.1367 0
      vertex 8.28977 91.2152 0
    endloop
  endfacet
  facet normal 0 0 -1
    outer loop
      vertex 7.08666 21.4636 0
      vertex 17 36 0
      vertex 7.48843 21.49 0
    endloop
  endfacet
  facet normal 0 0 -1
    outer loop
      vertex 17 59 0
      vertex 7.89333 91.1364 0
      vertex 7.89488 91.1367 0
    endloop
  endfacet
  facet normal 0 0 -1
    outer loop
      vertex 17 59 0
      vertex 7.89176 91.1363 0
      vertex 7.89333 91.1364 0
    endloop
  endfacet
  facet normal 0 0 -1
    outer loop
      vertex 6.69178 21.3851 0
      vertex 17 36 0
      vertex 7.08666 21.4636 0
    endloop
  endfacet
  facet normal 0 0 -1
    outer loop
      vertex 6.69023 21.3848 0
      vertex 17 36 0
      vertex 6.69178 21.3851 0
    endloop
  endfacet
  facet normal 0 0 -1
    outer loop
      vertex 17 59 0
      vertex 7.49 91.1099 0
      vertex 7.89176 91.1363 0
    endloop
  endfacet
  facet normal 0 0 -1
    outer loop
      vertex 6.30897 21.2554 0
      vertex 17 36 0
      vertex 6.69023 21.3848 0
    endloop
  endfacet
  facet normal 0 0 -1
    outer loop
      vertex 17 59 0
      vertex 7.08824 91.1363 0
      vertex 7.49 91.1099 0
    endloop
  endfacet
  facet normal 0 0 -1
    outer loop
      vertex 6.30748 21.2549 0
      vertex 17 36 0
      vertex 6.30897 21.2554 0
    endloop
  endfacet
  facet normal 0 0 -1
    outer loop
      vertex 17 59 0
      vertex 7.08666 91.1364 0
      vertex 7.08824 91.1363 0
    endloop
  endfacet
  facet normal 0 0 -1
    outer loop
      vertex 17 59 0
      vertex 7.08512 91.1367 0
      vertex 7.08666 91.1364 0
    endloop
  endfacet
  facet normal 0 0 -1
    outer loop
      vertex 6.30607 21.2542 0
      vertex 17 36 0
      vertex 6.30748 21.2549 0
    endloop
  endfacet
  facet normal -0 0 -1
    outer loop
      vertex 17 36 0
      vertex 6.30607 21.2542 0
      vertex 17 42 0
    endloop
  endfacet
  facet normal 0 0 -1
    outer loop
      vertex 17 59 0
      vertex 6.69023 91.2152 0
      vertex 7.08512 91.1367 0
    endloop
  endfacet
  facet normal 0 0 -1
    outer loop
      vertex 5.94496 21.0761 0
      vertex 17 42 0
      vertex 6.30607 21.2542 0
    endloop
  endfacet
  facet normal 0 0 -1
    outer loop
      vertex 17 59 0
      vertex 6.30897 91.3446 0
      vertex 6.69023 91.2152 0
    endloop
  endfacet
  facet normal 0 0 -1
    outer loop
      vertex 5.94365 21.0752 0
      vertex 17 42 0
      vertex 5.94496 21.0761 0
    endloop
  endfacet
  facet normal 0 0 -1
    outer loop
      vertex 17 59 0
      vertex 6.30748 91.3451 0
      vertex 6.30897 91.3446 0
    endloop
  endfacet
  facet normal 0 0 -1
    outer loop
      vertex 5.60888 20.8515 0
      vertex 17 42 0
      vertex 5.94365 21.0752 0
    endloop
  endfacet
  facet normal 0 0 -1
    outer loop
      vertex 17 59 0
      vertex 5.94638 91.5232 0
      vertex 6.30748 91.3451 0
    endloop
  endfacet
  facet normal 0 0 -1
    outer loop
      vertex 5.6077 20.8505 0
      vertex 17 42 0
      vertex 5.60888 20.8515 0
    endloop
  endfacet
  facet normal 0 0 -1
    outer loop
      vertex 17 59 0
      vertex 5.94496 91.5239 0
      vertex 5.94638 91.5232 0
    endloop
  endfacet
  facet normal 0 0 -1
    outer loop
      vertex 5.30499 20.585 0
      vertex 17 42 0
      vertex 5.6077 20.8505 0
    endloop
  endfacet
  facet normal 0 0 -1
    outer loop
      vertex 17 59 0
      vertex 5.94365 91.5248 0
      vertex 5.94496 91.5239 0
    endloop
  endfacet
  facet normal -0 0 -1
    outer loop
      vertex 17 42 0
      vertex 5.30499 20.585 0
      vertex 17 53 0
    endloop
  endfacet
  facet normal 0 0 -1
    outer loop
      vertex 17 59 0
      vertex 5.60888 91.7485 0
      vertex 5.94365 91.5248 0
    endloop
  endfacet
  facet normal 0 0 -1
    outer loop
      vertex 5.03952 20.2823 0
      vertex 17 53 0
      vertex 5.30499 20.585 0
    endloop
  endfacet
  facet normal 0 0 -1
    outer loop
      vertex 17 59 0
      vertex 5.6077 91.7495 0
      vertex 5.60888 91.7485 0
    endloop
  endfacet
  facet normal 0 0 -1
    outer loop
      vertex 5.03848 20.2811 0
      vertex 17 53 0
      vertex 5.03952 20.2823 0
    endloop
  endfacet
  facet normal 0 0 -1
    outer loop
      vertex 17 59 0
      vertex 5.30499 92.015 0
      vertex 5.6077 91.7495 0
    endloop
  endfacet
  facet normal -0 0 -1
    outer loop
      vertex 17 53 0
      vertex 5.03848 20.2811 0
      vertex 17 59 0
    endloop
  endfacet
  facet normal 0 0 -1
    outer loop
      vertex 17 59 0
      vertex 5.03952 92.3177 0
      vertex 5.30499 92.015 0
    endloop
  endfacet
  facet normal 0 0 -1
    outer loop
      vertex 5.03848 92.3189 0
      vertex 17 59 0
      vertex 5.03848 20.2811 0
    endloop
  endfacet
  facet normal 0 0 -1
    outer loop
      vertex 17 59 0
      vertex 5.03848 92.3189 0
      vertex 5.03952 92.3177 0
    endloop
  endfacet
  facet normal 0 0 -1
    outer loop
      vertex 5.0376 20.2798 0
      vertex 5.03848 92.3189 0
      vertex 5.03848 20.2811 0
    endloop
  endfacet
  facet normal 0 0 -1
    outer loop
      vertex 5.0376 20.2798 0
      vertex 4.8148 92.6537 0
      vertex 5.03848 92.3189 0
    endloop
  endfacet
  facet normal 0 0 -1
    outer loop
      vertex 4.81392 19.945 0
      vertex 4.8148 92.6537 0
      vertex 5.0376 20.2798 0
    endloop
  endfacet
  facet normal 0 0 -1
    outer loop
      vertex 4.81392 19.945 0
      vertex 4.81392 92.655 0
      vertex 4.8148 92.6537 0
    endloop
  endfacet
  facet normal 0 0 -1
    outer loop
      vertex 4.81392 19.945 0
      vertex 4.81322 92.6564 0
      vertex 4.81392 92.655 0
    endloop
  endfacet
  facet normal 0 0 -1
    outer loop
      vertex 4.63584 19.5839 0
      vertex 4.81322 92.6564 0
      vertex 4.81392 19.945 0
    endloop
  endfacet
  facet normal 0 0 -1
    outer loop
      vertex 4.63515 19.5825 0
      vertex 4.81322 92.6564 0
      vertex 4.63584 19.5839 0
    endloop
  endfacet
  facet normal 0 0 -1
    outer loop
      vertex 4.63515 19.5825 0
      vertex 4.63515 93.0175 0
      vertex 4.81322 92.6564 0
    endloop
  endfacet
  facet normal 0 0 -1
    outer loop
      vertex 4.63464 19.581 0
      vertex 4.63515 93.0175 0
      vertex 4.63515 19.5825 0
    endloop
  endfacet
  facet normal 0 0 -1
    outer loop
      vertex 4.63464 19.581 0
      vertex 4.63464 93.019 0
      vertex 4.63515 93.0175 0
    endloop
  endfacet
  facet normal 0 0 -1
    outer loop
      vertex 4.50522 19.1998 0
      vertex 4.63464 93.019 0
      vertex 4.63464 19.581 0
    endloop
  endfacet
  facet normal 0 0 -1
    outer loop
      vertex 4.50522 19.1998 0
      vertex 4.50522 93.4002 0
      vertex 4.63464 93.019 0
    endloop
  endfacet
  facet normal 0 0 -1
    outer loop
      vertex 0 108 0
      vertex 4.50522 19.1998 0
      vertex 4.42667 18.8049 0
    endloop
  endfacet
  facet normal 0 0 -1
    outer loop
      vertex 4.50522 19.1998 0
      vertex 0 108 0
      vertex 4.50522 93.4002 0
    endloop
  endfacet
  facet normal 0 0 -1
    outer loop
      vertex 0 108 0
      vertex 4.42667 18.8049 0
      vertex 4.42636 18.8033 0
    endloop
  endfacet
  facet normal 0 0 -1
    outer loop
      vertex 4.50522 93.4002 0
      vertex 0 108 0
      vertex 4.42667 93.7951 0
    endloop
  endfacet
  facet normal 0 0 -1
    outer loop
      vertex 0 0 0
      vertex 4.42636 18.8033 0
      vertex 4.40003 18.4016 0
    endloop
  endfacet
  facet normal 0 0 -1
    outer loop
      vertex 4.42667 93.7951 0
      vertex 0 108 0
      vertex 4.42636 93.7967 0
    endloop
  endfacet
  facet normal 0 0 -1
    outer loop
      vertex 0 0 0
      vertex 4.40003 18.4016 0
      vertex 4.39993 18.4 0
    endloop
  endfacet
  facet normal 0 0 -1
    outer loop
      vertex 4.42636 93.7967 0
      vertex 0 108 0
      vertex 4.40003 94.1984 0
    endloop
  endfacet
  facet normal 0 0 -1
    outer loop
      vertex 17 70 0
      vertex 25 76 0
      vertex 25 70 0
    endloop
  endfacet
  facet normal -0 0 -1
    outer loop
      vertex 25 76 0
      vertex 17 70 0
      vertex 17 76 0
    endloop
  endfacet
  facet normal 0 0 -1
    outer loop
      vertex 17 53 0
      vertex 25 59 0
      vertex 25 53 0
    endloop
  endfacet
  facet normal -0 0 -1
    outer loop
      vertex 25 59 0
      vertex 17 53 0
      vertex 17 59 0
    endloop
  endfacet
  facet normal 0 0 -1
    outer loop
      vertex 17 36 0
      vertex 25 42 0
      vertex 25 36 0
    endloop
  endfacet
  facet normal -0 0 -1
    outer loop
      vertex 25 42 0
      vertex 17 36 0
      vertex 17 42 0
    endloop
  endfacet
  facet normal 0 0 -1
    outer loop
      vertex 30 70 0
      vertex 38 76 0
      vertex 38 70 0
    endloop
  endfacet
  facet normal -0 0 -1
    outer loop
      vertex 38 76 0
      vertex 30 70 0
      vertex 30 76 0
    endloop
  endfacet
  facet normal 0 0 -1
    outer loop
      vertex 30 53 0
      vertex 38 59 0
      vertex 38 53 0
    endloop
  endfacet
  facet normal -0 0 -1
    outer loop
      vertex 38 59 0
      vertex 30 53 0
      vertex 30 59 0
    endloop
  endfacet
  facet normal 0 0 -1
    outer loop
      vertex 30 36 0
      vertex 38 42 0
      vertex 38 36 0
    endloop
  endfacet
  facet normal -0 0 -1
    outer loop
      vertex 38 42 0
      vertex 30 36 0
      vertex 30 42 0
    endloop
  endfacet
  facet normal 0 0 -1
    outer loop
      vertex 43 70 0
      vertex 51 76 0
      vertex 51 70 0
    endloop
  endfacet
  facet normal -0 0 -1
    outer loop
      vertex 51 76 0
      vertex 43 70 0
      vertex 43 76 0
    endloop
  endfacet
  facet normal 0 0 -1
    outer loop
      vertex 43 53 0
      vertex 51 59 0
      vertex 51 53 0
    endloop
  endfacet
  facet normal -0 0 -1
    outer loop
      vertex 51 59 0
      vertex 43 53 0
      vertex 43 59 0
    endloop
  endfacet
  facet normal 0 0 -1
    outer loop
      vertex 43 36 0
      vertex 51 42 0
      vertex 51 36 0
    endloop
  endfacet
  facet normal -0 0 -1
    outer loop
      vertex 51 42 0
      vertex 43 36 0
      vertex 43 42 0
    endloop
  endfacet
  facet normal 0 0 -1
    outer loop
      vertex 56 70 0
      vertex 64 76 0
      vertex 64 70 0
    endloop
  endfacet
  facet normal -0 0 -1
    outer loop
      vertex 64 76 0
      vertex 56 70 0
      vertex 56 76 0
    endloop
  endfacet
  facet normal 0 0 -1
    outer loop
      vertex 56 53 0
      vertex 64 59 0
      vertex 64 53 0
    endloop
  endfacet
  facet normal -0 0 -1
    outer loop
      vertex 64 59 0
      vertex 56 53 0
      vertex 56 59 0
    endloop
  endfacet
  facet normal 0 0 -1
    outer loop
      vertex 56 36 0
      vertex 64 42 0
      vertex 64 36 0
    endloop
  endfacet
  facet normal -0 0 -1
    outer loop
      vertex 64 42 0
      vertex 56 36 0
      vertex 56 42 0
    endloop
  endfacet
  facet normal 0 0 -1
    outer loop
      vertex 76.7 0 0
      vertex 72.2736 18.8033 0
      vertex 76.7 108 0
    endloop
  endfacet
  facet normal 0 0 -1
    outer loop
      vertex 76.7 108 0
      vertex 72.2737 93.7982 0
      vertex 72.3001 94.2 0
    endloop
  endfacet
  facet normal 0 0 -1
    outer loop
      vertex 72.2733 18.8049 0
      vertex 76.7 108 0
      vertex 72.2736 18.8033 0
    endloop
  endfacet
  facet normal 0 0 -1
    outer loop
      vertex 76.7 108 0
      vertex 72.2736 93.7967 0
      vertex 72.2737 93.7982 0
    endloop
  endfacet
  facet normal 0 0 -1
    outer loop
      vertex 72.1948 19.1998 0
      vertex 76.7 108 0
      vertex 72.2733 18.8049 0
    endloop
  endfacet
  facet normal 0 0 -1
    outer loop
      vertex 76.7 108 0
      vertex 72.2733 93.7951 0
      vertex 72.2736 93.7967 0
    endloop
  endfacet
  facet normal 0 0 -1
    outer loop
      vertex 72.1948 93.4002 0
      vertex 76.7 108 0
      vertex 72.1948 19.1998 0
    endloop
  endfacet
  facet normal 0 0 -1
    outer loop
      vertex 76.7 108 0
      vertex 72.1948 93.4002 0
      vertex 72.2733 93.7951 0
    endloop
  endfacet
  facet normal 0 0 -1
    outer loop
      vertex 72.0654 19.581 0
      vertex 72.1948 93.4002 0
      vertex 72.1948 19.1998 0
    endloop
  endfacet
  facet normal 0 0 -1
    outer loop
      vertex 72.0654 19.581 0
      vertex 72.0654 93.019 0
      vertex 72.1948 93.4002 0
    endloop
  endfacet
  facet normal 0 0 -1
    outer loop
      vertex 72.0648 19.5825 0
      vertex 72.0654 93.019 0
      vertex 72.0654 19.581 0
    endloop
  endfacet
  facet normal 0 0 -1
    outer loop
      vertex 72.0648 19.5825 0
      vertex 72.0648 93.0175 0
      vertex 72.0654 93.019 0
    endloop
  endfacet
  facet normal 0 0 -1
    outer loop
      vertex 64 53 0
      vertex 72.0648 19.5825 0
      vertex 72.0642 19.5839 0
    endloop
  endfacet
  facet normal 0 0 -1
    outer loop
      vertex 72.0648 19.5825 0
      vertex 64 53 0
      vertex 72.0648 93.0175 0
    endloop
  endfacet
  facet normal 0 0 -1
    outer loop
      vertex 64 53 0
      vertex 72.0642 19.5839 0
      vertex 71.8861 19.945 0
    endloop
  endfacet
  facet normal 0 0 -1
    outer loop
      vertex 64 59 0
      vertex 72.0648 93.0175 0
      vertex 64 53 0
    endloop
  endfacet
  facet normal 0 0 -1
    outer loop
      vertex 64 42 0
      vertex 71.8861 19.945 0
      vertex 71.8852 19.9463 0
    endloop
  endfacet
  facet normal 0 0 -1
    outer loop
      vertex 72.0648 93.0175 0
      vertex 64 59 0
      vertex 71.8868 92.6564 0
    endloop
  endfacet
  facet normal 0 0 -1
    outer loop
      vertex 64 42 0
      vertex 71.8852 19.9463 0
      vertex 71.6615 20.2811 0
    endloop
  endfacet
  facet normal 0 0 -1
    outer loop
      vertex 71.8868 92.6564 0
      vertex 64 59 0
      vertex 71.8861 92.655 0
    endloop
  endfacet
  facet normal 0 0 -1
    outer loop
      vertex 64 42 0
      vertex 71.6615 20.2811 0
      vertex 71.396 20.5838 0
    endloop
  endfacet
  facet normal 0 0 -1
    outer loop
      vertex 64 70 0
      vertex 71.8861 92.655 0
      vertex 64 59 0
    endloop
  endfacet
  facet normal 0 0 -1
    outer loop
      vertex 64 42 0
      vertex 71.396 20.5838 0
      vertex 71.395 20.585 0
    endloop
  endfacet
  facet normal 0 0 -1
    outer loop
      vertex 71.8861 92.655 0
      vertex 64 70 0
      vertex 71.8852 92.6537 0
    endloop
  endfacet
  facet normal 0 0 -1
    outer loop
      vertex 64 36 0
      vertex 71.395 20.585 0
      vertex 71.0923 20.8505 0
    endloop
  endfacet
  facet normal 0 0 -1
    outer loop
      vertex 71.8852 92.6537 0
      vertex 64 70 0
      vertex 71.6615 92.3189 0
    endloop
  endfacet
  facet normal 0 0 -1
    outer loop
      vertex 64 36 0
      vertex 71.0923 20.8505 0
      vertex 71.0911 20.8515 0
    endloop
  endfacet
  facet normal 0 0 -1
    outer loop
      vertex 71.6615 92.3189 0
      vertex 64 70 0
      vertex 71.396 92.0162 0
    endloop
  endfacet
  facet normal 0 0 -1
    outer loop
      vertex 64 36 0
      vertex 71.0911 20.8515 0
      vertex 71.0898 20.8524 0
    endloop
  endfacet
  facet normal 0 0 -1
    outer loop
      vertex 71.396 92.0162 0
      vertex 64 70 0
      vertex 71.395 92.015 0
    endloop
  endfacet
  facet normal 0 0 -1
    outer loop
      vertex 64 36 0
      vertex 71.0898 20.8524 0
      vertex 70.755 21.0761 0
    endloop
  endfacet
  facet normal 0 0 -1
    outer loop
      vertex 64 76 0
      vertex 71.395 92.015 0
      vertex 64 70 0
    endloop
  endfacet
  facet normal 0 0 -1
    outer loop
      vertex 71.395 92.015 0
      vertex 64 76 0
      vertex 71.0923 91.7495 0
    endloop
  endfacet
  facet normal 0 0 -1
    outer loop
      vertex 64 36 0
      vertex 70.755 21.0761 0
      vertex 70.3939 21.2542 0
    endloop
  endfacet
  facet normal 0 0 -1
    outer loop
      vertex 64 36 0
      vertex 70.3939 21.2542 0
      vertex 70.3925 21.2549 0
    endloop
  endfacet
  facet normal 0 0 -1
    outer loop
      vertex 71.0923 91.7495 0
      vertex 64 76 0
      vertex 71.0911 91.7485 0
    endloop
  endfacet
  facet normal 0 0 -1
    outer loop
      vertex 64 36 0
      vertex 70.3925 21.2549 0
      vertex 70.391 21.2554 0
    endloop
  endfacet
  facet normal 0 0 -1
    outer loop
      vertex 71.0911 91.7485 0
      vertex 64 76 0
      vertex 71.0898 91.7476 0
    endloop
  endfacet
  facet normal 0 0 -1
    outer loop
      vertex 64 36 0
      vertex 70.391 21.2554 0
      vertex 70.0098 21.3848 0
    endloop
  endfacet
  facet normal 0 0 -1
    outer loop
      vertex 71.0898 91.7476 0
      vertex 64 76 0
      vertex 70.755 91.5239 0
    endloop
  endfacet
  facet normal 0 0 -1
    outer loop
      vertex 64 36 0
      vertex 70.0098 21.3848 0
      vertex 70.0082 21.3851 0
    endloop
  endfacet
  facet normal 0 0 -1
    outer loop
      vertex 70.755 91.5239 0
      vertex 64 76 0
      vertex 70.7536 91.5232 0
    endloop
  endfacet
  facet normal 0 0 -1
    outer loop
      vertex 64 36 0
      vertex 70.0082 21.3851 0
      vertex 69.6133 21.4636 0
    endloop
  endfacet
  facet normal 0 0 -1
    outer loop
      vertex 70.7536 91.5232 0
      vertex 64 76 0
      vertex 70.3925 91.3451 0
    endloop
  endfacet
  facet normal 0 0 -1
    outer loop
      vertex 70.3925 91.3451 0
      vertex 64 76 0
      vertex 70.391 91.3446 0
    endloop
  endfacet
  facet normal 0 0 -1
    outer loop
      vertex 64 25 0
      vertex 69.6133 21.4636 0
      vertex 69.2116 21.49 0
    endloop
  endfacet
  facet normal 0 0 -1
    outer loop
      vertex 64 25 0
      vertex 69.2116 21.49 0
      vertex 69.21 21.4901 0
    endloop
  endfacet
  facet normal 0 0 -1
    outer loop
      vertex 70.391 91.3446 0
      vertex 64 76 0
      vertex 70.0098 91.2152 0
    endloop
  endfacet
  facet normal 0 0 -1
    outer loop
      vertex 64 25 0
      vertex 69.21 21.4901 0
      vertex 69.2084 21.49 0
    endloop
  endfacet
  facet normal 0 0 -1
    outer loop
      vertex 64 87 0
      vertex 70.0098 91.2152 0
      vertex 64 76 0
    endloop
  endfacet
  facet normal 0 0 -1
    outer loop
      vertex 64 25 0
      vertex 69.2084 21.49 0
      vertex 68.8067 21.4636 0
    endloop
  endfacet
  facet normal 0 0 -1
    outer loop
      vertex 70.0098 91.2152 0
      vertex 64 87 0
      vertex 69.6149 91.1367 0
    endloop
  endfacet
  facet normal 0 0 -1
    outer loop
      vertex 69.6149 91.1367 0
      vertex 64 87 0
      vertex 69.6133 91.1364 0
    endloop
  endfacet
  facet normal 0 0 -1
    outer loop
      vertex 64 25 0
      vertex 68.8067 21.4636 0
      vertex 68.4118 21.3851 0
    endloop
  endfacet
  facet normal 0 0 -1
    outer loop
      vertex 64 25 0
      vertex 68.4118 21.3851 0
      vertex 68.4102 21.3848 0
    endloop
  endfacet
  facet normal 0 0 -1
    outer loop
      vertex 69.6133 91.1364 0
      vertex 64 87 0
      vertex 69.6118 91.1363 0
    endloop
  endfacet
  facet normal 0 0 -1
    outer loop
      vertex 64 25 0
      vertex 68.4102 21.3848 0
      vertex 68.029 21.2554 0
    endloop
  endfacet
  facet normal 0 0 -1
    outer loop
      vertex 69.6118 91.1363 0
      vertex 64 87 0
      vertex 69.21 91.1099 0
    endloop
  endfacet
  facet normal 0 0 -1
    outer loop
      vertex 64 25 0
      vertex 68.029 21.2554 0
      vertex 68.0275 21.2549 0
    endloop
  endfacet
  facet normal -0 0 -1
    outer loop
      vertex 69.21 91.1099 0
      vertex 64 87 0
      vertex 68.8082 91.1363 0
    endloop
  endfacet
  facet normal 0 0 -1
    outer loop
      vertex 64 25 0
      vertex 68.0275 21.2549 0
      vertex 68.0261 21.2542 0
    endloop
  endfacet
  facet normal -0 0 -1
    outer loop
      vertex 68.8082 91.1363 0
      vertex 64 87 0
      vertex 68.8067 91.1364 0
    endloop
  endfacet
  facet normal 0 0 -1
    outer loop
      vertex 64 25 0
      vertex 68.0261 21.2542 0
      vertex 67.665 21.0761 0
    endloop
  endfacet
  facet normal -0 0 -1
    outer loop
      vertex 68.8067 91.1364 0
      vertex 64 87 0
      vertex 68.8051 91.1367 0
    endloop
  endfacet
  facet normal 0 0 -1
    outer loop
      vertex 64 25 0
      vertex 67.665 21.0761 0
      vertex 67.3302 20.8524 0
    endloop
  endfacet
  facet normal -0 0 -1
    outer loop
      vertex 68.8051 91.1367 0
      vertex 64 87 0
      vertex 68.4102 91.2152 0
    endloop
  endfacet
  facet normal 0 0 -1
    outer loop
      vertex 64 25 0
      vertex 67.3302 20.8524 0
      vertex 67.3289 20.8515 0
    endloop
  endfacet
  facet normal -0 0 -1
    outer loop
      vertex 68.4102 91.2152 0
      vertex 64 87 0
      vertex 68.029 91.3446 0
    endloop
  endfacet
  facet normal 0 0 -1
    outer loop
      vertex 64 25 0
      vertex 67.3289 20.8515 0
      vertex 67.3277 20.8505 0
    endloop
  endfacet
  facet normal -0 0 -1
    outer loop
      vertex 68.029 91.3446 0
      vertex 64 87 0
      vertex 68.0275 91.3451 0
    endloop
  endfacet
  facet normal 0 0 -1
    outer loop
      vertex 64 25 0
      vertex 67.3277 20.8505 0
      vertex 67.025 20.585 0
    endloop
  endfacet
  facet normal -0 0 -1
    outer loop
      vertex 68.0275 91.3451 0
      vertex 64 87 0
      vertex 67.6664 91.5232 0
    endloop
  endfacet
  facet normal 0 0 -1
    outer loop
      vertex 64 25 0
      vertex 67.025 20.585 0
      vertex 67.0239 20.5838 0
    endloop
  endfacet
  facet normal -0 0 -1
    outer loop
      vertex 67.6664 91.5232 0
      vertex 64 87 0
      vertex 67.665 91.5239 0
    endloop
  endfacet
  facet normal 0 0 -1
    outer loop
      vertex 64 25 0
      vertex 67.0239 20.5838 0
      vertex 66.7585 20.2811 0
    endloop
  endfacet
  facet normal -0 0 -1
    outer loop
      vertex 67.665 91.5239 0
      vertex 64 87 0
      vertex 67.3302 91.7476 0
    endloop
  endfacet
  facet normal 0 0 -1
    outer loop
      vertex 64 25 0
      vertex 66.7585 20.2811 0
      vertex 66.5348 19.9463 0
    endloop
  endfacet
  facet normal -0 0 -1
    outer loop
      vertex 67.3302 91.7476 0
      vertex 64 87 0
      vertex 67.3289 91.7485 0
    endloop
  endfacet
  facet normal 0 0 -1
    outer loop
      vertex 64 25 0
      vertex 66.5348 19.9463 0
      vertex 66.5339 19.945 0
    endloop
  endfacet
  facet normal -0 0 -1
    outer loop
      vertex 67.3289 91.7485 0
      vertex 64 87 0
      vertex 67.3277 91.7495 0
    endloop
  endfacet
  facet normal -0 0 -1
    outer loop
      vertex 67.3277 91.7495 0
      vertex 64 87 0
      vertex 67.025 92.015 0
    endloop
  endfacet
  facet normal 0 0 -1
    outer loop
      vertex 64 25 0
      vertex 66.5339 19.945 0
      vertex 66.3558 19.5839 0
    endloop
  endfacet
  facet normal 0 0 -1
    outer loop
      vertex 64 25 0
      vertex 66.3558 19.5839 0
      vertex 66.3551 19.5825 0
    endloop
  endfacet
  facet normal -0 0 -1
    outer loop
      vertex 67.025 92.015 0
      vertex 64 87 0
      vertex 67.0239 92.0162 0
    endloop
  endfacet
  facet normal 0 0 -1
    outer loop
      vertex 64 25 0
      vertex 66.3551 19.5825 0
      vertex 66.3546 19.581 0
    endloop
  endfacet
  facet normal -0 0 -1
    outer loop
      vertex 67.0239 92.0162 0
      vertex 64 87 0
      vertex 66.7585 92.3189 0
    endloop
  endfacet
  facet normal 0 0 -1
    outer loop
      vertex 64 25 0
      vertex 66.3546 19.581 0
      vertex 66.2252 19.1998 0
    endloop
  endfacet
  facet normal -0 0 -1
    outer loop
      vertex 66.7585 92.3189 0
      vertex 64 87 0
      vertex 66.5348 92.6537 0
    endloop
  endfacet
  facet normal 0 0 -1
    outer loop
      vertex 64 25 0
      vertex 66.2252 19.1998 0
      vertex 66.2249 19.1982 0
    endloop
  endfacet
  facet normal -0 0 -1
    outer loop
      vertex 66.5348 92.6537 0
      vertex 64 87 0
      vertex 66.5339 92.655 0
    endloop
  endfacet
  facet normal 0 0 -1
    outer loop
      vertex 64 25 0
      vertex 66.2249 19.1982 0
      vertex 66.1464 18.8033 0
    endloop
  endfacet
  facet normal -0 0 -1
    outer loop
      vertex 66.5339 92.655 0
      vertex 64 87 0
      vertex 66.5332 92.6564 0
    endloop
  endfacet
  facet normal 0 0 -1
    outer loop
      vertex 56 25 0
      vertex 66.1464 18.8033 0
      vertex 66.12 18.4016 0
    endloop
  endfacet
  facet normal -0 0 -1
    outer loop
      vertex 66.5332 92.6564 0
      vertex 64 87 0
      vertex 66.3551 93.0175 0
    endloop
  endfacet
  facet normal 0 0 -1
    outer loop
      vertex 56 25 0
      vertex 66.12 18.4016 0
      vertex 66.1199 18.4 0
    endloop
  endfacet
  facet normal -0 0 -1
    outer loop
      vertex 66.3551 93.0175 0
      vertex 64 87 0
      vertex 66.3546 93.019 0
    endloop
  endfacet
  facet normal 0 0 -1
    outer loop
      vertex 72.3001 18.4 0
      vertex 76.7 0 0
      vertex 72.3001 17.6 0
    endloop
  endfacet
  facet normal 0 0 -1
    outer loop
      vertex 76.7 0 0
      vertex 72.2737 17.1982 0
      vertex 72.3001 17.6 0
    endloop
  endfacet
  facet normal 0 0 -1
    outer loop
      vertex 76.7 0 0
      vertex 72.2736 17.1967 0
      vertex 72.2737 17.1982 0
    endloop
  endfacet
  facet normal 0 0 -1
    outer loop
      vertex 76.7 0 0
      vertex 72.2733 17.1951 0
      vertex 72.2736 17.1967 0
    endloop
  endfacet
  facet normal 0 0 -1
    outer loop
      vertex 76.7 0 0
      vertex 72.1948 16.8002 0
      vertex 72.2733 17.1951 0
    endloop
  endfacet
  facet normal 0 0 -1
    outer loop
      vertex 76.7 0 0
      vertex 72.0654 16.419 0
      vertex 72.1948 16.8002 0
    endloop
  endfacet
  facet normal 0 0 -1
    outer loop
      vertex 76.7 0 0
      vertex 72.0648 16.4175 0
      vertex 72.0654 16.419 0
    endloop
  endfacet
  facet normal 0 0 -1
    outer loop
      vertex 76.7 0 0
      vertex 71.8868 16.0564 0
      vertex 72.0648 16.4175 0
    endloop
  endfacet
  facet normal 0 0 -1
    outer loop
      vertex 76.7 0 0
      vertex 71.8861 16.055 0
      vertex 71.8868 16.0564 0
    endloop
  endfacet
  facet normal 0 0 -1
    outer loop
      vertex 76.7 0 0
      vertex 71.8852 16.0537 0
      vertex 71.8861 16.055 0
    endloop
  endfacet
  facet normal 0 0 -1
    outer loop
      vertex 76.7 0 0
      vertex 71.6615 15.7189 0
      vertex 71.8852 16.0537 0
    endloop
  endfacet
  facet normal 0 0 -1
    outer loop
      vertex 76.7 0 0
      vertex 71.396 15.4162 0
      vertex 71.6615 15.7189 0
    endloop
  endfacet
  facet normal 0 0 -1
    outer loop
      vertex 76.7 0 0
      vertex 71.395 15.415 0
      vertex 71.396 15.4162 0
    endloop
  endfacet
  facet normal 0 0 -1
    outer loop
      vertex 76.7 0 0
      vertex 71.0923 15.1495 0
      vertex 71.395 15.415 0
    endloop
  endfacet
  facet normal 0 0 -1
    outer loop
      vertex 76.7 0 0
      vertex 71.0911 15.1485 0
      vertex 71.0923 15.1495 0
    endloop
  endfacet
  facet normal 0 0 -1
    outer loop
      vertex 76.7 0 0
      vertex 71.0898 15.1476 0
      vertex 71.0911 15.1485 0
    endloop
  endfacet
  facet normal 0 0 -1
    outer loop
      vertex 76.7 0 0
      vertex 70.755 14.9239 0
      vertex 71.0898 15.1476 0
    endloop
  endfacet
  facet normal 0 0 -1
    outer loop
      vertex 76.7 0 0
      vertex 70.3939 14.7458 0
      vertex 70.755 14.9239 0
    endloop
  endfacet
  facet normal 0 0 -1
    outer loop
      vertex 76.7 0 0
      vertex 70.3925 14.7451 0
      vertex 70.3939 14.7458 0
    endloop
  endfacet
  facet normal 0 0 -1
    outer loop
      vertex 76.7 0 0
      vertex 70.391 14.7446 0
      vertex 70.3925 14.7451 0
    endloop
  endfacet
  facet normal 0 0 -1
    outer loop
      vertex 76.7 0 0
      vertex 70.0098 14.6152 0
      vertex 70.391 14.7446 0
    endloop
  endfacet
  facet normal 0 0 -1
    outer loop
      vertex 76.7 0 0
      vertex 70.0082 14.6149 0
      vertex 70.0098 14.6152 0
    endloop
  endfacet
  facet normal 0 0 -1
    outer loop
      vertex 76.7 0 0
      vertex 69.6133 14.5364 0
      vertex 70.0082 14.6149 0
    endloop
  endfacet
  facet normal 0 0 -1
    outer loop
      vertex 76.7 0 0
      vertex 69.2116 14.51 0
      vertex 69.6133 14.5364 0
    endloop
  endfacet
  facet normal 0 0 -1
    outer loop
      vertex 76.7 0 0
      vertex 69.21 14.5099 0
      vertex 69.2116 14.51 0
    endloop
  endfacet
  facet normal 0 0 -1
    outer loop
      vertex 76.7 0 0
      vertex 69.2084 14.51 0
      vertex 69.21 14.5099 0
    endloop
  endfacet
  facet normal 0 0 -1
    outer loop
      vertex 76.7 0 0
      vertex 68.8067 14.5364 0
      vertex 69.2084 14.51 0
    endloop
  endfacet
  facet normal 0 0 -1
    outer loop
      vertex 76.7 0 0
      vertex 68.4118 14.6149 0
      vertex 68.8067 14.5364 0
    endloop
  endfacet
  facet normal 0 0 -1
    outer loop
      vertex 76.7 0 0
      vertex 68.4102 14.6152 0
      vertex 68.4118 14.6149 0
    endloop
  endfacet
  facet normal 0 0 -1
    outer loop
      vertex 76.7 0 0
      vertex 68.029 14.7446 0
      vertex 68.4102 14.6152 0
    endloop
  endfacet
  facet normal 0 0 -1
    outer loop
      vertex 76.7 0 0
      vertex 68.0275 14.7451 0
      vertex 68.029 14.7446 0
    endloop
  endfacet
  facet normal 0 0 -1
    outer loop
      vertex 76.7 0 0
      vertex 68.0261 14.7458 0
      vertex 68.0275 14.7451 0
    endloop
  endfacet
  facet normal 0 0 -1
    outer loop
      vertex 76.7 0 0
      vertex 67.665 14.9239 0
      vertex 68.0261 14.7458 0
    endloop
  endfacet
  facet normal 0 0 -1
    outer loop
      vertex 76.7 0 0
      vertex 67.3302 15.1476 0
      vertex 67.665 14.9239 0
    endloop
  endfacet
  facet normal 0 0 -1
    outer loop
      vertex 76.7 0 0
      vertex 67.3289 15.1485 0
      vertex 67.3302 15.1476 0
    endloop
  endfacet
  facet normal 0 0 -1
    outer loop
      vertex 76.7 0 0
      vertex 67.3277 15.1495 0
      vertex 67.3289 15.1485 0
    endloop
  endfacet
  facet normal 0 0 -1
    outer loop
      vertex 76.7 0 0
      vertex 67.025 15.415 0
      vertex 67.3277 15.1495 0
    endloop
  endfacet
  facet normal 0 0 -1
    outer loop
      vertex 43 25 0
      vertex 67.025 15.415 0
      vertex 76.7 0 0
    endloop
  endfacet
  facet normal 0 0 -1
    outer loop
      vertex 67.025 15.415 0
      vertex 43 25 0
      vertex 67.0239 15.4162 0
    endloop
  endfacet
  facet normal 0 0 -1
    outer loop
      vertex 67.0239 15.4162 0
      vertex 43 25 0
      vertex 66.7585 15.7189 0
    endloop
  endfacet
  facet normal -0 -0 -1
    outer loop
      vertex 51 25 0
      vertex 66.7585 15.7189 0
      vertex 43 25 0
    endloop
  endfacet
  facet normal 0 0 -1
    outer loop
      vertex 56 25 0
      vertex 66.2249 16.8018 0
      vertex 66.2252 16.8002 0
    endloop
  endfacet
  facet normal 0 0 -1
    outer loop
      vertex 56 25 0
      vertex 66.12 17.5984 0
      vertex 66.1464 17.1967 0
    endloop
  endfacet
  facet normal 0 0 -1
    outer loop
      vertex 56 25 0
      vertex 66.1199 18.4 0
      vertex 66.1199 17.6 0
    endloop
  endfacet
  facet normal -0 0 -1
    outer loop
      vertex 66.3546 93.019 0
      vertex 64 87 0
      vertex 66.2252 93.4002 0
    endloop
  endfacet
  facet normal 0 0 -1
    outer loop
      vertex 69.6133 21.4636 0
      vertex 64 25 0
      vertex 64 36 0
    endloop
  endfacet
  facet normal 0 0 -1
    outer loop
      vertex 66.12 17.5984 0
      vertex 56 25 0
      vertex 66.1199 17.6 0
    endloop
  endfacet
  facet normal 0 0 -1
    outer loop
      vertex 66.2249 16.8018 0
      vertex 56 25 0
      vertex 66.1464 17.1967 0
    endloop
  endfacet
  facet normal 0 0 -1
    outer loop
      vertex 66.1464 18.8033 0
      vertex 56 25 0
      vertex 64 25 0
    endloop
  endfacet
  facet normal 0 0 -1
    outer loop
      vertex 66.3546 16.419 0
      vertex 56 25 0
      vertex 66.2252 16.8002 0
    endloop
  endfacet
  facet normal 0 0 -1
    outer loop
      vertex 66.3551 16.4175 0
      vertex 56 25 0
      vertex 66.3546 16.419 0
    endloop
  endfacet
  facet normal 0 0 -1
    outer loop
      vertex 51 25 0
      vertex 66.3551 16.4175 0
      vertex 66.5332 16.0564 0
    endloop
  endfacet
  facet normal 0 0 -1
    outer loop
      vertex 51 25 0
      vertex 66.5332 16.0564 0
      vertex 66.5339 16.055 0
    endloop
  endfacet
  facet normal 0 0 -1
    outer loop
      vertex 66.7585 15.7189 0
      vertex 51 25 0
      vertex 66.5348 16.0537 0
    endloop
  endfacet
  facet normal 0 0 -1
    outer loop
      vertex 51 36 0
      vertex 56 36 0
      vertex 56 25 0
    endloop
  endfacet
  facet normal 0 0 -1
    outer loop
      vertex 56 36 0
      vertex 51 36 0
      vertex 56 42 0
    endloop
  endfacet
  facet normal 0 0 -1
    outer loop
      vertex 56 42 0
      vertex 51 42 0
      vertex 56 53 0
    endloop
  endfacet
  facet normal 0 0 -1
    outer loop
      vertex 51 53 0
      vertex 56 53 0
      vertex 51 42 0
    endloop
  endfacet
  facet normal 0 0 -1
    outer loop
      vertex 51 59 0
      vertex 56 59 0
      vertex 51 53 0
    endloop
  endfacet
  facet normal 0 0 -1
    outer loop
      vertex 56 59 0
      vertex 51 59 0
      vertex 56 70 0
    endloop
  endfacet
  facet normal 0 0 -1
    outer loop
      vertex 51 36 0
      vertex 56 25 0
      vertex 51 25 0
    endloop
  endfacet
  facet normal 0 0 -1
    outer loop
      vertex 66.3551 16.4175 0
      vertex 51 25 0
      vertex 56 25 0
    endloop
  endfacet
  facet normal 0 0 -1
    outer loop
      vertex 66.5348 16.0537 0
      vertex 51 25 0
      vertex 66.5339 16.055 0
    endloop
  endfacet
  facet normal 0 0 -1
    outer loop
      vertex 38 36 0
      vertex 43 36 0
      vertex 43 25 0
    endloop
  endfacet
  facet normal 0 0 -1
    outer loop
      vertex 43 36 0
      vertex 38 36 0
      vertex 43 42 0
    endloop
  endfacet
  facet normal 0 0 -1
    outer loop
      vertex 43 42 0
      vertex 38 42 0
      vertex 43 53 0
    endloop
  endfacet
  facet normal 0 0 -1
    outer loop
      vertex 38 53 0
      vertex 43 53 0
      vertex 38 42 0
    endloop
  endfacet
  facet normal 0 0 -1
    outer loop
      vertex 38 59 0
      vertex 43 59 0
      vertex 38 53 0
    endloop
  endfacet
  facet normal 0 0 -1
    outer loop
      vertex 43 59 0
      vertex 38 59 0
      vertex 43 70 0
    endloop
  endfacet
  facet normal 0 0 -1
    outer loop
      vertex 38 36 0
      vertex 43 25 0
      vertex 38 25 0
    endloop
  endfacet
  facet normal 0 0 -1
    outer loop
      vertex 76.7 0 0
      vertex 38 25 0
      vertex 43 25 0
    endloop
  endfacet
  facet normal 0 0 -1
    outer loop
      vertex 0 0 0
      vertex 38 25 0
      vertex 76.7 0 0
    endloop
  endfacet
  facet normal 0 0 -1
    outer loop
      vertex 25 36 0
      vertex 30 36 0
      vertex 30 25 0
    endloop
  endfacet
  facet normal 0 0 -1
    outer loop
      vertex 30 36 0
      vertex 25 36 0
      vertex 30 42 0
    endloop
  endfacet
  facet normal 0 0 -1
    outer loop
      vertex 30 42 0
      vertex 25 42 0
      vertex 30 53 0
    endloop
  endfacet
  facet normal 0 0 -1
    outer loop
      vertex 25 53 0
      vertex 30 53 0
      vertex 25 42 0
    endloop
  endfacet
  facet normal 0 0 -1
    outer loop
      vertex 25 59 0
      vertex 30 59 0
      vertex 25 53 0
    endloop
  endfacet
  facet normal 0 0 -1
    outer loop
      vertex 30 59 0
      vertex 25 59 0
      vertex 30 70 0
    endloop
  endfacet
  facet normal 0 0 -1
    outer loop
      vertex 25 36 0
      vertex 30 25 0
      vertex 25 25 0
    endloop
  endfacet
  facet normal 0 -0 -1
    outer loop
      vertex 9.67501 15.415 0
      vertex 38 25 0
      vertex 0 0 0
    endloop
  endfacet
  facet normal 0 -0 -1
    outer loop
      vertex 9.94048 15.7177 0
      vertex 30 25 0
      vertex 9.67501 15.415 0
    endloop
  endfacet
  facet normal 0 0 -1
    outer loop
      vertex 10.58 18.4016 0
      vertex 17 25 0
      vertex 10.5801 18.4 0
    endloop
  endfacet
  facet normal 0 0 -1
    outer loop
      vertex 10.5536 18.8033 0
      vertex 17 25 0
      vertex 10.58 18.4016 0
    endloop
  endfacet
  facet normal 0 0 -1
    outer loop
      vertex 10.4751 19.1982 0
      vertex 17 25 0
      vertex 10.5536 18.8033 0
    endloop
  endfacet
  facet normal 0 0 -1
    outer loop
      vertex 10.4748 19.1998 0
      vertex 17 25 0
      vertex 10.4751 19.1982 0
    endloop
  endfacet
  facet normal 0 0 -1
    outer loop
      vertex 10.3454 19.581 0
      vertex 17 25 0
      vertex 10.4748 19.1998 0
    endloop
  endfacet
  facet normal 0 0 -1
    outer loop
      vertex 17 59 0
      vertex 10.5801 94.2 0
      vertex 17 70 0
    endloop
  endfacet
  facet normal 0 0 -1
    outer loop
      vertex 10.5801 18.4 0
      vertex 17 25 0
      vertex 10.5801 17.6 0
    endloop
  endfacet
  facet normal 0 -0 -1
    outer loop
      vertex 10.3442 16.4161 0
      vertex 25 25 0
      vertex 10.1661 16.055 0
    endloop
  endfacet
  facet normal 0 0 -1
    outer loop
      vertex 17 25 0
      vertex 10.58 17.5984 0
      vertex 10.5801 17.6 0
    endloop
  endfacet
  facet normal 0 0 -1
    outer loop
      vertex 17 25 0
      vertex 10.5536 17.1967 0
      vertex 10.58 17.5984 0
    endloop
  endfacet
  facet normal -0 0 -1
    outer loop
      vertex 25 25 0
      vertex 10.5536 17.1967 0
      vertex 17 25 0
    endloop
  endfacet
  facet normal 0 -0 -1
    outer loop
      vertex 10.5536 17.1967 0
      vertex 25 25 0
      vertex 10.4751 16.8018 0
    endloop
  endfacet
  facet normal 0 -0 -1
    outer loop
      vertex 10.4751 16.8018 0
      vertex 25 25 0
      vertex 10.4748 16.8002 0
    endloop
  endfacet
  facet normal 0 -0 -1
    outer loop
      vertex 10.4748 16.8002 0
      vertex 25 25 0
      vertex 10.3454 16.419 0
    endloop
  endfacet
  facet normal 0 -0 -1
    outer loop
      vertex 10.3454 16.419 0
      vertex 25 25 0
      vertex 10.3449 16.4175 0
    endloop
  endfacet
  facet normal 0 -0 -1
    outer loop
      vertex 10.3449 16.4175 0
      vertex 25 25 0
      vertex 10.3442 16.4161 0
    endloop
  endfacet
  facet normal 0 0 -1
    outer loop
      vertex 25 25 0
      vertex 9.94239 15.7202 0
      vertex 10.1661 16.055 0
    endloop
  endfacet
  facet normal 0 0 -1
    outer loop
      vertex 25 25 0
      vertex 9.94152 15.7189 0
      vertex 9.94239 15.7202 0
    endloop
  endfacet
  facet normal -0 0 -1
    outer loop
      vertex 30 25 0
      vertex 9.94152 15.7189 0
      vertex 25 25 0
    endloop
  endfacet
  facet normal 0 -0 -1
    outer loop
      vertex 9.94152 15.7189 0
      vertex 30 25 0
      vertex 9.94048 15.7177 0
    endloop
  endfacet
  facet normal -0 0 -1
    outer loop
      vertex 38 25 0
      vertex 9.67501 15.415 0
      vertex 30 25 0
    endloop
  endfacet
  facet normal 0 0 -1
    outer loop
      vertex 9.67501 15.415 0
      vertex 0 0 0
      vertex 9.3723 15.1495 0
    endloop
  endfacet
  facet normal 0 0 -1
    outer loop
      vertex 9.3723 15.1495 0
      vertex 0 0 0
      vertex 9.37112 15.1485 0
    endloop
  endfacet
  facet normal 0 0 -1
    outer loop
      vertex 9.37112 15.1485 0
      vertex 0 0 0
      vertex 9.03635 14.9248 0
    endloop
  endfacet
  facet normal 0 0 -1
    outer loop
      vertex 9.03635 14.9248 0
      vertex 0 0 0
      vertex 9.03504 14.9239 0
    endloop
  endfacet
  facet normal 0 0 -1
    outer loop
      vertex 9.03504 14.9239 0
      vertex 0 0 0
      vertex 9.03362 14.9232 0
    endloop
  endfacet
  facet normal 0 0 -1
    outer loop
      vertex 9.03362 14.9232 0
      vertex 0 0 0
      vertex 8.67252 14.7451 0
    endloop
  endfacet
  facet normal 0 0 -1
    outer loop
      vertex 8.67252 14.7451 0
      vertex 0 0 0
      vertex 8.67103 14.7446 0
    endloop
  endfacet
  facet normal 0 0 -1
    outer loop
      vertex 8.67103 14.7446 0
      vertex 0 0 0
      vertex 8.28977 14.6152 0
    endloop
  endfacet
  facet normal 0 0 -1
    outer loop
      vertex 8.28977 14.6152 0
      vertex 0 0 0
      vertex 8.28822 14.6149 0
    endloop
  endfacet
  facet normal 0 0 -1
    outer loop
      vertex 8.28822 14.6149 0
      vertex 0 0 0
      vertex 7.89333 14.5364 0
    endloop
  endfacet
  facet normal 0 0 -1
    outer loop
      vertex 7.89333 14.5364 0
      vertex 0 0 0
      vertex 7.49157 14.51 0
    endloop
  endfacet
  facet normal 0 0 -1
    outer loop
      vertex 7.49157 14.51 0
      vertex 0 0 0
      vertex 7.49 14.5099 0
    endloop
  endfacet
  facet normal -0 0 -1
    outer loop
      vertex 7.49 14.5099 0
      vertex 0 0 0
      vertex 7.48843 14.51 0
    endloop
  endfacet
  facet normal -0 0 -1
    outer loop
      vertex 7.48843 14.51 0
      vertex 0 0 0
      vertex 7.08666 14.5364 0
    endloop
  endfacet
  facet normal -0 0 -1
    outer loop
      vertex 7.08666 14.5364 0
      vertex 0 0 0
      vertex 6.69178 14.6149 0
    endloop
  endfacet
  facet normal 0 0 -1
    outer loop
      vertex 0 0 0
      vertex 6.30897 14.7446 0
      vertex 6.69023 14.6152 0
    endloop
  endfacet
  facet normal 0 0 -1
    outer loop
      vertex 0 0 0
      vertex 6.30607 14.7458 0
      vertex 6.30748 14.7451 0
    endloop
  endfacet
  facet normal 0 0 -1
    outer loop
      vertex 0 0 0
      vertex 5.94365 14.9248 0
      vertex 5.94496 14.9239 0
    endloop
  endfacet
  facet normal 0 0 -1
    outer loop
      vertex 0 0 0
      vertex 5.6077 15.1495 0
      vertex 5.60888 15.1485 0
    endloop
  endfacet
  facet normal 0 0 -1
    outer loop
      vertex 0 0 0
      vertex 4.63464 16.419 0
      vertex 4.63515 16.4175 0
    endloop
  endfacet
  facet normal 0 0 1
    outer loop
      vertex 4.42636 17.1967 0
      vertex 4.39993 17.6 0
      vertex 4.40003 17.5984 0
    endloop
  endfacet
  facet normal 0 0 -1
    outer loop
      vertex 0 0 0
      vertex 4.39993 18.4 0
      vertex 4.39993 17.6 0
    endloop
  endfacet
  facet normal 0 0 -1
    outer loop
      vertex 4.40003 94.1984 0
      vertex 0 108 0
      vertex 4.39993 94.2 0
    endloop
  endfacet
  facet normal -0 0 -1
    outer loop
      vertex 4.42636 18.8033 0
      vertex 0 0 0
      vertex 0 108 0
    endloop
  endfacet
  facet normal -0 0 -1
    outer loop
      vertex 4.42636 17.1967 0
      vertex 0 0 0
      vertex 4.39993 17.6 0
    endloop
  endfacet
  facet normal -0 0 -1
    outer loop
      vertex 4.42667 17.1951 0
      vertex 0 0 0
      vertex 4.42636 17.1967 0
    endloop
  endfacet
  facet normal -0 0 -1
    outer loop
      vertex 4.50522 16.8002 0
      vertex 0 0 0
      vertex 4.42667 17.1951 0
    endloop
  endfacet
  facet normal -0 0 -1
    outer loop
      vertex 4.63464 16.419 0
      vertex 0 0 0
      vertex 4.50522 16.8002 0
    endloop
  endfacet
  facet normal -0 0 -1
    outer loop
      vertex 4.81322 16.0564 0
      vertex 0 0 0
      vertex 4.63515 16.4175 0
    endloop
  endfacet
  facet normal -0 0 -1
    outer loop
      vertex 4.81392 16.055 0
      vertex 0 0 0
      vertex 4.81322 16.0564 0
    endloop
  endfacet
  facet normal -0 0 -1
    outer loop
      vertex 4.8148 16.0537 0
      vertex 0 0 0
      vertex 4.81392 16.055 0
    endloop
  endfacet
  facet normal -0 0 -1
    outer loop
      vertex 5.03848 15.7189 0
      vertex 0 0 0
      vertex 4.8148 16.0537 0
    endloop
  endfacet
  facet normal -0 0 -1
    outer loop
      vertex 5.03952 15.7177 0
      vertex 0 0 0
      vertex 5.03848 15.7189 0
    endloop
  endfacet
  facet normal -0 0 -1
    outer loop
      vertex 5.30499 15.415 0
      vertex 0 0 0
      vertex 5.03952 15.7177 0
    endloop
  endfacet
  facet normal -0 0 -1
    outer loop
      vertex 5.6077 15.1495 0
      vertex 0 0 0
      vertex 5.30499 15.415 0
    endloop
  endfacet
  facet normal -0 0 -1
    outer loop
      vertex 5.94365 14.9248 0
      vertex 0 0 0
      vertex 5.60888 15.1485 0
    endloop
  endfacet
  facet normal -0 0 -1
    outer loop
      vertex 6.30607 14.7458 0
      vertex 0 0 0
      vertex 5.94496 14.9239 0
    endloop
  endfacet
  facet normal -0 0 -1
    outer loop
      vertex 6.30897 14.7446 0
      vertex 0 0 0
      vertex 6.30748 14.7451 0
    endloop
  endfacet
  facet normal -0 0 -1
    outer loop
      vertex 6.69178 14.6149 0
      vertex 0 0 0
      vertex 6.69023 14.6152 0
    endloop
  endfacet
  facet normal 0 0 -1
    outer loop
      vertex 72.2737 18.8018 0
      vertex 76.7 0 0
      vertex 72.3001 18.4 0
    endloop
  endfacet
  facet normal 0 0 -1
    outer loop
      vertex 72.2736 18.8033 0
      vertex 76.7 0 0
      vertex 72.2737 18.8018 0
    endloop
  endfacet
  facet normal 0 0 -1
    outer loop
      vertex 72.3001 95 0
      vertex 76.7 108 0
      vertex 72.3001 94.2 0
    endloop
  endfacet
  facet normal 0 0 -1
    outer loop
      vertex 72.2737 95.4018 0
      vertex 76.7 108 0
      vertex 72.3001 95 0
    endloop
  endfacet
  facet normal 0 0 -1
    outer loop
      vertex 72.2736 95.4033 0
      vertex 76.7 108 0
      vertex 72.2737 95.4018 0
    endloop
  endfacet
  facet normal 0 0 -1
    outer loop
      vertex 72.2733 95.4049 0
      vertex 76.7 108 0
      vertex 72.2736 95.4033 0
    endloop
  endfacet
  facet normal 0 0 -1
    outer loop
      vertex 72.1948 95.7998 0
      vertex 76.7 108 0
      vertex 72.2733 95.4049 0
    endloop
  endfacet
  facet normal 0 0 -1
    outer loop
      vertex 72.0654 96.181 0
      vertex 76.7 108 0
      vertex 72.1948 95.7998 0
    endloop
  endfacet
  facet normal 0 0 -1
    outer loop
      vertex 72.0648 96.1825 0
      vertex 76.7 108 0
      vertex 72.0654 96.181 0
    endloop
  endfacet
  facet normal 0 0 -1
    outer loop
      vertex 71.8868 96.5436 0
      vertex 76.7 108 0
      vertex 72.0648 96.1825 0
    endloop
  endfacet
  facet normal 0 0 -1
    outer loop
      vertex 71.8861 96.545 0
      vertex 76.7 108 0
      vertex 71.8868 96.5436 0
    endloop
  endfacet
  facet normal 0 0 -1
    outer loop
      vertex 71.8852 96.5463 0
      vertex 76.7 108 0
      vertex 71.8861 96.545 0
    endloop
  endfacet
  facet normal 0 0 -1
    outer loop
      vertex 71.6615 96.8811 0
      vertex 76.7 108 0
      vertex 71.8852 96.5463 0
    endloop
  endfacet
  facet normal 0 0 -1
    outer loop
      vertex 71.396 97.1838 0
      vertex 76.7 108 0
      vertex 71.6615 96.8811 0
    endloop
  endfacet
  facet normal 0 0 -1
    outer loop
      vertex 71.395 97.185 0
      vertex 76.7 108 0
      vertex 71.396 97.1838 0
    endloop
  endfacet
  facet normal 0 0 -1
    outer loop
      vertex 71.3938 97.1861 0
      vertex 76.7 108 0
      vertex 71.395 97.185 0
    endloop
  endfacet
  facet normal 0 0 -1
    outer loop
      vertex 71.0911 97.4515 0
      vertex 76.7 108 0
      vertex 71.3938 97.1861 0
    endloop
  endfacet
  facet normal 0 0 -1
    outer loop
      vertex 70.7563 97.6752 0
      vertex 76.7 108 0
      vertex 71.0911 97.4515 0
    endloop
  endfacet
  facet normal 0 0 -1
    outer loop
      vertex 70.755 97.6761 0
      vertex 76.7 108 0
      vertex 70.7563 97.6752 0
    endloop
  endfacet
  facet normal 0 0 -1
    outer loop
      vertex 70.7536 97.6768 0
      vertex 76.7 108 0
      vertex 70.755 97.6761 0
    endloop
  endfacet
  facet normal 0 0 -1
    outer loop
      vertex 70.3925 97.8549 0
      vertex 76.7 108 0
      vertex 70.7536 97.6768 0
    endloop
  endfacet
  facet normal 0 0 -1
    outer loop
      vertex 70.391 97.8554 0
      vertex 76.7 108 0
      vertex 70.3925 97.8549 0
    endloop
  endfacet
  facet normal 0 0 -1
    outer loop
      vertex 70.0098 97.9848 0
      vertex 76.7 108 0
      vertex 70.391 97.8554 0
    endloop
  endfacet
  facet normal 0 0 -1
    outer loop
      vertex 69.6149 98.0633 0
      vertex 76.7 108 0
      vertex 70.0098 97.9848 0
    endloop
  endfacet
  facet normal 0 0 -1
    outer loop
      vertex 69.6133 98.0636 0
      vertex 76.7 108 0
      vertex 69.6149 98.0633 0
    endloop
  endfacet
  facet normal 0 0 -1
    outer loop
      vertex 69.6118 98.0637 0
      vertex 76.7 108 0
      vertex 69.6133 98.0636 0
    endloop
  endfacet
  facet normal 0 0 -1
    outer loop
      vertex 69.21 98.0901 0
      vertex 76.7 108 0
      vertex 69.6118 98.0637 0
    endloop
  endfacet
  facet normal 0 0 -1
    outer loop
      vertex 68.8082 98.0637 0
      vertex 76.7 108 0
      vertex 69.21 98.0901 0
    endloop
  endfacet
  facet normal 0 0 -1
    outer loop
      vertex 68.8067 98.0636 0
      vertex 76.7 108 0
      vertex 68.8082 98.0637 0
    endloop
  endfacet
  facet normal 0 0 -1
    outer loop
      vertex 68.8051 98.0633 0
      vertex 76.7 108 0
      vertex 68.8067 98.0636 0
    endloop
  endfacet
  facet normal 0 0 -1
    outer loop
      vertex 68.4102 97.9848 0
      vertex 76.7 108 0
      vertex 68.8051 98.0633 0
    endloop
  endfacet
  facet normal 0 0 -1
    outer loop
      vertex 68.029 97.8554 0
      vertex 76.7 108 0
      vertex 68.4102 97.9848 0
    endloop
  endfacet
  facet normal 0 0 -1
    outer loop
      vertex 68.0275 97.8549 0
      vertex 76.7 108 0
      vertex 68.029 97.8554 0
    endloop
  endfacet
  facet normal 0 0 -1
    outer loop
      vertex 67.6664 97.6768 0
      vertex 76.7 108 0
      vertex 68.0275 97.8549 0
    endloop
  endfacet
  facet normal 0 0 -1
    outer loop
      vertex 67.665 97.6761 0
      vertex 76.7 108 0
      vertex 67.6664 97.6768 0
    endloop
  endfacet
  facet normal 0 0 -1
    outer loop
      vertex 67.6637 97.6752 0
      vertex 76.7 108 0
      vertex 67.665 97.6761 0
    endloop
  endfacet
  facet normal 0 0 -1
    outer loop
      vertex 67.3289 97.4515 0
      vertex 76.7 108 0
      vertex 67.6637 97.6752 0
    endloop
  endfacet
  facet normal 0 0 -1
    outer loop
      vertex 38 87 0
      vertex 67.3289 97.4515 0
      vertex 67.0262 97.1861 0
    endloop
  endfacet
  facet normal 0 0 -1
    outer loop
      vertex 38 87 0
      vertex 67.0262 97.1861 0
      vertex 67.025 97.185 0
    endloop
  endfacet
  facet normal 0 0 1
    outer loop
      vertex 66.7585 96.8811 0
      vertex 67.025 97.185 0
      vertex 67.0239 97.1838 0
    endloop
  endfacet
  facet normal 0 0 -1
    outer loop
      vertex 66.5339 96.545 0
      vertex 66.7585 96.8811 0
      vertex 66.5348 96.5463 0
    endloop
  endfacet
  facet normal 0 0 -1
    outer loop
      vertex 56 87 0
      vertex 66.2249 95.7982 0
      vertex 66.1464 95.4033 0
    endloop
  endfacet
  facet normal 0 0 -1
    outer loop
      vertex 56 87 0
      vertex 66.12 95.0016 0
      vertex 66.1199 95 0
    endloop
  endfacet
  facet normal 0 0 -1
    outer loop
      vertex 71.395 20.585 0
      vertex 64 36 0
      vertex 64 42 0
    endloop
  endfacet
  facet normal 0 0 -1
    outer loop
      vertex 71.8861 19.945 0
      vertex 64 42 0
      vertex 64 53 0
    endloop
  endfacet
  facet normal 0 0 -1
    outer loop
      vertex 56 87 0
      vertex 66.2252 93.4002 0
      vertex 64 87 0
    endloop
  endfacet
  facet normal -0 0 -1
    outer loop
      vertex 66.2252 93.4002 0
      vertex 56 87 0
      vertex 66.2249 93.4018 0
    endloop
  endfacet
  facet normal -0 0 -1
    outer loop
      vertex 66.2249 93.4018 0
      vertex 56 87 0
      vertex 66.1464 93.7967 0
    endloop
  endfacet
  facet normal -0 0 -1
    outer loop
      vertex 66.1464 93.7967 0
      vertex 56 87 0
      vertex 66.12 94.1984 0
    endloop
  endfacet
  facet normal -0 0 -1
    outer loop
      vertex 66.12 94.1984 0
      vertex 56 87 0
      vertex 66.1199 94.2 0
    endloop
  endfacet
  facet normal -0 0 -1
    outer loop
      vertex 66.1199 94.2 0
      vertex 56 87 0
      vertex 66.1199 95 0
    endloop
  endfacet
  facet normal -0 0 -1
    outer loop
      vertex 66.12 95.0016 0
      vertex 56 87 0
      vertex 66.1464 95.4033 0
    endloop
  endfacet
  facet normal -0 0 -1
    outer loop
      vertex 66.2249 95.7982 0
      vertex 56 87 0
      vertex 66.2252 95.7998 0
    endloop
  endfacet
  facet normal 0 0 -1
    outer loop
      vertex 56 87 0
      vertex 66.3546 96.181 0
      vertex 66.2252 95.7998 0
    endloop
  endfacet
  facet normal 0 0 -1
    outer loop
      vertex 51 87 0
      vertex 66.3546 96.181 0
      vertex 56 87 0
    endloop
  endfacet
  facet normal -0 0 -1
    outer loop
      vertex 66.3546 96.181 0
      vertex 51 87 0
      vertex 66.3551 96.1825 0
    endloop
  endfacet
  facet normal -0 0 -1
    outer loop
      vertex 66.3551 96.1825 0
      vertex 51 87 0
      vertex 66.5332 96.5436 0
    endloop
  endfacet
  facet normal -0 0 -1
    outer loop
      vertex 66.5332 96.5436 0
      vertex 51 87 0
      vertex 66.5339 96.545 0
    endloop
  endfacet
  facet normal -0 0 -1
    outer loop
      vertex 66.5339 96.545 0
      vertex 51 87 0
      vertex 66.7585 96.8811 0
    endloop
  endfacet
  facet normal 0 0 -1
    outer loop
      vertex 43 87 0
      vertex 66.7585 96.8811 0
      vertex 51 87 0
    endloop
  endfacet
  facet normal -0 0 -1
    outer loop
      vertex 56 42 0
      vertex 51 36 0
      vertex 51 42 0
    endloop
  endfacet
  facet normal 0 0 -1
    outer loop
      vertex 56 53 0
      vertex 51 53 0
      vertex 56 59 0
    endloop
  endfacet
  facet normal 0 0 -1
    outer loop
      vertex 51 70 0
      vertex 56 70 0
      vertex 51 59 0
    endloop
  endfacet
  facet normal 0 0 -1
    outer loop
      vertex 56 70 0
      vertex 51 70 0
      vertex 56 76 0
    endloop
  endfacet
  facet normal 0 0 -1
    outer loop
      vertex 51 76 0
      vertex 56 76 0
      vertex 51 70 0
    endloop
  endfacet
  facet normal 0 0 -1
    outer loop
      vertex 56 76 0
      vertex 51 76 0
      vertex 56 87 0
    endloop
  endfacet
  facet normal 0 0 -1
    outer loop
      vertex 51 87 0
      vertex 56 87 0
      vertex 51 76 0
    endloop
  endfacet
  facet normal -0 0 -1
    outer loop
      vertex 66.7585 96.8811 0
      vertex 43 87 0
      vertex 67.025 97.185 0
    endloop
  endfacet
  facet normal 0 0 -1
    outer loop
      vertex 38 87 0
      vertex 67.025 97.185 0
      vertex 43 87 0
    endloop
  endfacet
  facet normal -0 0 -1
    outer loop
      vertex 43 42 0
      vertex 38 36 0
      vertex 38 42 0
    endloop
  endfacet
  facet normal 0 0 -1
    outer loop
      vertex 43 53 0
      vertex 38 53 0
      vertex 43 59 0
    endloop
  endfacet
  facet normal 0 0 -1
    outer loop
      vertex 38 70 0
      vertex 43 70 0
      vertex 38 59 0
    endloop
  endfacet
  facet normal 0 0 -1
    outer loop
      vertex 43 70 0
      vertex 38 70 0
      vertex 43 76 0
    endloop
  endfacet
  facet normal 0 0 -1
    outer loop
      vertex 38 76 0
      vertex 43 76 0
      vertex 38 70 0
    endloop
  endfacet
  facet normal 0 0 -1
    outer loop
      vertex 43 76 0
      vertex 38 76 0
      vertex 43 87 0
    endloop
  endfacet
  facet normal 0 0 -1
    outer loop
      vertex 38 87 0
      vertex 43 87 0
      vertex 38 76 0
    endloop
  endfacet
  facet normal -0 0 -1
    outer loop
      vertex 67.3289 97.4515 0
      vertex 38 87 0
      vertex 76.7 108 0
    endloop
  endfacet
  facet normal 0 0 -1
    outer loop
      vertex 9.67501 97.185 0
      vertex 38 87 0
      vertex 30 87 0
    endloop
  endfacet
  facet normal -0 0 -1
    outer loop
      vertex 30 42 0
      vertex 25 36 0
      vertex 25 42 0
    endloop
  endfacet
  facet normal 0 0 -1
    outer loop
      vertex 30 53 0
      vertex 25 53 0
      vertex 30 59 0
    endloop
  endfacet
  facet normal 0 0 -1
    outer loop
      vertex 25 70 0
      vertex 30 70 0
      vertex 25 59 0
    endloop
  endfacet
  facet normal 0 0 -1
    outer loop
      vertex 30 70 0
      vertex 25 70 0
      vertex 30 76 0
    endloop
  endfacet
  facet normal 0 0 -1
    outer loop
      vertex 25 76 0
      vertex 30 76 0
      vertex 25 70 0
    endloop
  endfacet
  facet normal 0 0 -1
    outer loop
      vertex 30 76 0
      vertex 25 76 0
      vertex 30 87 0
    endloop
  endfacet
  facet normal 0 0 -1
    outer loop
      vertex 25 87 0
      vertex 30 87 0
      vertex 25 76 0
    endloop
  endfacet
  facet normal 0 0 -1
    outer loop
      vertex 10.1661 96.545 0
      vertex 30 87 0
      vertex 25 87 0
    endloop
  endfacet
  facet normal 0 0 -1
    outer loop
      vertex 10.5536 95.4033 0
      vertex 25 87 0
      vertex 17 87 0
    endloop
  endfacet
  facet normal 0 0 -1
    outer loop
      vertex 17 70 0
      vertex 10.5801 94.2 0
      vertex 17 76 0
    endloop
  endfacet
  facet normal 0 0 -1
    outer loop
      vertex 17 76 0
      vertex 10.5801 94.2 0
      vertex 17 87 0
    endloop
  endfacet
  facet normal 0 0 -1
    outer loop
      vertex 10.5801 95 0
      vertex 17 87 0
      vertex 10.5801 94.2 0
    endloop
  endfacet
  facet normal 0 0 -1
    outer loop
      vertex 10.58 95.0016 0
      vertex 17 87 0
      vertex 10.5801 95 0
    endloop
  endfacet
  facet normal 0 0 -1
    outer loop
      vertex 10.5536 95.4033 0
      vertex 17 87 0
      vertex 10.58 95.0016 0
    endloop
  endfacet
  facet normal 0 0 -1
    outer loop
      vertex 25 87 0
      vertex 10.5536 95.4033 0
      vertex 10.4751 95.7982 0
    endloop
  endfacet
  facet normal 0 0 -1
    outer loop
      vertex 25 87 0
      vertex 10.4751 95.7982 0
      vertex 10.4748 95.7998 0
    endloop
  endfacet
  facet normal 0 0 -1
    outer loop
      vertex 25 87 0
      vertex 10.4748 95.7998 0
      vertex 10.3454 96.181 0
    endloop
  endfacet
  facet normal 0 0 -1
    outer loop
      vertex 25 87 0
      vertex 10.3454 96.181 0
      vertex 10.3449 96.1825 0
    endloop
  endfacet
  facet normal 0 0 -1
    outer loop
      vertex 10.3442 96.1839 0
      vertex 25 87 0
      vertex 10.3449 96.1825 0
    endloop
  endfacet
  facet normal 0 0 -1
    outer loop
      vertex 10.1661 96.545 0
      vertex 25 87 0
      vertex 10.3442 96.1839 0
    endloop
  endfacet
  facet normal 0 0 -1
    outer loop
      vertex 30 87 0
      vertex 10.1661 96.545 0
      vertex 9.94239 96.8798 0
    endloop
  endfacet
  facet normal 0 0 -1
    outer loop
      vertex 30 87 0
      vertex 9.94239 96.8798 0
      vertex 9.94152 96.8811 0
    endloop
  endfacet
  facet normal 0 0 -1
    outer loop
      vertex 30 87 0
      vertex 9.94152 96.8811 0
      vertex 9.94048 96.8823 0
    endloop
  endfacet
  facet normal 0 0 -1
    outer loop
      vertex 30 87 0
      vertex 9.94048 96.8823 0
      vertex 9.67501 97.185 0
    endloop
  endfacet
  facet normal 0 0 -1
    outer loop
      vertex 9.67382 97.1861 0
      vertex 38 87 0
      vertex 9.67501 97.185 0
    endloop
  endfacet
  facet normal 0 0 -1
    outer loop
      vertex 9.37112 97.4515 0
      vertex 38 87 0
      vertex 9.67382 97.1861 0
    endloop
  endfacet
  facet normal 0 0 -1
    outer loop
      vertex 38 87 0
      vertex 9.37112 97.4515 0
      vertex 76.7 108 0
    endloop
  endfacet
  facet normal 0 0 -1
    outer loop
      vertex 0 108 0
      vertex 9.37112 97.4515 0
      vertex 9.03635 97.6752 0
    endloop
  endfacet
  facet normal 0 0 -1
    outer loop
      vertex 0 108 0
      vertex 9.03635 97.6752 0
      vertex 9.03504 97.6761 0
    endloop
  endfacet
  facet normal 0 0 -1
    outer loop
      vertex 0 108 0
      vertex 9.03504 97.6761 0
      vertex 9.03362 97.6768 0
    endloop
  endfacet
  facet normal 0 0 -1
    outer loop
      vertex 0 108 0
      vertex 9.03362 97.6768 0
      vertex 8.67252 97.8549 0
    endloop
  endfacet
  facet normal 0 0 -1
    outer loop
      vertex 0 108 0
      vertex 8.67252 97.8549 0
      vertex 8.67103 97.8554 0
    endloop
  endfacet
  facet normal 0 0 -1
    outer loop
      vertex 0 108 0
      vertex 8.67103 97.8554 0
      vertex 8.28977 97.9848 0
    endloop
  endfacet
  facet normal 0 0 -1
    outer loop
      vertex 0 108 0
      vertex 8.28977 97.9848 0
      vertex 7.89488 98.0633 0
    endloop
  endfacet
  facet normal 0 0 -1
    outer loop
      vertex 0 108 0
      vertex 7.89488 98.0633 0
      vertex 7.89333 98.0636 0
    endloop
  endfacet
  facet normal 0 0 -1
    outer loop
      vertex 0 108 0
      vertex 7.89333 98.0636 0
      vertex 7.89176 98.0637 0
    endloop
  endfacet
  facet normal 0 0 -1
    outer loop
      vertex 0 108 0
      vertex 7.89176 98.0637 0
      vertex 7.49 98.0901 0
    endloop
  endfacet
  facet normal 0 0 -1
    outer loop
      vertex 0 108 0
      vertex 7.49 98.0901 0
      vertex 7.08824 98.0637 0
    endloop
  endfacet
  facet normal 0 0 -1
    outer loop
      vertex 0 108 0
      vertex 7.08824 98.0637 0
      vertex 7.08666 98.0636 0
    endloop
  endfacet
  facet normal 0 0 -1
    outer loop
      vertex 0 108 0
      vertex 7.08512 98.0633 0
      vertex 6.69023 97.9848 0
    endloop
  endfacet
  facet normal 0 0 -1
    outer loop
      vertex 0 108 0
      vertex 5.94365 97.6752 0
      vertex 5.60888 97.4515 0
    endloop
  endfacet
  facet normal 0 0 -1
    outer loop
      vertex 0 108 0
      vertex 5.30617 97.1861 0
      vertex 5.30499 97.185 0
    endloop
  endfacet
  facet normal 0 0 -1
    outer loop
      vertex 0 108 0
      vertex 5.03952 96.8823 0
      vertex 5.03848 96.8811 0
    endloop
  endfacet
  facet normal 0 0 -1
    outer loop
      vertex 0 108 0
      vertex 5.0376 96.8798 0
      vertex 4.81392 96.545 0
    endloop
  endfacet
  facet normal 0 0 -1
    outer loop
      vertex 0 108 0
      vertex 4.81322 96.5436 0
      vertex 4.63515 96.1825 0
    endloop
  endfacet
  facet normal 0 0 -1
    outer loop
      vertex 0 108 0
      vertex 4.63464 96.181 0
      vertex 4.50522 95.7998 0
    endloop
  endfacet
  facet normal 0 0 -1
    outer loop
      vertex 0 108 0
      vertex 4.40003 95.0016 0
      vertex 4.39993 95 0
    endloop
  endfacet
  facet normal 0 0 -1
    outer loop
      vertex 9.37112 97.4515 0
      vertex 0 108 0
      vertex 76.7 108 0
    endloop
  endfacet
  facet normal 0 0 -1
    outer loop
      vertex 7.08512 98.0633 0
      vertex 0 108 0
      vertex 7.08666 98.0636 0
    endloop
  endfacet
  facet normal 0 0 -1
    outer loop
      vertex 6.30897 97.8554 0
      vertex 0 108 0
      vertex 6.69023 97.9848 0
    endloop
  endfacet
  facet normal 0 0 -1
    outer loop
      vertex 6.30748 97.8549 0
      vertex 0 108 0
      vertex 6.30897 97.8554 0
    endloop
  endfacet
  facet normal 0 0 -1
    outer loop
      vertex 5.94638 97.6768 0
      vertex 0 108 0
      vertex 6.30748 97.8549 0
    endloop
  endfacet
  facet normal 0 0 -1
    outer loop
      vertex 5.94496 97.6761 0
      vertex 0 108 0
      vertex 5.94638 97.6768 0
    endloop
  endfacet
  facet normal 0 0 -1
    outer loop
      vertex 5.94365 97.6752 0
      vertex 0 108 0
      vertex 5.94496 97.6761 0
    endloop
  endfacet
  facet normal 0 0 -1
    outer loop
      vertex 5.30617 97.1861 0
      vertex 0 108 0
      vertex 5.60888 97.4515 0
    endloop
  endfacet
  facet normal 0 0 -1
    outer loop
      vertex 5.03952 96.8823 0
      vertex 0 108 0
      vertex 5.30499 97.185 0
    endloop
  endfacet
  facet normal 0 0 -1
    outer loop
      vertex 5.0376 96.8798 0
      vertex 0 108 0
      vertex 5.03848 96.8811 0
    endloop
  endfacet
  facet normal 0 0 -1
    outer loop
      vertex 4.81322 96.5436 0
      vertex 0 108 0
      vertex 4.81392 96.545 0
    endloop
  endfacet
  facet normal 0 0 -1
    outer loop
      vertex 4.63464 96.181 0
      vertex 0 108 0
      vertex 4.63515 96.1825 0
    endloop
  endfacet
  facet normal 0 0 -1
    outer loop
      vertex 4.42667 95.4049 0
      vertex 0 108 0
      vertex 4.50522 95.7998 0
    endloop
  endfacet
  facet normal 0 0 -1
    outer loop
      vertex 4.42636 95.4033 0
      vertex 0 108 0
      vertex 4.42667 95.4049 0
    endloop
  endfacet
  facet normal 0 0 -1
    outer loop
      vertex 4.40003 95.0016 0
      vertex 0 108 0
      vertex 4.42636 95.4033 0
    endloop
  endfacet
  facet normal 0 0 -1
    outer loop
      vertex 4.39993 94.2 0
      vertex 0 108 0
      vertex 4.39993 95 0
    endloop
  endfacet
  facet normal 0 -1 0
    outer loop
      vertex 57.7518 0 14.9141
      vertex 76.7 0 17.4
      vertex 18.9482 0 14.9141
    endloop
  endfacet
  facet normal 0 -1 0
    outer loop
      vertex 76.7 0 17.4
      vertex 57.7518 0 14.9141
      vertex 58.3 0 14.95
    endloop
  endfacet
  facet normal 0 -1 0
    outer loop
      vertex 19.487 0 14.8069
      vertex 57.7518 0 14.9141
      vertex 18.9482 0 14.9141
    endloop
  endfacet
  facet normal 0 -1 0
    outer loop
      vertex 19.487 0 14.8069
      vertex 57.213 0 14.8069
      vertex 57.7518 0 14.9141
    endloop
  endfacet
  facet normal 0 -1 0
    outer loop
      vertex 20.0073 0 14.6303
      vertex 57.213 0 14.8069
      vertex 19.487 0 14.8069
    endloop
  endfacet
  facet normal 0 -1 0
    outer loop
      vertex 20.0073 0 14.6303
      vertex 56.6927 0 14.6303
      vertex 57.213 0 14.8069
    endloop
  endfacet
  facet normal 0 -1 0
    outer loop
      vertex 20.5 0 14.3873
      vertex 56.6927 0 14.6303
      vertex 20.0073 0 14.6303
    endloop
  endfacet
  facet normal 0 -1 0
    outer loop
      vertex 20.5 0 14.3873
      vertex 56.2 0 14.3873
      vertex 56.6927 0 14.6303
    endloop
  endfacet
  facet normal 0 -1 0
    outer loop
      vertex 20.9568 0 14.0821
      vertex 56.2 0 14.3873
      vertex 20.5 0 14.3873
    endloop
  endfacet
  facet normal 0 -1 0
    outer loop
      vertex 20.9568 0 14.0821
      vertex 55.7432 0 14.0821
      vertex 56.2 0 14.3873
    endloop
  endfacet
  facet normal 0 -1 0
    outer loop
      vertex 21.3698 0 13.7198
      vertex 55.7432 0 14.0821
      vertex 20.9568 0 14.0821
    endloop
  endfacet
  facet normal 0 -1 0
    outer loop
      vertex 21.3698 0 13.7198
      vertex 55.3302 0 13.7198
      vertex 55.7432 0 14.0821
    endloop
  endfacet
  facet normal 0 -1 0
    outer loop
      vertex 21.7321 0 13.3068
      vertex 55.3302 0 13.7198
      vertex 21.3698 0 13.7198
    endloop
  endfacet
  facet normal 0 -1 0
    outer loop
      vertex 21.7321 0 13.3068
      vertex 54.9679 0 13.3068
      vertex 55.3302 0 13.7198
    endloop
  endfacet
  facet normal 0 -1 0
    outer loop
      vertex 22.0373 0 12.85
      vertex 54.9679 0 13.3068
      vertex 21.7321 0 13.3068
    endloop
  endfacet
  facet normal 0 -1 0
    outer loop
      vertex 22.0373 0 12.85
      vertex 54.6627 0 12.85
      vertex 54.9679 0 13.3068
    endloop
  endfacet
  facet normal 0 -1 0
    outer loop
      vertex 22.2803 0 12.3573
      vertex 54.6627 0 12.85
      vertex 22.0373 0 12.85
    endloop
  endfacet
  facet normal 0 -1 0
    outer loop
      vertex 22.2803 0 12.3573
      vertex 54.4197 0 12.3573
      vertex 54.6627 0 12.85
    endloop
  endfacet
  facet normal 0 -1 0
    outer loop
      vertex 22.4569 0 11.837
      vertex 54.4197 0 12.3573
      vertex 22.2803 0 12.3573
    endloop
  endfacet
  facet normal 0 -1 0
    outer loop
      vertex 22.4569 0 11.837
      vertex 54.2431 0 11.837
      vertex 54.4197 0 12.3573
    endloop
  endfacet
  facet normal 0 -1 0
    outer loop
      vertex 22.5641 0 11.2982
      vertex 54.2431 0 11.837
      vertex 22.4569 0 11.837
    endloop
  endfacet
  facet normal 0 -1 0
    outer loop
      vertex 22.5641 0 11.2982
      vertex 54.1359 0 11.2982
      vertex 54.2431 0 11.837
    endloop
  endfacet
  facet normal 0 -1 0
    outer loop
      vertex 22.6 0 10.75
      vertex 54.1359 0 11.2982
      vertex 22.5641 0 11.2982
    endloop
  endfacet
  facet normal 0 -1 0
    outer loop
      vertex 22.6 0 10.75
      vertex 54.1 0 10.75
      vertex 54.1359 0 11.2982
    endloop
  endfacet
  facet normal 0 -1 0
    outer loop
      vertex 22.6 0 6.65001
      vertex 54.1 0 10.75
      vertex 22.6 0 10.75
    endloop
  endfacet
  facet normal 0 -1 0
    outer loop
      vertex 22.6 0 6.65001
      vertex 54.1 0 6.65001
      vertex 54.1 0 10.75
    endloop
  endfacet
  facet normal 0 -1 0
    outer loop
      vertex 22.5641 0 6.10179
      vertex 54.1 0 6.65001
      vertex 22.6 0 6.65001
    endloop
  endfacet
  facet normal 0 -1 0
    outer loop
      vertex 22.5641 0 6.10179
      vertex 54.1359 0 6.10179
      vertex 54.1 0 6.65001
    endloop
  endfacet
  facet normal 0 -1 0
    outer loop
      vertex 22.4569 0 5.56296
      vertex 54.1359 0 6.10179
      vertex 22.5641 0 6.10179
    endloop
  endfacet
  facet normal 0 -1 0
    outer loop
      vertex 22.4569 0 5.56296
      vertex 54.2431 0 5.56296
      vertex 54.1359 0 6.10179
    endloop
  endfacet
  facet normal 0 -1 0
    outer loop
      vertex 22.2803 0 5.04274
      vertex 54.2431 0 5.56296
      vertex 22.4569 0 5.56296
    endloop
  endfacet
  facet normal 0 -1 0
    outer loop
      vertex 22.2803 0 5.04274
      vertex 54.4197 0 5.04274
      vertex 54.2431 0 5.56296
    endloop
  endfacet
  facet normal 0 -1 0
    outer loop
      vertex 22.0373 0 4.55001
      vertex 54.4197 0 5.04274
      vertex 22.2803 0 5.04274
    endloop
  endfacet
  facet normal 0 -1 0
    outer loop
      vertex 22.0373 0 4.55001
      vertex 54.6627 0 4.55001
      vertex 54.4197 0 5.04274
    endloop
  endfacet
  facet normal 0 -1 0
    outer loop
      vertex 21.7321 0 4.0932
      vertex 54.6627 0 4.55001
      vertex 22.0373 0 4.55001
    endloop
  endfacet
  facet normal 0 -1 0
    outer loop
      vertex 21.7321 0 4.0932
      vertex 54.9679 0 4.0932
      vertex 54.6627 0 4.55001
    endloop
  endfacet
  facet normal 0 -1 0
    outer loop
      vertex 21.3698 0 3.68016
      vertex 54.9679 0 4.0932
      vertex 21.7321 0 4.0932
    endloop
  endfacet
  facet normal 0 -1 0
    outer loop
      vertex 21.3698 0 3.68016
      vertex 55.3302 0 3.68016
      vertex 54.9679 0 4.0932
    endloop
  endfacet
  facet normal 0 -1 0
    outer loop
      vertex 20.9568 0 3.31792
      vertex 55.3302 0 3.68016
      vertex 21.3698 0 3.68016
    endloop
  endfacet
  facet normal 0 -1 0
    outer loop
      vertex 20.9568 0 3.31792
      vertex 55.7432 0 3.31792
      vertex 55.3302 0 3.68016
    endloop
  endfacet
  facet normal 0 -1 0
    outer loop
      vertex 20.5 0 3.0127
      vertex 55.7432 0 3.31792
      vertex 20.9568 0 3.31792
    endloop
  endfacet
  facet normal 0 -1 0
    outer loop
      vertex 20.5 0 3.0127
      vertex 56.2 0 3.0127
      vertex 55.7432 0 3.31792
    endloop
  endfacet
  facet normal 0 -1 0
    outer loop
      vertex 20.0073 0 2.76972
      vertex 56.2 0 3.0127
      vertex 20.5 0 3.0127
    endloop
  endfacet
  facet normal 0 -1 0
    outer loop
      vertex 20.0073 0 2.76972
      vertex 56.6927 0 2.76972
      vertex 56.2 0 3.0127
    endloop
  endfacet
  facet normal 0 -1 0
    outer loop
      vertex 19.487 0 2.59311
      vertex 56.6927 0 2.76972
      vertex 20.0073 0 2.76972
    endloop
  endfacet
  facet normal 0 -1 0
    outer loop
      vertex 19.487 0 2.59311
      vertex 57.213 0 2.59311
      vertex 56.6927 0 2.76972
    endloop
  endfacet
  facet normal 0 -1 0
    outer loop
      vertex 18.9482 0 2.48593
      vertex 57.213 0 2.59311
      vertex 19.487 0 2.59311
    endloop
  endfacet
  facet normal 0 -1 0
    outer loop
      vertex 18.9482 0 2.48593
      vertex 57.7518 0 2.48593
      vertex 57.213 0 2.59311
    endloop
  endfacet
  facet normal 0 -1 0
    outer loop
      vertex 0 0 0
      vertex 18.9482 0 2.48593
      vertex 18.4 0 2.45
    endloop
  endfacet
  facet normal 0 -1 -0
    outer loop
      vertex 18.9482 0 2.48593
      vertex 0 0 0
      vertex 57.7518 0 2.48593
    endloop
  endfacet
  facet normal 0 -1 0
    outer loop
      vertex 18.4 0 14.95
      vertex 0 0 17.4
      vertex 14.3 0 14.95
    endloop
  endfacet
  facet normal 0 -1 0
    outer loop
      vertex 0 0 17.4
      vertex 13.7518 0 14.9141
      vertex 14.3 0 14.95
    endloop
  endfacet
  facet normal 0 -1 0
    outer loop
      vertex 0 0 17.4
      vertex 13.213 0 14.8069
      vertex 13.7518 0 14.9141
    endloop
  endfacet
  facet normal 0 -1 0
    outer loop
      vertex 0 0 17.4
      vertex 12.6927 0 14.6303
      vertex 13.213 0 14.8069
    endloop
  endfacet
  facet normal 0 -1 0
    outer loop
      vertex 0 0 17.4
      vertex 12.2 0 14.3873
      vertex 12.6927 0 14.6303
    endloop
  endfacet
  facet normal 0 -1 0
    outer loop
      vertex 0 0 17.4
      vertex 11.7432 0 14.0821
      vertex 12.2 0 14.3873
    endloop
  endfacet
  facet normal 0 -1 0
    outer loop
      vertex 0 0 17.4
      vertex 11.3302 0 13.7198
      vertex 11.7432 0 14.0821
    endloop
  endfacet
  facet normal 0 -1 0
    outer loop
      vertex 0 0 17.4
      vertex 10.9679 0 13.3068
      vertex 11.3302 0 13.7198
    endloop
  endfacet
  facet normal 0 -1 0
    outer loop
      vertex 0 0 17.4
      vertex 10.6627 0 12.85
      vertex 10.9679 0 13.3068
    endloop
  endfacet
  facet normal 0 -1 0
    outer loop
      vertex 0 0 17.4
      vertex 10.4197 0 12.3573
      vertex 10.6627 0 12.85
    endloop
  endfacet
  facet normal 0 -1 0
    outer loop
      vertex 0 0 17.4
      vertex 10.2431 0 11.837
      vertex 10.4197 0 12.3573
    endloop
  endfacet
  facet normal 0 -1 0
    outer loop
      vertex 0 0 17.4
      vertex 10.1359 0 11.2982
      vertex 10.2431 0 11.837
    endloop
  endfacet
  facet normal 0 -1 0
    outer loop
      vertex 0 0 17.4
      vertex 10.1 0 10.75
      vertex 10.1359 0 11.2982
    endloop
  endfacet
  facet normal 0 -1 0
    outer loop
      vertex 0 0 17.4
      vertex 10.1 0 6.65001
      vertex 10.1 0 10.75
    endloop
  endfacet
  facet normal 0 -1 0
    outer loop
      vertex 0 0 0
      vertex 10.1 0 6.65001
      vertex 0 0 17.4
    endloop
  endfacet
  facet normal 0 -1 -0
    outer loop
      vertex 10.1 0 6.65001
      vertex 0 0 0
      vertex 10.1359 0 6.10179
    endloop
  endfacet
  facet normal 0 -1 -0
    outer loop
      vertex 10.1359 0 6.10179
      vertex 0 0 0
      vertex 10.2431 0 5.56296
    endloop
  endfacet
  facet normal 0 -1 -0
    outer loop
      vertex 10.2431 0 5.56296
      vertex 0 0 0
      vertex 10.4197 0 5.04274
    endloop
  endfacet
  facet normal 0 -1 -0
    outer loop
      vertex 10.4197 0 5.04274
      vertex 0 0 0
      vertex 10.6627 0 4.55001
    endloop
  endfacet
  facet normal 0 -1 0
    outer loop
      vertex 0 0 0
      vertex 18.4 0 2.45
      vertex 14.3 0 2.45
    endloop
  endfacet
  facet normal 0 -1 0
    outer loop
      vertex 76.7 0 0
      vertex 57.7518 0 2.48593
      vertex 0 0 0
    endloop
  endfacet
  facet normal 0 -1 0
    outer loop
      vertex 57.7518 0 2.48593
      vertex 76.7 0 0
      vertex 58.3 0 2.45
    endloop
  endfacet
  facet normal 0 -1 -0
    outer loop
      vertex 13.7518 0 2.48593
      vertex 0 0 0
      vertex 14.3 0 2.45
    endloop
  endfacet
  facet normal 0 -1 -0
    outer loop
      vertex 13.213 0 2.59311
      vertex 0 0 0
      vertex 13.7518 0 2.48593
    endloop
  endfacet
  facet normal 0 -1 -0
    outer loop
      vertex 12.6927 0 2.76972
      vertex 0 0 0
      vertex 13.213 0 2.59311
    endloop
  endfacet
  facet normal 0 -1 -0
    outer loop
      vertex 12.2 0 3.0127
      vertex 0 0 0
      vertex 12.6927 0 2.76972
    endloop
  endfacet
  facet normal 0 -1 -0
    outer loop
      vertex 11.7432 0 3.31792
      vertex 0 0 0
      vertex 12.2 0 3.0127
    endloop
  endfacet
  facet normal 0 -1 -0
    outer loop
      vertex 11.3302 0 3.68016
      vertex 0 0 0
      vertex 11.7432 0 3.31792
    endloop
  endfacet
  facet normal 0 -1 -0
    outer loop
      vertex 10.9679 0 4.0932
      vertex 0 0 0
      vertex 11.3302 0 3.68016
    endloop
  endfacet
  facet normal 0 -1 -0
    outer loop
      vertex 10.6627 0 4.55001
      vertex 0 0 0
      vertex 10.9679 0 4.0932
    endloop
  endfacet
  facet normal 0 -1 0
    outer loop
      vertex 18.9482 0 14.9141
      vertex 0 0 17.4
      vertex 18.4 0 14.95
    endloop
  endfacet
  facet normal 0 -1 0
    outer loop
      vertex 0 0 17.4
      vertex 18.9482 0 14.9141
      vertex 76.7 0 17.4
    endloop
  endfacet
  facet normal 0 -1 0
    outer loop
      vertex 62.4 0 14.95
      vertex 76.7 0 17.4
      vertex 58.3 0 14.95
    endloop
  endfacet
  facet normal 0 -1 0
    outer loop
      vertex 62.9482 0 14.9141
      vertex 76.7 0 17.4
      vertex 62.4 0 14.95
    endloop
  endfacet
  facet normal 0 -1 0
    outer loop
      vertex 63.487 0 14.8069
      vertex 76.7 0 17.4
      vertex 62.9482 0 14.9141
    endloop
  endfacet
  facet normal 0 -1 0
    outer loop
      vertex 64.0073 0 14.6303
      vertex 76.7 0 17.4
      vertex 63.487 0 14.8069
    endloop
  endfacet
  facet normal 0 -1 0
    outer loop
      vertex 64.5 0 14.3873
      vertex 76.7 0 17.4
      vertex 64.0073 0 14.6303
    endloop
  endfacet
  facet normal 0 -1 0
    outer loop
      vertex 64.9568 0 14.0821
      vertex 76.7 0 17.4
      vertex 64.5 0 14.3873
    endloop
  endfacet
  facet normal 0 -1 0
    outer loop
      vertex 65.3698 0 13.7198
      vertex 76.7 0 17.4
      vertex 64.9568 0 14.0821
    endloop
  endfacet
  facet normal 0 -1 0
    outer loop
      vertex 65.7321 0 13.3068
      vertex 76.7 0 17.4
      vertex 65.3698 0 13.7198
    endloop
  endfacet
  facet normal 0 -1 0
    outer loop
      vertex 66.0373 0 12.85
      vertex 76.7 0 17.4
      vertex 65.7321 0 13.3068
    endloop
  endfacet
  facet normal 0 -1 0
    outer loop
      vertex 66.2803 0 12.3573
      vertex 76.7 0 17.4
      vertex 66.0373 0 12.85
    endloop
  endfacet
  facet normal 0 -1 0
    outer loop
      vertex 66.4569 0 11.837
      vertex 76.7 0 17.4
      vertex 66.2803 0 12.3573
    endloop
  endfacet
  facet normal 0 -1 0
    outer loop
      vertex 66.5641 0 11.2982
      vertex 76.7 0 17.4
      vertex 66.4569 0 11.837
    endloop
  endfacet
  facet normal 0 -1 0
    outer loop
      vertex 66.6 0 10.75
      vertex 76.7 0 17.4
      vertex 66.5641 0 11.2982
    endloop
  endfacet
  facet normal 0 -1 0
    outer loop
      vertex 66.6 0 6.65001
      vertex 76.7 0 17.4
      vertex 66.6 0 10.75
    endloop
  endfacet
  facet normal 0 -1 0
    outer loop
      vertex 76.7 0 0
      vertex 66.6 0 6.65001
      vertex 66.5641 0 6.10179
    endloop
  endfacet
  facet normal 0 -1 0
    outer loop
      vertex 76.7 0 0
      vertex 66.5641 0 6.10179
      vertex 66.4569 0 5.56296
    endloop
  endfacet
  facet normal 0 -1 0
    outer loop
      vertex 76.7 0 0
      vertex 66.4569 0 5.56296
      vertex 66.2803 0 5.04274
    endloop
  endfacet
  facet normal 0 -1 0
    outer loop
      vertex 76.7 0 0
      vertex 66.2803 0 5.04274
      vertex 66.0373 0 4.55001
    endloop
  endfacet
  facet normal 0 -1 0
    outer loop
      vertex 76.7 0 0
      vertex 66.0373 0 4.55001
      vertex 65.7321 0 4.0932
    endloop
  endfacet
  facet normal 0 -1 0
    outer loop
      vertex 66.6 0 6.65001
      vertex 76.7 0 0
      vertex 76.7 0 17.4
    endloop
  endfacet
  facet normal 0 -1 0
    outer loop
      vertex 65.3698 0 3.68016
      vertex 76.7 0 0
      vertex 65.7321 0 4.0932
    endloop
  endfacet
  facet normal 0 -1 0
    outer loop
      vertex 64.9568 0 3.31792
      vertex 76.7 0 0
      vertex 65.3698 0 3.68016
    endloop
  endfacet
  facet normal 0 -1 0
    outer loop
      vertex 64.5 0 3.0127
      vertex 76.7 0 0
      vertex 64.9568 0 3.31792
    endloop
  endfacet
  facet normal 0 -1 0
    outer loop
      vertex 64.0073 0 2.76972
      vertex 76.7 0 0
      vertex 64.5 0 3.0127
    endloop
  endfacet
  facet normal 0 -1 0
    outer loop
      vertex 63.487 0 2.59311
      vertex 76.7 0 0
      vertex 64.0073 0 2.76972
    endloop
  endfacet
  facet normal 0 -1 0
    outer loop
      vertex 62.9482 0 2.48593
      vertex 76.7 0 0
      vertex 63.487 0 2.59311
    endloop
  endfacet
  facet normal 0 -1 0
    outer loop
      vertex 62.4 0 2.45
      vertex 76.7 0 0
      vertex 62.9482 0 2.48593
    endloop
  endfacet
  facet normal 0 -1 0
    outer loop
      vertex 58.3 0 2.45
      vertex 76.7 0 0
      vertex 62.4 0 2.45
    endloop
  endfacet
  facet normal -0 0 1
    outer loop
      vertex 0 3 17.4
      vertex 76.7 0 17.4
      vertex 76.7 3 17.4
    endloop
  endfacet
  facet normal 0 0 1
    outer loop
      vertex 76.7 0 17.4
      vertex 0 3 17.4
      vertex 0 0 17.4
    endloop
  endfacet
  facet normal 0 1 -0
    outer loop
      vertex 74.2 3 2
      vertex 2.5 3 8
      vertex 74.2 3 8
    endloop
  endfacet
  facet normal 0 1 0
    outer loop
      vertex 2.5 3 8
      vertex 74.2 3 2
      vertex 2.5 3 2
    endloop
  endfacet
  facet normal 0 1 0
    outer loop
      vertex 74.2 3 8
      vertex 76.7 3 17.4
      vertex 76.7 3 8
    endloop
  endfacet
  facet normal 0 1 0
    outer loop
      vertex 76.7 3 17.4
      vertex 74.2 3 8
      vertex 0 3 17.4
    endloop
  endfacet
  facet normal 0 1 -0
    outer loop
      vertex 2.5 3 8
      vertex 0 3 17.4
      vertex 74.2 3 8
    endloop
  endfacet
  facet normal 0 1 0
    outer loop
      vertex 0 3 17.4
      vertex 2.5 3 8
      vertex 0 3 8
    endloop
  endfacet
  facet normal 0 0 1
    outer loop
      vertex 4 108 8
      vertex 2.5 106 8
      vertex 4 106 8
    endloop
  endfacet
  facet normal -0 0 1
    outer loop
      vertex 0 108 8
      vertex 2.5 106 8
      vertex 4 108 8
    endloop
  endfacet
  facet normal 0 0 1
    outer loop
      vertex 0 3 8
      vertex 2.5 106 8
      vertex 0 108 8
    endloop
  endfacet
  facet normal 0 0 1
    outer loop
      vertex 2.5 106 8
      vertex 0 3 8
      vertex 2.5 3 8
    endloop
  endfacet
  facet normal 1 0 0
    outer loop
      vertex 2.5 106 8
      vertex 2.5 96.3 5
      vertex 2.5 106 2
    endloop
  endfacet
  facet normal 1 0 0
    outer loop
      vertex 2.5 106 8
      vertex 2.5 96.2855 5.22189
      vertex 2.5 96.3 5
    endloop
  endfacet
  facet normal 1 0 0
    outer loop
      vertex 2.5 106 8
      vertex 2.5 96.2421 5.43999
      vertex 2.5 96.2855 5.22189
    endloop
  endfacet
  facet normal 1 0 0
    outer loop
      vertex 2.5 106 8
      vertex 2.5 96.1706 5.65056
      vertex 2.5 96.2421 5.43999
    endloop
  endfacet
  facet normal 1 0 0
    outer loop
      vertex 2.5 106 8
      vertex 2.5 96.0722 5.85
      vertex 2.5 96.1706 5.65056
    endloop
  endfacet
  facet normal 1 0 0
    outer loop
      vertex 2.5 106 8
      vertex 2.5 95.9487 6.03489
      vertex 2.5 96.0722 5.85
    endloop
  endfacet
  facet normal 1 0 0
    outer loop
      vertex 2.5 106 8
      vertex 2.5 95.8021 6.20208
      vertex 2.5 95.9487 6.03489
    endloop
  endfacet
  facet normal 1 0 0
    outer loop
      vertex 2.5 106 8
      vertex 2.5 95.6349 6.3487
      vertex 2.5 95.8021 6.20208
    endloop
  endfacet
  facet normal 1 0 0
    outer loop
      vertex 2.5 106 8
      vertex 2.5 95.45 6.47224
      vertex 2.5 95.6349 6.3487
    endloop
  endfacet
  facet normal 1 0 0
    outer loop
      vertex 2.5 106 8
      vertex 2.5 95.2506 6.57059
      vertex 2.5 95.45 6.47224
    endloop
  endfacet
  facet normal 1 0 0
    outer loop
      vertex 2.5 106 8
      vertex 2.5 95.04 6.64207
      vertex 2.5 95.2506 6.57059
    endloop
  endfacet
  facet normal 1 0 0
    outer loop
      vertex 2.5 106 8
      vertex 2.5 94.8219 6.68546
      vertex 2.5 95.04 6.64207
    endloop
  endfacet
  facet normal 1 0 0
    outer loop
      vertex 2.5 106 8
      vertex 2.5 94.6 6.7
      vertex 2.5 94.8219 6.68546
    endloop
  endfacet
  facet normal 1 0 0
    outer loop
      vertex 2.5 106 8
      vertex 2.5 94.3781 6.68546
      vertex 2.5 94.6 6.7
    endloop
  endfacet
  facet normal 1 0 0
    outer loop
      vertex 2.5 92.9145 5.22189
      vertex 2.5 19.7 5
      vertex 2.5 92.9 5
    endloop
  endfacet
  facet normal 1 0 0
    outer loop
      vertex 2.5 19.6855 5.22189
      vertex 2.5 92.9145 5.22189
      vertex 2.5 92.9579 5.43999
    endloop
  endfacet
  facet normal 1 0 0
    outer loop
      vertex 2.5 19.6421 5.43999
      vertex 2.5 92.9579 5.43999
      vertex 2.5 93.0294 5.65056
    endloop
  endfacet
  facet normal 1 0 0
    outer loop
      vertex 2.5 19.5706 5.65056
      vertex 2.5 93.0294 5.65056
      vertex 2.5 93.1278 5.85
    endloop
  endfacet
  facet normal 1 0 0
    outer loop
      vertex 2.5 19.4722 5.85
      vertex 2.5 93.1278 5.85
      vertex 2.5 93.2513 6.03489
    endloop
  endfacet
  facet normal 1 0 0
    outer loop
      vertex 2.5 19.3487 6.03489
      vertex 2.5 93.2513 6.03489
      vertex 2.5 93.3979 6.20208
    endloop
  endfacet
  facet normal 1 0 0
    outer loop
      vertex 2.5 19.2021 6.20208
      vertex 2.5 93.3979 6.20208
      vertex 2.5 93.5651 6.3487
    endloop
  endfacet
  facet normal 1 0 0
    outer loop
      vertex 2.5 19.0349 6.3487
      vertex 2.5 93.5651 6.3487
      vertex 2.5 93.75 6.47224
    endloop
  endfacet
  facet normal 1 0 0
    outer loop
      vertex 2.5 18.85 6.47224
      vertex 2.5 93.75 6.47224
      vertex 2.5 93.9494 6.57059
    endloop
  endfacet
  facet normal 1 0 0
    outer loop
      vertex 2.5 18.6506 6.57059
      vertex 2.5 93.9494 6.57059
      vertex 2.5 94.16 6.64207
    endloop
  endfacet
  facet normal 1 0 0
    outer loop
      vertex 2.5 18.44 6.64207
      vertex 2.5 94.16 6.64207
      vertex 2.5 94.3781 6.68546
    endloop
  endfacet
  facet normal 1 0 0
    outer loop
      vertex 2.5 18.2219 6.68546
      vertex 2.5 94.3781 6.68546
      vertex 2.5 106 8
    endloop
  endfacet
  facet normal 1 0 0
    outer loop
      vertex 2.5 92.9145 5.22189
      vertex 2.5 19.6855 5.22189
      vertex 2.5 19.7 5
    endloop
  endfacet
  facet normal 1 0 0
    outer loop
      vertex 2.5 92.9579 5.43999
      vertex 2.5 19.6421 5.43999
      vertex 2.5 19.6855 5.22189
    endloop
  endfacet
  facet normal 1 0 0
    outer loop
      vertex 2.5 93.0294 5.65056
      vertex 2.5 19.5706 5.65056
      vertex 2.5 19.6421 5.43999
    endloop
  endfacet
  facet normal 1 0 0
    outer loop
      vertex 2.5 93.1278 5.85
      vertex 2.5 19.4722 5.85
      vertex 2.5 19.5706 5.65056
    endloop
  endfacet
  facet normal 1 0 0
    outer loop
      vertex 2.5 93.2513 6.03489
      vertex 2.5 19.3487 6.03489
      vertex 2.5 19.4722 5.85
    endloop
  endfacet
  facet normal 1 0 0
    outer loop
      vertex 2.5 93.3979 6.20208
      vertex 2.5 19.2021 6.20208
      vertex 2.5 19.3487 6.03489
    endloop
  endfacet
  facet normal 1 0 0
    outer loop
      vertex 2.5 93.5651 6.3487
      vertex 2.5 19.0349 6.3487
      vertex 2.5 19.2021 6.20208
    endloop
  endfacet
  facet normal 1 0 0
    outer loop
      vertex 2.5 93.75 6.47224
      vertex 2.5 18.85 6.47224
      vertex 2.5 19.0349 6.3487
    endloop
  endfacet
  facet normal 1 0 0
    outer loop
      vertex 2.5 93.9494 6.57059
      vertex 2.5 18.6506 6.57059
      vertex 2.5 18.85 6.47224
    endloop
  endfacet
  facet normal 1 0 0
    outer loop
      vertex 2.5 94.16 6.64207
      vertex 2.5 18.44 6.64207
      vertex 2.5 18.6506 6.57059
    endloop
  endfacet
  facet normal 1 0 0
    outer loop
      vertex 2.5 94.3781 6.68546
      vertex 2.5 18.2219 6.68546
      vertex 2.5 18.44 6.64207
    endloop
  endfacet
  facet normal 1 0 0
    outer loop
      vertex 2.5 106 8
      vertex 2.5 18 6.7
      vertex 2.5 18.2219 6.68546
    endloop
  endfacet
  facet normal 1 0 0
    outer loop
      vertex 2.5 16.3145 5.22189
      vertex 2.5 3 8
      vertex 2.5 16.3 5
    endloop
  endfacet
  facet normal 1 0 0
    outer loop
      vertex 2.5 16.3579 5.43999
      vertex 2.5 3 8
      vertex 2.5 16.3145 5.22189
    endloop
  endfacet
  facet normal 1 0 0
    outer loop
      vertex 2.5 16.4294 5.65056
      vertex 2.5 3 8
      vertex 2.5 16.3579 5.43999
    endloop
  endfacet
  facet normal 1 0 0
    outer loop
      vertex 2.5 16.5278 5.85
      vertex 2.5 3 8
      vertex 2.5 16.4294 5.65056
    endloop
  endfacet
  facet normal 1 0 0
    outer loop
      vertex 2.5 16.6513 6.03489
      vertex 2.5 3 8
      vertex 2.5 16.5278 5.85
    endloop
  endfacet
  facet normal 1 0 0
    outer loop
      vertex 2.5 16.7979 6.20208
      vertex 2.5 3 8
      vertex 2.5 16.6513 6.03489
    endloop
  endfacet
  facet normal 1 0 0
    outer loop
      vertex 2.5 16.9651 6.3487
      vertex 2.5 3 8
      vertex 2.5 16.7979 6.20208
    endloop
  endfacet
  facet normal 1 0 0
    outer loop
      vertex 2.5 17.15 6.47224
      vertex 2.5 3 8
      vertex 2.5 16.9651 6.3487
    endloop
  endfacet
  facet normal 1 0 0
    outer loop
      vertex 2.5 17.3494 6.57059
      vertex 2.5 3 8
      vertex 2.5 17.15 6.47224
    endloop
  endfacet
  facet normal 1 0 0
    outer loop
      vertex 2.5 17.56 6.64207
      vertex 2.5 3 8
      vertex 2.5 17.3494 6.57059
    endloop
  endfacet
  facet normal 1 0 0
    outer loop
      vertex 2.5 17.7781 6.68546
      vertex 2.5 3 8
      vertex 2.5 17.56 6.64207
    endloop
  endfacet
  facet normal 1 0 0
    outer loop
      vertex 2.5 18 6.7
      vertex 2.5 3 8
      vertex 2.5 17.7781 6.68546
    endloop
  endfacet
  facet normal 1 -0 0
    outer loop
      vertex 2.5 3 8
      vertex 2.5 18 6.7
      vertex 2.5 106 8
    endloop
  endfacet
  facet normal 1 -0 0
    outer loop
      vertex 2.5 96.2855 4.7781
      vertex 2.5 106 2
      vertex 2.5 96.3 5
    endloop
  endfacet
  facet normal 1 -0 0
    outer loop
      vertex 2.5 96.2421 4.56001
      vertex 2.5 106 2
      vertex 2.5 96.2855 4.7781
    endloop
  endfacet
  facet normal 1 -0 0
    outer loop
      vertex 2.5 96.1706 4.34944
      vertex 2.5 106 2
      vertex 2.5 96.2421 4.56001
    endloop
  endfacet
  facet normal 1 -0 0
    outer loop
      vertex 2.5 96.0722 4.15
      vertex 2.5 106 2
      vertex 2.5 96.1706 4.34944
    endloop
  endfacet
  facet normal 1 -0 0
    outer loop
      vertex 2.5 95.9487 3.96511
      vertex 2.5 106 2
      vertex 2.5 96.0722 4.15
    endloop
  endfacet
  facet normal 1 -0 0
    outer loop
      vertex 2.5 95.8021 3.79792
      vertex 2.5 106 2
      vertex 2.5 95.9487 3.96511
    endloop
  endfacet
  facet normal 1 -0 0
    outer loop
      vertex 2.5 95.6349 3.6513
      vertex 2.5 106 2
      vertex 2.5 95.8021 3.79792
    endloop
  endfacet
  facet normal 1 -0 0
    outer loop
      vertex 2.5 95.45 3.52776
      vertex 2.5 106 2
      vertex 2.5 95.6349 3.6513
    endloop
  endfacet
  facet normal 1 -0 0
    outer loop
      vertex 2.5 95.2506 3.4294
      vertex 2.5 106 2
      vertex 2.5 95.45 3.52776
    endloop
  endfacet
  facet normal 1 -0 0
    outer loop
      vertex 2.5 95.04 3.35793
      vertex 2.5 106 2
      vertex 2.5 95.2506 3.4294
    endloop
  endfacet
  facet normal 1 -0 0
    outer loop
      vertex 2.5 94.8219 3.31454
      vertex 2.5 106 2
      vertex 2.5 95.04 3.35793
    endloop
  endfacet
  facet normal 1 -0 0
    outer loop
      vertex 2.5 94.6 3.3
      vertex 2.5 106 2
      vertex 2.5 94.8219 3.31454
    endloop
  endfacet
  facet normal 1 0 0
    outer loop
      vertex 2.5 94.3781 3.31454
      vertex 2.5 106 2
      vertex 2.5 94.6 3.3
    endloop
  endfacet
  facet normal 1 -0 0
    outer loop
      vertex 2.5 19.7 5
      vertex 2.5 92.9145 4.7781
      vertex 2.5 92.9 5
    endloop
  endfacet
  facet normal 1 0 0
    outer loop
      vertex 2.5 19.6855 4.7781
      vertex 2.5 92.9145 4.7781
      vertex 2.5 19.7 5
    endloop
  endfacet
  facet normal 1 0 0
    outer loop
      vertex 2.5 92.9145 4.7781
      vertex 2.5 19.6855 4.7781
      vertex 2.5 92.9579 4.56001
    endloop
  endfacet
  facet normal 1 0 0
    outer loop
      vertex 2.5 19.6421 4.56001
      vertex 2.5 92.9579 4.56001
      vertex 2.5 19.6855 4.7781
    endloop
  endfacet
  facet normal 1 0 0
    outer loop
      vertex 2.5 92.9579 4.56001
      vertex 2.5 19.6421 4.56001
      vertex 2.5 93.0294 4.34944
    endloop
  endfacet
  facet normal 1 0 0
    outer loop
      vertex 2.5 19.5706 4.34944
      vertex 2.5 93.0294 4.34944
      vertex 2.5 19.6421 4.56001
    endloop
  endfacet
  facet normal 1 0 0
    outer loop
      vertex 2.5 93.0294 4.34944
      vertex 2.5 19.5706 4.34944
      vertex 2.5 93.1278 4.15
    endloop
  endfacet
  facet normal 1 0 0
    outer loop
      vertex 2.5 19.4722 4.15
      vertex 2.5 93.1278 4.15
      vertex 2.5 19.5706 4.34944
    endloop
  endfacet
  facet normal 1 0 0
    outer loop
      vertex 2.5 93.1278 4.15
      vertex 2.5 19.4722 4.15
      vertex 2.5 93.2513 3.96511
    endloop
  endfacet
  facet normal 1 0 0
    outer loop
      vertex 2.5 19.3487 3.96511
      vertex 2.5 93.2513 3.96511
      vertex 2.5 19.4722 4.15
    endloop
  endfacet
  facet normal 1 0 0
    outer loop
      vertex 2.5 93.2513 3.96511
      vertex 2.5 19.3487 3.96511
      vertex 2.5 93.3979 3.79792
    endloop
  endfacet
  facet normal 1 0 0
    outer loop
      vertex 2.5 19.2021 3.79792
      vertex 2.5 93.3979 3.79792
      vertex 2.5 19.3487 3.96511
    endloop
  endfacet
  facet normal 1 0 0
    outer loop
      vertex 2.5 93.3979 3.79792
      vertex 2.5 19.2021 3.79792
      vertex 2.5 93.5651 3.6513
    endloop
  endfacet
  facet normal 1 0 0
    outer loop
      vertex 2.5 19.0349 3.6513
      vertex 2.5 93.5651 3.6513
      vertex 2.5 19.2021 3.79792
    endloop
  endfacet
  facet normal 1 0 0
    outer loop
      vertex 2.5 93.5651 3.6513
      vertex 2.5 19.0349 3.6513
      vertex 2.5 93.75 3.52776
    endloop
  endfacet
  facet normal 1 0 0
    outer loop
      vertex 2.5 18.85 3.52776
      vertex 2.5 93.75 3.52776
      vertex 2.5 19.0349 3.6513
    endloop
  endfacet
  facet normal 1 0 0
    outer loop
      vertex 2.5 93.75 3.52776
      vertex 2.5 18.85 3.52776
      vertex 2.5 93.9494 3.4294
    endloop
  endfacet
  facet normal 1 0 0
    outer loop
      vertex 2.5 18.6506 3.4294
      vertex 2.5 93.9494 3.4294
      vertex 2.5 18.85 3.52776
    endloop
  endfacet
  facet normal 1 0 0
    outer loop
      vertex 2.5 93.9494 3.4294
      vertex 2.5 18.6506 3.4294
      vertex 2.5 94.16 3.35793
    endloop
  endfacet
  facet normal 1 0 0
    outer loop
      vertex 2.5 18.44 3.35793
      vertex 2.5 94.16 3.35793
      vertex 2.5 18.6506 3.4294
    endloop
  endfacet
  facet normal 1 0 0
    outer loop
      vertex 2.5 94.16 3.35793
      vertex 2.5 18.44 3.35793
      vertex 2.5 94.3781 3.31454
    endloop
  endfacet
  facet normal 1 0 0
    outer loop
      vertex 2.5 18.2219 3.31454
      vertex 2.5 94.3781 3.31454
      vertex 2.5 18.44 3.35793
    endloop
  endfacet
  facet normal 1 0 0
    outer loop
      vertex 2.5 94.3781 3.31454
      vertex 2.5 18.2219 3.31454
      vertex 2.5 106 2
    endloop
  endfacet
  facet normal 1 -0 0
    outer loop
      vertex 2.5 18 3.3
      vertex 2.5 106 2
      vertex 2.5 18.2219 3.31454
    endloop
  endfacet
  facet normal 1 0 0
    outer loop
      vertex 2.5 3 2
      vertex 2.5 16.3 5
      vertex 2.5 3 8
    endloop
  endfacet
  facet normal 1 0 0
    outer loop
      vertex 2.5 16.3 5
      vertex 2.5 3 2
      vertex 2.5 16.3145 4.7781
    endloop
  endfacet
  facet normal 1 0 0
    outer loop
      vertex 2.5 16.3145 4.7781
      vertex 2.5 3 2
      vertex 2.5 16.3579 4.56001
    endloop
  endfacet
  facet normal 1 0 0
    outer loop
      vertex 2.5 16.3579 4.56001
      vertex 2.5 3 2
      vertex 2.5 16.4294 4.34944
    endloop
  endfacet
  facet normal 1 0 0
    outer loop
      vertex 2.5 16.4294 4.34944
      vertex 2.5 3 2
      vertex 2.5 16.5278 4.15
    endloop
  endfacet
  facet normal 1 0 0
    outer loop
      vertex 2.5 16.5278 4.15
      vertex 2.5 3 2
      vertex 2.5 16.6513 3.96511
    endloop
  endfacet
  facet normal 1 0 0
    outer loop
      vertex 2.5 16.6513 3.96511
      vertex 2.5 3 2
      vertex 2.5 16.7979 3.79792
    endloop
  endfacet
  facet normal 1 0 0
    outer loop
      vertex 2.5 16.7979 3.79792
      vertex 2.5 3 2
      vertex 2.5 16.9651 3.6513
    endloop
  endfacet
  facet normal 1 0 0
    outer loop
      vertex 2.5 16.9651 3.6513
      vertex 2.5 3 2
      vertex 2.5 17.15 3.52776
    endloop
  endfacet
  facet normal 1 0 0
    outer loop
      vertex 2.5 17.15 3.52776
      vertex 2.5 3 2
      vertex 2.5 17.3494 3.4294
    endloop
  endfacet
  facet normal 1 0 0
    outer loop
      vertex 2.5 18 3.3
      vertex 2.5 3 2
      vertex 2.5 106 2
    endloop
  endfacet
  facet normal 1 0 0
    outer loop
      vertex 2.5 17.7781 3.31454
      vertex 2.5 3 2
      vertex 2.5 18 3.3
    endloop
  endfacet
  facet normal 1 0 0
    outer loop
      vertex 2.5 17.56 3.35793
      vertex 2.5 3 2
      vertex 2.5 17.7781 3.31454
    endloop
  endfacet
  facet normal 1 0 0
    outer loop
      vertex 2.5 17.3494 3.4294
      vertex 2.5 3 2
      vertex 2.5 17.56 3.35793
    endloop
  endfacet
  facet normal -1 0 0
    outer loop
      vertex 74.2 106 2
      vertex 74.2 96.3 5
      vertex 74.2 106 8
    endloop
  endfacet
  facet normal -1 0 0
    outer loop
      vertex 74.2 106 2
      vertex 74.2 96.2855 4.7781
      vertex 74.2 96.3 5
    endloop
  endfacet
  facet normal -1 0 0
    outer loop
      vertex 74.2 106 2
      vertex 74.2 96.2421 4.56001
      vertex 74.2 96.2855 4.7781
    endloop
  endfacet
  facet normal -1 0 0
    outer loop
      vertex 74.2 106 2
      vertex 74.2 96.1706 4.34944
      vertex 74.2 96.2421 4.56001
    endloop
  endfacet
  facet normal -1 0 0
    outer loop
      vertex 74.2 106 2
      vertex 74.2 96.0722 4.15
      vertex 74.2 96.1706 4.34944
    endloop
  endfacet
  facet normal -1 0 0
    outer loop
      vertex 74.2 106 2
      vertex 74.2 95.9487 3.96511
      vertex 74.2 96.0722 4.15
    endloop
  endfacet
  facet normal -1 0 0
    outer loop
      vertex 74.2 106 2
      vertex 74.2 95.8021 3.79792
      vertex 74.2 95.9487 3.96511
    endloop
  endfacet
  facet normal -1 0 0
    outer loop
      vertex 74.2 106 2
      vertex 74.2 95.6349 3.6513
      vertex 74.2 95.8021 3.79792
    endloop
  endfacet
  facet normal -1 0 0
    outer loop
      vertex 74.2 106 2
      vertex 74.2 95.45 3.52776
      vertex 74.2 95.6349 3.6513
    endloop
  endfacet
  facet normal -1 0 0
    outer loop
      vertex 74.2 106 2
      vertex 74.2 95.2506 3.4294
      vertex 74.2 95.45 3.52776
    endloop
  endfacet
  facet normal -1 0 0
    outer loop
      vertex 74.2 106 2
      vertex 74.2 95.04 3.35793
      vertex 74.2 95.2506 3.4294
    endloop
  endfacet
  facet normal -1 0 0
    outer loop
      vertex 74.2 106 2
      vertex 74.2 94.8219 3.31454
      vertex 74.2 95.04 3.35793
    endloop
  endfacet
  facet normal -1 0 0
    outer loop
      vertex 74.2 106 2
      vertex 74.2 94.6 3.3
      vertex 74.2 94.8219 3.31454
    endloop
  endfacet
  facet normal -1 0 0
    outer loop
      vertex 74.2 106 2
      vertex 74.2 94.3781 3.31454
      vertex 74.2 94.6 3.3
    endloop
  endfacet
  facet normal -1 0 0
    outer loop
      vertex 74.2 92.9145 4.7781
      vertex 74.2 19.7 5
      vertex 74.2 92.9 5
    endloop
  endfacet
  facet normal -1 0 0
    outer loop
      vertex 74.2 19.6855 4.7781
      vertex 74.2 92.9145 4.7781
      vertex 74.2 92.9579 4.56001
    endloop
  endfacet
  facet normal -1 0 0
    outer loop
      vertex 74.2 19.6421 4.56001
      vertex 74.2 92.9579 4.56001
      vertex 74.2 93.0294 4.34944
    endloop
  endfacet
  facet normal -1 0 0
    outer loop
      vertex 74.2 19.5706 4.34944
      vertex 74.2 93.0294 4.34944
      vertex 74.2 93.1278 4.15
    endloop
  endfacet
  facet normal -1 0 0
    outer loop
      vertex 74.2 19.4722 4.15
      vertex 74.2 93.1278 4.15
      vertex 74.2 93.2513 3.96511
    endloop
  endfacet
  facet normal -1 0 0
    outer loop
      vertex 74.2 19.3487 3.96511
      vertex 74.2 93.2513 3.96511
      vertex 74.2 93.3979 3.79792
    endloop
  endfacet
  facet normal -1 0 0
    outer loop
      vertex 74.2 19.2021 3.79792
      vertex 74.2 93.3979 3.79792
      vertex 74.2 93.5651 3.6513
    endloop
  endfacet
  facet normal -1 0 0
    outer loop
      vertex 74.2 19.0349 3.6513
      vertex 74.2 93.5651 3.6513
      vertex 74.2 93.75 3.52776
    endloop
  endfacet
  facet normal -1 0 0
    outer loop
      vertex 74.2 18.85 3.52776
      vertex 74.2 93.75 3.52776
      vertex 74.2 93.9494 3.4294
    endloop
  endfacet
  facet normal -1 0 0
    outer loop
      vertex 74.2 18.6506 3.4294
      vertex 74.2 93.9494 3.4294
      vertex 74.2 94.16 3.35793
    endloop
  endfacet
  facet normal -1 0 0
    outer loop
      vertex 74.2 18.44 3.35793
      vertex 74.2 94.16 3.35793
      vertex 74.2 94.3781 3.31454
    endloop
  endfacet
  facet normal -1 0 0
    outer loop
      vertex 74.2 18.2219 3.31454
      vertex 74.2 94.3781 3.31454
      vertex 74.2 106 2
    endloop
  endfacet
  facet normal -1 0 0
    outer loop
      vertex 74.2 92.9145 4.7781
      vertex 74.2 19.6855 4.7781
      vertex 74.2 19.7 5
    endloop
  endfacet
  facet normal -1 0 0
    outer loop
      vertex 74.2 92.9579 4.56001
      vertex 74.2 19.6421 4.56001
      vertex 74.2 19.6855 4.7781
    endloop
  endfacet
  facet normal -1 0 0
    outer loop
      vertex 74.2 93.0294 4.34944
      vertex 74.2 19.5706 4.34944
      vertex 74.2 19.6421 4.56001
    endloop
  endfacet
  facet normal -1 0 0
    outer loop
      vertex 74.2 93.1278 4.15
      vertex 74.2 19.4722 4.15
      vertex 74.2 19.5706 4.34944
    endloop
  endfacet
  facet normal -1 0 0
    outer loop
      vertex 74.2 93.2513 3.96511
      vertex 74.2 19.3487 3.96511
      vertex 74.2 19.4722 4.15
    endloop
  endfacet
  facet normal -1 0 0
    outer loop
      vertex 74.2 93.3979 3.79792
      vertex 74.2 19.2021 3.79792
      vertex 74.2 19.3487 3.96511
    endloop
  endfacet
  facet normal -1 0 0
    outer loop
      vertex 74.2 93.5651 3.6513
      vertex 74.2 19.0349 3.6513
      vertex 74.2 19.2021 3.79792
    endloop
  endfacet
  facet normal -1 0 0
    outer loop
      vertex 74.2 93.75 3.52776
      vertex 74.2 18.85 3.52776
      vertex 74.2 19.0349 3.6513
    endloop
  endfacet
  facet normal -1 0 0
    outer loop
      vertex 74.2 93.9494 3.4294
      vertex 74.2 18.6506 3.4294
      vertex 74.2 18.85 3.52776
    endloop
  endfacet
  facet normal -1 0 0
    outer loop
      vertex 74.2 94.16 3.35793
      vertex 74.2 18.44 3.35793
      vertex 74.2 18.6506 3.4294
    endloop
  endfacet
  facet normal -1 0 0
    outer loop
      vertex 74.2 94.3781 3.31454
      vertex 74.2 18.2219 3.31454
      vertex 74.2 18.44 3.35793
    endloop
  endfacet
  facet normal -1 0 0
    outer loop
      vertex 74.2 106 2
      vertex 74.2 18 3.3
      vertex 74.2 18.2219 3.31454
    endloop
  endfacet
  facet normal -1 -0 0
    outer loop
      vertex 74.2 16.3145 4.7781
      vertex 74.2 3 2
      vertex 74.2 16.3 5
    endloop
  endfacet
  facet normal -1 -0 0
    outer loop
      vertex 74.2 16.3579 4.56001
      vertex 74.2 3 2
      vertex 74.2 16.3145 4.7781
    endloop
  endfacet
  facet normal -1 -0 0
    outer loop
      vertex 74.2 16.4294 4.34944
      vertex 74.2 3 2
      vertex 74.2 16.3579 4.56001
    endloop
  endfacet
  facet normal -1 -0 0
    outer loop
      vertex 74.2 16.5278 4.15
      vertex 74.2 3 2
      vertex 74.2 16.4294 4.34944
    endloop
  endfacet
  facet normal -1 -0 0
    outer loop
      vertex 74.2 16.6513 3.96511
      vertex 74.2 3 2
      vertex 74.2 16.5278 4.15
    endloop
  endfacet
  facet normal -1 -0 0
    outer loop
      vertex 74.2 16.7979 3.79792
      vertex 74.2 3 2
      vertex 74.2 16.6513 3.96511
    endloop
  endfacet
  facet normal -1 -0 0
    outer loop
      vertex 74.2 16.9651 3.6513
      vertex 74.2 3 2
      vertex 74.2 16.7979 3.79792
    endloop
  endfacet
  facet normal -1 -0 0
    outer loop
      vertex 74.2 17.15 3.52776
      vertex 74.2 3 2
      vertex 74.2 16.9651 3.6513
    endloop
  endfacet
  facet normal -1 -0 0
    outer loop
      vertex 74.2 17.3494 3.4294
      vertex 74.2 3 2
      vertex 74.2 17.15 3.52776
    endloop
  endfacet
  facet normal -1 -0 0
    outer loop
      vertex 74.2 17.56 3.35793
      vertex 74.2 3 2
      vertex 74.2 17.3494 3.4294
    endloop
  endfacet
  facet normal -1 -0 0
    outer loop
      vertex 74.2 17.7781 3.31454
      vertex 74.2 3 2
      vertex 74.2 17.56 3.35793
    endloop
  endfacet
  facet normal -1 -0 0
    outer loop
      vertex 74.2 18 3.3
      vertex 74.2 3 2
      vertex 74.2 17.7781 3.31454
    endloop
  endfacet
  facet normal -1 0 0
    outer loop
      vertex 74.2 3 2
      vertex 74.2 18 3.3
      vertex 74.2 106 2
    endloop
  endfacet
  facet normal -1 0 0
    outer loop
      vertex 74.2 96.2855 5.22189
      vertex 74.2 106 8
      vertex 74.2 96.3 5
    endloop
  endfacet
  facet normal -1 0 0
    outer loop
      vertex 74.2 96.2421 5.43999
      vertex 74.2 106 8
      vertex 74.2 96.2855 5.22189
    endloop
  endfacet
  facet normal -1 0 0
    outer loop
      vertex 74.2 96.1706 5.65056
      vertex 74.2 106 8
      vertex 74.2 96.2421 5.43999
    endloop
  endfacet
  facet normal -1 0 0
    outer loop
      vertex 74.2 96.0722 5.85
      vertex 74.2 106 8
      vertex 74.2 96.1706 5.65056
    endloop
  endfacet
  facet normal -1 0 0
    outer loop
      vertex 74.2 95.9487 6.03489
      vertex 74.2 106 8
      vertex 74.2 96.0722 5.85
    endloop
  endfacet
  facet normal -1 0 0
    outer loop
      vertex 74.2 95.8021 6.20208
      vertex 74.2 106 8
      vertex 74.2 95.9487 6.03489
    endloop
  endfacet
  facet normal -1 0 0
    outer loop
      vertex 74.2 95.6349 6.3487
      vertex 74.2 106 8
      vertex 74.2 95.8021 6.20208
    endloop
  endfacet
  facet normal -1 0 0
    outer loop
      vertex 74.2 95.45 6.47224
      vertex 74.2 106 8
      vertex 74.2 95.6349 6.3487
    endloop
  endfacet
  facet normal -1 0 0
    outer loop
      vertex 74.2 95.2506 6.57059
      vertex 74.2 106 8
      vertex 74.2 95.45 6.47224
    endloop
  endfacet
  facet normal -1 0 0
    outer loop
      vertex 74.2 95.04 6.64207
      vertex 74.2 106 8
      vertex 74.2 95.2506 6.57059
    endloop
  endfacet
  facet normal -1 0 0
    outer loop
      vertex 74.2 94.8219 6.68546
      vertex 74.2 106 8
      vertex 74.2 95.04 6.64207
    endloop
  endfacet
  facet normal -1 0 0
    outer loop
      vertex 74.2 94.6 6.7
      vertex 74.2 106 8
      vertex 74.2 94.8219 6.68546
    endloop
  endfacet
  facet normal -1 0 0
    outer loop
      vertex 74.2 94.3781 6.68546
      vertex 74.2 106 8
      vertex 74.2 94.6 6.7
    endloop
  endfacet
  facet normal -1 0 0
    outer loop
      vertex 74.2 19.7 5
      vertex 74.2 92.9145 5.22189
      vertex 74.2 92.9 5
    endloop
  endfacet
  facet normal -1 0 0
    outer loop
      vertex 74.2 19.6855 5.22189
      vertex 74.2 92.9145 5.22189
      vertex 74.2 19.7 5
    endloop
  endfacet
  facet normal -1 0 0
    outer loop
      vertex 74.2 92.9145 5.22189
      vertex 74.2 19.6855 5.22189
      vertex 74.2 92.9579 5.43999
    endloop
  endfacet
  facet normal -1 0 0
    outer loop
      vertex 74.2 19.6421 5.43999
      vertex 74.2 92.9579 5.43999
      vertex 74.2 19.6855 5.22189
    endloop
  endfacet
  facet normal -1 0 0
    outer loop
      vertex 74.2 92.9579 5.43999
      vertex 74.2 19.6421 5.43999
      vertex 74.2 93.0294 5.65056
    endloop
  endfacet
  facet normal -1 0 0
    outer loop
      vertex 74.2 19.5706 5.65056
      vertex 74.2 93.0294 5.65056
      vertex 74.2 19.6421 5.43999
    endloop
  endfacet
  facet normal -1 0 0
    outer loop
      vertex 74.2 93.0294 5.65056
      vertex 74.2 19.5706 5.65056
      vertex 74.2 93.1278 5.85
    endloop
  endfacet
  facet normal -1 0 0
    outer loop
      vertex 74.2 19.4722 5.85
      vertex 74.2 93.1278 5.85
      vertex 74.2 19.5706 5.65056
    endloop
  endfacet
  facet normal -1 0 0
    outer loop
      vertex 74.2 93.1278 5.85
      vertex 74.2 19.4722 5.85
      vertex 74.2 93.2513 6.03489
    endloop
  endfacet
  facet normal -1 0 0
    outer loop
      vertex 74.2 19.3487 6.03489
      vertex 74.2 93.2513 6.03489
      vertex 74.2 19.4722 5.85
    endloop
  endfacet
  facet normal -1 0 0
    outer loop
      vertex 74.2 93.2513 6.03489
      vertex 74.2 19.3487 6.03489
      vertex 74.2 93.3979 6.20208
    endloop
  endfacet
  facet normal -1 0 0
    outer loop
      vertex 74.2 19.2021 6.20208
      vertex 74.2 93.3979 6.20208
      vertex 74.2 19.3487 6.03489
    endloop
  endfacet
  facet normal -1 0 0
    outer loop
      vertex 74.2 93.3979 6.20208
      vertex 74.2 19.2021 6.20208
      vertex 74.2 93.5651 6.3487
    endloop
  endfacet
  facet normal -1 0 0
    outer loop
      vertex 74.2 19.0349 6.3487
      vertex 74.2 93.5651 6.3487
      vertex 74.2 19.2021 6.20208
    endloop
  endfacet
  facet normal -1 0 0
    outer loop
      vertex 74.2 93.5651 6.3487
      vertex 74.2 19.0349 6.3487
      vertex 74.2 93.75 6.47224
    endloop
  endfacet
  facet normal -1 0 0
    outer loop
      vertex 74.2 18.85 6.47224
      vertex 74.2 93.75 6.47224
      vertex 74.2 19.0349 6.3487
    endloop
  endfacet
  facet normal -1 0 0
    outer loop
      vertex 74.2 93.75 6.47224
      vertex 74.2 18.85 6.47224
      vertex 74.2 93.9494 6.57059
    endloop
  endfacet
  facet normal -1 0 0
    outer loop
      vertex 74.2 18.6506 6.57059
      vertex 74.2 93.9494 6.57059
      vertex 74.2 18.85 6.47224
    endloop
  endfacet
  facet normal -1 0 0
    outer loop
      vertex 74.2 93.9494 6.57059
      vertex 74.2 18.6506 6.57059
      vertex 74.2 94.16 6.64207
    endloop
  endfacet
  facet normal -1 0 0
    outer loop
      vertex 74.2 18.44 6.64207
      vertex 74.2 94.16 6.64207
      vertex 74.2 18.6506 6.57059
    endloop
  endfacet
  facet normal -1 0 0
    outer loop
      vertex 74.2 94.16 6.64207
      vertex 74.2 18.44 6.64207
      vertex 74.2 94.3781 6.68546
    endloop
  endfacet
  facet normal -1 0 0
    outer loop
      vertex 74.2 18.2219 6.68546
      vertex 74.2 94.3781 6.68546
      vertex 74.2 18.44 6.64207
    endloop
  endfacet
  facet normal -1 0 0
    outer loop
      vertex 74.2 94.3781 6.68546
      vertex 74.2 18.2219 6.68546
      vertex 74.2 106 8
    endloop
  endfacet
  facet normal -1 0 0
    outer loop
      vertex 74.2 18 6.7
      vertex 74.2 106 8
      vertex 74.2 18.2219 6.68546
    endloop
  endfacet
  facet normal -1 0 0
    outer loop
      vertex 74.2 3 8
      vertex 74.2 16.3 5
      vertex 74.2 3 2
    endloop
  endfacet
  facet normal -1 0 0
    outer loop
      vertex 74.2 16.3 5
      vertex 74.2 3 8
      vertex 74.2 16.3145 5.22189
    endloop
  endfacet
  facet normal -1 0 0
    outer loop
      vertex 74.2 16.3145 5.22189
      vertex 74.2 3 8
      vertex 74.2 16.3579 5.43999
    endloop
  endfacet
  facet normal -1 0 0
    outer loop
      vertex 74.2 16.3579 5.43999
      vertex 74.2 3 8
      vertex 74.2 16.4294 5.65056
    endloop
  endfacet
  facet normal -1 0 0
    outer loop
      vertex 74.2 16.4294 5.65056
      vertex 74.2 3 8
      vertex 74.2 16.5278 5.85
    endloop
  endfacet
  facet normal -1 0 0
    outer loop
      vertex 74.2 16.5278 5.85
      vertex 74.2 3 8
      vertex 74.2 16.6513 6.03489
    endloop
  endfacet
  facet normal -1 0 0
    outer loop
      vertex 74.2 16.6513 6.03489
      vertex 74.2 3 8
      vertex 74.2 16.7979 6.20208
    endloop
  endfacet
  facet normal -1 0 0
    outer loop
      vertex 74.2 16.7979 6.20208
      vertex 74.2 3 8
      vertex 74.2 16.9651 6.3487
    endloop
  endfacet
  facet normal -1 0 0
    outer loop
      vertex 74.2 16.9651 6.3487
      vertex 74.2 3 8
      vertex 74.2 17.15 6.47224
    endloop
  endfacet
  facet normal -1 0 0
    outer loop
      vertex 74.2 17.15 6.47224
      vertex 74.2 3 8
      vertex 74.2 17.3494 6.57059
    endloop
  endfacet
  facet normal -1 0 0
    outer loop
      vertex 74.2 18 6.7
      vertex 74.2 3 8
      vertex 74.2 106 8
    endloop
  endfacet
  facet normal -1 0 0
    outer loop
      vertex 74.2 17.7781 6.68546
      vertex 74.2 3 8
      vertex 74.2 18 6.7
    endloop
  endfacet
  facet normal -1 0 0
    outer loop
      vertex 74.2 17.56 6.64207
      vertex 74.2 3 8
      vertex 74.2 17.7781 6.68546
    endloop
  endfacet
  facet normal -1 0 0
    outer loop
      vertex 74.2 17.3494 6.57059
      vertex 74.2 3 8
      vertex 74.2 17.56 6.64207
    endloop
  endfacet
  facet normal 0 0 1
    outer loop
      vertex 76.7 108 8
      vertex 74.2 106 8
      vertex 76.7 3 8
    endloop
  endfacet
  facet normal -0 0 1
    outer loop
      vertex 72.7 108 8
      vertex 74.2 106 8
      vertex 76.7 108 8
    endloop
  endfacet
  facet normal 0 0 1
    outer loop
      vertex 74.2 106 8
      vertex 72.7 108 8
      vertex 72.7 106 8
    endloop
  endfacet
  facet normal 0 0 1
    outer loop
      vertex 76.7 3 8
      vertex 74.2 106 8
      vertex 74.2 3 8
    endloop
  endfacet
  facet normal 1 -0 0
    outer loop
      vertex 4 106 8
      vertex 4 108 2
      vertex 4 108 8
    endloop
  endfacet
  facet normal 1 0 0
    outer loop
      vertex 4 108 2
      vertex 4 106 8
      vertex 4 106 2
    endloop
  endfacet
  facet normal 0 -1 0
    outer loop
      vertex 2.5 106 2
      vertex 4 106 8
      vertex 2.5 106 8
    endloop
  endfacet
  facet normal 0 -1 -0
    outer loop
      vertex 4 106 8
      vertex 2.5 106 2
      vertex 4 106 2
    endloop
  endfacet
  facet normal -1 0 0
    outer loop
      vertex 72.7 106 2
      vertex 72.7 108 8
      vertex 72.7 108 2
    endloop
  endfacet
  facet normal -1 -0 0
    outer loop
      vertex 72.7 108 8
      vertex 72.7 106 2
      vertex 72.7 106 8
    endloop
  endfacet
  facet normal 0 -1 0
    outer loop
      vertex 72.7 106 2
      vertex 74.2 106 8
      vertex 72.7 106 8
    endloop
  endfacet
  facet normal 0 -1 -0
    outer loop
      vertex 74.2 106 8
      vertex 72.7 106 2
      vertex 74.2 106 2
    endloop
  endfacet
  facet normal -1 0 0
    outer loop
      vertex 9.19 17.6 1.4
      vertex 9.19 18.4 2
      vertex 9.19 18.4 1.4
    endloop
  endfacet
  facet normal -1 -0 0
    outer loop
      vertex 9.19 18.4 2
      vertex 9.19 17.6 1.4
      vertex 9.19 17.6 2
    endloop
  endfacet
  facet normal 0.980779 -0.195122 0
    outer loop
      vertex 5.80454 18.6219 2
      vertex 5.84793 18.84 1.4
      vertex 5.84793 18.84 2
    endloop
  endfacet
  facet normal 0.980779 -0.195122 0
    outer loop
      vertex 5.84793 18.84 1.4
      vertex 5.80454 18.6219 2
      vertex 5.80454 18.6219 1.4
    endloop
  endfacet
  facet normal -0.99786 -0.0653848 0
    outer loop
      vertex 9.19 18.4 1.4
      vertex 9.17546 18.6219 2
      vertex 9.17546 18.6219 1.4
    endloop
  endfacet
  facet normal -0.99786 -0.0653848 0
    outer loop
      vertex 9.17546 18.6219 2
      vertex 9.19 18.4 1.4
      vertex 9.19 18.4 2
    endloop
  endfacet
  facet normal 0.555426 -0.831566 0
    outer loop
      vertex 6.4551 19.7487 1.4
      vertex 6.64 19.8722 2
      vertex 6.4551 19.7487 2
    endloop
  endfacet
  facet normal 0.555426 -0.831566 0
    outer loop
      vertex 6.64 19.8722 2
      vertex 6.4551 19.7487 1.4
      vertex 6.64 19.8722 1.4
    endloop
  endfacet
  facet normal -0.659291 -0.751888 0
    outer loop
      vertex 8.52489 19.7487 1.4
      vertex 8.69208 19.6021 2
      vertex 8.52489 19.7487 2
    endloop
  endfacet
  facet normal -0.659291 -0.751888 -0
    outer loop
      vertex 8.69208 19.6021 2
      vertex 8.52489 19.7487 1.4
      vertex 8.69208 19.6021 1.4
    endloop
  endfacet
  facet normal -0.99786 0.0653848 0
    outer loop
      vertex 9.17546 17.3781 1.4
      vertex 9.19 17.6 2
      vertex 9.19 17.6 1.4
    endloop
  endfacet
  facet normal -0.99786 0.0653848 0
    outer loop
      vertex 9.19 17.6 2
      vertex 9.17546 17.3781 1.4
      vertex 9.17546 17.3781 2
    endloop
  endfacet
  facet normal -0.896843 0.442349 0
    outer loop
      vertex 8.96224 16.75 1.4
      vertex 9.06059 16.9494 2
      vertex 9.06059 16.9494 1.4
    endloop
  endfacet
  facet normal -0.896843 0.442349 0
    outer loop
      vertex 9.06059 16.9494 2
      vertex 8.96224 16.75 1.4
      vertex 8.96224 16.75 2
    endloop
  endfacet
  facet normal 0.751863 0.659319 0
    outer loop
      vertex 6.28792 16.3979 2
      vertex 6.1413 16.5651 1.4
      vertex 6.1413 16.5651 2
    endloop
  endfacet
  facet normal 0.751863 0.659319 0
    outer loop
      vertex 6.1413 16.5651 1.4
      vertex 6.28792 16.3979 2
      vertex 6.28792 16.3979 1.4
    endloop
  endfacet
  facet normal 0.0652057 0.997872 -0
    outer loop
      vertex 7.49 15.9 1.4
      vertex 7.2681 15.9145 2
      vertex 7.49 15.9 2
    endloop
  endfacet
  facet normal 0.0652057 0.997872 0
    outer loop
      vertex 7.2681 15.9145 2
      vertex 7.49 15.9 1.4
      vertex 7.2681 15.9145 1.4
    endloop
  endfacet
  facet normal -0.442459 0.896789 0
    outer loop
      vertex 8.34 16.1278 1.4
      vertex 8.14056 16.0294 2
      vertex 8.34 16.1278 2
    endloop
  endfacet
  facet normal -0.442459 0.896789 0
    outer loop
      vertex 8.14056 16.0294 2
      vertex 8.34 16.1278 1.4
      vertex 8.14056 16.0294 1.4
    endloop
  endfacet
  facet normal 0.442459 -0.896789 0
    outer loop
      vertex 6.64 19.8722 1.4
      vertex 6.83944 19.9706 2
      vertex 6.64 19.8722 2
    endloop
  endfacet
  facet normal 0.442459 -0.896789 0
    outer loop
      vertex 6.83944 19.9706 2
      vertex 6.64 19.8722 1.4
      vertex 6.83944 19.9706 1.4
    endloop
  endfacet
  facet normal 0.659313 -0.751869 0
    outer loop
      vertex 6.28792 19.6021 1.4
      vertex 6.4551 19.7487 2
      vertex 6.28792 19.6021 2
    endloop
  endfacet
  facet normal 0.659313 -0.751869 0
    outer loop
      vertex 6.4551 19.7487 2
      vertex 6.28792 19.6021 1.4
      vertex 6.4551 19.7487 1.4
    endloop
  endfacet
  facet normal 0.946956 -0.321363 0
    outer loop
      vertex 5.84793 18.84 2
      vertex 5.9194 19.0506 1.4
      vertex 5.9194 19.0506 2
    endloop
  endfacet
  facet normal 0.946956 -0.321363 0
    outer loop
      vertex 5.9194 19.0506 1.4
      vertex 5.84793 18.84 2
      vertex 5.84793 18.84 1.4
    endloop
  endfacet
  facet normal -0.195165 -0.98077 0
    outer loop
      vertex 7.71189 20.0855 1.4
      vertex 7.92999 20.0421 2
      vertex 7.71189 20.0855 2
    endloop
  endfacet
  facet normal -0.195165 -0.98077 -0
    outer loop
      vertex 7.92999 20.0421 2
      vertex 7.71189 20.0855 1.4
      vertex 7.92999 20.0421 1.4
    endloop
  endfacet
  facet normal -0.946943 -0.321403 0
    outer loop
      vertex 9.13207 18.84 1.4
      vertex 9.06059 19.0506 2
      vertex 9.06059 19.0506 1.4
    endloop
  endfacet
  facet normal -0.946943 -0.321403 0
    outer loop
      vertex 9.06059 19.0506 2
      vertex 9.13207 18.84 1.4
      vertex 9.13207 18.84 2
    endloop
  endfacet
  facet normal -0.946943 0.321403 0
    outer loop
      vertex 9.06059 16.9494 1.4
      vertex 9.13207 17.16 2
      vertex 9.13207 17.16 1.4
    endloop
  endfacet
  facet normal -0.946943 0.321403 0
    outer loop
      vertex 9.13207 17.16 2
      vertex 9.06059 16.9494 1.4
      vertex 9.06059 16.9494 2
    endloop
  endfacet
  facet normal -0.751863 0.659319 0
    outer loop
      vertex 8.69208 16.3979 1.4
      vertex 8.8387 16.5651 2
      vertex 8.8387 16.5651 1.4
    endloop
  endfacet
  facet normal -0.751863 0.659319 0
    outer loop
      vertex 8.8387 16.5651 2
      vertex 8.69208 16.3979 1.4
      vertex 8.69208 16.3979 2
    endloop
  endfacet
  facet normal 0.946956 0.321363 0
    outer loop
      vertex 5.9194 16.9494 2
      vertex 5.84793 17.16 1.4
      vertex 5.84793 17.16 2
    endloop
  endfacet
  facet normal 0.946956 0.321363 0
    outer loop
      vertex 5.84793 17.16 1.4
      vertex 5.9194 16.9494 2
      vertex 5.9194 16.9494 1.4
    endloop
  endfacet
  facet normal 0.442459 0.896789 -0
    outer loop
      vertex 6.83944 16.0294 1.4
      vertex 6.64 16.1278 2
      vertex 6.83944 16.0294 2
    endloop
  endfacet
  facet normal 0.442459 0.896789 0
    outer loop
      vertex 6.64 16.1278 2
      vertex 6.83944 16.0294 1.4
      vertex 6.64 16.1278 1.4
    endloop
  endfacet
  facet normal 0.896825 0.442386 0
    outer loop
      vertex 6.01776 16.75 2
      vertex 5.9194 16.9494 1.4
      vertex 5.9194 16.9494 2
    endloop
  endfacet
  facet normal 0.896825 0.442386 0
    outer loop
      vertex 5.9194 16.9494 1.4
      vertex 6.01776 16.75 2
      vertex 6.01776 16.75 1.4
    endloop
  endfacet
  facet normal 0.321525 0.946901 -0
    outer loop
      vertex 7.05001 15.9579 1.4
      vertex 6.83944 16.0294 2
      vertex 7.05001 15.9579 2
    endloop
  endfacet
  facet normal 0.321525 0.946901 0
    outer loop
      vertex 6.83944 16.0294 2
      vertex 7.05001 15.9579 1.4
      vertex 6.83944 16.0294 1.4
    endloop
  endfacet
  facet normal -0.195165 0.98077 0
    outer loop
      vertex 7.92999 15.9579 1.4
      vertex 7.71189 15.9145 2
      vertex 7.92999 15.9579 2
    endloop
  endfacet
  facet normal -0.195165 0.98077 0
    outer loop
      vertex 7.71189 15.9145 2
      vertex 7.92999 15.9579 1.4
      vertex 7.71189 15.9145 1.4
    endloop
  endfacet
  facet normal -0.555447 0.831552 0
    outer loop
      vertex 8.52489 16.2513 1.4
      vertex 8.34 16.1278 2
      vertex 8.52489 16.2513 2
    endloop
  endfacet
  facet normal -0.555447 0.831552 0
    outer loop
      vertex 8.34 16.1278 2
      vertex 8.52489 16.2513 1.4
      vertex 8.34 16.1278 1.4
    endloop
  endfacet
  facet normal 0.321525 -0.946901 0
    outer loop
      vertex 6.83944 19.9706 1.4
      vertex 7.05001 20.0421 2
      vertex 6.83944 19.9706 2
    endloop
  endfacet
  facet normal 0.321525 -0.946901 0
    outer loop
      vertex 7.05001 20.0421 2
      vertex 6.83944 19.9706 1.4
      vertex 7.05001 20.0421 1.4
    endloop
  endfacet
  facet normal 0.831483 -0.555551 0
    outer loop
      vertex 6.01776 19.25 2
      vertex 6.1413 19.4349 1.4
      vertex 6.1413 19.4349 2
    endloop
  endfacet
  facet normal 0.831483 -0.555551 0
    outer loop
      vertex 6.1413 19.4349 1.4
      vertex 6.01776 19.25 2
      vertex 6.01776 19.25 1.4
    endloop
  endfacet
  facet normal 0.896825 -0.442386 0
    outer loop
      vertex 5.9194 19.0506 2
      vertex 6.01776 19.25 1.4
      vertex 6.01776 19.25 2
    endloop
  endfacet
  facet normal 0.896825 -0.442386 0
    outer loop
      vertex 6.01776 19.25 1.4
      vertex 5.9194 19.0506 2
      vertex 5.9194 19.0506 1.4
    endloop
  endfacet
  facet normal 0.195173 -0.980769 0
    outer loop
      vertex 7.05001 20.0421 1.4
      vertex 7.2681 20.0855 2
      vertex 7.05001 20.0421 2
    endloop
  endfacet
  facet normal 0.195173 -0.980769 0
    outer loop
      vertex 7.2681 20.0855 2
      vertex 7.05001 20.0421 1.4
      vertex 7.2681 20.0855 1.4
    endloop
  endfacet
  facet normal -0.751863 -0.659319 0
    outer loop
      vertex 8.8387 19.4349 1.4
      vertex 8.69208 19.6021 2
      vertex 8.69208 19.6021 1.4
    endloop
  endfacet
  facet normal -0.751863 -0.659319 0
    outer loop
      vertex 8.69208 19.6021 2
      vertex 8.8387 19.4349 1.4
      vertex 8.8387 19.4349 2
    endloop
  endfacet
  facet normal -0.980779 -0.195122 0
    outer loop
      vertex 9.17546 18.6219 1.4
      vertex 9.13207 18.84 2
      vertex 9.13207 18.84 1.4
    endloop
  endfacet
  facet normal -0.980779 -0.195122 0
    outer loop
      vertex 9.13207 18.84 2
      vertex 9.17546 18.6219 1.4
      vertex 9.17546 18.6219 2
    endloop
  endfacet
  facet normal -0.980779 0.195122 0
    outer loop
      vertex 9.13207 17.16 1.4
      vertex 9.17546 17.3781 2
      vertex 9.17546 17.3781 1.4
    endloop
  endfacet
  facet normal -0.980779 0.195122 0
    outer loop
      vertex 9.17546 17.3781 2
      vertex 9.13207 17.16 1.4
      vertex 9.13207 17.16 2
    endloop
  endfacet
  facet normal -0.831483 0.555551 0
    outer loop
      vertex 8.8387 16.5651 1.4
      vertex 8.96224 16.75 2
      vertex 8.96224 16.75 1.4
    endloop
  endfacet
  facet normal -0.831483 0.555551 0
    outer loop
      vertex 8.96224 16.75 2
      vertex 8.8387 16.5651 1.4
      vertex 8.8387 16.5651 2
    endloop
  endfacet
  facet normal 0.980779 0.195122 0
    outer loop
      vertex 5.84793 17.16 2
      vertex 5.80454 17.3781 1.4
      vertex 5.80454 17.3781 2
    endloop
  endfacet
  facet normal 0.980779 0.195122 0
    outer loop
      vertex 5.80454 17.3781 1.4
      vertex 5.84793 17.16 2
      vertex 5.84793 17.16 1.4
    endloop
  endfacet
  facet normal 0.659313 0.751869 -0
    outer loop
      vertex 6.4551 16.2513 1.4
      vertex 6.28792 16.3979 2
      vertex 6.4551 16.2513 2
    endloop
  endfacet
  facet normal 0.659313 0.751869 0
    outer loop
      vertex 6.28792 16.3979 2
      vertex 6.4551 16.2513 1.4
      vertex 6.28792 16.3979 1.4
    endloop
  endfacet
  facet normal 0.831483 0.555551 0
    outer loop
      vertex 6.1413 16.5651 2
      vertex 6.01776 16.75 1.4
      vertex 6.01776 16.75 2
    endloop
  endfacet
  facet normal 0.831483 0.555551 0
    outer loop
      vertex 6.01776 16.75 1.4
      vertex 6.1413 16.5651 2
      vertex 6.1413 16.5651 1.4
    endloop
  endfacet
  facet normal 0.195173 0.980769 -0
    outer loop
      vertex 7.2681 15.9145 1.4
      vertex 7.05001 15.9579 2
      vertex 7.2681 15.9145 2
    endloop
  endfacet
  facet normal 0.195173 0.980769 0
    outer loop
      vertex 7.05001 15.9579 2
      vertex 7.2681 15.9145 1.4
      vertex 7.05001 15.9579 1.4
    endloop
  endfacet
  facet normal -0.0652086 0.997872 0
    outer loop
      vertex 7.71189 15.9145 1.4
      vertex 7.49 15.9 2
      vertex 7.71189 15.9145 2
    endloop
  endfacet
  facet normal -0.0652086 0.997872 0
    outer loop
      vertex 7.49 15.9 2
      vertex 7.71189 15.9145 1.4
      vertex 7.49 15.9 1.4
    endloop
  endfacet
  facet normal -0.321525 0.946901 0
    outer loop
      vertex 8.14056 16.0294 1.4
      vertex 7.92999 15.9579 2
      vertex 8.14056 16.0294 2
    endloop
  endfacet
  facet normal -0.321525 0.946901 0
    outer loop
      vertex 7.92999 15.9579 2
      vertex 8.14056 16.0294 1.4
      vertex 7.92999 15.9579 1.4
    endloop
  endfacet
  facet normal -0.659291 0.751888 0
    outer loop
      vertex 8.69208 16.3979 1.4
      vertex 8.52489 16.2513 2
      vertex 8.69208 16.3979 2
    endloop
  endfacet
  facet normal -0.659291 0.751888 0
    outer loop
      vertex 8.52489 16.2513 2
      vertex 8.69208 16.3979 1.4
      vertex 8.52489 16.2513 1.4
    endloop
  endfacet
  facet normal 0.751863 -0.659319 0
    outer loop
      vertex 6.1413 19.4349 2
      vertex 6.28792 19.6021 1.4
      vertex 6.28792 19.6021 2
    endloop
  endfacet
  facet normal 0.751863 -0.659319 0
    outer loop
      vertex 6.28792 19.6021 1.4
      vertex 6.1413 19.4349 2
      vertex 6.1413 19.4349 1.4
    endloop
  endfacet
  facet normal 1 -0 0
    outer loop
      vertex 5.79 17.6 2
      vertex 5.79 18.4 1.4
      vertex 5.79 18.4 2
    endloop
  endfacet
  facet normal 1 0 0
    outer loop
      vertex 5.79 18.4 1.4
      vertex 5.79 17.6 2
      vertex 5.79 17.6 1.4
    endloop
  endfacet
  facet normal 0.99786 -0.0653848 0
    outer loop
      vertex 5.79 18.4 2
      vertex 5.80454 18.6219 1.4
      vertex 5.80454 18.6219 2
    endloop
  endfacet
  facet normal 0.99786 -0.0653848 0
    outer loop
      vertex 5.80454 18.6219 1.4
      vertex 5.79 18.4 2
      vertex 5.79 18.4 1.4
    endloop
  endfacet
  facet normal 0.99786 0.0653848 0
    outer loop
      vertex 5.80454 17.3781 2
      vertex 5.79 17.6 1.4
      vertex 5.79 17.6 2
    endloop
  endfacet
  facet normal 0.99786 0.0653848 0
    outer loop
      vertex 5.79 17.6 1.4
      vertex 5.80454 17.3781 2
      vertex 5.80454 17.3781 1.4
    endloop
  endfacet
  facet normal -0.555447 -0.831552 0
    outer loop
      vertex 8.34 19.8722 1.4
      vertex 8.52489 19.7487 2
      vertex 8.34 19.8722 2
    endloop
  endfacet
  facet normal -0.555447 -0.831552 -0
    outer loop
      vertex 8.52489 19.7487 2
      vertex 8.34 19.8722 1.4
      vertex 8.52489 19.7487 1.4
    endloop
  endfacet
  facet normal 0.0652057 -0.997872 0
    outer loop
      vertex 7.2681 20.0855 1.4
      vertex 7.49 20.1 2
      vertex 7.2681 20.0855 2
    endloop
  endfacet
  facet normal 0.0652057 -0.997872 0
    outer loop
      vertex 7.49 20.1 2
      vertex 7.2681 20.0855 1.4
      vertex 7.49 20.1 1.4
    endloop
  endfacet
  facet normal -0.0652086 -0.997872 0
    outer loop
      vertex 7.49 20.1 1.4
      vertex 7.71189 20.0855 2
      vertex 7.49 20.1 2
    endloop
  endfacet
  facet normal -0.0652086 -0.997872 -0
    outer loop
      vertex 7.71189 20.0855 2
      vertex 7.49 20.1 1.4
      vertex 7.71189 20.0855 1.4
    endloop
  endfacet
  facet normal -0.831483 -0.555551 0
    outer loop
      vertex 8.96224 19.25 1.4
      vertex 8.8387 19.4349 2
      vertex 8.8387 19.4349 1.4
    endloop
  endfacet
  facet normal -0.831483 -0.555551 0
    outer loop
      vertex 8.8387 19.4349 2
      vertex 8.96224 19.25 1.4
      vertex 8.96224 19.25 2
    endloop
  endfacet
  facet normal -0.896843 -0.442349 0
    outer loop
      vertex 9.06059 19.0506 1.4
      vertex 8.96224 19.25 2
      vertex 8.96224 19.25 1.4
    endloop
  endfacet
  facet normal -0.896843 -0.442349 0
    outer loop
      vertex 8.96224 19.25 2
      vertex 9.06059 19.0506 1.4
      vertex 9.06059 19.0506 2
    endloop
  endfacet
  facet normal 0.555426 0.831566 -0
    outer loop
      vertex 6.64 16.1278 1.4
      vertex 6.4551 16.2513 2
      vertex 6.64 16.1278 2
    endloop
  endfacet
  facet normal 0.555426 0.831566 0
    outer loop
      vertex 6.4551 16.2513 2
      vertex 6.64 16.1278 1.4
      vertex 6.4551 16.2513 1.4
    endloop
  endfacet
  facet normal -0.321525 -0.946901 0
    outer loop
      vertex 7.92999 20.0421 1.4
      vertex 8.14056 19.9706 2
      vertex 7.92999 20.0421 2
    endloop
  endfacet
  facet normal -0.321525 -0.946901 -0
    outer loop
      vertex 8.14056 19.9706 2
      vertex 7.92999 20.0421 1.4
      vertex 8.14056 19.9706 1.4
    endloop
  endfacet
  facet normal -0.442459 -0.896789 0
    outer loop
      vertex 8.14056 19.9706 1.4
      vertex 8.34 19.8722 2
      vertex 8.14056 19.9706 2
    endloop
  endfacet
  facet normal -0.442459 -0.896789 -0
    outer loop
      vertex 8.34 19.8722 2
      vertex 8.14056 19.9706 1.4
      vertex 8.34 19.8722 1.4
    endloop
  endfacet
  facet normal -0.138508 0.696757 -0.703808
    outer loop
      vertex 8.28822 14.6149 0
      vertex 7.89333 14.5364 0
      vertex 7.71189 15.9145 1.4
    endloop
  endfacet
  facet normal 0.138646 0.696713 -0.703824
    outer loop
      vertex 6.69178 14.6149 0
      vertex 7.05001 15.9579 1.4
      vertex 7.2681 15.9145 1.4
    endloop
  endfacet
  facet normal 0.13501 0.697553 -0.703699
    outer loop
      vertex 7.05001 15.9579 1.4
      vertex 6.69178 14.6149 0
      vertex 6.69023 14.6152 0
    endloop
  endfacet
  facet normal -0.39468 0.590644 -0.703823
    outer loop
      vertex 9.37112 15.1485 0
      vertex 9.03635 14.9248 0
      vertex 8.52489 16.2513 1.4
    endloop
  endfacet
  facet normal -0.13501 0.697553 -0.703699
    outer loop
      vertex 8.28822 14.6149 0
      vertex 7.92999 15.9579 1.4
      vertex 8.28977 14.6152 0
    endloop
  endfacet
  facet normal -0.13864 0.696715 -0.703824
    outer loop
      vertex 7.92999 15.9579 1.4
      vertex 8.28822 14.6149 0
      vertex 7.71189 15.9145 1.4
    endloop
  endfacet
  facet normal 0.468415 -0.534063 -0.703821
    outer loop
      vertex 5.6077 20.8505 0
      vertex 6.28792 19.6021 1.4
      vertex 5.30499 20.585 0
    endloop
  endfacet
  facet normal 0.0465787 -0.708861 -0.703809
    outer loop
      vertex 7.48843 21.49 0
      vertex 7.2681 20.0855 1.4
      vertex 7.08666 21.4636 0
    endloop
  endfacet
  facet normal 0.22831 -0.672685 -0.703825
    outer loop
      vertex 6.69023 21.3848 0
      vertex 7.05001 20.0421 1.4
      vertex 6.30897 21.2554 0
    endloop
  endfacet
  facet normal -0.672667 0.22834 -0.703833
    outer loop
      vertex 10.4748 16.8002 0
      vertex 10.3454 16.419 0
      vertex 9.13207 17.16 1.4
    endloop
  endfacet
  facet normal -0.0465799 0.708861 -0.703809
    outer loop
      vertex 7.71189 15.9145 1.4
      vertex 7.89333 14.5364 0
      vertex 7.49157 14.51 0
    endloop
  endfacet
  facet normal 0.394681 0.590645 -0.703822
    outer loop
      vertex 6.4551 16.2513 1.4
      vertex 5.94365 14.9248 0
      vertex 5.60888 15.1485 0
    endloop
  endfacet
  facet normal 0.138511 0.696756 -0.703808
    outer loop
      vertex 7.2681 15.9145 1.4
      vertex 7.08666 14.5364 0
      vertex 6.69178 14.6149 0
    endloop
  endfacet
  facet normal -0.536726 0.465163 -0.703952
    outer loop
      vertex 9.94048 15.7177 0
      vertex 8.8387 16.5651 1.4
      vertex 9.94152 15.7189 0
    endloop
  endfacet
  facet normal -0.534103 0.468363 -0.703825
    outer loop
      vertex 8.8387 16.5651 1.4
      vertex 9.94048 15.7177 0
      vertex 8.69208 16.3979 1.4
    endloop
  endfacet
  facet normal -0.226018 0.673534 -0.703752
    outer loop
      vertex 8.67103 14.7446 0
      vertex 8.14056 16.0294 1.4
      vertex 8.67252 14.7451 0
    endloop
  endfacet
  facet normal -0.228399 0.672643 -0.703836
    outer loop
      vertex 8.14056 16.0294 1.4
      vertex 8.67103 14.7446 0
      vertex 7.92999 15.9579 1.4
    endloop
  endfacet
  facet normal 0.696722 0.138586 -0.703827
    outer loop
      vertex 5.84793 17.16 1.4
      vertex 4.50522 16.8002 0
      vertex 4.42667 17.1951 0
    endloop
  endfacet
  facet normal 0.708853 -0.0464627 -0.703825
    outer loop
      vertex 4.42636 18.8033 0
      vertex 5.80454 18.6219 1.4
      vertex 4.40003 18.4016 0
    endloop
  endfacet
  facet normal 0.672661 -0.228373 -0.703827
    outer loop
      vertex 4.63464 19.581 0
      vertex 5.84793 18.84 1.4
      vertex 4.50522 19.1998 0
    endloop
  endfacet
  facet normal -0.590651 -0.394667 -0.703825
    outer loop
      vertex 9.94239 20.2798 0
      vertex 10.1661 19.945 0
      vertex 8.96224 19.25 1.4
    endloop
  endfacet
  facet normal -0.696749 0.138503 -0.703816
    outer loop
      vertex 10.5536 17.1967 0
      vertex 10.4751 16.8018 0
      vertex 9.17546 17.3781 1.4
    endloop
  endfacet
  facet normal -0.402435 0.585766 -0.703509
    outer loop
      vertex 8.34 16.1278 1.4
      vertex 9.03635 14.9248 0
      vertex 9.03504 14.9239 0
    endloop
  endfacet
  facet normal -0.394568 0.590702 -0.703837
    outer loop
      vertex 9.03635 14.9248 0
      vertex 8.34 16.1278 1.4
      vertex 8.52489 16.2513 1.4
    endloop
  endfacet
  facet normal 0.0451521 0.708888 -0.703875
    outer loop
      vertex 7.48843 14.51 0
      vertex 7.49 15.9 1.4
      vertex 7.49 14.5099 0
    endloop
  endfacet
  facet normal 0.0463196 0.708849 -0.703838
    outer loop
      vertex 7.49 15.9 1.4
      vertex 7.48843 14.51 0
      vertex 7.2681 15.9145 1.4
    endloop
  endfacet
  facet normal -0.0463216 0.708849 -0.703838
    outer loop
      vertex 7.49157 14.51 0
      vertex 7.49 15.9 1.4
      vertex 7.71189 15.9145 1.4
    endloop
  endfacet
  facet normal -0.0451521 0.708888 -0.703875
    outer loop
      vertex 7.49 15.9 1.4
      vertex 7.49157 14.51 0
      vertex 7.49 14.5099 0
    endloop
  endfacet
  facet normal 0.402435 0.585766 -0.703509
    outer loop
      vertex 5.94365 14.9248 0
      vertex 6.64 16.1278 1.4
      vertex 5.94496 14.9239 0
    endloop
  endfacet
  facet normal 0.394553 0.590712 -0.703838
    outer loop
      vertex 6.64 16.1278 1.4
      vertex 5.94365 14.9248 0
      vertex 6.4551 16.2513 1.4
    endloop
  endfacet
  facet normal 0.22831 0.672685 -0.703825
    outer loop
      vertex 7.05001 15.9579 1.4
      vertex 6.69023 14.6152 0
      vertex 6.30897 14.7446 0
    endloop
  endfacet
  facet normal 0.315906 0.636324 -0.703772
    outer loop
      vertex 6.30607 14.7458 0
      vertex 6.83944 16.0294 1.4
      vertex 6.30748 14.7451 0
    endloop
  endfacet
  facet normal 0.314309 0.637051 -0.70383
    outer loop
      vertex 6.83944 16.0294 1.4
      vertex 6.30607 14.7458 0
      vertex 6.64 16.1278 1.4
    endloop
  endfacet
  facet normal 0.468415 0.534063 -0.703821
    outer loop
      vertex 6.28792 16.3979 1.4
      vertex 5.6077 15.1495 0
      vertex 5.30499 15.415 0
    endloop
  endfacet
  facet normal 0.590668 0.394652 -0.703819
    outer loop
      vertex 4.8148 16.0537 0
      vertex 6.01776 16.75 1.4
      vertex 6.1413 16.5651 1.4
    endloop
  endfacet
  facet normal 0.588391 0.398295 -0.703674
    outer loop
      vertex 6.01776 16.75 1.4
      vertex 4.8148 16.0537 0
      vertex 4.81392 16.055 0
    endloop
  endfacet
  facet normal -0.22831 0.672685 -0.703825
    outer loop
      vertex 8.67103 14.7446 0
      vertex 8.28977 14.6152 0
      vertex 7.92999 15.9579 1.4
    endloop
  endfacet
  facet normal 0.672558 0.22867 -0.70383
    outer loop
      vertex 4.63464 16.419 0
      vertex 5.9194 16.9494 1.4
      vertex 4.63515 16.4175 0
    endloop
  endfacet
  facet normal 0.6727 0.22829 -0.703817
    outer loop
      vertex 5.9194 16.9494 1.4
      vertex 4.63464 16.419 0
      vertex 5.84793 17.16 1.4
    endloop
  endfacet
  facet normal 0.6727 -0.22829 -0.703817
    outer loop
      vertex 4.63464 19.581 0
      vertex 5.9194 19.0506 1.4
      vertex 5.84793 18.84 1.4
    endloop
  endfacet
  facet normal 0.672558 -0.22867 -0.70383
    outer loop
      vertex 5.9194 19.0506 1.4
      vertex 4.63464 19.581 0
      vertex 4.63515 19.5825 0
    endloop
  endfacet
  facet normal 0.69672 0.138609 -0.703825
    outer loop
      vertex 4.42667 17.1951 0
      vertex 5.80454 17.3781 1.4
      vertex 5.84793 17.16 1.4
    endloop
  endfacet
  facet normal 0.697297 0.135101 -0.703935
    outer loop
      vertex 5.80454 17.3781 1.4
      vertex 4.42667 17.1951 0
      vertex 4.42636 17.1967 0
    endloop
  endfacet
  facet normal 0.69672 -0.138609 -0.703825
    outer loop
      vertex 5.80454 18.6219 1.4
      vertex 4.42667 18.8049 0
      vertex 5.84793 18.84 1.4
    endloop
  endfacet
  facet normal 0.697297 -0.135101 -0.703935
    outer loop
      vertex 4.42667 18.8049 0
      vertex 5.80454 18.6219 1.4
      vertex 4.42636 18.8033 0
    endloop
  endfacet
  facet normal 0.696722 -0.138586 -0.703827
    outer loop
      vertex 4.50522 19.1998 0
      vertex 5.84793 18.84 1.4
      vertex 4.42667 18.8049 0
    endloop
  endfacet
  facet normal 0.314309 -0.637051 -0.70383
    outer loop
      vertex 6.30607 21.2542 0
      vertex 6.83944 19.9706 1.4
      vertex 6.64 19.8722 1.4
    endloop
  endfacet
  facet normal 0.315906 -0.636324 -0.703772
    outer loop
      vertex 6.83944 19.9706 1.4
      vertex 6.30607 21.2542 0
      vertex 6.30748 21.2549 0
    endloop
  endfacet
  facet normal 0.314212 -0.637086 -0.703841
    outer loop
      vertex 6.30607 21.2542 0
      vertex 6.64 19.8722 1.4
      vertex 5.94496 21.0761 0
    endloop
  endfacet
  facet normal 0.534082 -0.468394 -0.703821
    outer loop
      vertex 5.30499 20.585 0
      vertex 6.28792 19.6021 1.4
      vertex 5.03952 20.2823 0
    endloop
  endfacet
  facet normal 0.637114 -0.314199 -0.703822
    outer loop
      vertex 4.81392 19.945 0
      vertex 6.01776 19.25 1.4
      vertex 4.63584 19.5839 0
    endloop
  endfacet
  facet normal 0.63709 -0.314264 -0.703814
    outer loop
      vertex 5.9194 19.0506 1.4
      vertex 4.63584 19.5839 0
      vertex 6.01776 19.25 1.4
    endloop
  endfacet
  facet normal 0.63719 -0.314044 -0.703822
    outer loop
      vertex 4.63584 19.5839 0
      vertex 5.9194 19.0506 1.4
      vertex 4.63515 19.5825 0
    endloop
  endfacet
  facet normal -0.394568 -0.590702 -0.703837
    outer loop
      vertex 8.34 19.8722 1.4
      vertex 9.03635 21.0752 0
      vertex 8.52489 19.7487 1.4
    endloop
  endfacet
  facet normal -0.402435 -0.585766 -0.703509
    outer loop
      vertex 9.03635 21.0752 0
      vertex 8.34 19.8722 1.4
      vertex 9.03504 21.0761 0
    endloop
  endfacet
  facet normal -0.468415 -0.534063 -0.703821
    outer loop
      vertex 9.3723 20.8505 0
      vertex 9.67501 20.585 0
      vertex 8.69208 19.6021 1.4
    endloop
  endfacet
  facet normal -0.468415 0.534063 -0.703821
    outer loop
      vertex 9.67501 15.415 0
      vertex 9.3723 15.1495 0
      vertex 8.69208 16.3979 1.4
    endloop
  endfacet
  facet normal -0.534082 0.468394 -0.703821
    outer loop
      vertex 9.94048 15.7177 0
      vertex 9.67501 15.415 0
      vertex 8.69208 16.3979 1.4
    endloop
  endfacet
  facet normal 0.0465787 0.708861 -0.703809
    outer loop
      vertex 7.2681 15.9145 1.4
      vertex 7.48843 14.51 0
      vertex 7.08666 14.5364 0
    endloop
  endfacet
  facet normal 0.314212 0.637086 -0.703841
    outer loop
      vertex 6.64 16.1278 1.4
      vertex 6.30607 14.7458 0
      vertex 5.94496 14.9239 0
    endloop
  endfacet
  facet normal 0.459054 0.541684 -0.704164
    outer loop
      vertex 5.6077 15.1495 0
      vertex 6.4551 16.2513 1.4
      vertex 5.60888 15.1485 0
    endloop
  endfacet
  facet normal 0.468356 0.534104 -0.703829
    outer loop
      vertex 6.4551 16.2513 1.4
      vertex 5.6077 15.1495 0
      vertex 6.28792 16.3979 1.4
    endloop
  endfacet
  facet normal 0.590678 0.394632 -0.703821
    outer loop
      vertex 6.1413 16.5651 1.4
      vertex 5.03848 15.7189 0
      vertex 4.8148 16.0537 0
    endloop
  endfacet
  facet normal -0.314222 0.637089 -0.703834
    outer loop
      vertex 9.03362 14.9232 0
      vertex 8.67252 14.7451 0
      vertex 8.14056 16.0294 1.4
    endloop
  endfacet
  facet normal -0.314089 0.637152 -0.703837
    outer loop
      vertex 9.03362 14.9232 0
      vertex 8.34 16.1278 1.4
      vertex 9.03504 14.9239 0
    endloop
  endfacet
  facet normal -0.314303 0.637038 -0.703844
    outer loop
      vertex 8.34 16.1278 1.4
      vertex 9.03362 14.9232 0
      vertex 8.14056 16.0294 1.4
    endloop
  endfacet
  facet normal 0.708922 0.0443076 -0.703894
    outer loop
      vertex 5.79 17.6 1.4
      vertex 4.40003 17.5984 0
      vertex 4.39993 17.6 0
    endloop
  endfacet
  facet normal 0.708852 0.0464475 -0.703826
    outer loop
      vertex 4.40003 17.5984 0
      vertex 5.79 17.6 1.4
      vertex 5.80454 17.3781 1.4
    endloop
  endfacet
  facet normal 0.708853 0.0464627 -0.703825
    outer loop
      vertex 5.80454 17.3781 1.4
      vertex 4.42636 17.1967 0
      vertex 4.40003 17.5984 0
    endloop
  endfacet
  facet normal 0.672661 0.228373 -0.703827
    outer loop
      vertex 5.84793 17.16 1.4
      vertex 4.63464 16.419 0
      vertex 4.50522 16.8002 0
    endloop
  endfacet
  facet normal -0.0451521 -0.708888 -0.703875
    outer loop
      vertex 7.49157 21.49 0
      vertex 7.49 20.1 1.4
      vertex 7.49 21.4901 0
    endloop
  endfacet
  facet normal -0.0463216 -0.708849 -0.703838
    outer loop
      vertex 7.49 20.1 1.4
      vertex 7.49157 21.49 0
      vertex 7.71189 20.0855 1.4
    endloop
  endfacet
  facet normal 0.138646 -0.696713 -0.703824
    outer loop
      vertex 7.05001 20.0421 1.4
      vertex 6.69178 21.3851 0
      vertex 7.2681 20.0855 1.4
    endloop
  endfacet
  facet normal 0.13501 -0.697553 -0.703699
    outer loop
      vertex 6.69178 21.3851 0
      vertex 7.05001 20.0421 1.4
      vertex 6.69023 21.3848 0
    endloop
  endfacet
  facet normal 0.138511 -0.696756 -0.703808
    outer loop
      vertex 7.08666 21.4636 0
      vertex 7.2681 20.0855 1.4
      vertex 6.69178 21.3851 0
    endloop
  endfacet
  facet normal 0.394553 -0.590712 -0.703838
    outer loop
      vertex 5.94365 21.0752 0
      vertex 6.64 19.8722 1.4
      vertex 6.4551 19.7487 1.4
    endloop
  endfacet
  facet normal 0.402435 -0.585766 -0.703509
    outer loop
      vertex 6.64 19.8722 1.4
      vertex 5.94365 21.0752 0
      vertex 5.94496 21.0761 0
    endloop
  endfacet
  facet normal 0.590678 -0.394632 -0.703822
    outer loop
      vertex 5.0376 20.2798 0
      vertex 6.01776 19.25 1.4
      vertex 4.81392 19.945 0
    endloop
  endfacet
  facet normal 0.534103 -0.468363 -0.703825
    outer loop
      vertex 6.1413 19.4349 1.4
      vertex 5.03952 20.2823 0
      vertex 6.28792 19.6021 1.4
    endloop
  endfacet
  facet normal 0.536726 -0.465163 -0.703952
    outer loop
      vertex 5.03952 20.2823 0
      vertex 6.1413 19.4349 1.4
      vertex 5.03848 20.2811 0
    endloop
  endfacet
  facet normal -0.0465799 -0.708861 -0.703809
    outer loop
      vertex 7.89333 21.4636 0
      vertex 7.71189 20.0855 1.4
      vertex 7.49157 21.49 0
    endloop
  endfacet
  facet normal -0.138508 -0.696757 -0.703808
    outer loop
      vertex 7.89333 21.4636 0
      vertex 8.28822 21.3851 0
      vertex 7.71189 20.0855 1.4
    endloop
  endfacet
  facet normal -0.590665 -0.39465 -0.703822
    outer loop
      vertex 8.8387 19.4349 1.4
      vertex 9.94239 20.2798 0
      vertex 8.96224 19.25 1.4
    endloop
  endfacet
  facet normal -0.590355 -0.395084 -0.703839
    outer loop
      vertex 9.94239 20.2798 0
      vertex 8.8387 19.4349 1.4
      vertex 9.94152 20.2811 0
    endloop
  endfacet
  facet normal -0.468338 -0.534117 -0.703832
    outer loop
      vertex 8.52489 19.7487 1.4
      vertex 9.3723 20.8505 0
      vertex 8.69208 19.6021 1.4
    endloop
  endfacet
  facet normal -0.459053 -0.541683 -0.704166
    outer loop
      vertex 9.3723 20.8505 0
      vertex 8.52489 19.7487 1.4
      vertex 9.37112 20.8515 0
    endloop
  endfacet
  facet normal -0.637095 -0.314225 -0.703828
    outer loop
      vertex 10.1661 19.945 0
      vertex 10.3442 19.5839 0
      vertex 8.96224 19.25 1.4
    endloop
  endfacet
  facet normal -0.708851 0.0465861 -0.703819
    outer loop
      vertex 10.58 17.5984 0
      vertex 10.5536 17.1967 0
      vertex 9.17546 17.3781 1.4
    endloop
  endfacet
  facet normal -0.590355 0.395084 -0.703839
    outer loop
      vertex 8.8387 16.5651 1.4
      vertex 9.94239 15.7202 0
      vertex 9.94152 15.7189 0
    endloop
  endfacet
  facet normal -0.590665 0.39465 -0.703822
    outer loop
      vertex 9.94239 15.7202 0
      vertex 8.8387 16.5651 1.4
      vertex 8.96224 16.75 1.4
    endloop
  endfacet
  facet normal -0.459053 0.541683 -0.704166
    outer loop
      vertex 8.52489 16.2513 1.4
      vertex 9.3723 15.1495 0
      vertex 9.37112 15.1485 0
    endloop
  endfacet
  facet normal -0.468338 0.534117 -0.703832
    outer loop
      vertex 9.3723 15.1495 0
      vertex 8.52489 16.2513 1.4
      vertex 8.69208 16.3979 1.4
    endloop
  endfacet
  facet normal 0.228399 0.672643 -0.703836
    outer loop
      vertex 6.30897 14.7446 0
      vertex 6.83944 16.0294 1.4
      vertex 7.05001 15.9579 1.4
    endloop
  endfacet
  facet normal 0.226018 0.673534 -0.703752
    outer loop
      vertex 6.83944 16.0294 1.4
      vertex 6.30897 14.7446 0
      vertex 6.30748 14.7451 0
    endloop
  endfacet
  facet normal 0.534082 0.468394 -0.703821
    outer loop
      vertex 6.28792 16.3979 1.4
      vertex 5.30499 15.415 0
      vertex 5.03952 15.7177 0
    endloop
  endfacet
  facet normal 0.534103 0.468363 -0.703825
    outer loop
      vertex 5.03952 15.7177 0
      vertex 6.1413 16.5651 1.4
      vertex 6.28792 16.3979 1.4
    endloop
  endfacet
  facet normal 0.536726 0.465163 -0.703952
    outer loop
      vertex 6.1413 16.5651 1.4
      vertex 5.03952 15.7177 0
      vertex 5.03848 15.7189 0
    endloop
  endfacet
  facet normal 0.708852 -0.0464475 -0.703826
    outer loop
      vertex 5.79 18.4 1.4
      vertex 4.40003 18.4016 0
      vertex 5.80454 18.6219 1.4
    endloop
  endfacet
  facet normal 0.708922 -0.0443076 -0.703894
    outer loop
      vertex 4.40003 18.4016 0
      vertex 5.79 18.4 1.4
      vertex 4.39993 18.4 0
    endloop
  endfacet
  facet normal 0.709619 0 -0.704586
    outer loop
      vertex 5.79 17.6 1.4
      vertex 4.39993 18.4 0
      vertex 5.79 18.4 1.4
    endloop
  endfacet
  facet normal 0.709619 0 -0.704586
    outer loop
      vertex 4.39993 18.4 0
      vertex 5.79 17.6 1.4
      vertex 4.39993 17.6 0
    endloop
  endfacet
  facet normal 0.637125 0.314187 -0.703817
    outer loop
      vertex 5.9194 16.9494 1.4
      vertex 4.81322 16.0564 0
      vertex 4.63515 16.4175 0
    endloop
  endfacet
  facet normal 0.635272 0.317636 -0.703944
    outer loop
      vertex 4.81322 16.0564 0
      vertex 6.01776 16.75 1.4
      vertex 4.81392 16.055 0
    endloop
  endfacet
  facet normal 0.637079 0.314258 -0.703826
    outer loop
      vertex 6.01776 16.75 1.4
      vertex 4.81322 16.0564 0
      vertex 5.9194 16.9494 1.4
    endloop
  endfacet
  facet normal 0.228399 -0.672643 -0.703836
    outer loop
      vertex 6.83944 19.9706 1.4
      vertex 6.30897 21.2554 0
      vertex 7.05001 20.0421 1.4
    endloop
  endfacet
  facet normal 0.226018 -0.673534 -0.703752
    outer loop
      vertex 6.30897 21.2554 0
      vertex 6.83944 19.9706 1.4
      vertex 6.30748 21.2549 0
    endloop
  endfacet
  facet normal 0.394681 -0.590645 -0.703822
    outer loop
      vertex 5.94365 21.0752 0
      vertex 6.4551 19.7487 1.4
      vertex 5.60888 20.8515 0
    endloop
  endfacet
  facet normal 0.468356 -0.534104 -0.703829
    outer loop
      vertex 5.6077 20.8505 0
      vertex 6.4551 19.7487 1.4
      vertex 6.28792 19.6021 1.4
    endloop
  endfacet
  facet normal 0.459054 -0.541684 -0.704164
    outer loop
      vertex 6.4551 19.7487 1.4
      vertex 5.6077 20.8505 0
      vertex 5.60888 20.8515 0
    endloop
  endfacet
  facet normal 0.590664 -0.394649 -0.703824
    outer loop
      vertex 5.0376 20.2798 0
      vertex 6.1413 19.4349 1.4
      vertex 6.01776 19.25 1.4
    endloop
  endfacet
  facet normal 0.588159 -0.398139 -0.703956
    outer loop
      vertex 6.1413 19.4349 1.4
      vertex 5.0376 20.2798 0
      vertex 5.03848 20.2811 0
    endloop
  endfacet
  facet normal 0.0463196 -0.708849 -0.703838
    outer loop
      vertex 7.48843 21.49 0
      vertex 7.49 20.1 1.4
      vertex 7.2681 20.0855 1.4
    endloop
  endfacet
  facet normal 0.0451521 -0.708888 -0.703875
    outer loop
      vertex 7.49 20.1 1.4
      vertex 7.48843 21.49 0
      vertex 7.49 21.4901 0
    endloop
  endfacet
  facet normal -0.22831 -0.672685 -0.703825
    outer loop
      vertex 8.28977 21.3848 0
      vertex 8.67103 21.2554 0
      vertex 7.92999 20.0421 1.4
    endloop
  endfacet
  facet normal -0.13501 -0.697553 -0.703699
    outer loop
      vertex 7.92999 20.0421 1.4
      vertex 8.28822 21.3851 0
      vertex 8.28977 21.3848 0
    endloop
  endfacet
  facet normal -0.13864 -0.696715 -0.703824
    outer loop
      vertex 8.28822 21.3851 0
      vertex 7.92999 20.0421 1.4
      vertex 7.71189 20.0855 1.4
    endloop
  endfacet
  facet normal -0.39468 -0.590644 -0.703823
    outer loop
      vertex 9.03635 21.0752 0
      vertex 9.37112 20.8515 0
      vertex 8.52489 19.7487 1.4
    endloop
  endfacet
  facet normal -0.708851 -0.0465861 -0.703819
    outer loop
      vertex 10.5536 18.8033 0
      vertex 10.58 18.4016 0
      vertex 9.17546 18.6219 1.4
    endloop
  endfacet
  facet normal -0.672667 -0.22834 -0.703833
    outer loop
      vertex 10.3454 19.581 0
      vertex 10.4748 19.1998 0
      vertex 9.13207 18.84 1.4
    endloop
  endfacet
  facet normal -0.708914 0.0443072 -0.703901
    outer loop
      vertex 10.58 17.5984 0
      vertex 9.19 17.6 1.4
      vertex 10.5801 17.6 0
    endloop
  endfacet
  facet normal -0.708844 0.046447 -0.703834
    outer loop
      vertex 9.19 17.6 1.4
      vertex 10.58 17.5984 0
      vertex 9.17546 17.3781 1.4
    endloop
  endfacet
  facet normal -0.637095 0.314225 -0.703828
    outer loop
      vertex 10.3442 16.4161 0
      vertex 10.1661 16.055 0
      vertex 8.96224 16.75 1.4
    endloop
  endfacet
  facet normal -0.590651 0.394667 -0.703825
    outer loop
      vertex 10.1661 16.055 0
      vertex 9.94239 15.7202 0
      vertex 8.96224 16.75 1.4
    endloop
  endfacet
  facet normal -0.635491 0.317745 -0.703697
    outer loop
      vertex 10.3442 16.4161 0
      vertex 9.06059 16.9494 1.4
      vertex 10.3449 16.4175 0
    endloop
  endfacet
  facet normal -0.637092 0.314233 -0.703827
    outer loop
      vertex 9.06059 16.9494 1.4
      vertex 10.3442 16.4161 0
      vertex 8.96224 16.75 1.4
    endloop
  endfacet
  facet normal -0.674037 0.224679 -0.7037
    outer loop
      vertex 9.06059 16.9494 1.4
      vertex 10.3454 16.419 0
      vertex 10.3449 16.4175 0
    endloop
  endfacet
  facet normal -0.672678 0.228315 -0.70383
    outer loop
      vertex 10.3454 16.419 0
      vertex 9.06059 16.9494 1.4
      vertex 9.13207 17.16 1.4
    endloop
  endfacet
  facet normal -0.226018 -0.673534 -0.703752
    outer loop
      vertex 8.14056 19.9706 1.4
      vertex 8.67103 21.2554 0
      vertex 8.67252 21.2549 0
    endloop
  endfacet
  facet normal -0.228399 -0.672643 -0.703836
    outer loop
      vertex 8.67103 21.2554 0
      vertex 8.14056 19.9706 1.4
      vertex 7.92999 20.0421 1.4
    endloop
  endfacet
  facet normal -0.536726 -0.465163 -0.703952
    outer loop
      vertex 8.8387 19.4349 1.4
      vertex 9.94048 20.2823 0
      vertex 9.94152 20.2811 0
    endloop
  endfacet
  facet normal -0.534103 -0.468363 -0.703825
    outer loop
      vertex 9.94048 20.2823 0
      vertex 8.8387 19.4349 1.4
      vertex 8.69208 19.6021 1.4
    endloop
  endfacet
  facet normal -0.534082 -0.468394 -0.703821
    outer loop
      vertex 9.67501 20.585 0
      vertex 9.94048 20.2823 0
      vertex 8.69208 19.6021 1.4
    endloop
  endfacet
  facet normal -0.698469 0.130963 -0.703555
    outer loop
      vertex 9.13207 17.16 1.4
      vertex 10.4751 16.8018 0
      vertex 10.4748 16.8002 0
    endloop
  endfacet
  facet normal -0.696716 0.138608 -0.703829
    outer loop
      vertex 10.4751 16.8018 0
      vertex 9.13207 17.16 1.4
      vertex 9.17546 17.3781 1.4
    endloop
  endfacet
  facet normal -0.709611 0 -0.704593
    outer loop
      vertex 10.5801 17.6 0
      vertex 9.19 18.4 1.4
      vertex 10.5801 18.4 0
    endloop
  endfacet
  facet normal -0.709611 -0 -0.704593
    outer loop
      vertex 9.19 18.4 1.4
      vertex 10.5801 17.6 0
      vertex 9.19 17.6 1.4
    endloop
  endfacet
  facet normal -0.708914 -0.0443072 -0.703901
    outer loop
      vertex 9.19 18.4 1.4
      vertex 10.58 18.4016 0
      vertex 10.5801 18.4 0
    endloop
  endfacet
  facet normal -0.708844 -0.046447 -0.703834
    outer loop
      vertex 10.58 18.4016 0
      vertex 9.19 18.4 1.4
      vertex 9.17546 18.6219 1.4
    endloop
  endfacet
  facet normal -0.696716 -0.138608 -0.703829
    outer loop
      vertex 9.13207 18.84 1.4
      vertex 10.4751 19.1982 0
      vertex 9.17546 18.6219 1.4
    endloop
  endfacet
  facet normal -0.698469 -0.130963 -0.703555
    outer loop
      vertex 10.4751 19.1982 0
      vertex 9.13207 18.84 1.4
      vertex 10.4748 19.1998 0
    endloop
  endfacet
  facet normal -0.696749 -0.138503 -0.703816
    outer loop
      vertex 10.4751 19.1982 0
      vertex 10.5536 18.8033 0
      vertex 9.17546 18.6219 1.4
    endloop
  endfacet
  facet normal -0.672678 -0.228315 -0.70383
    outer loop
      vertex 9.06059 19.0506 1.4
      vertex 10.3454 19.581 0
      vertex 9.13207 18.84 1.4
    endloop
  endfacet
  facet normal -0.674037 -0.224679 -0.7037
    outer loop
      vertex 10.3454 19.581 0
      vertex 9.06059 19.0506 1.4
      vertex 10.3449 19.5825 0
    endloop
  endfacet
  facet normal -0.635491 -0.317745 -0.703697
    outer loop
      vertex 9.06059 19.0506 1.4
      vertex 10.3442 19.5839 0
      vertex 10.3449 19.5825 0
    endloop
  endfacet
  facet normal -0.637092 -0.314233 -0.703827
    outer loop
      vertex 10.3442 19.5839 0
      vertex 9.06059 19.0506 1.4
      vertex 8.96224 19.25 1.4
    endloop
  endfacet
  facet normal -0.314089 -0.637152 -0.703837
    outer loop
      vertex 8.34 19.8722 1.4
      vertex 9.03362 21.0768 0
      vertex 9.03504 21.0761 0
    endloop
  endfacet
  facet normal -0.314303 -0.637038 -0.703844
    outer loop
      vertex 9.03362 21.0768 0
      vertex 8.34 19.8722 1.4
      vertex 8.14056 19.9706 1.4
    endloop
  endfacet
  facet normal -0.314222 -0.637089 -0.703834
    outer loop
      vertex 8.67252 21.2549 0
      vertex 9.03362 21.0768 0
      vertex 8.14056 19.9706 1.4
    endloop
  endfacet
  facet normal -0.751863 -0.659319 0
    outer loop
      vertex 8.8387 96.0349 1.4
      vertex 8.69208 96.2021 2
      vertex 8.69208 96.2021 1.4
    endloop
  endfacet
  facet normal -0.751863 -0.659319 0
    outer loop
      vertex 8.69208 96.2021 2
      vertex 8.8387 96.0349 1.4
      vertex 8.8387 96.0349 2
    endloop
  endfacet
  facet normal -0.896843 0.442349 0
    outer loop
      vertex 8.96224 93.35 1.4
      vertex 9.06059 93.5494 2
      vertex 9.06059 93.5494 1.4
    endloop
  endfacet
  facet normal -0.896843 0.442349 0
    outer loop
      vertex 9.06059 93.5494 2
      vertex 8.96224 93.35 1.4
      vertex 8.96224 93.35 2
    endloop
  endfacet
  facet normal -0.555447 -0.831552 0
    outer loop
      vertex 8.34 96.4722 1.4
      vertex 8.52489 96.3487 2
      vertex 8.34 96.4722 2
    endloop
  endfacet
  facet normal -0.555447 -0.831552 -0
    outer loop
      vertex 8.52489 96.3487 2
      vertex 8.34 96.4722 1.4
      vertex 8.52489 96.3487 1.4
    endloop
  endfacet
  facet normal -1 0 0
    outer loop
      vertex 9.19 94.2 1.4
      vertex 9.19 95 2
      vertex 9.19 95 1.4
    endloop
  endfacet
  facet normal -1 -0 0
    outer loop
      vertex 9.19 95 2
      vertex 9.19 94.2 1.4
      vertex 9.19 94.2 2
    endloop
  endfacet
  facet normal 0.0652057 0.997872 -0
    outer loop
      vertex 7.49 92.5 1.4
      vertex 7.2681 92.5145 2
      vertex 7.49 92.5 2
    endloop
  endfacet
  facet normal 0.0652057 0.997872 0
    outer loop
      vertex 7.2681 92.5145 2
      vertex 7.49 92.5 1.4
      vertex 7.2681 92.5145 1.4
    endloop
  endfacet
  facet normal -0.442459 0.896789 0
    outer loop
      vertex 8.34 92.7278 1.4
      vertex 8.14056 92.6294 2
      vertex 8.34 92.7278 2
    endloop
  endfacet
  facet normal -0.442459 0.896789 0
    outer loop
      vertex 8.14056 92.6294 2
      vertex 8.34 92.7278 1.4
      vertex 8.14056 92.6294 1.4
    endloop
  endfacet
  facet normal -0.980779 -0.195122 0
    outer loop
      vertex 9.17546 95.2219 1.4
      vertex 9.13207 95.44 2
      vertex 9.13207 95.44 1.4
    endloop
  endfacet
  facet normal -0.980779 -0.195122 0
    outer loop
      vertex 9.13207 95.44 2
      vertex 9.17546 95.2219 1.4
      vertex 9.17546 95.2219 2
    endloop
  endfacet
  facet normal 0.659313 0.751869 -0
    outer loop
      vertex 6.4551 92.8513 1.4
      vertex 6.28792 92.9979 2
      vertex 6.4551 92.8513 2
    endloop
  endfacet
  facet normal 0.659313 0.751869 0
    outer loop
      vertex 6.28792 92.9979 2
      vertex 6.4551 92.8513 1.4
      vertex 6.28792 92.9979 1.4
    endloop
  endfacet
  facet normal 1 -0 0
    outer loop
      vertex 5.79 94.2 2
      vertex 5.79 95 1.4
      vertex 5.79 95 2
    endloop
  endfacet
  facet normal 1 0 0
    outer loop
      vertex 5.79 95 1.4
      vertex 5.79 94.2 2
      vertex 5.79 94.2 1.4
    endloop
  endfacet
  facet normal -0.321525 -0.946901 0
    outer loop
      vertex 7.92999 96.6421 1.4
      vertex 8.14056 96.5706 2
      vertex 7.92999 96.6421 2
    endloop
  endfacet
  facet normal -0.321525 -0.946901 -0
    outer loop
      vertex 8.14056 96.5706 2
      vertex 7.92999 96.6421 1.4
      vertex 8.14056 96.5706 1.4
    endloop
  endfacet
  facet normal 0.0652057 -0.997872 0
    outer loop
      vertex 7.2681 96.6855 1.4
      vertex 7.49 96.7 2
      vertex 7.2681 96.6855 2
    endloop
  endfacet
  facet normal 0.0652057 -0.997872 0
    outer loop
      vertex 7.49 96.7 2
      vertex 7.2681 96.6855 1.4
      vertex 7.49 96.7 1.4
    endloop
  endfacet
  facet normal -0.0652086 0.997872 0
    outer loop
      vertex 7.71189 92.5145 1.4
      vertex 7.49 92.5 2
      vertex 7.71189 92.5145 2
    endloop
  endfacet
  facet normal -0.0652086 0.997872 0
    outer loop
      vertex 7.49 92.5 2
      vertex 7.71189 92.5145 1.4
      vertex 7.49 92.5 1.4
    endloop
  endfacet
  facet normal -0.321525 0.946901 0
    outer loop
      vertex 8.14056 92.6294 1.4
      vertex 7.92999 92.5579 2
      vertex 8.14056 92.6294 2
    endloop
  endfacet
  facet normal -0.321525 0.946901 0
    outer loop
      vertex 7.92999 92.5579 2
      vertex 8.14056 92.6294 1.4
      vertex 7.92999 92.5579 1.4
    endloop
  endfacet
  facet normal -0.555447 0.831552 0
    outer loop
      vertex 8.52489 92.8513 1.4
      vertex 8.34 92.7278 2
      vertex 8.52489 92.8513 2
    endloop
  endfacet
  facet normal -0.555447 0.831552 0
    outer loop
      vertex 8.34 92.7278 2
      vertex 8.52489 92.8513 1.4
      vertex 8.34 92.7278 1.4
    endloop
  endfacet
  facet normal -0.946943 0.321403 0
    outer loop
      vertex 9.06059 93.5494 1.4
      vertex 9.13207 93.76 2
      vertex 9.13207 93.76 1.4
    endloop
  endfacet
  facet normal -0.946943 0.321403 0
    outer loop
      vertex 9.13207 93.76 2
      vertex 9.06059 93.5494 1.4
      vertex 9.06059 93.5494 2
    endloop
  endfacet
  facet normal -0.896843 -0.442349 0
    outer loop
      vertex 9.06059 95.6506 1.4
      vertex 8.96224 95.85 2
      vertex 8.96224 95.85 1.4
    endloop
  endfacet
  facet normal -0.896843 -0.442349 0
    outer loop
      vertex 8.96224 95.85 2
      vertex 9.06059 95.6506 1.4
      vertex 9.06059 95.6506 2
    endloop
  endfacet
  facet normal -0.99786 -0.0653848 0
    outer loop
      vertex 9.19 95 1.4
      vertex 9.17546 95.2219 2
      vertex 9.17546 95.2219 1.4
    endloop
  endfacet
  facet normal -0.99786 -0.0653848 0
    outer loop
      vertex 9.17546 95.2219 2
      vertex 9.19 95 1.4
      vertex 9.19 95 2
    endloop
  endfacet
  facet normal 0.442459 0.896789 -0
    outer loop
      vertex 6.83944 92.6294 1.4
      vertex 6.64 92.7278 2
      vertex 6.83944 92.6294 2
    endloop
  endfacet
  facet normal 0.442459 0.896789 0
    outer loop
      vertex 6.64 92.7278 2
      vertex 6.83944 92.6294 1.4
      vertex 6.64 92.7278 1.4
    endloop
  endfacet
  facet normal 0.659313 -0.751869 0
    outer loop
      vertex 6.28792 96.2021 1.4
      vertex 6.4551 96.3487 2
      vertex 6.28792 96.2021 2
    endloop
  endfacet
  facet normal 0.659313 -0.751869 0
    outer loop
      vertex 6.4551 96.3487 2
      vertex 6.28792 96.2021 1.4
      vertex 6.4551 96.3487 1.4
    endloop
  endfacet
  facet normal 0.99786 0.0653848 0
    outer loop
      vertex 5.80454 93.9781 2
      vertex 5.79 94.2 1.4
      vertex 5.79 94.2 2
    endloop
  endfacet
  facet normal 0.99786 0.0653848 0
    outer loop
      vertex 5.79 94.2 1.4
      vertex 5.80454 93.9781 2
      vertex 5.80454 93.9781 1.4
    endloop
  endfacet
  facet normal -0.659291 -0.751888 0
    outer loop
      vertex 8.52489 96.3487 1.4
      vertex 8.69208 96.2021 2
      vertex 8.52489 96.3487 2
    endloop
  endfacet
  facet normal -0.659291 -0.751888 -0
    outer loop
      vertex 8.69208 96.2021 2
      vertex 8.52489 96.3487 1.4
      vertex 8.69208 96.2021 1.4
    endloop
  endfacet
  facet normal -0.442459 -0.896789 0
    outer loop
      vertex 8.14056 96.5706 1.4
      vertex 8.34 96.4722 2
      vertex 8.14056 96.5706 2
    endloop
  endfacet
  facet normal -0.442459 -0.896789 -0
    outer loop
      vertex 8.34 96.4722 2
      vertex 8.14056 96.5706 1.4
      vertex 8.34 96.4722 1.4
    endloop
  endfacet
  facet normal 0.195173 -0.980769 0
    outer loop
      vertex 7.05001 96.6421 1.4
      vertex 7.2681 96.6855 2
      vertex 7.05001 96.6421 2
    endloop
  endfacet
  facet normal 0.195173 -0.980769 0
    outer loop
      vertex 7.2681 96.6855 2
      vertex 7.05001 96.6421 1.4
      vertex 7.2681 96.6855 1.4
    endloop
  endfacet
  facet normal -0.195165 -0.98077 0
    outer loop
      vertex 7.71189 96.6855 1.4
      vertex 7.92999 96.6421 2
      vertex 7.71189 96.6855 2
    endloop
  endfacet
  facet normal -0.195165 -0.98077 -0
    outer loop
      vertex 7.92999 96.6421 2
      vertex 7.71189 96.6855 1.4
      vertex 7.92999 96.6421 1.4
    endloop
  endfacet
  facet normal -0.0652086 -0.997872 0
    outer loop
      vertex 7.49 96.7 1.4
      vertex 7.71189 96.6855 2
      vertex 7.49 96.7 2
    endloop
  endfacet
  facet normal -0.0652086 -0.997872 -0
    outer loop
      vertex 7.71189 96.6855 2
      vertex 7.49 96.7 1.4
      vertex 7.71189 96.6855 1.4
    endloop
  endfacet
  facet normal -0.195165 0.98077 0
    outer loop
      vertex 7.92999 92.5579 1.4
      vertex 7.71189 92.5145 2
      vertex 7.92999 92.5579 2
    endloop
  endfacet
  facet normal -0.195165 0.98077 0
    outer loop
      vertex 7.71189 92.5145 2
      vertex 7.92999 92.5579 1.4
      vertex 7.71189 92.5145 1.4
    endloop
  endfacet
  facet normal -0.980779 0.195122 0
    outer loop
      vertex 9.13207 93.76 1.4
      vertex 9.17546 93.9781 2
      vertex 9.17546 93.9781 1.4
    endloop
  endfacet
  facet normal -0.980779 0.195122 0
    outer loop
      vertex 9.17546 93.9781 2
      vertex 9.13207 93.76 1.4
      vertex 9.13207 93.76 2
    endloop
  endfacet
  facet normal -0.99786 0.0653848 0
    outer loop
      vertex 9.17546 93.9781 1.4
      vertex 9.19 94.2 2
      vertex 9.19 94.2 1.4
    endloop
  endfacet
  facet normal -0.99786 0.0653848 0
    outer loop
      vertex 9.19 94.2 2
      vertex 9.17546 93.9781 1.4
      vertex 9.17546 93.9781 2
    endloop
  endfacet
  facet normal -0.946943 -0.321403 0
    outer loop
      vertex 9.13207 95.44 1.4
      vertex 9.06059 95.6506 2
      vertex 9.06059 95.6506 1.4
    endloop
  endfacet
  facet normal -0.946943 -0.321403 0
    outer loop
      vertex 9.06059 95.6506 2
      vertex 9.13207 95.44 1.4
      vertex 9.13207 95.44 2
    endloop
  endfacet
  facet normal 0.195173 0.980769 -0
    outer loop
      vertex 7.2681 92.5145 1.4
      vertex 7.05001 92.5579 2
      vertex 7.2681 92.5145 2
    endloop
  endfacet
  facet normal 0.195173 0.980769 0
    outer loop
      vertex 7.05001 92.5579 2
      vertex 7.2681 92.5145 1.4
      vertex 7.05001 92.5579 1.4
    endloop
  endfacet
  facet normal 0.321525 0.946901 -0
    outer loop
      vertex 7.05001 92.5579 1.4
      vertex 6.83944 92.6294 2
      vertex 7.05001 92.5579 2
    endloop
  endfacet
  facet normal 0.321525 0.946901 0
    outer loop
      vertex 6.83944 92.6294 2
      vertex 7.05001 92.5579 1.4
      vertex 6.83944 92.6294 1.4
    endloop
  endfacet
  facet normal 0.99786 -0.0653848 0
    outer loop
      vertex 5.79 95 2
      vertex 5.80454 95.2219 1.4
      vertex 5.80454 95.2219 2
    endloop
  endfacet
  facet normal 0.99786 -0.0653848 0
    outer loop
      vertex 5.80454 95.2219 1.4
      vertex 5.79 95 2
      vertex 5.79 95 1.4
    endloop
  endfacet
  facet normal -0.831483 -0.555551 0
    outer loop
      vertex 8.96224 95.85 1.4
      vertex 8.8387 96.0349 2
      vertex 8.8387 96.0349 1.4
    endloop
  endfacet
  facet normal -0.831483 -0.555551 0
    outer loop
      vertex 8.8387 96.0349 2
      vertex 8.96224 95.85 1.4
      vertex 8.96224 95.85 2
    endloop
  endfacet
  facet normal -0.659291 0.751888 0
    outer loop
      vertex 8.69208 92.9979 1.4
      vertex 8.52489 92.8513 2
      vertex 8.69208 92.9979 2
    endloop
  endfacet
  facet normal -0.659291 0.751888 0
    outer loop
      vertex 8.52489 92.8513 2
      vertex 8.69208 92.9979 1.4
      vertex 8.52489 92.8513 1.4
    endloop
  endfacet
  facet normal -0.751863 0.659319 0
    outer loop
      vertex 8.69208 92.9979 1.4
      vertex 8.8387 93.1651 2
      vertex 8.8387 93.1651 1.4
    endloop
  endfacet
  facet normal -0.751863 0.659319 0
    outer loop
      vertex 8.8387 93.1651 2
      vertex 8.69208 92.9979 1.4
      vertex 8.69208 92.9979 2
    endloop
  endfacet
  facet normal -0.831483 0.555551 0
    outer loop
      vertex 8.8387 93.1651 1.4
      vertex 8.96224 93.35 2
      vertex 8.96224 93.35 1.4
    endloop
  endfacet
  facet normal -0.831483 0.555551 0
    outer loop
      vertex 8.96224 93.35 2
      vertex 8.8387 93.1651 1.4
      vertex 8.8387 93.1651 2
    endloop
  endfacet
  facet normal 0.555426 0.831566 -0
    outer loop
      vertex 6.64 92.7278 1.4
      vertex 6.4551 92.8513 2
      vertex 6.64 92.7278 2
    endloop
  endfacet
  facet normal 0.555426 0.831566 0
    outer loop
      vertex 6.4551 92.8513 2
      vertex 6.64 92.7278 1.4
      vertex 6.4551 92.8513 1.4
    endloop
  endfacet
  facet normal 0.751863 0.659319 0
    outer loop
      vertex 6.28792 92.9979 2
      vertex 6.1413 93.1651 1.4
      vertex 6.1413 93.1651 2
    endloop
  endfacet
  facet normal 0.751863 0.659319 0
    outer loop
      vertex 6.1413 93.1651 1.4
      vertex 6.28792 92.9979 2
      vertex 6.28792 92.9979 1.4
    endloop
  endfacet
  facet normal 0.896825 0.442386 0
    outer loop
      vertex 6.01776 93.35 2
      vertex 5.9194 93.5494 1.4
      vertex 5.9194 93.5494 2
    endloop
  endfacet
  facet normal 0.896825 0.442386 0
    outer loop
      vertex 5.9194 93.5494 1.4
      vertex 6.01776 93.35 2
      vertex 6.01776 93.35 1.4
    endloop
  endfacet
  facet normal 0.831483 -0.555551 0
    outer loop
      vertex 6.01776 95.85 2
      vertex 6.1413 96.0349 1.4
      vertex 6.1413 96.0349 2
    endloop
  endfacet
  facet normal 0.831483 -0.555551 0
    outer loop
      vertex 6.1413 96.0349 1.4
      vertex 6.01776 95.85 2
      vertex 6.01776 95.85 1.4
    endloop
  endfacet
  facet normal 0.980779 -0.195122 0
    outer loop
      vertex 5.80454 95.2219 2
      vertex 5.84793 95.44 1.4
      vertex 5.84793 95.44 2
    endloop
  endfacet
  facet normal 0.980779 -0.195122 0
    outer loop
      vertex 5.84793 95.44 1.4
      vertex 5.80454 95.2219 2
      vertex 5.80454 95.2219 1.4
    endloop
  endfacet
  facet normal 0.946956 -0.321363 0
    outer loop
      vertex 5.84793 95.44 2
      vertex 5.9194 95.6506 1.4
      vertex 5.9194 95.6506 2
    endloop
  endfacet
  facet normal 0.946956 -0.321363 0
    outer loop
      vertex 5.9194 95.6506 1.4
      vertex 5.84793 95.44 2
      vertex 5.84793 95.44 1.4
    endloop
  endfacet
  facet normal 0.896825 -0.442386 0
    outer loop
      vertex 5.9194 95.6506 2
      vertex 6.01776 95.85 1.4
      vertex 6.01776 95.85 2
    endloop
  endfacet
  facet normal 0.896825 -0.442386 0
    outer loop
      vertex 6.01776 95.85 1.4
      vertex 5.9194 95.6506 2
      vertex 5.9194 95.6506 1.4
    endloop
  endfacet
  facet normal 0.946956 0.321363 0
    outer loop
      vertex 5.9194 93.5494 2
      vertex 5.84793 93.76 1.4
      vertex 5.84793 93.76 2
    endloop
  endfacet
  facet normal 0.946956 0.321363 0
    outer loop
      vertex 5.84793 93.76 1.4
      vertex 5.9194 93.5494 2
      vertex 5.9194 93.5494 1.4
    endloop
  endfacet
  facet normal 0.980779 0.195122 0
    outer loop
      vertex 5.84793 93.76 2
      vertex 5.80454 93.9781 1.4
      vertex 5.80454 93.9781 2
    endloop
  endfacet
  facet normal 0.980779 0.195122 0
    outer loop
      vertex 5.80454 93.9781 1.4
      vertex 5.84793 93.76 2
      vertex 5.84793 93.76 1.4
    endloop
  endfacet
  facet normal 0.751863 -0.659319 0
    outer loop
      vertex 6.1413 96.0349 2
      vertex 6.28792 96.2021 1.4
      vertex 6.28792 96.2021 2
    endloop
  endfacet
  facet normal 0.751863 -0.659319 0
    outer loop
      vertex 6.28792 96.2021 1.4
      vertex 6.1413 96.0349 2
      vertex 6.1413 96.0349 1.4
    endloop
  endfacet
  facet normal 0.321525 -0.946901 0
    outer loop
      vertex 6.83944 96.5706 1.4
      vertex 7.05001 96.6421 2
      vertex 6.83944 96.5706 2
    endloop
  endfacet
  facet normal 0.321525 -0.946901 0
    outer loop
      vertex 7.05001 96.6421 2
      vertex 6.83944 96.5706 1.4
      vertex 7.05001 96.6421 1.4
    endloop
  endfacet
  facet normal 0.555426 -0.831566 0
    outer loop
      vertex 6.4551 96.3487 1.4
      vertex 6.64 96.4722 2
      vertex 6.4551 96.3487 2
    endloop
  endfacet
  facet normal 0.555426 -0.831566 0
    outer loop
      vertex 6.64 96.4722 2
      vertex 6.4551 96.3487 1.4
      vertex 6.64 96.4722 1.4
    endloop
  endfacet
  facet normal 0.442459 -0.896789 0
    outer loop
      vertex 6.64 96.4722 1.4
      vertex 6.83944 96.5706 2
      vertex 6.64 96.4722 2
    endloop
  endfacet
  facet normal 0.442459 -0.896789 0
    outer loop
      vertex 6.83944 96.5706 2
      vertex 6.64 96.4722 1.4
      vertex 6.83944 96.5706 1.4
    endloop
  endfacet
  facet normal 0.831483 0.555551 0
    outer loop
      vertex 6.1413 93.1651 2
      vertex 6.01776 93.35 1.4
      vertex 6.01776 93.35 2
    endloop
  endfacet
  facet normal 0.831483 0.555551 0
    outer loop
      vertex 6.01776 93.35 1.4
      vertex 6.1413 93.1651 2
      vertex 6.1413 93.1651 1.4
    endloop
  endfacet
  facet normal 0.402435 0.585766 -0.703509
    outer loop
      vertex 5.94365 91.5248 0
      vertex 6.64 92.7278 1.4
      vertex 5.94496 91.5239 0
    endloop
  endfacet
  facet normal 0.394553 0.590712 -0.703838
    outer loop
      vertex 6.64 92.7278 1.4
      vertex 5.94365 91.5248 0
      vertex 6.4551 92.8513 1.4
    endloop
  endfacet
  facet normal 0.138505 -0.696744 -0.703821
    outer loop
      vertex 7.08512 98.0633 0
      vertex 7.05001 96.6421 1.4
      vertex 6.69023 97.9848 0
    endloop
  endfacet
  facet normal 0.534103 -0.468363 -0.703825
    outer loop
      vertex 6.1413 96.0349 1.4
      vertex 5.03952 96.8823 0
      vertex 6.28792 96.2021 1.4
    endloop
  endfacet
  facet normal 0.536726 -0.465163 -0.703952
    outer loop
      vertex 5.03952 96.8823 0
      vertex 6.1413 96.0349 1.4
      vertex 5.03848 96.8811 0
    endloop
  endfacet
  facet normal 0.672661 -0.228373 -0.703827
    outer loop
      vertex 4.63464 96.181 0
      vertex 5.84793 95.44 1.4
      vertex 4.50522 95.7998 0
    endloop
  endfacet
  facet normal -0.637095 0.314225 -0.703828
    outer loop
      vertex 10.3442 93.0161 0
      vertex 10.1661 92.655 0
      vertex 8.96224 93.35 1.4
    endloop
  endfacet
  facet normal -0.314089 0.637152 -0.703837
    outer loop
      vertex 9.03362 91.5232 0
      vertex 8.34 92.7278 1.4
      vertex 9.03504 91.5239 0
    endloop
  endfacet
  facet normal -0.314303 0.637038 -0.703844
    outer loop
      vertex 8.34 92.7278 1.4
      vertex 9.03362 91.5232 0
      vertex 8.14056 92.6294 1.4
    endloop
  endfacet
  facet normal 0.590678 -0.394632 -0.703822
    outer loop
      vertex 5.0376 96.8798 0
      vertex 6.01776 95.85 1.4
      vertex 4.81392 96.545 0
    endloop
  endfacet
  facet normal 0.708852 -0.0464475 -0.703826
    outer loop
      vertex 5.79 95 1.4
      vertex 4.40003 95.0016 0
      vertex 5.80454 95.2219 1.4
    endloop
  endfacet
  facet normal 0.708922 -0.0443076 -0.703894
    outer loop
      vertex 4.40003 95.0016 0
      vertex 5.79 95 1.4
      vertex 4.39993 95 0
    endloop
  endfacet
  facet normal 0.590664 -0.394649 -0.703824
    outer loop
      vertex 5.0376 96.8798 0
      vertex 6.1413 96.0349 1.4
      vertex 6.01776 95.85 1.4
    endloop
  endfacet
  facet normal 0.588159 -0.398139 -0.703956
    outer loop
      vertex 6.1413 96.0349 1.4
      vertex 5.0376 96.8798 0
      vertex 5.03848 96.8811 0
    endloop
  endfacet
  facet normal 0.637079 -0.314258 -0.703826
    outer loop
      vertex 4.81322 96.5436 0
      vertex 6.01776 95.85 1.4
      vertex 5.9194 95.6506 1.4
    endloop
  endfacet
  facet normal 0.635272 -0.317636 -0.703944
    outer loop
      vertex 6.01776 95.85 1.4
      vertex 4.81322 96.5436 0
      vertex 4.81392 96.545 0
    endloop
  endfacet
  facet normal -0.674037 0.224679 -0.7037
    outer loop
      vertex 9.06059 93.5494 1.4
      vertex 10.3454 93.019 0
      vertex 10.3449 93.0175 0
    endloop
  endfacet
  facet normal -0.672678 0.228315 -0.70383
    outer loop
      vertex 10.3454 93.019 0
      vertex 9.06059 93.5494 1.4
      vertex 9.13207 93.76 1.4
    endloop
  endfacet
  facet normal -0.314089 -0.637152 -0.703837
    outer loop
      vertex 8.34 96.4722 1.4
      vertex 9.03362 97.6768 0
      vertex 9.03504 97.6761 0
    endloop
  endfacet
  facet normal -0.314303 -0.637038 -0.703844
    outer loop
      vertex 9.03362 97.6768 0
      vertex 8.34 96.4722 1.4
      vertex 8.14056 96.5706 1.4
    endloop
  endfacet
  facet normal -0.138505 -0.696744 -0.703821
    outer loop
      vertex 8.28977 97.9848 0
      vertex 7.92999 96.6421 1.4
      vertex 7.89488 98.0633 0
    endloop
  endfacet
  facet normal 0.0448751 -0.709027 -0.703752
    outer loop
      vertex 7.08824 98.0637 0
      vertex 7.2681 96.6855 1.4
      vertex 7.08666 98.0636 0
    endloop
  endfacet
  facet normal 0.046322 -0.708887 -0.7038
    outer loop
      vertex 7.2681 96.6855 1.4
      vertex 7.08824 98.0637 0
      vertex 7.49 96.7 1.4
    endloop
  endfacet
  facet normal 0.22831 -0.672685 -0.703825
    outer loop
      vertex 6.69023 97.9848 0
      vertex 7.05001 96.6421 1.4
      vertex 6.30897 97.8554 0
    endloop
  endfacet
  facet normal 0.314303 -0.637038 -0.703844
    outer loop
      vertex 6.64 96.4722 1.4
      vertex 5.94638 97.6768 0
      vertex 6.83944 96.5706 1.4
    endloop
  endfacet
  facet normal 0.314089 -0.637152 -0.703837
    outer loop
      vertex 5.94638 97.6768 0
      vertex 6.64 96.4722 1.4
      vertex 5.94496 97.6761 0
    endloop
  endfacet
  facet normal 0.468313 -0.534148 -0.703824
    outer loop
      vertex 5.60888 97.4515 0
      vertex 6.4551 96.3487 1.4
      vertex 5.30617 97.1861 0
    endloop
  endfacet
  facet normal 0.468354 -0.534103 -0.703831
    outer loop
      vertex 6.28792 96.2021 1.4
      vertex 5.30617 97.1861 0
      vertex 6.4551 96.3487 1.4
    endloop
  endfacet
  facet normal 0.484023 -0.519225 -0.704363
    outer loop
      vertex 5.30617 97.1861 0
      vertex 6.28792 96.2021 1.4
      vertex 5.30499 97.185 0
    endloop
  endfacet
  facet normal 0.69672 -0.138609 -0.703825
    outer loop
      vertex 5.80454 95.2219 1.4
      vertex 4.42667 95.4049 0
      vertex 5.84793 95.44 1.4
    endloop
  endfacet
  facet normal 0.697297 -0.135101 -0.703935
    outer loop
      vertex 4.42667 95.4049 0
      vertex 5.80454 95.2219 1.4
      vertex 4.42636 95.4033 0
    endloop
  endfacet
  facet normal 0.708853 -0.0464627 -0.703825
    outer loop
      vertex 4.42636 95.4033 0
      vertex 5.80454 95.2219 1.4
      vertex 4.40003 95.0016 0
    endloop
  endfacet
  facet normal 0.6727 -0.22829 -0.703817
    outer loop
      vertex 4.63464 96.181 0
      vertex 5.9194 95.6506 1.4
      vertex 5.84793 95.44 1.4
    endloop
  endfacet
  facet normal 0.672558 -0.22867 -0.70383
    outer loop
      vertex 5.9194 95.6506 1.4
      vertex 4.63464 96.181 0
      vertex 4.63515 96.1825 0
    endloop
  endfacet
  facet normal 0.637125 -0.314187 -0.703817
    outer loop
      vertex 4.81322 96.5436 0
      vertex 5.9194 95.6506 1.4
      vertex 4.63515 96.1825 0
    endloop
  endfacet
  facet normal 0.696722 0.138586 -0.703827
    outer loop
      vertex 5.84793 93.76 1.4
      vertex 4.50522 93.4002 0
      vertex 4.42667 93.7951 0
    endloop
  endfacet
  facet normal 0.534082 0.468394 -0.703821
    outer loop
      vertex 6.28792 92.9979 1.4
      vertex 5.30499 92.015 0
      vertex 5.03952 92.3177 0
    endloop
  endfacet
  facet normal 0.637125 0.314187 -0.703817
    outer loop
      vertex 5.9194 93.5494 1.4
      vertex 4.81322 92.6564 0
      vertex 4.63515 93.0175 0
    endloop
  endfacet
  facet normal 0.672661 0.228373 -0.703827
    outer loop
      vertex 5.84793 93.76 1.4
      vertex 4.63464 93.019 0
      vertex 4.50522 93.4002 0
    endloop
  endfacet
  facet normal 0.534103 0.468363 -0.703825
    outer loop
      vertex 5.03952 92.3177 0
      vertex 6.1413 93.1651 1.4
      vertex 6.28792 92.9979 1.4
    endloop
  endfacet
  facet normal 0.536726 0.465163 -0.703952
    outer loop
      vertex 6.1413 93.1651 1.4
      vertex 5.03952 92.3177 0
      vertex 5.03848 92.3189 0
    endloop
  endfacet
  facet normal 0.228399 0.672643 -0.703836
    outer loop
      vertex 6.30897 91.3446 0
      vertex 6.83944 92.6294 1.4
      vertex 7.05001 92.5579 1.4
    endloop
  endfacet
  facet normal 0.226018 0.673534 -0.703752
    outer loop
      vertex 6.83944 92.6294 1.4
      vertex 6.30897 91.3446 0
      vertex 6.30748 91.3451 0
    endloop
  endfacet
  facet normal 0.314222 0.637089 -0.703834
    outer loop
      vertex 6.83944 92.6294 1.4
      vertex 6.30748 91.3451 0
      vertex 5.94638 91.5232 0
    endloop
  endfacet
  facet normal 0.0465786 0.708841 -0.703829
    outer loop
      vertex 7.49 92.5 1.4
      vertex 7.49 91.1099 0
      vertex 7.08824 91.1363 0
    endloop
  endfacet
  facet normal -0.590355 0.395084 -0.703839
    outer loop
      vertex 8.8387 93.1651 1.4
      vertex 9.94239 92.3202 0
      vertex 9.94152 92.3189 0
    endloop
  endfacet
  facet normal -0.590665 0.39465 -0.703822
    outer loop
      vertex 9.94239 92.3202 0
      vertex 8.8387 93.1651 1.4
      vertex 8.96224 93.35 1.4
    endloop
  endfacet
  facet normal -0.635491 0.317745 -0.703697
    outer loop
      vertex 10.3442 93.0161 0
      vertex 9.06059 93.5494 1.4
      vertex 10.3449 93.0175 0
    endloop
  endfacet
  facet normal -0.637092 0.314233 -0.703827
    outer loop
      vertex 9.06059 93.5494 1.4
      vertex 10.3442 93.0161 0
      vertex 8.96224 93.35 1.4
    endloop
  endfacet
  facet normal -0.534082 -0.468394 -0.703821
    outer loop
      vertex 9.67501 97.185 0
      vertex 9.94048 96.8823 0
      vertex 8.69208 96.2021 1.4
    endloop
  endfacet
  facet normal -0.672667 -0.22834 -0.703833
    outer loop
      vertex 10.3454 96.181 0
      vertex 10.4748 95.7998 0
      vertex 9.13207 95.44 1.4
    endloop
  endfacet
  facet normal -0.590665 -0.39465 -0.703822
    outer loop
      vertex 8.8387 96.0349 1.4
      vertex 9.94239 96.8798 0
      vertex 8.96224 95.85 1.4
    endloop
  endfacet
  facet normal -0.590355 -0.395084 -0.703839
    outer loop
      vertex 9.94239 96.8798 0
      vertex 8.8387 96.0349 1.4
      vertex 9.94152 96.8811 0
    endloop
  endfacet
  facet normal -0.536726 -0.465163 -0.703952
    outer loop
      vertex 8.8387 96.0349 1.4
      vertex 9.94048 96.8823 0
      vertex 9.94152 96.8811 0
    endloop
  endfacet
  facet normal -0.534103 -0.468363 -0.703825
    outer loop
      vertex 9.94048 96.8823 0
      vertex 8.8387 96.0349 1.4
      vertex 8.69208 96.2021 1.4
    endloop
  endfacet
  facet normal -0.696749 -0.138503 -0.703816
    outer loop
      vertex 10.4751 95.7982 0
      vertex 10.5536 95.4033 0
      vertex 9.17546 95.2219 1.4
    endloop
  endfacet
  facet normal -0.696749 0.138503 -0.703816
    outer loop
      vertex 10.5536 93.7967 0
      vertex 10.4751 93.4018 0
      vertex 9.17546 93.9781 1.4
    endloop
  endfacet
  facet normal -0.481872 -0.521298 -0.704307
    outer loop
      vertex 8.69208 96.2021 1.4
      vertex 9.67382 97.1861 0
      vertex 9.67501 97.185 0
    endloop
  endfacet
  facet normal -0.46834 -0.534118 -0.703829
    outer loop
      vertex 9.67382 97.1861 0
      vertex 8.69208 96.2021 1.4
      vertex 8.52489 96.3487 1.4
    endloop
  endfacet
  facet normal -0.39468 -0.590644 -0.703823
    outer loop
      vertex 9.03635 97.6752 0
      vertex 9.37112 97.4515 0
      vertex 8.52489 96.3487 1.4
    endloop
  endfacet
  facet normal -0.138644 -0.696732 -0.703806
    outer loop
      vertex 7.71189 96.6855 1.4
      vertex 7.89488 98.0633 0
      vertex 7.92999 96.6421 1.4
    endloop
  endfacet
  facet normal -0.134968 -0.697337 -0.703921
    outer loop
      vertex 7.89488 98.0633 0
      vertex 7.71189 96.6855 1.4
      vertex 7.89333 98.0636 0
    endloop
  endfacet
  facet normal 0.228399 -0.672643 -0.703836
    outer loop
      vertex 6.83944 96.5706 1.4
      vertex 6.30897 97.8554 0
      vertex 7.05001 96.6421 1.4
    endloop
  endfacet
  facet normal 0.226018 -0.673534 -0.703752
    outer loop
      vertex 6.30897 97.8554 0
      vertex 6.83944 96.5706 1.4
      vertex 6.30748 97.8549 0
    endloop
  endfacet
  facet normal 0.314222 -0.637089 -0.703834
    outer loop
      vertex 6.30748 97.8549 0
      vertex 6.83944 96.5706 1.4
      vertex 5.94638 97.6768 0
    endloop
  endfacet
  facet normal 0.394681 -0.590645 -0.703822
    outer loop
      vertex 5.94365 97.6752 0
      vertex 6.4551 96.3487 1.4
      vertex 5.60888 97.4515 0
    endloop
  endfacet
  facet normal 0.394553 -0.590712 -0.703838
    outer loop
      vertex 5.94365 97.6752 0
      vertex 6.64 96.4722 1.4
      vertex 6.4551 96.3487 1.4
    endloop
  endfacet
  facet normal 0.402435 -0.585766 -0.703509
    outer loop
      vertex 6.64 96.4722 1.4
      vertex 5.94365 97.6752 0
      vertex 5.94496 97.6761 0
    endloop
  endfacet
  facet normal 0.534082 -0.468394 -0.703821
    outer loop
      vertex 5.30499 97.185 0
      vertex 6.28792 96.2021 1.4
      vertex 5.03952 96.8823 0
    endloop
  endfacet
  facet normal 0.696722 -0.138586 -0.703827
    outer loop
      vertex 4.50522 95.7998 0
      vertex 5.84793 95.44 1.4
      vertex 4.42667 95.4049 0
    endloop
  endfacet
  facet normal 0.709619 0 -0.704586
    outer loop
      vertex 5.79 94.2 1.4
      vertex 4.39993 95 0
      vertex 5.79 95 1.4
    endloop
  endfacet
  facet normal 0.709619 0 -0.704586
    outer loop
      vertex 4.39993 95 0
      vertex 5.79 94.2 1.4
      vertex 4.39993 94.2 0
    endloop
  endfacet
  facet normal 0.69672 0.138609 -0.703825
    outer loop
      vertex 4.42667 93.7951 0
      vertex 5.80454 93.9781 1.4
      vertex 5.84793 93.76 1.4
    endloop
  endfacet
  facet normal 0.697297 0.135101 -0.703935
    outer loop
      vertex 5.80454 93.9781 1.4
      vertex 4.42667 93.7951 0
      vertex 4.42636 93.7967 0
    endloop
  endfacet
  facet normal 0.394681 0.590645 -0.703822
    outer loop
      vertex 6.4551 92.8513 1.4
      vertex 5.94365 91.5248 0
      vertex 5.60888 91.7485 0
    endloop
  endfacet
  facet normal 0.672558 0.22867 -0.70383
    outer loop
      vertex 4.63464 93.019 0
      vertex 5.9194 93.5494 1.4
      vertex 4.63515 93.0175 0
    endloop
  endfacet
  facet normal 0.6727 0.22829 -0.703817
    outer loop
      vertex 5.9194 93.5494 1.4
      vertex 4.63464 93.019 0
      vertex 5.84793 93.76 1.4
    endloop
  endfacet
  facet normal 0.468415 0.534063 -0.703821
    outer loop
      vertex 6.28792 92.9979 1.4
      vertex 5.6077 91.7495 0
      vertex 5.30499 92.015 0
    endloop
  endfacet
  facet normal 0.459054 0.541684 -0.704164
    outer loop
      vertex 5.6077 91.7495 0
      vertex 6.4551 92.8513 1.4
      vertex 5.60888 91.7485 0
    endloop
  endfacet
  facet normal 0.468356 0.534104 -0.703829
    outer loop
      vertex 6.4551 92.8513 1.4
      vertex 5.6077 91.7495 0
      vertex 6.28792 92.9979 1.4
    endloop
  endfacet
  facet normal 0.314303 0.637038 -0.703844
    outer loop
      vertex 5.94638 91.5232 0
      vertex 6.64 92.7278 1.4
      vertex 6.83944 92.6294 1.4
    endloop
  endfacet
  facet normal 0.314089 0.637152 -0.703837
    outer loop
      vertex 6.64 92.7278 1.4
      vertex 5.94638 91.5232 0
      vertex 5.94496 91.5239 0
    endloop
  endfacet
  facet normal 0.138505 0.696744 -0.703821
    outer loop
      vertex 7.05001 92.5579 1.4
      vertex 7.08512 91.1367 0
      vertex 6.69023 91.2152 0
    endloop
  endfacet
  facet normal 0.22831 0.672685 -0.703825
    outer loop
      vertex 7.05001 92.5579 1.4
      vertex 6.69023 91.2152 0
      vertex 6.30897 91.3446 0
    endloop
  endfacet
  facet normal 0.135818 0.697199 -0.703895
    outer loop
      vertex 7.08512 91.1367 0
      vertex 7.2681 92.5145 1.4
      vertex 7.08666 91.1364 0
    endloop
  endfacet
  facet normal 0.13865 0.696732 -0.703805
    outer loop
      vertex 7.2681 92.5145 1.4
      vertex 7.08512 91.1367 0
      vertex 7.05001 92.5579 1.4
    endloop
  endfacet
  facet normal 0.046322 0.708887 -0.7038
    outer loop
      vertex 7.08824 91.1363 0
      vertex 7.2681 92.5145 1.4
      vertex 7.49 92.5 1.4
    endloop
  endfacet
  facet normal 0.0448751 0.709027 -0.703752
    outer loop
      vertex 7.2681 92.5145 1.4
      vertex 7.08824 91.1363 0
      vertex 7.08666 91.1364 0
    endloop
  endfacet
  facet normal -0.0451592 0.709 -0.703761
    outer loop
      vertex 7.89176 91.1363 0
      vertex 7.71189 92.5145 1.4
      vertex 7.89333 91.1364 0
    endloop
  endfacet
  facet normal -0.0463241 0.708886 -0.7038
    outer loop
      vertex 7.71189 92.5145 1.4
      vertex 7.89176 91.1363 0
      vertex 7.49 92.5 1.4
    endloop
  endfacet
  facet normal -0.590651 0.394667 -0.703825
    outer loop
      vertex 10.1661 92.655 0
      vertex 9.94239 92.3202 0
      vertex 8.96224 93.35 1.4
    endloop
  endfacet
  facet normal -0.402435 0.585766 -0.703509
    outer loop
      vertex 8.34 92.7278 1.4
      vertex 9.03635 91.5248 0
      vertex 9.03504 91.5239 0
    endloop
  endfacet
  facet normal -0.394568 0.590702 -0.703837
    outer loop
      vertex 9.03635 91.5248 0
      vertex 8.34 92.7278 1.4
      vertex 8.52489 92.8513 1.4
    endloop
  endfacet
  facet normal -0.39468 0.590644 -0.703823
    outer loop
      vertex 9.37112 91.7485 0
      vertex 9.03635 91.5248 0
      vertex 8.52489 92.8513 1.4
    endloop
  endfacet
  facet normal -0.635491 -0.317745 -0.703697
    outer loop
      vertex 9.06059 95.6506 1.4
      vertex 10.3442 96.1839 0
      vertex 10.3449 96.1825 0
    endloop
  endfacet
  facet normal -0.637092 -0.314233 -0.703827
    outer loop
      vertex 10.3442 96.1839 0
      vertex 9.06059 95.6506 1.4
      vertex 8.96224 95.85 1.4
    endloop
  endfacet
  facet normal -0.709611 0 -0.704593
    outer loop
      vertex 10.5801 94.2 0
      vertex 9.19 95 1.4
      vertex 10.5801 95 0
    endloop
  endfacet
  facet normal -0.709611 -0 -0.704593
    outer loop
      vertex 9.19 95 1.4
      vertex 10.5801 94.2 0
      vertex 9.19 94.2 1.4
    endloop
  endfacet
  facet normal -0.708851 -0.0465861 -0.703819
    outer loop
      vertex 10.5536 95.4033 0
      vertex 10.58 95.0016 0
      vertex 9.17546 95.2219 1.4
    endloop
  endfacet
  facet normal -0.708851 0.0465861 -0.703819
    outer loop
      vertex 10.58 94.1984 0
      vertex 10.5536 93.7967 0
      vertex 9.17546 93.9781 1.4
    endloop
  endfacet
  facet normal -0.708914 0.0443072 -0.703901
    outer loop
      vertex 10.58 94.1984 0
      vertex 9.19 94.2 1.4
      vertex 10.5801 94.2 0
    endloop
  endfacet
  facet normal -0.708844 0.046447 -0.703834
    outer loop
      vertex 9.19 94.2 1.4
      vertex 10.58 94.1984 0
      vertex 9.17546 93.9781 1.4
    endloop
  endfacet
  facet normal -0.698469 0.130963 -0.703555
    outer loop
      vertex 9.13207 93.76 1.4
      vertex 10.4751 93.4018 0
      vertex 10.4748 93.4002 0
    endloop
  endfacet
  facet normal -0.696716 0.138608 -0.703829
    outer loop
      vertex 10.4751 93.4018 0
      vertex 9.13207 93.76 1.4
      vertex 9.17546 93.9781 1.4
    endloop
  endfacet
  facet normal -0.672667 0.22834 -0.703833
    outer loop
      vertex 10.4748 93.4002 0
      vertex 10.3454 93.019 0
      vertex 9.13207 93.76 1.4
    endloop
  endfacet
  facet normal -0.394568 -0.590702 -0.703837
    outer loop
      vertex 8.34 96.4722 1.4
      vertex 9.03635 97.6752 0
      vertex 8.52489 96.3487 1.4
    endloop
  endfacet
  facet normal -0.402435 -0.585766 -0.703509
    outer loop
      vertex 9.03635 97.6752 0
      vertex 8.34 96.4722 1.4
      vertex 9.03504 97.6761 0
    endloop
  endfacet
  facet normal -0.468321 -0.53414 -0.703826
    outer loop
      vertex 9.37112 97.4515 0
      vertex 9.67382 97.1861 0
      vertex 8.52489 96.3487 1.4
    endloop
  endfacet
  facet normal -0.22831 -0.672685 -0.703825
    outer loop
      vertex 8.28977 97.9848 0
      vertex 8.67103 97.8554 0
      vertex 7.92999 96.6421 1.4
    endloop
  endfacet
  facet normal -0.226018 -0.673534 -0.703752
    outer loop
      vertex 8.14056 96.5706 1.4
      vertex 8.67103 97.8554 0
      vertex 8.67252 97.8549 0
    endloop
  endfacet
  facet normal -0.228399 -0.672643 -0.703836
    outer loop
      vertex 8.67103 97.8554 0
      vertex 8.14056 96.5706 1.4
      vertex 7.92999 96.6421 1.4
    endloop
  endfacet
  facet normal -0.314222 -0.637089 -0.703834
    outer loop
      vertex 8.67252 97.8549 0
      vertex 9.03362 97.6768 0
      vertex 8.14056 96.5706 1.4
    endloop
  endfacet
  facet normal 0.0465786 -0.708841 -0.703829
    outer loop
      vertex 7.49 98.0901 0
      vertex 7.49 96.7 1.4
      vertex 7.08824 98.0637 0
    endloop
  endfacet
  facet normal 0.708922 0.0443076 -0.703894
    outer loop
      vertex 5.79 94.2 1.4
      vertex 4.40003 94.1984 0
      vertex 4.39993 94.2 0
    endloop
  endfacet
  facet normal 0.708852 0.0464475 -0.703826
    outer loop
      vertex 4.40003 94.1984 0
      vertex 5.79 94.2 1.4
      vertex 5.80454 93.9781 1.4
    endloop
  endfacet
  facet normal 0.708853 0.0464627 -0.703825
    outer loop
      vertex 5.80454 93.9781 1.4
      vertex 4.42636 93.7967 0
      vertex 4.40003 94.1984 0
    endloop
  endfacet
  facet normal 0.590678 0.394632 -0.703821
    outer loop
      vertex 6.1413 93.1651 1.4
      vertex 5.03848 92.3189 0
      vertex 4.8148 92.6537 0
    endloop
  endfacet
  facet normal 0.635272 0.317636 -0.703944
    outer loop
      vertex 4.81322 92.6564 0
      vertex 6.01776 93.35 1.4
      vertex 4.81392 92.655 0
    endloop
  endfacet
  facet normal 0.637079 0.314258 -0.703826
    outer loop
      vertex 6.01776 93.35 1.4
      vertex 4.81322 92.6564 0
      vertex 5.9194 93.5494 1.4
    endloop
  endfacet
  facet normal -0.226018 0.673534 -0.703752
    outer loop
      vertex 8.67103 91.3446 0
      vertex 8.14056 92.6294 1.4
      vertex 8.67252 91.3451 0
    endloop
  endfacet
  facet normal -0.228399 0.672643 -0.703836
    outer loop
      vertex 8.14056 92.6294 1.4
      vertex 8.67103 91.3446 0
      vertex 7.92999 92.5579 1.4
    endloop
  endfacet
  facet normal -0.22831 0.672685 -0.703825
    outer loop
      vertex 8.67103 91.3446 0
      vertex 8.28977 91.2152 0
      vertex 7.92999 92.5579 1.4
    endloop
  endfacet
  facet normal -0.0465786 0.708841 -0.703829
    outer loop
      vertex 7.49 92.5 1.4
      vertex 7.89176 91.1363 0
      vertex 7.49 91.1099 0
    endloop
  endfacet
  facet normal -0.534082 0.468394 -0.703821
    outer loop
      vertex 9.94048 92.3177 0
      vertex 9.67501 92.015 0
      vertex 8.69208 92.9979 1.4
    endloop
  endfacet
  facet normal -0.468415 0.534063 -0.703821
    outer loop
      vertex 9.67501 92.015 0
      vertex 9.3723 91.7495 0
      vertex 8.69208 92.9979 1.4
    endloop
  endfacet
  facet normal -0.459053 0.541683 -0.704166
    outer loop
      vertex 8.52489 92.8513 1.4
      vertex 9.3723 91.7495 0
      vertex 9.37112 91.7485 0
    endloop
  endfacet
  facet normal -0.468338 0.534117 -0.703832
    outer loop
      vertex 9.3723 91.7495 0
      vertex 8.52489 92.8513 1.4
      vertex 8.69208 92.9979 1.4
    endloop
  endfacet
  facet normal -0.590651 -0.394667 -0.703825
    outer loop
      vertex 9.94239 96.8798 0
      vertex 10.1661 96.545 0
      vertex 8.96224 95.85 1.4
    endloop
  endfacet
  facet normal -0.637095 -0.314225 -0.703828
    outer loop
      vertex 10.1661 96.545 0
      vertex 10.3442 96.1839 0
      vertex 8.96224 95.85 1.4
    endloop
  endfacet
  facet normal -0.672678 -0.228315 -0.70383
    outer loop
      vertex 9.06059 95.6506 1.4
      vertex 10.3454 96.181 0
      vertex 9.13207 95.44 1.4
    endloop
  endfacet
  facet normal -0.674037 -0.224679 -0.7037
    outer loop
      vertex 10.3454 96.181 0
      vertex 9.06059 95.6506 1.4
      vertex 10.3449 96.1825 0
    endloop
  endfacet
  facet normal -0.696716 -0.138608 -0.703829
    outer loop
      vertex 9.13207 95.44 1.4
      vertex 10.4751 95.7982 0
      vertex 9.17546 95.2219 1.4
    endloop
  endfacet
  facet normal -0.698469 -0.130963 -0.703555
    outer loop
      vertex 10.4751 95.7982 0
      vertex 9.13207 95.44 1.4
      vertex 10.4748 95.7998 0
    endloop
  endfacet
  facet normal -0.0463241 -0.708886 -0.7038
    outer loop
      vertex 7.89176 98.0637 0
      vertex 7.71189 96.6855 1.4
      vertex 7.49 96.7 1.4
    endloop
  endfacet
  facet normal -0.0451592 -0.709 -0.703761
    outer loop
      vertex 7.71189 96.6855 1.4
      vertex 7.89176 98.0637 0
      vertex 7.89333 98.0636 0
    endloop
  endfacet
  facet normal -0.0465786 -0.708841 -0.703829
    outer loop
      vertex 7.49 98.0901 0
      vertex 7.89176 98.0637 0
      vertex 7.49 96.7 1.4
    endloop
  endfacet
  facet normal 0.590668 0.394652 -0.703819
    outer loop
      vertex 4.8148 92.6537 0
      vertex 6.01776 93.35 1.4
      vertex 6.1413 93.1651 1.4
    endloop
  endfacet
  facet normal 0.588391 0.398295 -0.703674
    outer loop
      vertex 6.01776 93.35 1.4
      vertex 4.8148 92.6537 0
      vertex 4.81392 92.655 0
    endloop
  endfacet
  facet normal -0.134968 0.697337 -0.703921
    outer loop
      vertex 7.71189 92.5145 1.4
      vertex 7.89488 91.1367 0
      vertex 7.89333 91.1364 0
    endloop
  endfacet
  facet normal -0.138644 0.696732 -0.703806
    outer loop
      vertex 7.89488 91.1367 0
      vertex 7.71189 92.5145 1.4
      vertex 7.92999 92.5579 1.4
    endloop
  endfacet
  facet normal -0.314222 0.637089 -0.703834
    outer loop
      vertex 9.03362 91.5232 0
      vertex 8.67252 91.3451 0
      vertex 8.14056 92.6294 1.4
    endloop
  endfacet
  facet normal -0.536726 0.465163 -0.703952
    outer loop
      vertex 9.94048 92.3177 0
      vertex 8.8387 93.1651 1.4
      vertex 9.94152 92.3189 0
    endloop
  endfacet
  facet normal -0.534103 0.468363 -0.703825
    outer loop
      vertex 8.8387 93.1651 1.4
      vertex 9.94048 92.3177 0
      vertex 8.69208 92.9979 1.4
    endloop
  endfacet
  facet normal -0.708914 -0.0443072 -0.703901
    outer loop
      vertex 9.19 95 1.4
      vertex 10.58 95.0016 0
      vertex 10.5801 95 0
    endloop
  endfacet
  facet normal -0.708844 -0.046447 -0.703834
    outer loop
      vertex 10.58 95.0016 0
      vertex 9.19 95 1.4
      vertex 9.17546 95.2219 1.4
    endloop
  endfacet
  facet normal 0.135818 -0.697199 -0.703895
    outer loop
      vertex 7.2681 96.6855 1.4
      vertex 7.08512 98.0633 0
      vertex 7.08666 98.0636 0
    endloop
  endfacet
  facet normal 0.13865 -0.696732 -0.703805
    outer loop
      vertex 7.08512 98.0633 0
      vertex 7.2681 96.6855 1.4
      vertex 7.05001 96.6421 1.4
    endloop
  endfacet
  facet normal -0.138505 0.696744 -0.703821
    outer loop
      vertex 7.92999 92.5579 1.4
      vertex 8.28977 91.2152 0
      vertex 7.89488 91.1367 0
    endloop
  endfacet
  facet normal 0.0652057 0.997872 -0
    outer loop
      vertex 69.21 15.9 1.4
      vertex 68.9881 15.9145 2
      vertex 69.21 15.9 2
    endloop
  endfacet
  facet normal 0.0652057 0.997872 0
    outer loop
      vertex 68.9881 15.9145 2
      vertex 69.21 15.9 1.4
      vertex 68.9881 15.9145 1.4
    endloop
  endfacet
  facet normal -0.751908 0.659268 0
    outer loop
      vertex 70.4121 16.3979 1.4
      vertex 70.5587 16.5651 2
      vertex 70.5587 16.5651 1.4
    endloop
  endfacet
  facet normal -0.751908 0.659268 0
    outer loop
      vertex 70.5587 16.5651 2
      vertex 70.4121 16.3979 1.4
      vertex 70.4121 16.3979 2
    endloop
  endfacet
  facet normal -0.997872 0.0652057 0
    outer loop
      vertex 70.8955 17.3781 1.4
      vertex 70.91 17.6 2
      vertex 70.91 17.6 1.4
    endloop
  endfacet
  facet normal -0.997872 0.0652057 0
    outer loop
      vertex 70.91 17.6 2
      vertex 70.8955 17.3781 1.4
      vertex 70.8955 17.3781 2
    endloop
  endfacet
  facet normal -0.0652057 0.997872 0
    outer loop
      vertex 69.4319 15.9145 1.4
      vertex 69.21 15.9 2
      vertex 69.4319 15.9145 2
    endloop
  endfacet
  facet normal -0.0652057 0.997872 0
    outer loop
      vertex 69.21 15.9 2
      vertex 69.4319 15.9145 1.4
      vertex 69.21 15.9 1.4
    endloop
  endfacet
  facet normal -0.659268 0.751908 0
    outer loop
      vertex 70.4121 16.3979 1.4
      vertex 70.2449 16.2513 2
      vertex 70.4121 16.3979 2
    endloop
  endfacet
  facet normal -0.659268 0.751908 0
    outer loop
      vertex 70.2449 16.2513 2
      vertex 70.4121 16.3979 1.4
      vertex 70.2449 16.2513 1.4
    endloop
  endfacet
  facet normal -0.997872 -0.0652057 0
    outer loop
      vertex 70.91 18.4 1.4
      vertex 70.8955 18.6219 2
      vertex 70.8955 18.6219 1.4
    endloop
  endfacet
  facet normal -0.997872 -0.0652057 0
    outer loop
      vertex 70.8955 18.6219 2
      vertex 70.91 18.4 1.4
      vertex 70.91 18.4 2
    endloop
  endfacet
  facet normal -1 0 0
    outer loop
      vertex 70.91 17.6 1.4
      vertex 70.91 18.4 2
      vertex 70.91 18.4 1.4
    endloop
  endfacet
  facet normal -1 -0 0
    outer loop
      vertex 70.91 18.4 2
      vertex 70.91 17.6 1.4
      vertex 70.91 17.6 2
    endloop
  endfacet
  facet normal -0.946915 0.321484 0
    outer loop
      vertex 70.7806 16.9494 1.4
      vertex 70.8521 17.16 2
      vertex 70.8521 17.16 1.4
    endloop
  endfacet
  facet normal -0.946915 0.321484 0
    outer loop
      vertex 70.8521 17.16 2
      vertex 70.7806 16.9494 1.4
      vertex 70.7806 16.9494 2
    endloop
  endfacet
  facet normal -0.555426 0.831566 0
    outer loop
      vertex 70.2449 16.2513 1.4
      vertex 70.06 16.1278 2
      vertex 70.2449 16.2513 2
    endloop
  endfacet
  facet normal -0.555426 0.831566 0
    outer loop
      vertex 70.06 16.1278 2
      vertex 70.2449 16.2513 1.4
      vertex 70.06 16.1278 1.4
    endloop
  endfacet
  facet normal -0.98077 0.195165 0
    outer loop
      vertex 70.8521 17.16 1.4
      vertex 70.8955 17.3781 2
      vertex 70.8955 17.3781 1.4
    endloop
  endfacet
  facet normal -0.98077 0.195165 0
    outer loop
      vertex 70.8955 17.3781 2
      vertex 70.8521 17.16 1.4
      vertex 70.8521 17.16 2
    endloop
  endfacet
  facet normal -0.896754 0.44253 0
    outer loop
      vertex 70.6822 16.75 1.4
      vertex 70.7806 16.9494 2
      vertex 70.7806 16.9494 1.4
    endloop
  endfacet
  facet normal -0.896754 0.44253 0
    outer loop
      vertex 70.7806 16.9494 2
      vertex 70.6822 16.75 1.4
      vertex 70.6822 16.75 2
    endloop
  endfacet
  facet normal -0.831566 0.555426 0
    outer loop
      vertex 70.5587 16.5651 1.4
      vertex 70.6822 16.75 2
      vertex 70.6822 16.75 1.4
    endloop
  endfacet
  facet normal -0.831566 0.555426 0
    outer loop
      vertex 70.6822 16.75 2
      vertex 70.5587 16.5651 1.4
      vertex 70.5587 16.5651 2
    endloop
  endfacet
  facet normal -0.44253 0.896754 0
    outer loop
      vertex 70.06 16.1278 1.4
      vertex 69.8606 16.0294 2
      vertex 70.06 16.1278 2
    endloop
  endfacet
  facet normal -0.44253 0.896754 0
    outer loop
      vertex 69.8606 16.0294 2
      vertex 70.06 16.1278 1.4
      vertex 69.8606 16.0294 1.4
    endloop
  endfacet
  facet normal -0.195165 0.98077 0
    outer loop
      vertex 69.65 15.9579 1.4
      vertex 69.4319 15.9145 2
      vertex 69.65 15.9579 2
    endloop
  endfacet
  facet normal -0.195165 0.98077 0
    outer loop
      vertex 69.4319 15.9145 2
      vertex 69.65 15.9579 1.4
      vertex 69.4319 15.9145 1.4
    endloop
  endfacet
  facet normal 0.195165 0.98077 -0
    outer loop
      vertex 68.9881 15.9145 1.4
      vertex 68.77 15.9579 2
      vertex 68.9881 15.9145 2
    endloop
  endfacet
  facet normal 0.195165 0.98077 0
    outer loop
      vertex 68.77 15.9579 2
      vertex 68.9881 15.9145 1.4
      vertex 68.77 15.9579 1.4
    endloop
  endfacet
  facet normal 0.44253 0.896754 -0
    outer loop
      vertex 68.5594 16.0294 1.4
      vertex 68.36 16.1278 2
      vertex 68.5594 16.0294 2
    endloop
  endfacet
  facet normal 0.44253 0.896754 0
    outer loop
      vertex 68.36 16.1278 2
      vertex 68.5594 16.0294 1.4
      vertex 68.36 16.1278 1.4
    endloop
  endfacet
  facet normal -0.751908 -0.659268 0
    outer loop
      vertex 70.5587 19.4349 1.4
      vertex 70.4121 19.6021 2
      vertex 70.4121 19.6021 1.4
    endloop
  endfacet
  facet normal -0.751908 -0.659268 0
    outer loop
      vertex 70.4121 19.6021 2
      vertex 70.5587 19.4349 1.4
      vertex 70.5587 19.4349 2
    endloop
  endfacet
  facet normal 0.98077 -0.195165 0
    outer loop
      vertex 67.5245 18.6219 2
      vertex 67.5679 18.84 1.4
      vertex 67.5679 18.84 2
    endloop
  endfacet
  facet normal 0.98077 -0.195165 0
    outer loop
      vertex 67.5679 18.84 1.4
      vertex 67.5245 18.6219 2
      vertex 67.5245 18.6219 1.4
    endloop
  endfacet
  facet normal 0.946915 -0.321484 0
    outer loop
      vertex 67.5679 18.84 2
      vertex 67.6394 19.0506 1.4
      vertex 67.6394 19.0506 2
    endloop
  endfacet
  facet normal 0.946915 -0.321484 0
    outer loop
      vertex 67.6394 19.0506 1.4
      vertex 67.5679 18.84 2
      vertex 67.5679 18.84 1.4
    endloop
  endfacet
  facet normal 0.896754 -0.44253 0
    outer loop
      vertex 67.6394 19.0506 2
      vertex 67.7378 19.25 1.4
      vertex 67.7378 19.25 2
    endloop
  endfacet
  facet normal 0.896754 -0.44253 0
    outer loop
      vertex 67.7378 19.25 1.4
      vertex 67.6394 19.0506 2
      vertex 67.6394 19.0506 1.4
    endloop
  endfacet
  facet normal 0.831566 -0.555426 0
    outer loop
      vertex 67.7378 19.25 2
      vertex 67.8613 19.4349 1.4
      vertex 67.8613 19.4349 2
    endloop
  endfacet
  facet normal 0.831566 -0.555426 0
    outer loop
      vertex 67.8613 19.4349 1.4
      vertex 67.7378 19.25 2
      vertex 67.7378 19.25 1.4
    endloop
  endfacet
  facet normal 0.896754 0.44253 0
    outer loop
      vertex 67.7378 16.75 2
      vertex 67.6394 16.9494 1.4
      vertex 67.6394 16.9494 2
    endloop
  endfacet
  facet normal 0.896754 0.44253 0
    outer loop
      vertex 67.6394 16.9494 1.4
      vertex 67.7378 16.75 2
      vertex 67.7378 16.75 1.4
    endloop
  endfacet
  facet normal -0.321484 0.946915 0
    outer loop
      vertex 69.8606 16.0294 1.4
      vertex 69.65 15.9579 2
      vertex 69.8606 16.0294 2
    endloop
  endfacet
  facet normal -0.321484 0.946915 0
    outer loop
      vertex 69.65 15.9579 2
      vertex 69.8606 16.0294 1.4
      vertex 69.65 15.9579 1.4
    endloop
  endfacet
  facet normal -0.659268 -0.751908 0
    outer loop
      vertex 70.2449 19.7487 1.4
      vertex 70.4121 19.6021 2
      vertex 70.2449 19.7487 2
    endloop
  endfacet
  facet normal -0.659268 -0.751908 -0
    outer loop
      vertex 70.4121 19.6021 2
      vertex 70.2449 19.7487 1.4
      vertex 70.4121 19.6021 1.4
    endloop
  endfacet
  facet normal 0.946915 0.321484 0
    outer loop
      vertex 67.6394 16.9494 2
      vertex 67.5679 17.16 1.4
      vertex 67.5679 17.16 2
    endloop
  endfacet
  facet normal 0.946915 0.321484 0
    outer loop
      vertex 67.5679 17.16 1.4
      vertex 67.6394 16.9494 2
      vertex 67.6394 16.9494 1.4
    endloop
  endfacet
  facet normal 1 -0 0
    outer loop
      vertex 67.51 17.6 2
      vertex 67.51 18.4 1.4
      vertex 67.51 18.4 2
    endloop
  endfacet
  facet normal 1 0 0
    outer loop
      vertex 67.51 18.4 1.4
      vertex 67.51 17.6 2
      vertex 67.51 17.6 1.4
    endloop
  endfacet
  facet normal 0.751908 0.659268 0
    outer loop
      vertex 68.0079 16.3979 2
      vertex 67.8613 16.5651 1.4
      vertex 67.8613 16.5651 2
    endloop
  endfacet
  facet normal 0.751908 0.659268 0
    outer loop
      vertex 67.8613 16.5651 1.4
      vertex 68.0079 16.3979 2
      vertex 68.0079 16.3979 1.4
    endloop
  endfacet
  facet normal 0.831566 0.555426 0
    outer loop
      vertex 67.8613 16.5651 2
      vertex 67.7378 16.75 1.4
      vertex 67.7378 16.75 2
    endloop
  endfacet
  facet normal 0.831566 0.555426 0
    outer loop
      vertex 67.7378 16.75 1.4
      vertex 67.8613 16.5651 2
      vertex 67.8613 16.5651 1.4
    endloop
  endfacet
  facet normal 0.321484 0.946915 -0
    outer loop
      vertex 68.77 15.9579 1.4
      vertex 68.5594 16.0294 2
      vertex 68.77 15.9579 2
    endloop
  endfacet
  facet normal 0.321484 0.946915 0
    outer loop
      vertex 68.5594 16.0294 2
      vertex 68.77 15.9579 1.4
      vertex 68.5594 16.0294 1.4
    endloop
  endfacet
  facet normal 0.751908 -0.659268 0
    outer loop
      vertex 67.8613 19.4349 2
      vertex 68.0079 19.6021 1.4
      vertex 68.0079 19.6021 2
    endloop
  endfacet
  facet normal 0.751908 -0.659268 0
    outer loop
      vertex 68.0079 19.6021 1.4
      vertex 67.8613 19.4349 2
      vertex 67.8613 19.4349 1.4
    endloop
  endfacet
  facet normal 0.195165 -0.98077 0
    outer loop
      vertex 68.77 20.0421 1.4
      vertex 68.9881 20.0855 2
      vertex 68.77 20.0421 2
    endloop
  endfacet
  facet normal 0.195165 -0.98077 0
    outer loop
      vertex 68.9881 20.0855 2
      vertex 68.77 20.0421 1.4
      vertex 68.9881 20.0855 1.4
    endloop
  endfacet
  facet normal -0.555426 -0.831566 0
    outer loop
      vertex 70.06 19.8722 1.4
      vertex 70.2449 19.7487 2
      vertex 70.06 19.8722 2
    endloop
  endfacet
  facet normal -0.555426 -0.831566 -0
    outer loop
      vertex 70.2449 19.7487 2
      vertex 70.06 19.8722 1.4
      vertex 70.2449 19.7487 1.4
    endloop
  endfacet
  facet normal -0.831566 -0.555426 0
    outer loop
      vertex 70.6822 19.25 1.4
      vertex 70.5587 19.4349 2
      vertex 70.5587 19.4349 1.4
    endloop
  endfacet
  facet normal -0.831566 -0.555426 0
    outer loop
      vertex 70.5587 19.4349 2
      vertex 70.6822 19.25 1.4
      vertex 70.6822 19.25 2
    endloop
  endfacet
  facet normal -0.946915 -0.321484 0
    outer loop
      vertex 70.8521 18.84 1.4
      vertex 70.7806 19.0506 2
      vertex 70.7806 19.0506 1.4
    endloop
  endfacet
  facet normal -0.946915 -0.321484 0
    outer loop
      vertex 70.7806 19.0506 2
      vertex 70.8521 18.84 1.4
      vertex 70.8521 18.84 2
    endloop
  endfacet
  facet normal -0.98077 -0.195165 0
    outer loop
      vertex 70.8955 18.6219 1.4
      vertex 70.8521 18.84 2
      vertex 70.8521 18.84 1.4
    endloop
  endfacet
  facet normal -0.98077 -0.195165 0
    outer loop
      vertex 70.8521 18.84 2
      vertex 70.8955 18.6219 1.4
      vertex 70.8955 18.6219 2
    endloop
  endfacet
  facet normal 0.997872 0.0652057 0
    outer loop
      vertex 67.5245 17.3781 2
      vertex 67.51 17.6 1.4
      vertex 67.51 17.6 2
    endloop
  endfacet
  facet normal 0.997872 0.0652057 0
    outer loop
      vertex 67.51 17.6 1.4
      vertex 67.5245 17.3781 2
      vertex 67.5245 17.3781 1.4
    endloop
  endfacet
  facet normal 0.997872 -0.0652057 0
    outer loop
      vertex 67.51 18.4 2
      vertex 67.5245 18.6219 1.4
      vertex 67.5245 18.6219 2
    endloop
  endfacet
  facet normal 0.997872 -0.0652057 0
    outer loop
      vertex 67.5245 18.6219 1.4
      vertex 67.51 18.4 2
      vertex 67.51 18.4 1.4
    endloop
  endfacet
  facet normal 0.555426 0.831566 -0
    outer loop
      vertex 68.36 16.1278 1.4
      vertex 68.1751 16.2513 2
      vertex 68.36 16.1278 2
    endloop
  endfacet
  facet normal 0.555426 0.831566 0
    outer loop
      vertex 68.1751 16.2513 2
      vertex 68.36 16.1278 1.4
      vertex 68.1751 16.2513 1.4
    endloop
  endfacet
  facet normal 0.659268 0.751908 -0
    outer loop
      vertex 68.1751 16.2513 1.4
      vertex 68.0079 16.3979 2
      vertex 68.1751 16.2513 2
    endloop
  endfacet
  facet normal 0.659268 0.751908 0
    outer loop
      vertex 68.0079 16.3979 2
      vertex 68.1751 16.2513 1.4
      vertex 68.0079 16.3979 1.4
    endloop
  endfacet
  facet normal 0.44253 -0.896754 0
    outer loop
      vertex 68.36 19.8722 1.4
      vertex 68.5594 19.9706 2
      vertex 68.36 19.8722 2
    endloop
  endfacet
  facet normal 0.44253 -0.896754 0
    outer loop
      vertex 68.5594 19.9706 2
      vertex 68.36 19.8722 1.4
      vertex 68.5594 19.9706 1.4
    endloop
  endfacet
  facet normal -0.195165 -0.98077 0
    outer loop
      vertex 69.4319 20.0855 1.4
      vertex 69.65 20.0421 2
      vertex 69.4319 20.0855 2
    endloop
  endfacet
  facet normal -0.195165 -0.98077 -0
    outer loop
      vertex 69.65 20.0421 2
      vertex 69.4319 20.0855 1.4
      vertex 69.65 20.0421 1.4
    endloop
  endfacet
  facet normal -0.44253 -0.896754 0
    outer loop
      vertex 69.8606 19.9706 1.4
      vertex 70.06 19.8722 2
      vertex 69.8606 19.9706 2
    endloop
  endfacet
  facet normal -0.44253 -0.896754 -0
    outer loop
      vertex 70.06 19.8722 2
      vertex 69.8606 19.9706 1.4
      vertex 70.06 19.8722 1.4
    endloop
  endfacet
  facet normal -0.321484 -0.946915 0
    outer loop
      vertex 69.65 20.0421 1.4
      vertex 69.8606 19.9706 2
      vertex 69.65 20.0421 2
    endloop
  endfacet
  facet normal -0.321484 -0.946915 -0
    outer loop
      vertex 69.8606 19.9706 2
      vertex 69.65 20.0421 1.4
      vertex 69.8606 19.9706 1.4
    endloop
  endfacet
  facet normal -0.896754 -0.44253 0
    outer loop
      vertex 70.7806 19.0506 1.4
      vertex 70.6822 19.25 2
      vertex 70.6822 19.25 1.4
    endloop
  endfacet
  facet normal -0.896754 -0.44253 0
    outer loop
      vertex 70.6822 19.25 2
      vertex 70.7806 19.0506 1.4
      vertex 70.7806 19.0506 2
    endloop
  endfacet
  facet normal 0.98077 0.195165 0
    outer loop
      vertex 67.5679 17.16 2
      vertex 67.5245 17.3781 1.4
      vertex 67.5245 17.3781 2
    endloop
  endfacet
  facet normal 0.98077 0.195165 0
    outer loop
      vertex 67.5245 17.3781 1.4
      vertex 67.5679 17.16 2
      vertex 67.5679 17.16 1.4
    endloop
  endfacet
  facet normal 0.659268 -0.751908 0
    outer loop
      vertex 68.0079 19.6021 1.4
      vertex 68.1751 19.7487 2
      vertex 68.0079 19.6021 2
    endloop
  endfacet
  facet normal 0.659268 -0.751908 0
    outer loop
      vertex 68.1751 19.7487 2
      vertex 68.0079 19.6021 1.4
      vertex 68.1751 19.7487 1.4
    endloop
  endfacet
  facet normal 0.555426 -0.831566 0
    outer loop
      vertex 68.1751 19.7487 1.4
      vertex 68.36 19.8722 2
      vertex 68.1751 19.7487 2
    endloop
  endfacet
  facet normal 0.555426 -0.831566 0
    outer loop
      vertex 68.36 19.8722 2
      vertex 68.1751 19.7487 1.4
      vertex 68.36 19.8722 1.4
    endloop
  endfacet
  facet normal 0.321484 -0.946915 0
    outer loop
      vertex 68.5594 19.9706 1.4
      vertex 68.77 20.0421 2
      vertex 68.5594 19.9706 2
    endloop
  endfacet
  facet normal 0.321484 -0.946915 0
    outer loop
      vertex 68.77 20.0421 2
      vertex 68.5594 19.9706 1.4
      vertex 68.77 20.0421 1.4
    endloop
  endfacet
  facet normal 0.0652057 -0.997872 0
    outer loop
      vertex 68.9881 20.0855 1.4
      vertex 69.21 20.1 2
      vertex 68.9881 20.0855 2
    endloop
  endfacet
  facet normal 0.0652057 -0.997872 0
    outer loop
      vertex 69.21 20.1 2
      vertex 68.9881 20.0855 1.4
      vertex 69.21 20.1 1.4
    endloop
  endfacet
  facet normal -0.0652057 -0.997872 0
    outer loop
      vertex 69.21 20.1 1.4
      vertex 69.4319 20.0855 2
      vertex 69.21 20.1 2
    endloop
  endfacet
  facet normal -0.0652057 -0.997872 -0
    outer loop
      vertex 69.4319 20.0855 2
      vertex 69.21 20.1 1.4
      vertex 69.4319 20.0855 1.4
    endloop
  endfacet
  facet normal -0.637181 0.314091 -0.703809
    outer loop
      vertex 72.0648 16.4175 0
      vertex 71.8868 16.0564 0
      vertex 70.7806 16.9494 1.4
    endloop
  endfacet
  facet normal -0.635259 0.31763 -0.703958
    outer loop
      vertex 70.6822 16.75 1.4
      vertex 71.8868 16.0564 0
      vertex 71.8861 16.055 0
    endloop
  endfacet
  facet normal -0.637013 0.314353 -0.703844
    outer loop
      vertex 71.8868 16.0564 0
      vertex 70.6822 16.75 1.4
      vertex 70.7806 16.9494 1.4
    endloop
  endfacet
  facet normal -0.672673 0.228342 -0.703826
    outer loop
      vertex 72.1948 16.8002 0
      vertex 72.0654 16.419 0
      vertex 70.8521 17.16 1.4
    endloop
  endfacet
  facet normal 0.228342 -0.672673 -0.703826
    outer loop
      vertex 68.4102 21.3848 0
      vertex 68.77 20.0421 1.4
      vertex 68.029 21.2554 0
    endloop
  endfacet
  facet normal -0.0465868 -0.708861 -0.703808
    outer loop
      vertex 69.6133 21.4636 0
      vertex 69.4319 20.0855 1.4
      vertex 69.2116 21.49 0
    endloop
  endfacet
  facet normal 0.637086 -0.314221 -0.703837
    outer loop
      vertex 66.5339 19.945 0
      vertex 67.7378 19.25 1.4
      vertex 66.3558 19.5839 0
    endloop
  endfacet
  facet normal -0.590665 -0.394659 -0.703818
    outer loop
      vertex 71.6615 20.2811 0
      vertex 71.8852 19.9463 0
      vertex 70.5587 19.4349 1.4
    endloop
  endfacet
  facet normal -0.228342 -0.672673 -0.703826
    outer loop
      vertex 70.0098 21.3848 0
      vertex 70.391 21.2554 0
      vertex 69.65 20.0421 1.4
    endloop
  endfacet
  facet normal -0.708841 0.0465739 -0.703829
    outer loop
      vertex 72.3001 17.6 0
      vertex 72.2737 17.1982 0
      vertex 70.91 17.6 1.4
    endloop
  endfacet
  facet normal -0.468426 0.534059 -0.703816
    outer loop
      vertex 71.395 15.415 0
      vertex 71.0923 15.1495 0
      vertex 70.4121 16.3979 1.4
    endloop
  endfacet
  facet normal -0.590665 0.394659 -0.703818
    outer loop
      vertex 71.8852 16.0537 0
      vertex 71.6615 15.7189 0
      vertex 70.5587 16.5651 1.4
    endloop
  endfacet
  facet normal 0.228372 -0.672659 -0.703829
    outer loop
      vertex 68.5594 19.9706 1.4
      vertex 68.029 21.2554 0
      vertex 68.77 20.0421 1.4
    endloop
  endfacet
  facet normal 0.22468 -0.674039 -0.703697
    outer loop
      vertex 68.029 21.2554 0
      vertex 68.5594 19.9706 1.4
      vertex 68.0275 21.2549 0
    endloop
  endfacet
  facet normal 0.314221 -0.637086 -0.703837
    outer loop
      vertex 68.0261 21.2542 0
      vertex 68.36 19.8722 1.4
      vertex 67.665 21.0761 0
    endloop
  endfacet
  facet normal 0.696759 0.138505 -0.703806
    outer loop
      vertex 67.5245 17.3781 1.4
      vertex 66.2249 16.8018 0
      vertex 66.1464 17.1967 0
    endloop
  endfacet
  facet normal 0.314221 0.637086 -0.703837
    outer loop
      vertex 68.36 16.1278 1.4
      vertex 68.0261 14.7458 0
      vertex 67.665 14.9239 0
    endloop
  endfacet
  facet normal -0.652284 -0.27955 -0.70454
    outer loop
      vertex 70.7806 19.0506 1.4
      vertex 72.0642 19.5839 0
      vertex 72.0648 19.5825 0
    endloop
  endfacet
  facet normal -0.637034 -0.314364 -0.70382
    outer loop
      vertex 72.0642 19.5839 0
      vertex 70.7806 19.0506 1.4
      vertex 70.6822 19.25 1.4
    endloop
  endfacet
  facet normal -0.534059 -0.468426 -0.703816
    outer loop
      vertex 71.396 20.5838 0
      vertex 71.6615 20.2811 0
      vertex 70.5587 19.4349 1.4
    endloop
  endfacet
  facet normal -0.534152 -0.468342 -0.703802
    outer loop
      vertex 70.4121 19.6021 1.4
      vertex 71.396 20.5838 0
      vertex 70.5587 19.4349 1.4
    endloop
  endfacet
  facet normal -0.546265 -0.45522 -0.703114
    outer loop
      vertex 71.396 20.5838 0
      vertex 70.4121 19.6021 1.4
      vertex 71.395 20.585 0
    endloop
  endfacet
  facet normal -0.468323 -0.534131 -0.703831
    outer loop
      vertex 70.2449 19.7487 1.4
      vertex 71.0923 20.8505 0
      vertex 70.4121 19.6021 1.4
    endloop
  endfacet
  facet normal -0.454474 -0.545369 -0.704292
    outer loop
      vertex 71.0923 20.8505 0
      vertex 70.2449 19.7487 1.4
      vertex 71.0911 20.8515 0
    endloop
  endfacet
  facet normal -0.708841 -0.0465739 -0.703829
    outer loop
      vertex 72.2737 18.8018 0
      vertex 72.3001 18.4 0
      vertex 70.91 18.4 1.4
    endloop
  endfacet
  facet normal -0.696744 0.138502 -0.703822
    outer loop
      vertex 72.2733 17.1951 0
      vertex 72.1948 16.8002 0
      vertex 70.8521 17.16 1.4
    endloop
  endfacet
  facet normal -0.697999 0.130875 -0.704038
    outer loop
      vertex 72.2733 17.1951 0
      vertex 70.8955 17.3781 1.4
      vertex 72.2736 17.1967 0
    endloop
  endfacet
  facet normal -0.696732 0.138644 -0.703806
    outer loop
      vertex 70.8955 17.3781 1.4
      vertex 72.2733 17.1951 0
      vertex 70.8521 17.16 1.4
    endloop
  endfacet
  facet normal -0.584409 0.404591 -0.703401
    outer loop
      vertex 71.8852 16.0537 0
      vertex 70.6822 16.75 1.4
      vertex 71.8861 16.055 0
    endloop
  endfacet
  facet normal -0.590717 0.394557 -0.703831
    outer loop
      vertex 70.6822 16.75 1.4
      vertex 71.8852 16.0537 0
      vertex 70.5587 16.5651 1.4
    endloop
  endfacet
  facet normal -0.138505 0.696759 -0.703806
    outer loop
      vertex 70.0082 14.6149 0
      vertex 69.6133 14.5364 0
      vertex 69.4319 15.9145 1.4
    endloop
  endfacet
  facet normal 0.39465 -0.590652 -0.703834
    outer loop
      vertex 67.665 21.0761 0
      vertex 68.36 19.8722 1.4
      vertex 67.3302 20.8524 0
    endloop
  endfacet
  facet normal -0.0443072 -0.708914 -0.703901
    outer loop
      vertex 69.2116 21.49 0
      vertex 69.21 20.1 1.4
      vertex 69.21 21.4901 0
    endloop
  endfacet
  facet normal -0.0463195 -0.708849 -0.703838
    outer loop
      vertex 69.21 20.1 1.4
      vertex 69.2116 21.49 0
      vertex 69.4319 20.0855 1.4
    endloop
  endfacet
  facet normal 0.0463195 -0.708849 -0.703838
    outer loop
      vertex 69.2084 21.49 0
      vertex 69.21 20.1 1.4
      vertex 68.9881 20.0855 1.4
    endloop
  endfacet
  facet normal 0.0443072 -0.708914 -0.703901
    outer loop
      vertex 69.21 20.1 1.4
      vertex 69.2084 21.49 0
      vertex 69.21 21.4901 0
    endloop
  endfacet
  facet normal 0.0465868 -0.708861 -0.703808
    outer loop
      vertex 69.2084 21.49 0
      vertex 68.9881 20.0855 1.4
      vertex 68.8067 21.4636 0
    endloop
  endfacet
  facet normal 0.590665 -0.394659 -0.703818
    outer loop
      vertex 66.7585 20.2811 0
      vertex 67.8613 19.4349 1.4
      vertex 66.5348 19.9463 0
    endloop
  endfacet
  facet normal 0.534138 -0.468329 -0.703822
    outer loop
      vertex 67.0239 20.5838 0
      vertex 68.0079 19.6021 1.4
      vertex 67.8613 19.4349 1.4
    endloop
  endfacet
  facet normal 0.523351 -0.479738 -0.70424
    outer loop
      vertex 68.0079 19.6021 1.4
      vertex 67.0239 20.5838 0
      vertex 67.025 20.585 0
    endloop
  endfacet
  facet normal 0.394562 -0.590725 -0.703821
    outer loop
      vertex 68.1751 19.7487 1.4
      vertex 67.3302 20.8524 0
      vertex 68.36 19.8722 1.4
    endloop
  endfacet
  facet normal 0.404166 -0.583796 -0.704154
    outer loop
      vertex 67.3302 20.8524 0
      vertex 68.1751 19.7487 1.4
      vertex 67.3289 20.8515 0
    endloop
  endfacet
  facet normal 0.698477 0.130964 -0.703547
    outer loop
      vertex 66.2249 16.8018 0
      vertex 67.5679 17.16 1.4
      vertex 66.2252 16.8002 0
    endloop
  endfacet
  facet normal 0.696716 0.13864 -0.703822
    outer loop
      vertex 67.5679 17.16 1.4
      vertex 66.2249 16.8018 0
      vertex 67.5245 17.3781 1.4
    endloop
  endfacet
  facet normal 0.672673 0.228342 -0.703826
    outer loop
      vertex 67.5679 17.16 1.4
      vertex 66.3546 16.419 0
      vertex 66.2252 16.8002 0
    endloop
  endfacet
  facet normal 0.708849 -0.0463195 -0.703838
    outer loop
      vertex 67.51 18.4 1.4
      vertex 66.12 18.4016 0
      vertex 67.5245 18.6219 1.4
    endloop
  endfacet
  facet normal 0.708914 -0.0443072 -0.703901
    outer loop
      vertex 66.12 18.4016 0
      vertex 67.51 18.4 1.4
      vertex 66.1199 18.4 0
    endloop
  endfacet
  facet normal 0.708861 -0.0465868 -0.703808
    outer loop
      vertex 66.1464 18.8033 0
      vertex 67.5245 18.6219 1.4
      vertex 66.12 18.4016 0
    endloop
  endfacet
  facet normal 0.672659 -0.228372 -0.703829
    outer loop
      vertex 66.3546 19.581 0
      vertex 67.6394 19.0506 1.4
      vertex 67.5679 18.84 1.4
    endloop
  endfacet
  facet normal 0.674039 -0.22468 -0.703697
    outer loop
      vertex 67.6394 19.0506 1.4
      vertex 66.3546 19.581 0
      vertex 66.3551 19.5825 0
    endloop
  endfacet
  facet normal 0.637034 -0.314364 -0.70382
    outer loop
      vertex 67.6394 19.0506 1.4
      vertex 66.3558 19.5839 0
      vertex 67.7378 19.25 1.4
    endloop
  endfacet
  facet normal 0.635493 -0.317746 -0.703695
    outer loop
      vertex 66.3558 19.5839 0
      vertex 67.6394 19.0506 1.4
      vertex 66.3551 19.5825 0
    endloop
  endfacet
  facet normal 0.394562 0.590725 -0.703821
    outer loop
      vertex 67.3302 15.1476 0
      vertex 68.1751 16.2513 1.4
      vertex 68.36 16.1278 1.4
    endloop
  endfacet
  facet normal 0.404166 0.583796 -0.704154
    outer loop
      vertex 68.1751 16.2513 1.4
      vertex 67.3302 15.1476 0
      vertex 67.3289 15.1485 0
    endloop
  endfacet
  facet normal 0.534143 0.468324 -0.703821
    outer loop
      vertex 67.8613 16.5651 1.4
      vertex 67.0239 15.4162 0
      vertex 66.7585 15.7189 0
    endloop
  endfacet
  facet normal -0.708795 -0.047253 -0.70383
    outer loop
      vertex 72.2737 18.8018 0
      vertex 70.8955 18.6219 1.4
      vertex 72.2736 18.8033 0
    endloop
  endfacet
  facet normal -0.708886 -0.046322 -0.7038
    outer loop
      vertex 70.8955 18.6219 1.4
      vertex 72.2737 18.8018 0
      vertex 70.91 18.4 1.4
    endloop
  endfacet
  facet normal -0.709611 0 -0.704593
    outer loop
      vertex 72.3001 17.6 0
      vertex 70.91 18.4 1.4
      vertex 72.3001 18.4 0
    endloop
  endfacet
  facet normal -0.709611 -0 -0.704593
    outer loop
      vertex 70.91 18.4 1.4
      vertex 72.3001 17.6 0
      vertex 70.91 17.6 1.4
    endloop
  endfacet
  facet normal -0.697999 -0.130875 -0.704038
    outer loop
      vertex 70.8955 18.6219 1.4
      vertex 72.2733 18.8049 0
      vertex 72.2736 18.8033 0
    endloop
  endfacet
  facet normal -0.696732 -0.138644 -0.703806
    outer loop
      vertex 72.2733 18.8049 0
      vertex 70.8955 18.6219 1.4
      vertex 70.8521 18.84 1.4
    endloop
  endfacet
  facet normal -0.696744 -0.138502 -0.703822
    outer loop
      vertex 72.1948 19.1998 0
      vertex 72.2733 18.8049 0
      vertex 70.8521 18.84 1.4
    endloop
  endfacet
  facet normal -0.22468 -0.674039 -0.703697
    outer loop
      vertex 69.8606 19.9706 1.4
      vertex 70.391 21.2554 0
      vertex 70.3925 21.2549 0
    endloop
  endfacet
  facet normal -0.228372 -0.672659 -0.703829
    outer loop
      vertex 70.391 21.2554 0
      vertex 69.8606 19.9706 1.4
      vertex 69.65 20.0421 1.4
    endloop
  endfacet
  facet normal -0.314221 -0.637086 -0.703837
    outer loop
      vertex 70.3939 21.2542 0
      vertex 70.755 21.0761 0
      vertex 70.06 19.8722 1.4
    endloop
  endfacet
  facet normal -0.39465 -0.590652 -0.703834
    outer loop
      vertex 70.755 21.0761 0
      vertex 71.0898 20.8524 0
      vertex 70.06 19.8722 1.4
    endloop
  endfacet
  facet normal -0.658906 0.263563 -0.70454
    outer loop
      vertex 70.7806 16.9494 1.4
      vertex 72.0654 16.419 0
      vertex 72.0648 16.4175 0
    endloop
  endfacet
  facet normal -0.672659 0.228372 -0.703829
    outer loop
      vertex 72.0654 16.419 0
      vertex 70.7806 16.9494 1.4
      vertex 70.8521 17.16 1.4
    endloop
  endfacet
  facet normal -0.546265 0.45522 -0.703114
    outer loop
      vertex 70.4121 16.3979 1.4
      vertex 71.396 15.4162 0
      vertex 71.395 15.415 0
    endloop
  endfacet
  facet normal -0.534152 0.468342 -0.703802
    outer loop
      vertex 71.396 15.4162 0
      vertex 70.4121 16.3979 1.4
      vertex 70.5587 16.5651 1.4
    endloop
  endfacet
  facet normal -0.404166 0.583796 -0.704154
    outer loop
      vertex 71.0898 15.1476 0
      vertex 70.2449 16.2513 1.4
      vertex 71.0911 15.1485 0
    endloop
  endfacet
  facet normal -0.394562 0.590725 -0.703821
    outer loop
      vertex 70.2449 16.2513 1.4
      vertex 71.0898 15.1476 0
      vertex 70.06 16.1278 1.4
    endloop
  endfacet
  facet normal 0.0443072 0.708914 -0.703901
    outer loop
      vertex 69.2084 14.51 0
      vertex 69.21 15.9 1.4
      vertex 69.21 14.5099 0
    endloop
  endfacet
  facet normal 0.0463195 0.708849 -0.703838
    outer loop
      vertex 69.21 15.9 1.4
      vertex 69.2084 14.51 0
      vertex 68.9881 15.9145 1.4
    endloop
  endfacet
  facet normal -0.0465868 0.708861 -0.703808
    outer loop
      vertex 69.4319 15.9145 1.4
      vertex 69.6133 14.5364 0
      vertex 69.2116 14.51 0
    endloop
  endfacet
  facet normal -0.534059 0.468426 -0.703816
    outer loop
      vertex 71.6615 15.7189 0
      vertex 71.396 15.4162 0
      vertex 70.5587 16.5651 1.4
    endloop
  endfacet
  facet normal -0.130964 -0.698477 -0.703547
    outer loop
      vertex 69.65 20.0421 1.4
      vertex 70.0082 21.3851 0
      vertex 70.0098 21.3848 0
    endloop
  endfacet
  facet normal -0.13864 -0.696716 -0.703822
    outer loop
      vertex 70.0082 21.3851 0
      vertex 69.65 20.0421 1.4
      vertex 69.4319 20.0855 1.4
    endloop
  endfacet
  facet normal -0.138505 -0.696759 -0.703806
    outer loop
      vertex 69.6133 21.4636 0
      vertex 70.0082 21.3851 0
      vertex 69.4319 20.0855 1.4
    endloop
  endfacet
  facet normal 0.138505 -0.696759 -0.703806
    outer loop
      vertex 68.8067 21.4636 0
      vertex 68.9881 20.0855 1.4
      vertex 68.4118 21.3851 0
    endloop
  endfacet
  facet normal 0.13864 -0.696716 -0.703822
    outer loop
      vertex 68.77 20.0421 1.4
      vertex 68.4118 21.3851 0
      vertex 68.9881 20.0855 1.4
    endloop
  endfacet
  facet normal 0.130964 -0.698477 -0.703547
    outer loop
      vertex 68.4118 21.3851 0
      vertex 68.77 20.0421 1.4
      vertex 68.4102 21.3848 0
    endloop
  endfacet
  facet normal 0.590717 -0.394557 -0.703831
    outer loop
      vertex 67.7378 19.25 1.4
      vertex 66.5348 19.9463 0
      vertex 67.8613 19.4349 1.4
    endloop
  endfacet
  facet normal 0.584409 -0.404591 -0.703401
    outer loop
      vertex 66.5348 19.9463 0
      vertex 67.7378 19.25 1.4
      vertex 66.5339 19.945 0
    endloop
  endfacet
  facet normal 0.468426 -0.534059 -0.703816
    outer loop
      vertex 67.3277 20.8505 0
      vertex 68.0079 19.6021 1.4
      vertex 67.025 20.585 0
    endloop
  endfacet
  facet normal 0.314364 -0.637034 -0.70382
    outer loop
      vertex 68.0261 21.2542 0
      vertex 68.5594 19.9706 1.4
      vertex 68.36 19.8722 1.4
    endloop
  endfacet
  facet normal 0.317746 -0.635493 -0.703695
    outer loop
      vertex 68.5594 19.9706 1.4
      vertex 68.0261 21.2542 0
      vertex 68.0275 21.2549 0
    endloop
  endfacet
  facet normal 0.468323 -0.534131 -0.703831
    outer loop
      vertex 67.3277 20.8505 0
      vertex 68.1751 19.7487 1.4
      vertex 68.0079 19.6021 1.4
    endloop
  endfacet
  facet normal 0.454474 -0.545369 -0.704292
    outer loop
      vertex 68.1751 19.7487 1.4
      vertex 67.3277 20.8505 0
      vertex 67.3289 20.8515 0
    endloop
  endfacet
  facet normal 0.637095 0.314225 -0.703827
    outer loop
      vertex 67.6394 16.9494 1.4
      vertex 66.5332 16.0564 0
      vertex 66.3551 16.4175 0
    endloop
  endfacet
  facet normal 0.635259 0.31763 -0.703958
    outer loop
      vertex 66.5332 16.0564 0
      vertex 67.7378 16.75 1.4
      vertex 66.5339 16.055 0
    endloop
  endfacet
  facet normal 0.637013 0.314353 -0.703844
    outer loop
      vertex 67.7378 16.75 1.4
      vertex 66.5332 16.0564 0
      vertex 67.6394 16.9494 1.4
    endloop
  endfacet
  facet normal 0.708861 0.0465868 -0.703808
    outer loop
      vertex 67.5245 17.3781 1.4
      vertex 66.1464 17.1967 0
      vertex 66.12 17.5984 0
    endloop
  endfacet
  facet normal 0.709611 0 -0.704593
    outer loop
      vertex 67.51 17.6 1.4
      vertex 66.1199 18.4 0
      vertex 67.51 18.4 1.4
    endloop
  endfacet
  facet normal 0.709611 0 -0.704593
    outer loop
      vertex 66.1199 18.4 0
      vertex 67.51 17.6 1.4
      vertex 66.1199 17.6 0
    endloop
  endfacet
  facet normal 0.696759 -0.138505 -0.703806
    outer loop
      vertex 66.2249 19.1982 0
      vertex 67.5245 18.6219 1.4
      vertex 66.1464 18.8033 0
    endloop
  endfacet
  facet normal 0.39465 0.590652 -0.703834
    outer loop
      vertex 68.36 16.1278 1.4
      vertex 67.665 14.9239 0
      vertex 67.3302 15.1476 0
    endloop
  endfacet
  facet normal 0.523351 0.479738 -0.70424
    outer loop
      vertex 67.0239 15.4162 0
      vertex 68.0079 16.3979 1.4
      vertex 67.025 15.415 0
    endloop
  endfacet
  facet normal 0.534138 0.468329 -0.703822
    outer loop
      vertex 68.0079 16.3979 1.4
      vertex 67.0239 15.4162 0
      vertex 67.8613 16.5651 1.4
    endloop
  endfacet
  facet normal 0.468426 0.534059 -0.703816
    outer loop
      vertex 68.0079 16.3979 1.4
      vertex 67.3277 15.1495 0
      vertex 67.025 15.415 0
    endloop
  endfacet
  facet normal 0.590665 0.394659 -0.703818
    outer loop
      vertex 67.8613 16.5651 1.4
      vertex 66.7585 15.7189 0
      vertex 66.5348 16.0537 0
    endloop
  endfacet
  facet normal -0.637086 -0.314221 -0.703837
    outer loop
      vertex 71.8861 19.945 0
      vertex 72.0642 19.5839 0
      vertex 70.6822 19.25 1.4
    endloop
  endfacet
  facet normal -0.584409 -0.404591 -0.703401
    outer loop
      vertex 70.6822 19.25 1.4
      vertex 71.8852 19.9463 0
      vertex 71.8861 19.945 0
    endloop
  endfacet
  facet normal -0.590717 -0.394557 -0.703831
    outer loop
      vertex 71.8852 19.9463 0
      vertex 70.6822 19.25 1.4
      vertex 70.5587 19.4349 1.4
    endloop
  endfacet
  facet normal -0.672659 -0.228372 -0.703829
    outer loop
      vertex 70.7806 19.0506 1.4
      vertex 72.0654 19.581 0
      vertex 70.8521 18.84 1.4
    endloop
  endfacet
  facet normal -0.658906 -0.263563 -0.70454
    outer loop
      vertex 72.0654 19.581 0
      vertex 70.7806 19.0506 1.4
      vertex 72.0648 19.5825 0
    endloop
  endfacet
  facet normal -0.672673 -0.228342 -0.703826
    outer loop
      vertex 72.0654 19.581 0
      vertex 72.1948 19.1998 0
      vertex 70.8521 18.84 1.4
    endloop
  endfacet
  facet normal -0.314364 -0.637034 -0.70382
    outer loop
      vertex 69.8606 19.9706 1.4
      vertex 70.3939 21.2542 0
      vertex 70.06 19.8722 1.4
    endloop
  endfacet
  facet normal -0.317746 -0.635493 -0.703695
    outer loop
      vertex 70.3939 21.2542 0
      vertex 69.8606 19.9706 1.4
      vertex 70.3925 21.2549 0
    endloop
  endfacet
  facet normal -0.468426 -0.534059 -0.703816
    outer loop
      vertex 71.0923 20.8505 0
      vertex 71.395 20.585 0
      vertex 70.4121 19.6021 1.4
    endloop
  endfacet
  facet normal -0.708886 0.046322 -0.7038
    outer loop
      vertex 72.2737 17.1982 0
      vertex 70.8955 17.3781 1.4
      vertex 70.91 17.6 1.4
    endloop
  endfacet
  facet normal -0.708795 0.047253 -0.70383
    outer loop
      vertex 70.8955 17.3781 1.4
      vertex 72.2737 17.1982 0
      vertex 72.2736 17.1967 0
    endloop
  endfacet
  facet normal -0.228342 0.672673 -0.703826
    outer loop
      vertex 70.391 14.7446 0
      vertex 70.0098 14.6152 0
      vertex 69.65 15.9579 1.4
    endloop
  endfacet
  facet normal -0.130964 0.698477 -0.703547
    outer loop
      vertex 70.0082 14.6149 0
      vertex 69.65 15.9579 1.4
      vertex 70.0098 14.6152 0
    endloop
  endfacet
  facet normal -0.13864 0.696716 -0.703822
    outer loop
      vertex 69.65 15.9579 1.4
      vertex 70.0082 14.6149 0
      vertex 69.4319 15.9145 1.4
    endloop
  endfacet
  facet normal -0.454474 0.545369 -0.704292
    outer loop
      vertex 70.2449 16.2513 1.4
      vertex 71.0923 15.1495 0
      vertex 71.0911 15.1485 0
    endloop
  endfacet
  facet normal -0.468323 0.534131 -0.703831
    outer loop
      vertex 71.0923 15.1495 0
      vertex 70.2449 16.2513 1.4
      vertex 70.4121 16.3979 1.4
    endloop
  endfacet
  facet normal -0.317746 0.635493 -0.703695
    outer loop
      vertex 69.8606 16.0294 1.4
      vertex 70.3939 14.7458 0
      vertex 70.3925 14.7451 0
    endloop
  endfacet
  facet normal -0.314364 0.637034 -0.70382
    outer loop
      vertex 70.3939 14.7458 0
      vertex 69.8606 16.0294 1.4
      vertex 70.06 16.1278 1.4
    endloop
  endfacet
  facet normal -0.39465 0.590652 -0.703834
    outer loop
      vertex 71.0898 15.1476 0
      vertex 70.755 14.9239 0
      vertex 70.06 16.1278 1.4
    endloop
  endfacet
  facet normal -0.0463195 0.708849 -0.703838
    outer loop
      vertex 69.2116 14.51 0
      vertex 69.21 15.9 1.4
      vertex 69.4319 15.9145 1.4
    endloop
  endfacet
  facet normal -0.0443072 0.708914 -0.703901
    outer loop
      vertex 69.21 15.9 1.4
      vertex 69.2116 14.51 0
      vertex 69.21 14.5099 0
    endloop
  endfacet
  facet normal 0.13864 0.696716 -0.703822
    outer loop
      vertex 68.4118 14.6149 0
      vertex 68.77 15.9579 1.4
      vertex 68.9881 15.9145 1.4
    endloop
  endfacet
  facet normal 0.130964 0.698477 -0.703547
    outer loop
      vertex 68.77 15.9579 1.4
      vertex 68.4118 14.6149 0
      vertex 68.4102 14.6152 0
    endloop
  endfacet
  facet normal 0.138505 0.696759 -0.703806
    outer loop
      vertex 68.9881 15.9145 1.4
      vertex 68.8067 14.5364 0
      vertex 68.4118 14.6149 0
    endloop
  endfacet
  facet normal 0.0465868 0.708861 -0.703808
    outer loop
      vertex 68.9881 15.9145 1.4
      vertex 69.2084 14.51 0
      vertex 68.8067 14.5364 0
    endloop
  endfacet
  facet normal 0.534143 -0.468324 -0.703821
    outer loop
      vertex 67.0239 20.5838 0
      vertex 67.8613 19.4349 1.4
      vertex 66.7585 20.2811 0
    endloop
  endfacet
  facet normal 0.674039 0.22468 -0.703697
    outer loop
      vertex 66.3546 16.419 0
      vertex 67.6394 16.9494 1.4
      vertex 66.3551 16.4175 0
    endloop
  endfacet
  facet normal 0.672659 0.228372 -0.703829
    outer loop
      vertex 67.6394 16.9494 1.4
      vertex 66.3546 16.419 0
      vertex 67.5679 17.16 1.4
    endloop
  endfacet
  facet normal 0.590717 0.394557 -0.703831
    outer loop
      vertex 66.5348 16.0537 0
      vertex 67.7378 16.75 1.4
      vertex 67.8613 16.5651 1.4
    endloop
  endfacet
  facet normal 0.584409 0.404591 -0.703401
    outer loop
      vertex 67.7378 16.75 1.4
      vertex 66.5348 16.0537 0
      vertex 66.5339 16.055 0
    endloop
  endfacet
  facet normal 0.708914 0.0443072 -0.703901
    outer loop
      vertex 67.51 17.6 1.4
      vertex 66.12 17.5984 0
      vertex 66.1199 17.6 0
    endloop
  endfacet
  facet normal 0.708849 0.0463195 -0.703838
    outer loop
      vertex 66.12 17.5984 0
      vertex 67.51 17.6 1.4
      vertex 67.5245 17.3781 1.4
    endloop
  endfacet
  facet normal 0.672673 -0.228342 -0.703826
    outer loop
      vertex 66.3546 19.581 0
      vertex 67.5679 18.84 1.4
      vertex 66.2252 19.1998 0
    endloop
  endfacet
  facet normal 0.696716 -0.13864 -0.703822
    outer loop
      vertex 66.2249 19.1982 0
      vertex 67.5679 18.84 1.4
      vertex 67.5245 18.6219 1.4
    endloop
  endfacet
  facet normal 0.698477 -0.130964 -0.703547
    outer loop
      vertex 67.5679 18.84 1.4
      vertex 66.2249 19.1982 0
      vertex 66.2252 19.1998 0
    endloop
  endfacet
  facet normal 0.228342 0.672673 -0.703826
    outer loop
      vertex 68.77 15.9579 1.4
      vertex 68.4102 14.6152 0
      vertex 68.029 14.7446 0
    endloop
  endfacet
  facet normal 0.228372 0.672659 -0.703829
    outer loop
      vertex 68.029 14.7446 0
      vertex 68.5594 16.0294 1.4
      vertex 68.77 15.9579 1.4
    endloop
  endfacet
  facet normal 0.22468 0.674039 -0.703697
    outer loop
      vertex 68.5594 16.0294 1.4
      vertex 68.029 14.7446 0
      vertex 68.0275 14.7451 0
    endloop
  endfacet
  facet normal 0.454474 0.545369 -0.704292
    outer loop
      vertex 67.3277 15.1495 0
      vertex 68.1751 16.2513 1.4
      vertex 67.3289 15.1485 0
    endloop
  endfacet
  facet normal 0.468323 0.534131 -0.703831
    outer loop
      vertex 68.1751 16.2513 1.4
      vertex 67.3277 15.1495 0
      vertex 68.0079 16.3979 1.4
    endloop
  endfacet
  facet normal -0.404166 -0.583796 -0.704154
    outer loop
      vertex 70.2449 19.7487 1.4
      vertex 71.0898 20.8524 0
      vertex 71.0911 20.8515 0
    endloop
  endfacet
  facet normal -0.394562 -0.590725 -0.703821
    outer loop
      vertex 71.0898 20.8524 0
      vertex 70.2449 19.7487 1.4
      vertex 70.06 19.8722 1.4
    endloop
  endfacet
  facet normal -0.22468 0.674039 -0.703697
    outer loop
      vertex 70.391 14.7446 0
      vertex 69.8606 16.0294 1.4
      vertex 70.3925 14.7451 0
    endloop
  endfacet
  facet normal -0.228372 0.672659 -0.703829
    outer loop
      vertex 69.8606 16.0294 1.4
      vertex 70.391 14.7446 0
      vertex 69.65 15.9579 1.4
    endloop
  endfacet
  facet normal -0.314221 0.637086 -0.703837
    outer loop
      vertex 70.755 14.9239 0
      vertex 70.3939 14.7458 0
      vertex 70.06 16.1278 1.4
    endloop
  endfacet
  facet normal 0.317746 0.635493 -0.703695
    outer loop
      vertex 68.0261 14.7458 0
      vertex 68.5594 16.0294 1.4
      vertex 68.0275 14.7451 0
    endloop
  endfacet
  facet normal 0.314364 0.637034 -0.70382
    outer loop
      vertex 68.5594 16.0294 1.4
      vertex 68.0261 14.7458 0
      vertex 68.36 16.1278 1.4
    endloop
  endfacet
  facet normal 0.98077 -0.195165 0
    outer loop
      vertex 67.5245 95.2219 2
      vertex 67.5679 95.44 1.4
      vertex 67.5679 95.44 2
    endloop
  endfacet
  facet normal 0.98077 -0.195165 0
    outer loop
      vertex 67.5679 95.44 1.4
      vertex 67.5245 95.2219 2
      vertex 67.5245 95.2219 1.4
    endloop
  endfacet
  facet normal -0.896754 0.44253 0
    outer loop
      vertex 70.6822 93.35 1.4
      vertex 70.7806 93.5494 2
      vertex 70.7806 93.5494 1.4
    endloop
  endfacet
  facet normal -0.896754 0.44253 0
    outer loop
      vertex 70.7806 93.5494 2
      vertex 70.6822 93.35 1.4
      vertex 70.6822 93.35 2
    endloop
  endfacet
  facet normal 0.98077 0.195165 0
    outer loop
      vertex 67.5679 93.76 2
      vertex 67.5245 93.9781 1.4
      vertex 67.5245 93.9781 2
    endloop
  endfacet
  facet normal 0.98077 0.195165 0
    outer loop
      vertex 67.5245 93.9781 1.4
      vertex 67.5679 93.76 2
      vertex 67.5679 93.76 1.4
    endloop
  endfacet
  facet normal -0.831566 0.555426 0
    outer loop
      vertex 70.5587 93.1651 1.4
      vertex 70.6822 93.35 2
      vertex 70.6822 93.35 1.4
    endloop
  endfacet
  facet normal -0.831566 0.555426 0
    outer loop
      vertex 70.6822 93.35 2
      vertex 70.5587 93.1651 1.4
      vertex 70.5587 93.1651 2
    endloop
  endfacet
  facet normal -0.98077 0.195165 0
    outer loop
      vertex 70.8521 93.76 1.4
      vertex 70.8955 93.9781 2
      vertex 70.8955 93.9781 1.4
    endloop
  endfacet
  facet normal -0.98077 0.195165 0
    outer loop
      vertex 70.8955 93.9781 2
      vertex 70.8521 93.76 1.4
      vertex 70.8521 93.76 2
    endloop
  endfacet
  facet normal -0.44253 0.896754 0
    outer loop
      vertex 70.06 92.7278 1.4
      vertex 69.8606 92.6294 2
      vertex 70.06 92.7278 2
    endloop
  endfacet
  facet normal -0.44253 0.896754 0
    outer loop
      vertex 69.8606 92.6294 2
      vertex 70.06 92.7278 1.4
      vertex 69.8606 92.6294 1.4
    endloop
  endfacet
  facet normal 0.997872 0.0652057 0
    outer loop
      vertex 67.5245 93.9781 2
      vertex 67.51 94.2 1.4
      vertex 67.51 94.2 2
    endloop
  endfacet
  facet normal 0.997872 0.0652057 0
    outer loop
      vertex 67.51 94.2 1.4
      vertex 67.5245 93.9781 2
      vertex 67.5245 93.9781 1.4
    endloop
  endfacet
  facet normal 0.896754 -0.44253 0
    outer loop
      vertex 67.6394 95.6506 2
      vertex 67.7378 95.85 1.4
      vertex 67.7378 95.85 2
    endloop
  endfacet
  facet normal 0.896754 -0.44253 0
    outer loop
      vertex 67.7378 95.85 1.4
      vertex 67.6394 95.6506 2
      vertex 67.6394 95.6506 1.4
    endloop
  endfacet
  facet normal 0.831566 -0.555426 0
    outer loop
      vertex 67.7378 95.85 2
      vertex 67.8613 96.0349 1.4
      vertex 67.8613 96.0349 2
    endloop
  endfacet
  facet normal 0.831566 -0.555426 0
    outer loop
      vertex 67.8613 96.0349 1.4
      vertex 67.7378 95.85 2
      vertex 67.7378 95.85 1.4
    endloop
  endfacet
  facet normal -0.321484 -0.946915 0
    outer loop
      vertex 69.65 96.6421 1.4
      vertex 69.8606 96.5706 2
      vertex 69.65 96.6421 2
    endloop
  endfacet
  facet normal -0.321484 -0.946915 -0
    outer loop
      vertex 69.8606 96.5706 2
      vertex 69.65 96.6421 1.4
      vertex 69.8606 96.5706 1.4
    endloop
  endfacet
  facet normal 0.555426 -0.831566 0
    outer loop
      vertex 68.1751 96.3487 1.4
      vertex 68.36 96.4722 2
      vertex 68.1751 96.3487 2
    endloop
  endfacet
  facet normal 0.555426 -0.831566 0
    outer loop
      vertex 68.36 96.4722 2
      vertex 68.1751 96.3487 1.4
      vertex 68.36 96.4722 1.4
    endloop
  endfacet
  facet normal 0.659268 -0.751908 0
    outer loop
      vertex 68.0079 96.2021 1.4
      vertex 68.1751 96.3487 2
      vertex 68.0079 96.2021 2
    endloop
  endfacet
  facet normal 0.659268 -0.751908 0
    outer loop
      vertex 68.1751 96.3487 2
      vertex 68.0079 96.2021 1.4
      vertex 68.1751 96.3487 1.4
    endloop
  endfacet
  facet normal -0.997872 -0.0652057 0
    outer loop
      vertex 70.91 95 1.4
      vertex 70.8955 95.2219 2
      vertex 70.8955 95.2219 1.4
    endloop
  endfacet
  facet normal -0.997872 -0.0652057 0
    outer loop
      vertex 70.8955 95.2219 2
      vertex 70.91 95 1.4
      vertex 70.91 95 2
    endloop
  endfacet
  facet normal -0.321484 0.946915 0
    outer loop
      vertex 69.8606 92.6294 1.4
      vertex 69.65 92.5579 2
      vertex 69.8606 92.6294 2
    endloop
  endfacet
  facet normal -0.321484 0.946915 0
    outer loop
      vertex 69.65 92.5579 2
      vertex 69.8606 92.6294 1.4
      vertex 69.65 92.5579 1.4
    endloop
  endfacet
  facet normal 0.659268 0.751908 -0
    outer loop
      vertex 68.1751 92.8513 1.4
      vertex 68.0079 92.9979 2
      vertex 68.1751 92.8513 2
    endloop
  endfacet
  facet normal 0.659268 0.751908 0
    outer loop
      vertex 68.0079 92.9979 2
      vertex 68.1751 92.8513 1.4
      vertex 68.0079 92.9979 1.4
    endloop
  endfacet
  facet normal 0.751908 0.659268 0
    outer loop
      vertex 68.0079 92.9979 2
      vertex 67.8613 93.1651 1.4
      vertex 67.8613 93.1651 2
    endloop
  endfacet
  facet normal 0.751908 0.659268 0
    outer loop
      vertex 67.8613 93.1651 1.4
      vertex 68.0079 92.9979 2
      vertex 68.0079 92.9979 1.4
    endloop
  endfacet
  facet normal 0.555426 0.831566 -0
    outer loop
      vertex 68.36 92.7278 1.4
      vertex 68.1751 92.8513 2
      vertex 68.36 92.7278 2
    endloop
  endfacet
  facet normal 0.555426 0.831566 0
    outer loop
      vertex 68.1751 92.8513 2
      vertex 68.36 92.7278 1.4
      vertex 68.1751 92.8513 1.4
    endloop
  endfacet
  facet normal 0.946915 -0.321484 0
    outer loop
      vertex 67.5679 95.44 2
      vertex 67.6394 95.6506 1.4
      vertex 67.6394 95.6506 2
    endloop
  endfacet
  facet normal 0.946915 -0.321484 0
    outer loop
      vertex 67.6394 95.6506 1.4
      vertex 67.5679 95.44 2
      vertex 67.5679 95.44 1.4
    endloop
  endfacet
  facet normal 0.751908 -0.659268 0
    outer loop
      vertex 67.8613 96.0349 2
      vertex 68.0079 96.2021 1.4
      vertex 68.0079 96.2021 2
    endloop
  endfacet
  facet normal 0.751908 -0.659268 0
    outer loop
      vertex 68.0079 96.2021 1.4
      vertex 67.8613 96.0349 2
      vertex 67.8613 96.0349 1.4
    endloop
  endfacet
  facet normal -0.0652057 -0.997872 0
    outer loop
      vertex 69.21 96.7 1.4
      vertex 69.4319 96.6855 2
      vertex 69.21 96.7 2
    endloop
  endfacet
  facet normal -0.0652057 -0.997872 -0
    outer loop
      vertex 69.4319 96.6855 2
      vertex 69.21 96.7 1.4
      vertex 69.4319 96.6855 1.4
    endloop
  endfacet
  facet normal -1 0 0
    outer loop
      vertex 70.91 94.2 1.4
      vertex 70.91 95 2
      vertex 70.91 95 1.4
    endloop
  endfacet
  facet normal -1 -0 0
    outer loop
      vertex 70.91 95 2
      vertex 70.91 94.2 1.4
      vertex 70.91 94.2 2
    endloop
  endfacet
  facet normal -0.98077 -0.195165 0
    outer loop
      vertex 70.8955 95.2219 1.4
      vertex 70.8521 95.44 2
      vertex 70.8521 95.44 1.4
    endloop
  endfacet
  facet normal -0.98077 -0.195165 0
    outer loop
      vertex 70.8521 95.44 2
      vertex 70.8955 95.2219 1.4
      vertex 70.8955 95.2219 2
    endloop
  endfacet
  facet normal -0.997872 0.0652057 0
    outer loop
      vertex 70.8955 93.9781 1.4
      vertex 70.91 94.2 2
      vertex 70.91 94.2 1.4
    endloop
  endfacet
  facet normal -0.997872 0.0652057 0
    outer loop
      vertex 70.91 94.2 2
      vertex 70.8955 93.9781 1.4
      vertex 70.8955 93.9781 2
    endloop
  endfacet
  facet normal -0.946915 0.321484 0
    outer loop
      vertex 70.7806 93.5494 1.4
      vertex 70.8521 93.76 2
      vertex 70.8521 93.76 1.4
    endloop
  endfacet
  facet normal -0.946915 0.321484 0
    outer loop
      vertex 70.8521 93.76 2
      vertex 70.7806 93.5494 1.4
      vertex 70.7806 93.5494 2
    endloop
  endfacet
  facet normal 0.195165 0.98077 -0
    outer loop
      vertex 68.9881 92.5145 1.4
      vertex 68.77 92.5579 2
      vertex 68.9881 92.5145 2
    endloop
  endfacet
  facet normal 0.195165 0.98077 0
    outer loop
      vertex 68.77 92.5579 2
      vertex 68.9881 92.5145 1.4
      vertex 68.77 92.5579 1.4
    endloop
  endfacet
  facet normal -0.0652057 0.997872 0
    outer loop
      vertex 69.4319 92.5145 1.4
      vertex 69.21 92.5 2
      vertex 69.4319 92.5145 2
    endloop
  endfacet
  facet normal -0.0652057 0.997872 0
    outer loop
      vertex 69.21 92.5 2
      vertex 69.4319 92.5145 1.4
      vertex 69.21 92.5 1.4
    endloop
  endfacet
  facet normal -0.195165 0.98077 0
    outer loop
      vertex 69.65 92.5579 1.4
      vertex 69.4319 92.5145 2
      vertex 69.65 92.5579 2
    endloop
  endfacet
  facet normal -0.195165 0.98077 0
    outer loop
      vertex 69.4319 92.5145 2
      vertex 69.65 92.5579 1.4
      vertex 69.4319 92.5145 1.4
    endloop
  endfacet
  facet normal 1 -0 0
    outer loop
      vertex 67.51 94.2 2
      vertex 67.51 95 1.4
      vertex 67.51 95 2
    endloop
  endfacet
  facet normal 1 0 0
    outer loop
      vertex 67.51 95 1.4
      vertex 67.51 94.2 2
      vertex 67.51 94.2 1.4
    endloop
  endfacet
  facet normal 0.997872 -0.0652057 0
    outer loop
      vertex 67.51 95 2
      vertex 67.5245 95.2219 1.4
      vertex 67.5245 95.2219 2
    endloop
  endfacet
  facet normal 0.997872 -0.0652057 0
    outer loop
      vertex 67.5245 95.2219 1.4
      vertex 67.51 95 2
      vertex 67.51 95 1.4
    endloop
  endfacet
  facet normal -0.659268 -0.751908 0
    outer loop
      vertex 70.2449 96.3487 1.4
      vertex 70.4121 96.2021 2
      vertex 70.2449 96.3487 2
    endloop
  endfacet
  facet normal -0.659268 -0.751908 -0
    outer loop
      vertex 70.4121 96.2021 2
      vertex 70.2449 96.3487 1.4
      vertex 70.4121 96.2021 1.4
    endloop
  endfacet
  facet normal 0.321484 -0.946915 0
    outer loop
      vertex 68.5594 96.5706 1.4
      vertex 68.77 96.6421 2
      vertex 68.5594 96.5706 2
    endloop
  endfacet
  facet normal 0.321484 -0.946915 0
    outer loop
      vertex 68.77 96.6421 2
      vertex 68.5594 96.5706 1.4
      vertex 68.77 96.6421 1.4
    endloop
  endfacet
  facet normal -0.896754 -0.44253 0
    outer loop
      vertex 70.7806 95.6506 1.4
      vertex 70.6822 95.85 2
      vertex 70.6822 95.85 1.4
    endloop
  endfacet
  facet normal -0.896754 -0.44253 0
    outer loop
      vertex 70.6822 95.85 2
      vertex 70.7806 95.6506 1.4
      vertex 70.7806 95.6506 2
    endloop
  endfacet
  facet normal -0.946915 -0.321484 0
    outer loop
      vertex 70.8521 95.44 1.4
      vertex 70.7806 95.6506 2
      vertex 70.7806 95.6506 1.4
    endloop
  endfacet
  facet normal -0.946915 -0.321484 0
    outer loop
      vertex 70.7806 95.6506 2
      vertex 70.8521 95.44 1.4
      vertex 70.8521 95.44 2
    endloop
  endfacet
  facet normal -0.751908 0.659268 0
    outer loop
      vertex 70.4121 92.9979 1.4
      vertex 70.5587 93.1651 2
      vertex 70.5587 93.1651 1.4
    endloop
  endfacet
  facet normal -0.751908 0.659268 0
    outer loop
      vertex 70.5587 93.1651 2
      vertex 70.4121 92.9979 1.4
      vertex 70.4121 92.9979 2
    endloop
  endfacet
  facet normal 0.0652057 0.997872 -0
    outer loop
      vertex 69.21 92.5 1.4
      vertex 68.9881 92.5145 2
      vertex 69.21 92.5 2
    endloop
  endfacet
  facet normal 0.0652057 0.997872 0
    outer loop
      vertex 68.9881 92.5145 2
      vertex 69.21 92.5 1.4
      vertex 68.9881 92.5145 1.4
    endloop
  endfacet
  facet normal 0.321484 0.946915 -0
    outer loop
      vertex 68.77 92.5579 1.4
      vertex 68.5594 92.6294 2
      vertex 68.77 92.5579 2
    endloop
  endfacet
  facet normal 0.321484 0.946915 0
    outer loop
      vertex 68.5594 92.6294 2
      vertex 68.77 92.5579 1.4
      vertex 68.5594 92.6294 1.4
    endloop
  endfacet
  facet normal 0.44253 0.896754 -0
    outer loop
      vertex 68.5594 92.6294 1.4
      vertex 68.36 92.7278 2
      vertex 68.5594 92.6294 2
    endloop
  endfacet
  facet normal 0.44253 0.896754 0
    outer loop
      vertex 68.36 92.7278 2
      vertex 68.5594 92.6294 1.4
      vertex 68.36 92.7278 1.4
    endloop
  endfacet
  facet normal 0.946915 0.321484 0
    outer loop
      vertex 67.6394 93.5494 2
      vertex 67.5679 93.76 1.4
      vertex 67.5679 93.76 2
    endloop
  endfacet
  facet normal 0.946915 0.321484 0
    outer loop
      vertex 67.5679 93.76 1.4
      vertex 67.6394 93.5494 2
      vertex 67.6394 93.5494 1.4
    endloop
  endfacet
  facet normal 0.831566 0.555426 0
    outer loop
      vertex 67.8613 93.1651 2
      vertex 67.7378 93.35 1.4
      vertex 67.7378 93.35 2
    endloop
  endfacet
  facet normal 0.831566 0.555426 0
    outer loop
      vertex 67.7378 93.35 1.4
      vertex 67.8613 93.1651 2
      vertex 67.8613 93.1651 1.4
    endloop
  endfacet
  facet normal 0.896754 0.44253 0
    outer loop
      vertex 67.7378 93.35 2
      vertex 67.6394 93.5494 1.4
      vertex 67.6394 93.5494 2
    endloop
  endfacet
  facet normal 0.896754 0.44253 0
    outer loop
      vertex 67.6394 93.5494 1.4
      vertex 67.7378 93.35 2
      vertex 67.7378 93.35 1.4
    endloop
  endfacet
  facet normal -0.195165 -0.98077 0
    outer loop
      vertex 69.4319 96.6855 1.4
      vertex 69.65 96.6421 2
      vertex 69.4319 96.6855 2
    endloop
  endfacet
  facet normal -0.195165 -0.98077 -0
    outer loop
      vertex 69.65 96.6421 2
      vertex 69.4319 96.6855 1.4
      vertex 69.65 96.6421 1.4
    endloop
  endfacet
  facet normal 0.195165 -0.98077 0
    outer loop
      vertex 68.77 96.6421 1.4
      vertex 68.9881 96.6855 2
      vertex 68.77 96.6421 2
    endloop
  endfacet
  facet normal 0.195165 -0.98077 0
    outer loop
      vertex 68.9881 96.6855 2
      vertex 68.77 96.6421 1.4
      vertex 68.9881 96.6855 1.4
    endloop
  endfacet
  facet normal 0.0652057 -0.997872 0
    outer loop
      vertex 68.9881 96.6855 1.4
      vertex 69.21 96.7 2
      vertex 68.9881 96.6855 2
    endloop
  endfacet
  facet normal 0.0652057 -0.997872 0
    outer loop
      vertex 69.21 96.7 2
      vertex 68.9881 96.6855 1.4
      vertex 69.21 96.7 1.4
    endloop
  endfacet
  facet normal -0.44253 -0.896754 0
    outer loop
      vertex 69.8606 96.5706 1.4
      vertex 70.06 96.4722 2
      vertex 69.8606 96.5706 2
    endloop
  endfacet
  facet normal -0.44253 -0.896754 -0
    outer loop
      vertex 70.06 96.4722 2
      vertex 69.8606 96.5706 1.4
      vertex 70.06 96.4722 1.4
    endloop
  endfacet
  facet normal -0.555426 -0.831566 0
    outer loop
      vertex 70.06 96.4722 1.4
      vertex 70.2449 96.3487 2
      vertex 70.06 96.4722 2
    endloop
  endfacet
  facet normal -0.555426 -0.831566 -0
    outer loop
      vertex 70.2449 96.3487 2
      vertex 70.06 96.4722 1.4
      vertex 70.2449 96.3487 1.4
    endloop
  endfacet
  facet normal 0.44253 -0.896754 0
    outer loop
      vertex 68.36 96.4722 1.4
      vertex 68.5594 96.5706 2
      vertex 68.36 96.4722 2
    endloop
  endfacet
  facet normal 0.44253 -0.896754 0
    outer loop
      vertex 68.5594 96.5706 2
      vertex 68.36 96.4722 1.4
      vertex 68.5594 96.5706 1.4
    endloop
  endfacet
  facet normal -0.659268 0.751908 0
    outer loop
      vertex 70.4121 92.9979 1.4
      vertex 70.2449 92.8513 2
      vertex 70.4121 92.9979 2
    endloop
  endfacet
  facet normal -0.659268 0.751908 0
    outer loop
      vertex 70.2449 92.8513 2
      vertex 70.4121 92.9979 1.4
      vertex 70.2449 92.8513 1.4
    endloop
  endfacet
  facet normal -0.555426 0.831566 0
    outer loop
      vertex 70.2449 92.8513 1.4
      vertex 70.06 92.7278 2
      vertex 70.2449 92.8513 2
    endloop
  endfacet
  facet normal -0.555426 0.831566 0
    outer loop
      vertex 70.06 92.7278 2
      vertex 70.2449 92.8513 1.4
      vertex 70.06 92.7278 1.4
    endloop
  endfacet
  facet normal -0.831566 -0.555426 0
    outer loop
      vertex 70.6822 95.85 1.4
      vertex 70.5587 96.0349 2
      vertex 70.5587 96.0349 1.4
    endloop
  endfacet
  facet normal -0.831566 -0.555426 0
    outer loop
      vertex 70.5587 96.0349 2
      vertex 70.6822 95.85 1.4
      vertex 70.6822 95.85 2
    endloop
  endfacet
  facet normal -0.751908 -0.659268 0
    outer loop
      vertex 70.5587 96.0349 1.4
      vertex 70.4121 96.2021 2
      vertex 70.4121 96.2021 1.4
    endloop
  endfacet
  facet normal -0.751908 -0.659268 0
    outer loop
      vertex 70.4121 96.2021 2
      vertex 70.5587 96.0349 1.4
      vertex 70.5587 96.0349 2
    endloop
  endfacet
  facet normal -0.138502 0.696744 -0.703822
    outer loop
      vertex 69.65 92.5579 1.4
      vertex 70.0098 91.2152 0
      vertex 69.6149 91.1367 0
    endloop
  endfacet
  facet normal -0.047253 0.708795 -0.70383
    outer loop
      vertex 69.6118 91.1363 0
      vertex 69.4319 92.5145 1.4
      vertex 69.6133 91.1364 0
    endloop
  endfacet
  facet normal -0.046322 0.708886 -0.7038
    outer loop
      vertex 69.4319 92.5145 1.4
      vertex 69.6118 91.1363 0
      vertex 69.21 92.5 1.4
    endloop
  endfacet
  facet normal 0.708861 0.0465868 -0.703808
    outer loop
      vertex 67.5245 93.9781 1.4
      vertex 66.1464 93.7967 0
      vertex 66.12 94.1984 0
    endloop
  endfacet
  facet normal -0.130875 0.697999 -0.704038
    outer loop
      vertex 69.4319 92.5145 1.4
      vertex 69.6149 91.1367 0
      vertex 69.6133 91.1364 0
    endloop
  endfacet
  facet normal -0.138644 0.696732 -0.703806
    outer loop
      vertex 69.6149 91.1367 0
      vertex 69.4319 92.5145 1.4
      vertex 69.65 92.5579 1.4
    endloop
  endfacet
  facet normal -0.468426 0.534059 -0.703816
    outer loop
      vertex 71.395 92.015 0
      vertex 71.0923 91.7495 0
      vertex 70.4121 92.9979 1.4
    endloop
  endfacet
  facet normal -0.22468 0.674039 -0.703697
    outer loop
      vertex 70.391 91.3446 0
      vertex 69.8606 92.6294 1.4
      vertex 70.3925 91.3451 0
    endloop
  endfacet
  facet normal -0.228372 0.672659 -0.703829
    outer loop
      vertex 69.8606 92.6294 1.4
      vertex 70.391 91.3446 0
      vertex 69.65 92.5579 1.4
    endloop
  endfacet
  facet normal 0.0465739 0.708841 -0.703829
    outer loop
      vertex 69.21 92.5 1.4
      vertex 69.21 91.1099 0
      vertex 68.8082 91.1363 0
    endloop
  endfacet
  facet normal -0.228342 -0.672673 -0.703826
    outer loop
      vertex 70.0098 97.9848 0
      vertex 70.391 97.8554 0
      vertex 69.65 96.6421 1.4
    endloop
  endfacet
  facet normal -0.454474 0.545369 -0.704292
    outer loop
      vertex 70.2449 92.8513 1.4
      vertex 71.0923 91.7495 0
      vertex 71.0911 91.7485 0
    endloop
  endfacet
  facet normal -0.468323 0.534131 -0.703831
    outer loop
      vertex 71.0923 91.7495 0
      vertex 70.2449 92.8513 1.4
      vertex 70.4121 92.9979 1.4
    endloop
  endfacet
  facet normal -0.39465 0.590652 -0.703834
    outer loop
      vertex 71.0898 91.7476 0
      vertex 70.755 91.5239 0
      vertex 70.06 92.7278 1.4
    endloop
  endfacet
  facet normal -0.404166 0.583796 -0.704154
    outer loop
      vertex 71.0898 91.7476 0
      vertex 70.2449 92.8513 1.4
      vertex 71.0911 91.7485 0
    endloop
  endfacet
  facet normal -0.394562 0.590725 -0.703821
    outer loop
      vertex 70.2449 92.8513 1.4
      vertex 71.0898 91.7476 0
      vertex 70.06 92.7278 1.4
    endloop
  endfacet
  facet normal -0.314225 0.637095 -0.703827
    outer loop
      vertex 70.7536 91.5232 0
      vertex 70.3925 91.3451 0
      vertex 69.8606 92.6294 1.4
    endloop
  endfacet
  facet normal -0.228342 0.672673 -0.703826
    outer loop
      vertex 70.391 91.3446 0
      vertex 70.0098 91.2152 0
      vertex 69.65 92.5579 1.4
    endloop
  endfacet
  facet normal -0.0465739 0.708841 -0.703829
    outer loop
      vertex 69.21 92.5 1.4
      vertex 69.6118 91.1363 0
      vertex 69.21 91.1099 0
    endloop
  endfacet
  facet normal 0.468426 0.534059 -0.703816
    outer loop
      vertex 68.0079 92.9979 1.4
      vertex 67.3277 91.7495 0
      vertex 67.025 92.015 0
    endloop
  endfacet
  facet normal 0.635259 0.31763 -0.703958
    outer loop
      vertex 66.5332 92.6564 0
      vertex 67.7378 93.35 1.4
      vertex 66.5339 92.655 0
    endloop
  endfacet
  facet normal 0.637013 0.314353 -0.703844
    outer loop
      vertex 67.7378 93.35 1.4
      vertex 66.5332 92.6564 0
      vertex 67.6394 93.5494 1.4
    endloop
  endfacet
  facet normal 0.138502 0.696744 -0.703822
    outer loop
      vertex 68.77 92.5579 1.4
      vertex 68.8051 91.1367 0
      vertex 68.4102 91.2152 0
    endloop
  endfacet
  facet normal 0.130875 0.697999 -0.704038
    outer loop
      vertex 68.8051 91.1367 0
      vertex 68.9881 92.5145 1.4
      vertex 68.8067 91.1364 0
    endloop
  endfacet
  facet normal 0.138644 0.696732 -0.703806
    outer loop
      vertex 68.9881 92.5145 1.4
      vertex 68.8051 91.1367 0
      vertex 68.77 92.5579 1.4
    endloop
  endfacet
  facet normal 0.046322 0.708886 -0.7038
    outer loop
      vertex 68.8082 91.1363 0
      vertex 68.9881 92.5145 1.4
      vertex 69.21 92.5 1.4
    endloop
  endfacet
  facet normal 0.047253 0.708795 -0.70383
    outer loop
      vertex 68.9881 92.5145 1.4
      vertex 68.8082 91.1363 0
      vertex 68.8067 91.1364 0
    endloop
  endfacet
  facet normal 0.696759 0.138505 -0.703806
    outer loop
      vertex 67.5245 93.9781 1.4
      vertex 66.2249 93.4018 0
      vertex 66.1464 93.7967 0
    endloop
  endfacet
  facet normal 0.708861 -0.0465868 -0.703808
    outer loop
      vertex 66.1464 95.4033 0
      vertex 67.5245 95.2219 1.4
      vertex 66.12 95.0016 0
    endloop
  endfacet
  facet normal 0.130875 -0.697999 -0.704038
    outer loop
      vertex 68.9881 96.6855 1.4
      vertex 68.8051 98.0633 0
      vertex 68.8067 98.0636 0
    endloop
  endfacet
  facet normal 0.138644 -0.696732 -0.703806
    outer loop
      vertex 68.8051 98.0633 0
      vertex 68.9881 96.6855 1.4
      vertex 68.77 96.6421 1.4
    endloop
  endfacet
  facet normal -0.22468 -0.674039 -0.703697
    outer loop
      vertex 69.8606 96.5706 1.4
      vertex 70.391 97.8554 0
      vertex 70.3925 97.8549 0
    endloop
  endfacet
  facet normal -0.228372 -0.672659 -0.703829
    outer loop
      vertex 70.391 97.8554 0
      vertex 69.8606 96.5706 1.4
      vertex 69.65 96.6421 1.4
    endloop
  endfacet
  facet normal -0.31763 0.635259 -0.703958
    outer loop
      vertex 70.7536 91.5232 0
      vertex 70.06 92.7278 1.4
      vertex 70.755 91.5239 0
    endloop
  endfacet
  facet normal -0.314353 0.637013 -0.703844
    outer loop
      vertex 70.06 92.7278 1.4
      vertex 70.7536 91.5232 0
      vertex 69.8606 92.6294 1.4
    endloop
  endfacet
  facet normal 0.394562 0.590725 -0.703821
    outer loop
      vertex 67.3302 91.7476 0
      vertex 68.1751 92.8513 1.4
      vertex 68.36 92.7278 1.4
    endloop
  endfacet
  facet normal 0.404166 0.583796 -0.704154
    outer loop
      vertex 68.1751 92.8513 1.4
      vertex 67.3302 91.7476 0
      vertex 67.3289 91.7485 0
    endloop
  endfacet
  facet normal 0.637095 0.314225 -0.703827
    outer loop
      vertex 67.6394 93.5494 1.4
      vertex 66.5332 92.6564 0
      vertex 66.3551 93.0175 0
    endloop
  endfacet
  facet normal 0.228342 0.672673 -0.703826
    outer loop
      vertex 68.77 92.5579 1.4
      vertex 68.4102 91.2152 0
      vertex 68.029 91.3446 0
    endloop
  endfacet
  facet normal 0.698477 0.130964 -0.703547
    outer loop
      vertex 66.2249 93.4018 0
      vertex 67.5679 93.76 1.4
      vertex 66.2252 93.4002 0
    endloop
  endfacet
  facet normal 0.696716 0.13864 -0.703822
    outer loop
      vertex 67.5679 93.76 1.4
      vertex 66.2249 93.4018 0
      vertex 67.5245 93.9781 1.4
    endloop
  endfacet
  facet normal 0.709611 0 -0.704593
    outer loop
      vertex 67.51 94.2 1.4
      vertex 66.1199 95 0
      vertex 67.51 95 1.4
    endloop
  endfacet
  facet normal 0.709611 0 -0.704593
    outer loop
      vertex 66.1199 95 0
      vertex 67.51 94.2 1.4
      vertex 66.1199 94.2 0
    endloop
  endfacet
  facet normal -0.672673 0.228342 -0.703826
    outer loop
      vertex 72.1948 93.4002 0
      vertex 72.0654 93.019 0
      vertex 70.8521 93.76 1.4
    endloop
  endfacet
  facet normal -0.590665 -0.394659 -0.703818
    outer loop
      vertex 71.6615 96.8811 0
      vertex 71.8852 96.5463 0
      vertex 70.5587 96.0349 1.4
    endloop
  endfacet
  facet normal 0.314353 0.637013 -0.703844
    outer loop
      vertex 67.6664 91.5232 0
      vertex 68.36 92.7278 1.4
      vertex 68.5594 92.6294 1.4
    endloop
  endfacet
  facet normal 0.31763 0.635259 -0.703958
    outer loop
      vertex 68.36 92.7278 1.4
      vertex 67.6664 91.5232 0
      vertex 67.665 91.5239 0
    endloop
  endfacet
  facet normal 0.39465 0.590652 -0.703834
    outer loop
      vertex 68.36 92.7278 1.4
      vertex 67.665 91.5239 0
      vertex 67.3302 91.7476 0
    endloop
  endfacet
  facet normal 0.314225 0.637095 -0.703827
    outer loop
      vertex 68.5594 92.6294 1.4
      vertex 68.0275 91.3451 0
      vertex 67.6664 91.5232 0
    endloop
  endfacet
  facet normal 0.228372 0.672659 -0.703829
    outer loop
      vertex 68.029 91.3446 0
      vertex 68.5594 92.6294 1.4
      vertex 68.77 92.5579 1.4
    endloop
  endfacet
  facet normal 0.22468 0.674039 -0.703697
    outer loop
      vertex 68.5594 92.6294 1.4
      vertex 68.029 91.3446 0
      vertex 68.0275 91.3451 0
    endloop
  endfacet
  facet normal 0.454474 0.545369 -0.704292
    outer loop
      vertex 67.3277 91.7495 0
      vertex 68.1751 92.8513 1.4
      vertex 67.3289 91.7485 0
    endloop
  endfacet
  facet normal 0.468323 0.534131 -0.703831
    outer loop
      vertex 68.1751 92.8513 1.4
      vertex 67.3277 91.7495 0
      vertex 68.0079 92.9979 1.4
    endloop
  endfacet
  facet normal 0.523351 0.479738 -0.70424
    outer loop
      vertex 67.0239 92.0162 0
      vertex 68.0079 92.9979 1.4
      vertex 67.025 92.015 0
    endloop
  endfacet
  facet normal 0.534138 0.468329 -0.703822
    outer loop
      vertex 68.0079 92.9979 1.4
      vertex 67.0239 92.0162 0
      vertex 67.8613 93.1651 1.4
    endloop
  endfacet
  facet normal 0.708914 0.0443072 -0.703901
    outer loop
      vertex 67.51 94.2 1.4
      vertex 66.12 94.1984 0
      vertex 66.1199 94.2 0
    endloop
  endfacet
  facet normal 0.708849 0.0463195 -0.703838
    outer loop
      vertex 66.12 94.1984 0
      vertex 67.51 94.2 1.4
      vertex 67.5245 93.9781 1.4
    endloop
  endfacet
  facet normal 0.696759 -0.138505 -0.703806
    outer loop
      vertex 66.2249 95.7982 0
      vertex 67.5245 95.2219 1.4
      vertex 66.1464 95.4033 0
    endloop
  endfacet
  facet normal 0.314225 -0.637095 -0.703827
    outer loop
      vertex 68.0275 97.8549 0
      vertex 68.5594 96.5706 1.4
      vertex 67.6664 97.6768 0
    endloop
  endfacet
  facet normal -0.708841 0.0465739 -0.703829
    outer loop
      vertex 72.3001 94.2 0
      vertex 72.2737 93.7982 0
      vertex 70.91 94.2 1.4
    endloop
  endfacet
  facet normal -0.534059 0.468426 -0.703816
    outer loop
      vertex 71.6615 92.3189 0
      vertex 71.396 92.0162 0
      vertex 70.5587 93.1651 1.4
    endloop
  endfacet
  facet normal -0.590665 0.394659 -0.703818
    outer loop
      vertex 71.8852 92.6537 0
      vertex 71.6615 92.3189 0
      vertex 70.5587 93.1651 1.4
    endloop
  endfacet
  facet normal -0.697999 -0.130875 -0.704038
    outer loop
      vertex 70.8955 95.2219 1.4
      vertex 72.2733 95.4049 0
      vertex 72.2736 95.4033 0
    endloop
  endfacet
  facet normal -0.696732 -0.138644 -0.703806
    outer loop
      vertex 72.2733 95.4049 0
      vertex 70.8955 95.2219 1.4
      vertex 70.8521 95.44 1.4
    endloop
  endfacet
  facet normal -0.709611 0 -0.704593
    outer loop
      vertex 72.3001 94.2 0
      vertex 70.91 95 1.4
      vertex 72.3001 95 0
    endloop
  endfacet
  facet normal -0.709611 -0 -0.704593
    outer loop
      vertex 70.91 95 1.4
      vertex 72.3001 94.2 0
      vertex 70.91 94.2 1.4
    endloop
  endfacet
  facet normal -0.708841 -0.0465739 -0.703829
    outer loop
      vertex 72.2737 95.4018 0
      vertex 72.3001 95 0
      vertex 70.91 95 1.4
    endloop
  endfacet
  facet normal -0.534059 -0.468426 -0.703816
    outer loop
      vertex 71.396 97.1838 0
      vertex 71.6615 96.8811 0
      vertex 70.5587 96.0349 1.4
    endloop
  endfacet
  facet normal -0.468324 -0.534143 -0.703821
    outer loop
      vertex 71.0911 97.4515 0
      vertex 71.3938 97.1861 0
      vertex 70.2449 96.3487 1.4
    endloop
  endfacet
  facet normal -0.672659 -0.228372 -0.703829
    outer loop
      vertex 70.7806 95.6506 1.4
      vertex 72.0654 96.181 0
      vertex 70.8521 95.44 1.4
    endloop
  endfacet
  facet normal -0.658906 -0.263563 -0.70454
    outer loop
      vertex 72.0654 96.181 0
      vertex 70.7806 95.6506 1.4
      vertex 72.0648 96.1825 0
    endloop
  endfacet
  facet normal 0.590717 0.394557 -0.703831
    outer loop
      vertex 66.5348 92.6537 0
      vertex 67.7378 93.35 1.4
      vertex 67.8613 93.1651 1.4
    endloop
  endfacet
  facet normal 0.584409 0.404591 -0.703401
    outer loop
      vertex 67.7378 93.35 1.4
      vertex 66.5348 92.6537 0
      vertex 66.5339 92.655 0
    endloop
  endfacet
  facet normal 0.672673 0.228342 -0.703826
    outer loop
      vertex 67.5679 93.76 1.4
      vertex 66.3546 93.019 0
      vertex 66.2252 93.4002 0
    endloop
  endfacet
  facet normal 0.674039 0.22468 -0.703697
    outer loop
      vertex 66.3546 93.019 0
      vertex 67.6394 93.5494 1.4
      vertex 66.3551 93.0175 0
    endloop
  endfacet
  facet normal 0.672659 0.228372 -0.703829
    outer loop
      vertex 67.6394 93.5494 1.4
      vertex 66.3546 93.019 0
      vertex 67.5679 93.76 1.4
    endloop
  endfacet
  facet normal 0.708849 -0.0463195 -0.703838
    outer loop
      vertex 67.51 95 1.4
      vertex 66.12 95.0016 0
      vertex 67.5245 95.2219 1.4
    endloop
  endfacet
  facet normal 0.708914 -0.0443072 -0.703901
    outer loop
      vertex 66.12 95.0016 0
      vertex 67.51 95 1.4
      vertex 66.1199 95 0
    endloop
  endfacet
  facet normal 0.138502 -0.696744 -0.703822
    outer loop
      vertex 68.8051 98.0633 0
      vertex 68.77 96.6421 1.4
      vertex 68.4102 97.9848 0
    endloop
  endfacet
  facet normal 0.0465739 -0.708841 -0.703829
    outer loop
      vertex 69.21 98.0901 0
      vertex 69.21 96.7 1.4
      vertex 68.8082 98.0637 0
    endloop
  endfacet
  facet normal -0.637181 0.314091 -0.703809
    outer loop
      vertex 72.0648 93.0175 0
      vertex 71.8868 92.6564 0
      vertex 70.7806 93.5494 1.4
    endloop
  endfacet
  facet normal -0.658906 0.263563 -0.70454
    outer loop
      vertex 70.7806 93.5494 1.4
      vertex 72.0654 93.019 0
      vertex 72.0648 93.0175 0
    endloop
  endfacet
  facet normal -0.672659 0.228372 -0.703829
    outer loop
      vertex 72.0654 93.019 0
      vertex 70.7806 93.5494 1.4
      vertex 70.8521 93.76 1.4
    endloop
  endfacet
  facet normal -0.696744 0.138502 -0.703822
    outer loop
      vertex 72.2733 93.7951 0
      vertex 72.1948 93.4002 0
      vertex 70.8521 93.76 1.4
    endloop
  endfacet
  facet normal -0.546265 0.45522 -0.703114
    outer loop
      vertex 70.4121 92.9979 1.4
      vertex 71.396 92.0162 0
      vertex 71.395 92.015 0
    endloop
  endfacet
  facet normal -0.534152 0.468342 -0.703802
    outer loop
      vertex 71.396 92.0162 0
      vertex 70.4121 92.9979 1.4
      vertex 70.5587 93.1651 1.4
    endloop
  endfacet
  facet normal -0.708795 -0.047253 -0.70383
    outer loop
      vertex 72.2737 95.4018 0
      vertex 70.8955 95.2219 1.4
      vertex 72.2736 95.4033 0
    endloop
  endfacet
  facet normal -0.708886 -0.046322 -0.7038
    outer loop
      vertex 70.8955 95.2219 1.4
      vertex 72.2737 95.4018 0
      vertex 70.91 95 1.4
    endloop
  endfacet
  facet normal -0.637013 -0.314353 -0.703844
    outer loop
      vertex 70.6822 95.85 1.4
      vertex 71.8868 96.5436 0
      vertex 70.7806 95.6506 1.4
    endloop
  endfacet
  facet normal -0.635259 -0.31763 -0.703958
    outer loop
      vertex 71.8868 96.5436 0
      vertex 70.6822 95.85 1.4
      vertex 71.8861 96.545 0
    endloop
  endfacet
  facet normal -0.637181 -0.314091 -0.703809
    outer loop
      vertex 71.8868 96.5436 0
      vertex 72.0648 96.1825 0
      vertex 70.7806 95.6506 1.4
    endloop
  endfacet
  facet normal -0.394557 -0.590717 -0.703831
    outer loop
      vertex 70.06 96.4722 1.4
      vertex 70.7563 97.6752 0
      vertex 70.2449 96.3487 1.4
    endloop
  endfacet
  facet normal -0.404591 -0.584409 -0.703401
    outer loop
      vertex 70.7563 97.6752 0
      vertex 70.06 96.4722 1.4
      vertex 70.755 97.6761 0
    endloop
  endfacet
  facet normal -0.314225 -0.637095 -0.703827
    outer loop
      vertex 70.3925 97.8549 0
      vertex 70.7536 97.6768 0
      vertex 69.8606 96.5706 1.4
    endloop
  endfacet
  facet normal -0.534152 -0.468342 -0.703802
    outer loop
      vertex 70.4121 96.2021 1.4
      vertex 71.396 97.1838 0
      vertex 70.5587 96.0349 1.4
    endloop
  endfacet
  facet normal -0.546265 -0.45522 -0.703114
    outer loop
      vertex 71.396 97.1838 0
      vertex 70.4121 96.2021 1.4
      vertex 71.395 97.185 0
    endloop
  endfacet
  facet normal -0.479738 -0.523351 -0.70424
    outer loop
      vertex 70.4121 96.2021 1.4
      vertex 71.3938 97.1861 0
      vertex 71.395 97.185 0
    endloop
  endfacet
  facet normal -0.468329 -0.534138 -0.703822
    outer loop
      vertex 71.3938 97.1861 0
      vertex 70.4121 96.2021 1.4
      vertex 70.2449 96.3487 1.4
    endloop
  endfacet
  facet normal -0.394659 -0.590665 -0.703818
    outer loop
      vertex 70.7563 97.6752 0
      vertex 71.0911 97.4515 0
      vertex 70.2449 96.3487 1.4
    endloop
  endfacet
  facet normal -0.696744 -0.138502 -0.703822
    outer loop
      vertex 72.1948 95.7998 0
      vertex 72.2733 95.4049 0
      vertex 70.8521 95.44 1.4
    endloop
  endfacet
  facet normal -0.672673 -0.228342 -0.703826
    outer loop
      vertex 72.0654 96.181 0
      vertex 72.1948 95.7998 0
      vertex 70.8521 95.44 1.4
    endloop
  endfacet
  facet normal 0.590665 0.394659 -0.703818
    outer loop
      vertex 67.8613 93.1651 1.4
      vertex 66.7585 92.3189 0
      vertex 66.5348 92.6537 0
    endloop
  endfacet
  facet normal 0.534143 0.468324 -0.703821
    outer loop
      vertex 67.8613 93.1651 1.4
      vertex 67.0239 92.0162 0
      vertex 66.7585 92.3189 0
    endloop
  endfacet
  facet normal 0.696716 -0.13864 -0.703822
    outer loop
      vertex 66.2249 95.7982 0
      vertex 67.5679 95.44 1.4
      vertex 67.5245 95.2219 1.4
    endloop
  endfacet
  facet normal 0.698477 -0.130964 -0.703547
    outer loop
      vertex 67.5679 95.44 1.4
      vertex 66.2249 95.7982 0
      vertex 66.2252 95.7998 0
    endloop
  endfacet
  facet normal 0.590665 -0.394659 -0.703818
    outer loop
      vertex 66.7585 96.8811 0
      vertex 67.8613 96.0349 1.4
      vertex 66.5348 96.5463 0
    endloop
  endfacet
  facet normal -0.138502 -0.696744 -0.703822
    outer loop
      vertex 70.0098 97.9848 0
      vertex 69.65 96.6421 1.4
      vertex 69.6149 98.0633 0
    endloop
  endfacet
  facet normal 0.228342 -0.672673 -0.703826
    outer loop
      vertex 68.4102 97.9848 0
      vertex 68.77 96.6421 1.4
      vertex 68.029 97.8554 0
    endloop
  endfacet
  facet normal 0.228372 -0.672659 -0.703829
    outer loop
      vertex 68.5594 96.5706 1.4
      vertex 68.029 97.8554 0
      vertex 68.77 96.6421 1.4
    endloop
  endfacet
  facet normal 0.22468 -0.674039 -0.703697
    outer loop
      vertex 68.029 97.8554 0
      vertex 68.5594 96.5706 1.4
      vertex 68.0275 97.8549 0
    endloop
  endfacet
  facet normal -0.635259 0.31763 -0.703958
    outer loop
      vertex 70.6822 93.35 1.4
      vertex 71.8868 92.6564 0
      vertex 71.8861 92.655 0
    endloop
  endfacet
  facet normal -0.637013 0.314353 -0.703844
    outer loop
      vertex 71.8868 92.6564 0
      vertex 70.6822 93.35 1.4
      vertex 70.7806 93.5494 1.4
    endloop
  endfacet
  facet normal -0.697999 0.130875 -0.704038
    outer loop
      vertex 72.2733 93.7951 0
      vertex 70.8955 93.9781 1.4
      vertex 72.2736 93.7967 0
    endloop
  endfacet
  facet normal -0.696732 0.138644 -0.703806
    outer loop
      vertex 70.8955 93.9781 1.4
      vertex 72.2733 93.7951 0
      vertex 70.8521 93.76 1.4
    endloop
  endfacet
  facet normal -0.708886 0.046322 -0.7038
    outer loop
      vertex 72.2737 93.7982 0
      vertex 70.8955 93.9781 1.4
      vertex 70.91 94.2 1.4
    endloop
  endfacet
  facet normal -0.708795 0.047253 -0.70383
    outer loop
      vertex 70.8955 93.9781 1.4
      vertex 72.2737 93.7982 0
      vertex 72.2736 93.7967 0
    endloop
  endfacet
  facet normal -0.584409 -0.404591 -0.703401
    outer loop
      vertex 70.6822 95.85 1.4
      vertex 71.8852 96.5463 0
      vertex 71.8861 96.545 0
    endloop
  endfacet
  facet normal -0.590717 -0.394557 -0.703831
    outer loop
      vertex 71.8852 96.5463 0
      vertex 70.6822 95.85 1.4
      vertex 70.5587 96.0349 1.4
    endloop
  endfacet
  facet normal -0.31763 -0.635259 -0.703958
    outer loop
      vertex 70.06 96.4722 1.4
      vertex 70.7536 97.6768 0
      vertex 70.755 97.6761 0
    endloop
  endfacet
  facet normal -0.314353 -0.637013 -0.703844
    outer loop
      vertex 70.7536 97.6768 0
      vertex 70.06 96.4722 1.4
      vertex 69.8606 96.5706 1.4
    endloop
  endfacet
  facet normal 0.672673 -0.228342 -0.703826
    outer loop
      vertex 66.3546 96.181 0
      vertex 67.5679 95.44 1.4
      vertex 66.2252 95.7998 0
    endloop
  endfacet
  facet normal 0.637095 -0.314225 -0.703827
    outer loop
      vertex 66.5332 96.5436 0
      vertex 67.6394 95.6506 1.4
      vertex 66.3551 96.1825 0
    endloop
  endfacet
  facet normal 0.672659 -0.228372 -0.703829
    outer loop
      vertex 66.3546 96.181 0
      vertex 67.6394 95.6506 1.4
      vertex 67.5679 95.44 1.4
    endloop
  endfacet
  facet normal 0.674039 -0.22468 -0.703697
    outer loop
      vertex 67.6394 95.6506 1.4
      vertex 66.3546 96.181 0
      vertex 66.3551 96.1825 0
    endloop
  endfacet
  facet normal 0.637013 -0.314353 -0.703844
    outer loop
      vertex 66.5332 96.5436 0
      vertex 67.7378 95.85 1.4
      vertex 67.6394 95.6506 1.4
    endloop
  endfacet
  facet normal 0.635259 -0.31763 -0.703958
    outer loop
      vertex 67.7378 95.85 1.4
      vertex 66.5332 96.5436 0
      vertex 66.5339 96.545 0
    endloop
  endfacet
  facet normal 0.590717 -0.394557 -0.703831
    outer loop
      vertex 67.7378 95.85 1.4
      vertex 66.5348 96.5463 0
      vertex 67.8613 96.0349 1.4
    endloop
  endfacet
  facet normal 0.584409 -0.404591 -0.703401
    outer loop
      vertex 66.5348 96.5463 0
      vertex 67.7378 95.85 1.4
      vertex 66.5339 96.545 0
    endloop
  endfacet
  facet normal 0.394557 -0.590717 -0.703831
    outer loop
      vertex 67.6637 97.6752 0
      vertex 68.36 96.4722 1.4
      vertex 68.1751 96.3487 1.4
    endloop
  endfacet
  facet normal 0.404591 -0.584409 -0.703401
    outer loop
      vertex 68.36 96.4722 1.4
      vertex 67.6637 97.6752 0
      vertex 67.665 97.6761 0
    endloop
  endfacet
  facet normal 0.534143 -0.468324 -0.703821
    outer loop
      vertex 67.0239 97.1838 0
      vertex 67.8613 96.0349 1.4
      vertex 66.7585 96.8811 0
    endloop
  endfacet
  facet normal -0.0465739 -0.708841 -0.703829
    outer loop
      vertex 69.21 98.0901 0
      vertex 69.6118 98.0637 0
      vertex 69.21 96.7 1.4
    endloop
  endfacet
  facet normal -0.138644 -0.696732 -0.703806
    outer loop
      vertex 69.4319 96.6855 1.4
      vertex 69.6149 98.0633 0
      vertex 69.65 96.6421 1.4
    endloop
  endfacet
  facet normal -0.130875 -0.697999 -0.704038
    outer loop
      vertex 69.6149 98.0633 0
      vertex 69.4319 96.6855 1.4
      vertex 69.6133 98.0636 0
    endloop
  endfacet
  facet normal -0.046322 -0.708886 -0.7038
    outer loop
      vertex 69.6118 98.0637 0
      vertex 69.4319 96.6855 1.4
      vertex 69.21 96.7 1.4
    endloop
  endfacet
  facet normal -0.047253 -0.708795 -0.70383
    outer loop
      vertex 69.4319 96.6855 1.4
      vertex 69.6118 98.0637 0
      vertex 69.6133 98.0636 0
    endloop
  endfacet
  facet normal 0.047253 -0.708795 -0.70383
    outer loop
      vertex 68.8082 98.0637 0
      vertex 68.9881 96.6855 1.4
      vertex 68.8067 98.0636 0
    endloop
  endfacet
  facet normal 0.046322 -0.708886 -0.7038
    outer loop
      vertex 68.9881 96.6855 1.4
      vertex 68.8082 98.0637 0
      vertex 69.21 96.7 1.4
    endloop
  endfacet
  facet normal -0.584409 0.404591 -0.703401
    outer loop
      vertex 71.8852 92.6537 0
      vertex 70.6822 93.35 1.4
      vertex 71.8861 92.655 0
    endloop
  endfacet
  facet normal -0.590717 0.394557 -0.703831
    outer loop
      vertex 70.6822 93.35 1.4
      vertex 71.8852 92.6537 0
      vertex 70.5587 93.1651 1.4
    endloop
  endfacet
  facet normal 0.314353 -0.637013 -0.703844
    outer loop
      vertex 68.36 96.4722 1.4
      vertex 67.6664 97.6768 0
      vertex 68.5594 96.5706 1.4
    endloop
  endfacet
  facet normal 0.31763 -0.635259 -0.703958
    outer loop
      vertex 67.6664 97.6768 0
      vertex 68.36 96.4722 1.4
      vertex 67.665 97.6761 0
    endloop
  endfacet
  facet normal 0.468329 -0.534138 -0.703822
    outer loop
      vertex 68.0079 96.2021 1.4
      vertex 67.0262 97.1861 0
      vertex 68.1751 96.3487 1.4
    endloop
  endfacet
  facet normal 0.479738 -0.523351 -0.70424
    outer loop
      vertex 67.0262 97.1861 0
      vertex 68.0079 96.2021 1.4
      vertex 67.025 97.185 0
    endloop
  endfacet
  facet normal 0.534138 -0.468329 -0.703822
    outer loop
      vertex 67.0239 97.1838 0
      vertex 68.0079 96.2021 1.4
      vertex 67.8613 96.0349 1.4
    endloop
  endfacet
  facet normal 0.523351 -0.479738 -0.70424
    outer loop
      vertex 68.0079 96.2021 1.4
      vertex 67.0239 97.1838 0
      vertex 67.025 97.185 0
    endloop
  endfacet
  facet normal 0.468324 -0.534143 -0.703821
    outer loop
      vertex 67.3289 97.4515 0
      vertex 68.1751 96.3487 1.4
      vertex 67.0262 97.1861 0
    endloop
  endfacet
  facet normal 0.394659 -0.590665 -0.703818
    outer loop
      vertex 67.6637 97.6752 0
      vertex 68.1751 96.3487 1.4
      vertex 67.3289 97.4515 0
    endloop
  endfacet
  facet normal 1 -0 0
    outer loop
      vertex 17 25 2
      vertex 17 36 0
      vertex 17 36 2
    endloop
  endfacet
  facet normal 1 0 0
    outer loop
      vertex 17 36 0
      vertex 17 25 2
      vertex 17 25 0
    endloop
  endfacet
  facet normal -1 0 0
    outer loop
      vertex 25 25 0
      vertex 25 36 2
      vertex 25 36 0
    endloop
  endfacet
  facet normal -1 -0 0
    outer loop
      vertex 25 36 2
      vertex 25 25 0
      vertex 25 25 2
    endloop
  endfacet
  facet normal 0 -1 0
    outer loop
      vertex 17 36 0
      vertex 25 36 2
      vertex 17 36 2
    endloop
  endfacet
  facet normal 0 -1 -0
    outer loop
      vertex 25 36 2
      vertex 17 36 0
      vertex 25 36 0
    endloop
  endfacet
  facet normal 0 1 -0
    outer loop
      vertex 25 25 0
      vertex 17 25 2
      vertex 25 25 2
    endloop
  endfacet
  facet normal 0 1 0
    outer loop
      vertex 17 25 2
      vertex 25 25 0
      vertex 17 25 0
    endloop
  endfacet
  facet normal 1 -0 0
    outer loop
      vertex 17 42 2
      vertex 17 53 0
      vertex 17 53 2
    endloop
  endfacet
  facet normal 1 0 0
    outer loop
      vertex 17 53 0
      vertex 17 42 2
      vertex 17 42 0
    endloop
  endfacet
  facet normal -1 0 0
    outer loop
      vertex 25 42 0
      vertex 25 53 2
      vertex 25 53 0
    endloop
  endfacet
  facet normal -1 -0 0
    outer loop
      vertex 25 53 2
      vertex 25 42 0
      vertex 25 42 2
    endloop
  endfacet
  facet normal 0 1 -0
    outer loop
      vertex 25 42 0
      vertex 17 42 2
      vertex 25 42 2
    endloop
  endfacet
  facet normal 0 1 0
    outer loop
      vertex 17 42 2
      vertex 25 42 0
      vertex 17 42 0
    endloop
  endfacet
  facet normal 0 -1 0
    outer loop
      vertex 17 53 0
      vertex 25 53 2
      vertex 17 53 2
    endloop
  endfacet
  facet normal 0 -1 -0
    outer loop
      vertex 25 53 2
      vertex 17 53 0
      vertex 25 53 0
    endloop
  endfacet
  facet normal 1 -0 0
    outer loop
      vertex 17 59 2
      vertex 17 70 0
      vertex 17 70 2
    endloop
  endfacet
  facet normal 1 0 0
    outer loop
      vertex 17 70 0
      vertex 17 59 2
      vertex 17 59 0
    endloop
  endfacet
  facet normal -1 0 0
    outer loop
      vertex 25 59 0
      vertex 25 70 2
      vertex 25 70 0
    endloop
  endfacet
  facet normal -1 -0 0
    outer loop
      vertex 25 70 2
      vertex 25 59 0
      vertex 25 59 2
    endloop
  endfacet
  facet normal 0 -1 0
    outer loop
      vertex 17 70 0
      vertex 25 70 2
      vertex 17 70 2
    endloop
  endfacet
  facet normal 0 -1 -0
    outer loop
      vertex 25 70 2
      vertex 17 70 0
      vertex 25 70 0
    endloop
  endfacet
  facet normal 0 1 -0
    outer loop
      vertex 25 59 0
      vertex 17 59 2
      vertex 25 59 2
    endloop
  endfacet
  facet normal 0 1 0
    outer loop
      vertex 17 59 2
      vertex 25 59 0
      vertex 17 59 0
    endloop
  endfacet
  facet normal 1 -0 0
    outer loop
      vertex 17 76 2
      vertex 17 87 0
      vertex 17 87 2
    endloop
  endfacet
  facet normal 1 0 0
    outer loop
      vertex 17 87 0
      vertex 17 76 2
      vertex 17 76 0
    endloop
  endfacet
  facet normal -1 0 0
    outer loop
      vertex 25 76 0
      vertex 25 87 2
      vertex 25 87 0
    endloop
  endfacet
  facet normal -1 -0 0
    outer loop
      vertex 25 87 2
      vertex 25 76 0
      vertex 25 76 2
    endloop
  endfacet
  facet normal 0 1 -0
    outer loop
      vertex 25 76 0
      vertex 17 76 2
      vertex 25 76 2
    endloop
  endfacet
  facet normal 0 1 0
    outer loop
      vertex 17 76 2
      vertex 25 76 0
      vertex 17 76 0
    endloop
  endfacet
  facet normal 0 -1 0
    outer loop
      vertex 17 87 0
      vertex 25 87 2
      vertex 17 87 2
    endloop
  endfacet
  facet normal 0 -1 -0
    outer loop
      vertex 25 87 2
      vertex 17 87 0
      vertex 25 87 0
    endloop
  endfacet
  facet normal 1 -0 0
    outer loop
      vertex 30 25 2
      vertex 30 36 0
      vertex 30 36 2
    endloop
  endfacet
  facet normal 1 0 0
    outer loop
      vertex 30 36 0
      vertex 30 25 2
      vertex 30 25 0
    endloop
  endfacet
  facet normal -1 0 0
    outer loop
      vertex 38 25 0
      vertex 38 36 2
      vertex 38 36 0
    endloop
  endfacet
  facet normal -1 -0 0
    outer loop
      vertex 38 36 2
      vertex 38 25 0
      vertex 38 25 2
    endloop
  endfacet
  facet normal 0 -1 0
    outer loop
      vertex 30 36 0
      vertex 38 36 2
      vertex 30 36 2
    endloop
  endfacet
  facet normal 0 -1 -0
    outer loop
      vertex 38 36 2
      vertex 30 36 0
      vertex 38 36 0
    endloop
  endfacet
  facet normal 0 1 -0
    outer loop
      vertex 38 25 0
      vertex 30 25 2
      vertex 38 25 2
    endloop
  endfacet
  facet normal 0 1 0
    outer loop
      vertex 30 25 2
      vertex 38 25 0
      vertex 30 25 0
    endloop
  endfacet
  facet normal 1 -0 0
    outer loop
      vertex 30 42 2
      vertex 30 53 0
      vertex 30 53 2
    endloop
  endfacet
  facet normal 1 0 0
    outer loop
      vertex 30 53 0
      vertex 30 42 2
      vertex 30 42 0
    endloop
  endfacet
  facet normal -1 0 0
    outer loop
      vertex 38 42 0
      vertex 38 53 2
      vertex 38 53 0
    endloop
  endfacet
  facet normal -1 -0 0
    outer loop
      vertex 38 53 2
      vertex 38 42 0
      vertex 38 42 2
    endloop
  endfacet
  facet normal 0 1 -0
    outer loop
      vertex 38 42 0
      vertex 30 42 2
      vertex 38 42 2
    endloop
  endfacet
  facet normal 0 1 0
    outer loop
      vertex 30 42 2
      vertex 38 42 0
      vertex 30 42 0
    endloop
  endfacet
  facet normal 0 -1 0
    outer loop
      vertex 30 53 0
      vertex 38 53 2
      vertex 30 53 2
    endloop
  endfacet
  facet normal 0 -1 -0
    outer loop
      vertex 38 53 2
      vertex 30 53 0
      vertex 38 53 0
    endloop
  endfacet
  facet normal 1 -0 0
    outer loop
      vertex 30 59 2
      vertex 30 70 0
      vertex 30 70 2
    endloop
  endfacet
  facet normal 1 0 0
    outer loop
      vertex 30 70 0
      vertex 30 59 2
      vertex 30 59 0
    endloop
  endfacet
  facet normal -1 0 0
    outer loop
      vertex 38 59 0
      vertex 38 70 2
      vertex 38 70 0
    endloop
  endfacet
  facet normal -1 -0 0
    outer loop
      vertex 38 70 2
      vertex 38 59 0
      vertex 38 59 2
    endloop
  endfacet
  facet normal 0 -1 0
    outer loop
      vertex 30 70 0
      vertex 38 70 2
      vertex 30 70 2
    endloop
  endfacet
  facet normal 0 -1 -0
    outer loop
      vertex 38 70 2
      vertex 30 70 0
      vertex 38 70 0
    endloop
  endfacet
  facet normal 0 1 -0
    outer loop
      vertex 38 59 0
      vertex 30 59 2
      vertex 38 59 2
    endloop
  endfacet
  facet normal 0 1 0
    outer loop
      vertex 30 59 2
      vertex 38 59 0
      vertex 30 59 0
    endloop
  endfacet
  facet normal 1 -0 0
    outer loop
      vertex 30 76 2
      vertex 30 87 0
      vertex 30 87 2
    endloop
  endfacet
  facet normal 1 0 0
    outer loop
      vertex 30 87 0
      vertex 30 76 2
      vertex 30 76 0
    endloop
  endfacet
  facet normal -1 0 0
    outer loop
      vertex 38 76 0
      vertex 38 87 2
      vertex 38 87 0
    endloop
  endfacet
  facet normal -1 -0 0
    outer loop
      vertex 38 87 2
      vertex 38 76 0
      vertex 38 76 2
    endloop
  endfacet
  facet normal 0 -1 0
    outer loop
      vertex 30 87 0
      vertex 38 87 2
      vertex 30 87 2
    endloop
  endfacet
  facet normal 0 -1 -0
    outer loop
      vertex 38 87 2
      vertex 30 87 0
      vertex 38 87 0
    endloop
  endfacet
  facet normal 0 1 -0
    outer loop
      vertex 38 76 0
      vertex 30 76 2
      vertex 38 76 2
    endloop
  endfacet
  facet normal 0 1 0
    outer loop
      vertex 30 76 2
      vertex 38 76 0
      vertex 30 76 0
    endloop
  endfacet
  facet normal 1 -0 0
    outer loop
      vertex 43 25 2
      vertex 43 36 0
      vertex 43 36 2
    endloop
  endfacet
  facet normal 1 0 0
    outer loop
      vertex 43 36 0
      vertex 43 25 2
      vertex 43 25 0
    endloop
  endfacet
  facet normal -1 0 0
    outer loop
      vertex 51 25 0
      vertex 51 36 2
      vertex 51 36 0
    endloop
  endfacet
  facet normal -1 -0 0
    outer loop
      vertex 51 36 2
      vertex 51 25 0
      vertex 51 25 2
    endloop
  endfacet
  facet normal 0 1 -0
    outer loop
      vertex 51 25 0
      vertex 43 25 2
      vertex 51 25 2
    endloop
  endfacet
  facet normal 0 1 0
    outer loop
      vertex 43 25 2
      vertex 51 25 0
      vertex 43 25 0
    endloop
  endfacet
  facet normal 0 -1 0
    outer loop
      vertex 43 36 0
      vertex 51 36 2
      vertex 43 36 2
    endloop
  endfacet
  facet normal 0 -1 -0
    outer loop
      vertex 51 36 2
      vertex 43 36 0
      vertex 51 36 0
    endloop
  endfacet
  facet normal 1 -0 0
    outer loop
      vertex 43 42 2
      vertex 43 53 0
      vertex 43 53 2
    endloop
  endfacet
  facet normal 1 0 0
    outer loop
      vertex 43 53 0
      vertex 43 42 2
      vertex 43 42 0
    endloop
  endfacet
  facet normal -1 0 0
    outer loop
      vertex 51 42 0
      vertex 51 53 2
      vertex 51 53 0
    endloop
  endfacet
  facet normal -1 -0 0
    outer loop
      vertex 51 53 2
      vertex 51 42 0
      vertex 51 42 2
    endloop
  endfacet
  facet normal 0 -1 0
    outer loop
      vertex 43 53 0
      vertex 51 53 2
      vertex 43 53 2
    endloop
  endfacet
  facet normal 0 -1 -0
    outer loop
      vertex 51 53 2
      vertex 43 53 0
      vertex 51 53 0
    endloop
  endfacet
  facet normal 0 1 -0
    outer loop
      vertex 51 42 0
      vertex 43 42 2
      vertex 51 42 2
    endloop
  endfacet
  facet normal 0 1 0
    outer loop
      vertex 43 42 2
      vertex 51 42 0
      vertex 43 42 0
    endloop
  endfacet
  facet normal 1 -0 0
    outer loop
      vertex 43 59 2
      vertex 43 70 0
      vertex 43 70 2
    endloop
  endfacet
  facet normal 1 0 0
    outer loop
      vertex 43 70 0
      vertex 43 59 2
      vertex 43 59 0
    endloop
  endfacet
  facet normal -1 0 0
    outer loop
      vertex 51 59 0
      vertex 51 70 2
      vertex 51 70 0
    endloop
  endfacet
  facet normal -1 -0 0
    outer loop
      vertex 51 70 2
      vertex 51 59 0
      vertex 51 59 2
    endloop
  endfacet
  facet normal 0 1 -0
    outer loop
      vertex 51 59 0
      vertex 43 59 2
      vertex 51 59 2
    endloop
  endfacet
  facet normal 0 1 0
    outer loop
      vertex 43 59 2
      vertex 51 59 0
      vertex 43 59 0
    endloop
  endfacet
  facet normal 0 -1 0
    outer loop
      vertex 43 70 0
      vertex 51 70 2
      vertex 43 70 2
    endloop
  endfacet
  facet normal 0 -1 -0
    outer loop
      vertex 51 70 2
      vertex 43 70 0
      vertex 51 70 0
    endloop
  endfacet
  facet normal 1 -0 0
    outer loop
      vertex 43 76 2
      vertex 43 87 0
      vertex 43 87 2
    endloop
  endfacet
  facet normal 1 0 0
    outer loop
      vertex 43 87 0
      vertex 43 76 2
      vertex 43 76 0
    endloop
  endfacet
  facet normal -1 0 0
    outer loop
      vertex 51 76 0
      vertex 51 87 2
      vertex 51 87 0
    endloop
  endfacet
  facet normal -1 -0 0
    outer loop
      vertex 51 87 2
      vertex 51 76 0
      vertex 51 76 2
    endloop
  endfacet
  facet normal 0 -1 0
    outer loop
      vertex 43 87 0
      vertex 51 87 2
      vertex 43 87 2
    endloop
  endfacet
  facet normal 0 -1 -0
    outer loop
      vertex 51 87 2
      vertex 43 87 0
      vertex 51 87 0
    endloop
  endfacet
  facet normal 0 1 -0
    outer loop
      vertex 51 76 0
      vertex 43 76 2
      vertex 51 76 2
    endloop
  endfacet
  facet normal 0 1 0
    outer loop
      vertex 43 76 2
      vertex 51 76 0
      vertex 43 76 0
    endloop
  endfacet
  facet normal 1 -0 0
    outer loop
      vertex 56 25 2
      vertex 56 36 0
      vertex 56 36 2
    endloop
  endfacet
  facet normal 1 0 0
    outer loop
      vertex 56 36 0
      vertex 56 25 2
      vertex 56 25 0
    endloop
  endfacet
  facet normal -1 0 0
    outer loop
      vertex 64 25 0
      vertex 64 36 2
      vertex 64 36 0
    endloop
  endfacet
  facet normal -1 -0 0
    outer loop
      vertex 64 36 2
      vertex 64 25 0
      vertex 64 25 2
    endloop
  endfacet
  facet normal 0 -1 0
    outer loop
      vertex 56 36 0
      vertex 64 36 2
      vertex 56 36 2
    endloop
  endfacet
  facet normal 0 -1 -0
    outer loop
      vertex 64 36 2
      vertex 56 36 0
      vertex 64 36 0
    endloop
  endfacet
  facet normal 0 1 -0
    outer loop
      vertex 64 25 0
      vertex 56 25 2
      vertex 64 25 2
    endloop
  endfacet
  facet normal 0 1 0
    outer loop
      vertex 56 25 2
      vertex 64 25 0
      vertex 56 25 0
    endloop
  endfacet
  facet normal 1 -0 0
    outer loop
      vertex 56 42 2
      vertex 56 53 0
      vertex 56 53 2
    endloop
  endfacet
  facet normal 1 0 0
    outer loop
      vertex 56 53 0
      vertex 56 42 2
      vertex 56 42 0
    endloop
  endfacet
  facet normal -1 0 0
    outer loop
      vertex 64 42 0
      vertex 64 53 2
      vertex 64 53 0
    endloop
  endfacet
  facet normal -1 -0 0
    outer loop
      vertex 64 53 2
      vertex 64 42 0
      vertex 64 42 2
    endloop
  endfacet
  facet normal 0 1 -0
    outer loop
      vertex 64 42 0
      vertex 56 42 2
      vertex 64 42 2
    endloop
  endfacet
  facet normal 0 1 0
    outer loop
      vertex 56 42 2
      vertex 64 42 0
      vertex 56 42 0
    endloop
  endfacet
  facet normal 0 -1 0
    outer loop
      vertex 56 53 0
      vertex 64 53 2
      vertex 56 53 2
    endloop
  endfacet
  facet normal 0 -1 -0
    outer loop
      vertex 64 53 2
      vertex 56 53 0
      vertex 64 53 0
    endloop
  endfacet
  facet normal 1 -0 0
    outer loop
      vertex 56 59 2
      vertex 56 70 0
      vertex 56 70 2
    endloop
  endfacet
  facet normal 1 0 0
    outer loop
      vertex 56 70 0
      vertex 56 59 2
      vertex 56 59 0
    endloop
  endfacet
  facet normal -1 0 0
    outer loop
      vertex 64 59 0
      vertex 64 70 2
      vertex 64 70 0
    endloop
  endfacet
  facet normal -1 -0 0
    outer loop
      vertex 64 70 2
      vertex 64 59 0
      vertex 64 59 2
    endloop
  endfacet
  facet normal 0 -1 0
    outer loop
      vertex 56 70 0
      vertex 64 70 2
      vertex 56 70 2
    endloop
  endfacet
  facet normal 0 -1 -0
    outer loop
      vertex 64 70 2
      vertex 56 70 0
      vertex 64 70 0
    endloop
  endfacet
  facet normal 0 1 -0
    outer loop
      vertex 64 59 0
      vertex 56 59 2
      vertex 64 59 2
    endloop
  endfacet
  facet normal 0 1 0
    outer loop
      vertex 56 59 2
      vertex 64 59 0
      vertex 56 59 0
    endloop
  endfacet
  facet normal 1 -0 0
    outer loop
      vertex 56 76 2
      vertex 56 87 0
      vertex 56 87 2
    endloop
  endfacet
  facet normal 1 0 0
    outer loop
      vertex 56 87 0
      vertex 56 76 2
      vertex 56 76 0
    endloop
  endfacet
  facet normal -1 0 0
    outer loop
      vertex 64 76 0
      vertex 64 87 2
      vertex 64 87 0
    endloop
  endfacet
  facet normal -1 -0 0
    outer loop
      vertex 64 87 2
      vertex 64 76 0
      vertex 64 76 2
    endloop
  endfacet
  facet normal 0 -1 0
    outer loop
      vertex 56 87 0
      vertex 64 87 2
      vertex 56 87 2
    endloop
  endfacet
  facet normal 0 -1 -0
    outer loop
      vertex 64 87 2
      vertex 56 87 0
      vertex 64 87 0
    endloop
  endfacet
  facet normal 0 1 -0
    outer loop
      vertex 64 76 0
      vertex 56 76 2
      vertex 64 76 2
    endloop
  endfacet
  facet normal 0 1 0
    outer loop
      vertex 56 76 2
      vertex 64 76 0
      vertex 56 76 0
    endloop
  endfacet
  facet normal 0 -0.0653848 0.99786
    outer loop
      vertex 0 18.2219 3.31454
      vertex 2.5 18 3.3
      vertex 2.5 18.2219 3.31454
    endloop
  endfacet
  facet normal 0 -0.0653848 0.99786
    outer loop
      vertex 2.5 18 3.3
      vertex 0 18.2219 3.31454
      vertex 0 18 3.3
    endloop
  endfacet
  facet normal 0 0.0653848 -0.99786
    outer loop
      vertex 0 17.7781 6.68546
      vertex 2.5 18 6.7
      vertex 2.5 17.7781 6.68546
    endloop
  endfacet
  facet normal 0 0.0653848 -0.99786
    outer loop
      vertex 2.5 18 6.7
      vertex 0 17.7781 6.68546
      vertex 0 18 6.7
    endloop
  endfacet
  facet normal 0 -0.997872 -0.0652086
    outer loop
      vertex 0 19.7 5
      vertex 2.5 19.6855 5.22189
      vertex 0 19.6855 5.22189
    endloop
  endfacet
  facet normal 0 -0.997872 -0.0652086
    outer loop
      vertex 2.5 19.6855 5.22189
      vertex 0 19.7 5
      vertex 2.5 19.7 5
    endloop
  endfacet
  facet normal 0 -0.659319 -0.751863
    outer loop
      vertex 0 19.0349 6.3487
      vertex 2.5 19.2021 6.20208
      vertex 2.5 19.0349 6.3487
    endloop
  endfacet
  facet normal -0 -0.659319 -0.751863
    outer loop
      vertex 2.5 19.2021 6.20208
      vertex 0 19.0349 6.3487
      vertex 0 19.2021 6.20208
    endloop
  endfacet
  facet normal 0 -0.896789 -0.442459
    outer loop
      vertex 0 19.5706 5.65056
      vertex 2.5 19.4722 5.85
      vertex 0 19.4722 5.85
    endloop
  endfacet
  facet normal 0 -0.896789 -0.442459
    outer loop
      vertex 2.5 19.4722 5.85
      vertex 0 19.5706 5.65056
      vertex 2.5 19.5706 5.65056
    endloop
  endfacet
  facet normal -0 0.555551 0.831483
    outer loop
      vertex 0 17.15 3.52776
      vertex 2.5 16.9651 3.6513
      vertex 2.5 17.15 3.52776
    endloop
  endfacet
  facet normal 0 0.555551 0.831483
    outer loop
      vertex 2.5 16.9651 3.6513
      vertex 0 17.15 3.52776
      vertex 0 16.9651 3.6513
    endloop
  endfacet
  facet normal 0 -0.442386 0.896825
    outer loop
      vertex 0 18.85 3.52776
      vertex 2.5 18.6506 3.4294
      vertex 2.5 18.85 3.52776
    endloop
  endfacet
  facet normal 0 -0.442386 0.896825
    outer loop
      vertex 2.5 18.6506 3.4294
      vertex 0 18.85 3.52776
      vertex 0 18.6506 3.4294
    endloop
  endfacet
  facet normal 0 -0.195122 0.980779
    outer loop
      vertex 0 18.44 3.35793
      vertex 2.5 18.2219 3.31454
      vertex 2.5 18.44 3.35793
    endloop
  endfacet
  facet normal 0 -0.195122 0.980779
    outer loop
      vertex 2.5 18.2219 3.31454
      vertex 0 18.44 3.35793
      vertex 0 18.2219 3.31454
    endloop
  endfacet
  facet normal 0 -0.555551 0.831483
    outer loop
      vertex 0 19.0349 3.6513
      vertex 2.5 18.85 3.52776
      vertex 2.5 19.0349 3.6513
    endloop
  endfacet
  facet normal 0 -0.555551 0.831483
    outer loop
      vertex 2.5 18.85 3.52776
      vertex 0 19.0349 3.6513
      vertex 0 18.85 3.52776
    endloop
  endfacet
  facet normal 0 -0.831552 0.555447
    outer loop
      vertex 0 19.3487 3.96511
      vertex 2.5 19.4722 4.15
      vertex 0 19.4722 4.15
    endloop
  endfacet
  facet normal 0 -0.831552 0.555447
    outer loop
      vertex 2.5 19.4722 4.15
      vertex 0 19.3487 3.96511
      vertex 2.5 19.3487 3.96511
    endloop
  endfacet
  facet normal 0 -0.321403 -0.946943
    outer loop
      vertex 0 18.44 6.64207
      vertex 2.5 18.6506 6.57059
      vertex 2.5 18.44 6.64207
    endloop
  endfacet
  facet normal -0 -0.321403 -0.946943
    outer loop
      vertex 2.5 18.6506 6.57059
      vertex 0 18.44 6.64207
      vertex 0 18.6506 6.57059
    endloop
  endfacet
  facet normal 0 -0.442349 -0.896843
    outer loop
      vertex 0 18.6506 6.57059
      vertex 2.5 18.85 6.47224
      vertex 2.5 18.6506 6.57059
    endloop
  endfacet
  facet normal -0 -0.442349 -0.896843
    outer loop
      vertex 2.5 18.85 6.47224
      vertex 0 18.6506 6.57059
      vertex 0 18.85 6.47224
    endloop
  endfacet
  facet normal 0 -0.0653848 -0.99786
    outer loop
      vertex 0 18 6.7
      vertex 2.5 18.2219 6.68546
      vertex 2.5 18 6.7
    endloop
  endfacet
  facet normal -0 -0.0653848 -0.99786
    outer loop
      vertex 2.5 18.2219 6.68546
      vertex 0 18 6.7
      vertex 0 18.2219 6.68546
    endloop
  endfacet
  facet normal 0 -0.831552 -0.555447
    outer loop
      vertex 0 19.4722 5.85
      vertex 2.5 19.3487 6.03489
      vertex 0 19.3487 6.03489
    endloop
  endfacet
  facet normal 0 -0.831552 -0.555447
    outer loop
      vertex 2.5 19.3487 6.03489
      vertex 0 19.4722 5.85
      vertex 2.5 19.4722 5.85
    endloop
  endfacet
  facet normal 0 -0.98077 -0.195165
    outer loop
      vertex 0 19.6855 5.22189
      vertex 2.5 19.6421 5.43999
      vertex 0 19.6421 5.43999
    endloop
  endfacet
  facet normal 0 -0.98077 -0.195165
    outer loop
      vertex 2.5 19.6421 5.43999
      vertex 0 19.6855 5.22189
      vertex 2.5 19.6855 5.22189
    endloop
  endfacet
  facet normal -0 0.0653848 0.99786
    outer loop
      vertex 0 18 3.3
      vertex 2.5 17.7781 3.31454
      vertex 2.5 18 3.3
    endloop
  endfacet
  facet normal 0 0.0653848 0.99786
    outer loop
      vertex 2.5 17.7781 3.31454
      vertex 0 18 3.3
      vertex 0 17.7781 3.31454
    endloop
  endfacet
  facet normal 0 0.997872 -0.0652086
    outer loop
      vertex 2.5 16.3 5
      vertex 0 16.3145 5.22189
      vertex 2.5 16.3145 5.22189
    endloop
  endfacet
  facet normal 0 0.997872 -0.0652086
    outer loop
      vertex 0 16.3145 5.22189
      vertex 2.5 16.3 5
      vertex 0 16.3 5
    endloop
  endfacet
  facet normal 0 0.980769 0.195173
    outer loop
      vertex 2.5 16.3579 4.56001
      vertex 0 16.3145 4.7781
      vertex 2.5 16.3145 4.7781
    endloop
  endfacet
  facet normal 0 0.980769 0.195173
    outer loop
      vertex 0 16.3145 4.7781
      vertex 2.5 16.3579 4.56001
      vertex 0 16.3579 4.56001
    endloop
  endfacet
  facet normal 0 -0.321363 0.946956
    outer loop
      vertex 0 18.6506 3.4294
      vertex 2.5 18.44 3.35793
      vertex 2.5 18.6506 3.4294
    endloop
  endfacet
  facet normal 0 -0.321363 0.946956
    outer loop
      vertex 2.5 18.44 3.35793
      vertex 0 18.6506 3.4294
      vertex 0 18.44 3.35793
    endloop
  endfacet
  facet normal 0 -0.659319 0.751863
    outer loop
      vertex 0 19.2021 3.79792
      vertex 2.5 19.0349 3.6513
      vertex 2.5 19.2021 3.79792
    endloop
  endfacet
  facet normal 0 -0.659319 0.751863
    outer loop
      vertex 2.5 19.0349 3.6513
      vertex 0 19.2021 3.79792
      vertex 0 19.0349 3.6513
    endloop
  endfacet
  facet normal 0 -0.980769 0.195173
    outer loop
      vertex 0 19.6421 4.56001
      vertex 2.5 19.6855 4.7781
      vertex 0 19.6855 4.7781
    endloop
  endfacet
  facet normal 0 -0.980769 0.195173
    outer loop
      vertex 2.5 19.6855 4.7781
      vertex 0 19.6421 4.56001
      vertex 2.5 19.6421 4.56001
    endloop
  endfacet
  facet normal 0 -0.997872 0.0652057
    outer loop
      vertex 0 19.6855 4.7781
      vertex 2.5 19.7 5
      vertex 0 19.7 5
    endloop
  endfacet
  facet normal 0 -0.997872 0.0652057
    outer loop
      vertex 2.5 19.7 5
      vertex 0 19.6855 4.7781
      vertex 2.5 19.6855 4.7781
    endloop
  endfacet
  facet normal 0 -0.946901 0.321525
    outer loop
      vertex 0 19.5706 4.34944
      vertex 2.5 19.6421 4.56001
      vertex 0 19.6421 4.56001
    endloop
  endfacet
  facet normal 0 -0.946901 0.321525
    outer loop
      vertex 2.5 19.6421 4.56001
      vertex 0 19.5706 4.34944
      vertex 2.5 19.5706 4.34944
    endloop
  endfacet
  facet normal 0 -0.896789 0.442459
    outer loop
      vertex 0 19.4722 4.15
      vertex 2.5 19.5706 4.34944
      vertex 0 19.5706 4.34944
    endloop
  endfacet
  facet normal 0 -0.896789 0.442459
    outer loop
      vertex 2.5 19.5706 4.34944
      vertex 0 19.4722 4.15
      vertex 2.5 19.4722 4.15
    endloop
  endfacet
  facet normal 0 -0.195122 -0.980779
    outer loop
      vertex 0 18.2219 6.68546
      vertex 2.5 18.44 6.64207
      vertex 2.5 18.2219 6.68546
    endloop
  endfacet
  facet normal -0 -0.195122 -0.980779
    outer loop
      vertex 2.5 18.44 6.64207
      vertex 0 18.2219 6.68546
      vertex 0 18.44 6.64207
    endloop
  endfacet
  facet normal 0 0.831552 0.555447
    outer loop
      vertex 2.5 16.6513 3.96511
      vertex 0 16.5278 4.15
      vertex 2.5 16.5278 4.15
    endloop
  endfacet
  facet normal 0 0.831552 0.555447
    outer loop
      vertex 0 16.5278 4.15
      vertex 2.5 16.6513 3.96511
      vertex 0 16.6513 3.96511
    endloop
  endfacet
  facet normal -0 0.321363 0.946956
    outer loop
      vertex 0 17.56 3.35793
      vertex 2.5 17.3494 3.4294
      vertex 2.5 17.56 3.35793
    endloop
  endfacet
  facet normal 0 0.321363 0.946956
    outer loop
      vertex 2.5 17.3494 3.4294
      vertex 0 17.56 3.35793
      vertex 0 17.3494 3.4294
    endloop
  endfacet
  facet normal -0 0.442386 0.896825
    outer loop
      vertex 0 17.3494 3.4294
      vertex 2.5 17.15 3.52776
      vertex 2.5 17.3494 3.4294
    endloop
  endfacet
  facet normal 0 0.442386 0.896825
    outer loop
      vertex 2.5 17.15 3.52776
      vertex 0 17.3494 3.4294
      vertex 0 17.15 3.52776
    endloop
  endfacet
  facet normal -0 0.195122 0.980779
    outer loop
      vertex 0 17.7781 3.31454
      vertex 2.5 17.56 3.35793
      vertex 2.5 17.7781 3.31454
    endloop
  endfacet
  facet normal 0 0.195122 0.980779
    outer loop
      vertex 2.5 17.56 3.35793
      vertex 0 17.7781 3.31454
      vertex 0 17.56 3.35793
    endloop
  endfacet
  facet normal 0 0.946901 -0.321525
    outer loop
      vertex 2.5 16.3579 5.43999
      vertex 0 16.4294 5.65056
      vertex 2.5 16.4294 5.65056
    endloop
  endfacet
  facet normal 0 0.946901 -0.321525
    outer loop
      vertex 0 16.4294 5.65056
      vertex 2.5 16.3579 5.43999
      vertex 0 16.3579 5.43999
    endloop
  endfacet
  facet normal 0 0.442349 -0.896843
    outer loop
      vertex 0 17.15 6.47224
      vertex 2.5 17.3494 6.57059
      vertex 2.5 17.15 6.47224
    endloop
  endfacet
  facet normal 0 0.442349 -0.896843
    outer loop
      vertex 2.5 17.3494 6.57059
      vertex 0 17.15 6.47224
      vertex 0 17.3494 6.57059
    endloop
  endfacet
  facet normal 0 0.896789 0.442459
    outer loop
      vertex 2.5 16.5278 4.15
      vertex 0 16.4294 4.34944
      vertex 2.5 16.4294 4.34944
    endloop
  endfacet
  facet normal 0 0.896789 0.442459
    outer loop
      vertex 0 16.4294 4.34944
      vertex 2.5 16.5278 4.15
      vertex 0 16.5278 4.15
    endloop
  endfacet
  facet normal 0 0.946901 0.321525
    outer loop
      vertex 2.5 16.4294 4.34944
      vertex 0 16.3579 4.56001
      vertex 2.5 16.3579 4.56001
    endloop
  endfacet
  facet normal 0 0.946901 0.321525
    outer loop
      vertex 0 16.3579 4.56001
      vertex 2.5 16.4294 4.34944
      vertex 0 16.4294 4.34944
    endloop
  endfacet
  facet normal 0 -0.751888 0.659291
    outer loop
      vertex 0 19.2021 3.79792
      vertex 2.5 19.3487 3.96511
      vertex 0 19.3487 3.96511
    endloop
  endfacet
  facet normal 0 -0.751888 0.659291
    outer loop
      vertex 2.5 19.3487 3.96511
      vertex 0 19.2021 3.79792
      vertex 2.5 19.2021 3.79792
    endloop
  endfacet
  facet normal 0 -0.555551 -0.831483
    outer loop
      vertex 0 18.85 6.47224
      vertex 2.5 19.0349 6.3487
      vertex 2.5 18.85 6.47224
    endloop
  endfacet
  facet normal -0 -0.555551 -0.831483
    outer loop
      vertex 2.5 19.0349 6.3487
      vertex 0 18.85 6.47224
      vertex 0 19.0349 6.3487
    endloop
  endfacet
  facet normal 0 -0.751888 -0.659291
    outer loop
      vertex 0 19.3487 6.03489
      vertex 2.5 19.2021 6.20208
      vertex 0 19.2021 6.20208
    endloop
  endfacet
  facet normal 0 -0.751888 -0.659291
    outer loop
      vertex 2.5 19.2021 6.20208
      vertex 0 19.3487 6.03489
      vertex 2.5 19.3487 6.03489
    endloop
  endfacet
  facet normal 0 -0.946901 -0.321525
    outer loop
      vertex 0 19.6421 5.43999
      vertex 2.5 19.5706 5.65056
      vertex 0 19.5706 5.65056
    endloop
  endfacet
  facet normal 0 -0.946901 -0.321525
    outer loop
      vertex 2.5 19.5706 5.65056
      vertex 0 19.6421 5.43999
      vertex 2.5 19.6421 5.43999
    endloop
  endfacet
  facet normal 0 0.997872 0.0652057
    outer loop
      vertex 2.5 16.3145 4.7781
      vertex 0 16.3 5
      vertex 2.5 16.3 5
    endloop
  endfacet
  facet normal 0 0.997872 0.0652057
    outer loop
      vertex 0 16.3 5
      vertex 2.5 16.3145 4.7781
      vertex 0 16.3145 4.7781
    endloop
  endfacet
  facet normal 0 0.896789 -0.442459
    outer loop
      vertex 2.5 16.4294 5.65056
      vertex 0 16.5278 5.85
      vertex 2.5 16.5278 5.85
    endloop
  endfacet
  facet normal 0 0.896789 -0.442459
    outer loop
      vertex 0 16.5278 5.85
      vertex 2.5 16.4294 5.65056
      vertex 0 16.4294 5.65056
    endloop
  endfacet
  facet normal 0 0.555551 -0.831483
    outer loop
      vertex 0 16.9651 6.3487
      vertex 2.5 17.15 6.47224
      vertex 2.5 16.9651 6.3487
    endloop
  endfacet
  facet normal 0 0.555551 -0.831483
    outer loop
      vertex 2.5 17.15 6.47224
      vertex 0 16.9651 6.3487
      vertex 0 17.15 6.47224
    endloop
  endfacet
  facet normal 0 0.195122 -0.980779
    outer loop
      vertex 0 17.56 6.64207
      vertex 2.5 17.7781 6.68546
      vertex 2.5 17.56 6.64207
    endloop
  endfacet
  facet normal 0 0.195122 -0.980779
    outer loop
      vertex 2.5 17.7781 6.68546
      vertex 0 17.56 6.64207
      vertex 0 17.7781 6.68546
    endloop
  endfacet
  facet normal 0 0.751888 0.659291
    outer loop
      vertex 2.5 16.7979 3.79792
      vertex 0 16.6513 3.96511
      vertex 2.5 16.6513 3.96511
    endloop
  endfacet
  facet normal 0 0.751888 0.659291
    outer loop
      vertex 0 16.6513 3.96511
      vertex 2.5 16.7979 3.79792
      vertex 0 16.7979 3.79792
    endloop
  endfacet
  facet normal -0 0.659319 0.751863
    outer loop
      vertex 0 16.9651 3.6513
      vertex 2.5 16.7979 3.79792
      vertex 2.5 16.9651 3.6513
    endloop
  endfacet
  facet normal 0 0.659319 0.751863
    outer loop
      vertex 2.5 16.7979 3.79792
      vertex 0 16.9651 3.6513
      vertex 0 16.7979 3.79792
    endloop
  endfacet
  facet normal 0 0.98077 -0.195165
    outer loop
      vertex 2.5 16.3145 5.22189
      vertex 0 16.3579 5.43999
      vertex 2.5 16.3579 5.43999
    endloop
  endfacet
  facet normal 0 0.98077 -0.195165
    outer loop
      vertex 0 16.3579 5.43999
      vertex 2.5 16.3145 5.22189
      vertex 0 16.3145 5.22189
    endloop
  endfacet
  facet normal 0 0.831552 -0.555447
    outer loop
      vertex 2.5 16.5278 5.85
      vertex 0 16.6513 6.03489
      vertex 2.5 16.6513 6.03489
    endloop
  endfacet
  facet normal 0 0.831552 -0.555447
    outer loop
      vertex 0 16.6513 6.03489
      vertex 2.5 16.5278 5.85
      vertex 0 16.5278 5.85
    endloop
  endfacet
  facet normal 0 0.751888 -0.659291
    outer loop
      vertex 2.5 16.6513 6.03489
      vertex 0 16.7979 6.20208
      vertex 2.5 16.7979 6.20208
    endloop
  endfacet
  facet normal 0 0.751888 -0.659291
    outer loop
      vertex 0 16.7979 6.20208
      vertex 2.5 16.6513 6.03489
      vertex 0 16.6513 6.03489
    endloop
  endfacet
  facet normal 0 0.659319 -0.751863
    outer loop
      vertex 0 16.7979 6.20208
      vertex 2.5 16.9651 6.3487
      vertex 2.5 16.7979 6.20208
    endloop
  endfacet
  facet normal 0 0.659319 -0.751863
    outer loop
      vertex 2.5 16.9651 6.3487
      vertex 0 16.7979 6.20208
      vertex 0 16.9651 6.3487
    endloop
  endfacet
  facet normal 0 0.321403 -0.946943
    outer loop
      vertex 0 17.3494 6.57059
      vertex 2.5 17.56 6.64207
      vertex 2.5 17.3494 6.57059
    endloop
  endfacet
  facet normal 0 0.321403 -0.946943
    outer loop
      vertex 2.5 17.56 6.64207
      vertex 0 17.3494 6.57059
      vertex 0 17.56 6.64207
    endloop
  endfacet
  facet normal 0 -0.0653848 0.99786
    outer loop
      vertex 74.2 18.2219 3.31454
      vertex 76.7 18 3.3
      vertex 76.7 18.2219 3.31454
    endloop
  endfacet
  facet normal 0 -0.0653848 0.99786
    outer loop
      vertex 76.7 18 3.3
      vertex 74.2 18.2219 3.31454
      vertex 74.2 18 3.3
    endloop
  endfacet
  facet normal 0 0.0653848 -0.99786
    outer loop
      vertex 74.2 17.7781 6.68546
      vertex 76.7 18 6.7
      vertex 76.7 17.7781 6.68546
    endloop
  endfacet
  facet normal 0 0.0653848 -0.99786
    outer loop
      vertex 76.7 18 6.7
      vertex 74.2 17.7781 6.68546
      vertex 74.2 18 6.7
    endloop
  endfacet
  facet normal 0 -0.997872 -0.0652086
    outer loop
      vertex 74.2 19.7 5
      vertex 76.7 19.6855 5.22189
      vertex 74.2 19.6855 5.22189
    endloop
  endfacet
  facet normal 0 -0.997872 -0.0652086
    outer loop
      vertex 76.7 19.6855 5.22189
      vertex 74.2 19.7 5
      vertex 76.7 19.7 5
    endloop
  endfacet
  facet normal 0 -0.659319 -0.751863
    outer loop
      vertex 74.2 19.0349 6.3487
      vertex 76.7 19.2021 6.20208
      vertex 76.7 19.0349 6.3487
    endloop
  endfacet
  facet normal -0 -0.659319 -0.751863
    outer loop
      vertex 76.7 19.2021 6.20208
      vertex 74.2 19.0349 6.3487
      vertex 74.2 19.2021 6.20208
    endloop
  endfacet
  facet normal 0 -0.896789 -0.442459
    outer loop
      vertex 74.2 19.5706 5.65056
      vertex 76.7 19.4722 5.85
      vertex 74.2 19.4722 5.85
    endloop
  endfacet
  facet normal 0 -0.896789 -0.442459
    outer loop
      vertex 76.7 19.4722 5.85
      vertex 74.2 19.5706 5.65056
      vertex 76.7 19.5706 5.65056
    endloop
  endfacet
  facet normal -0 0.555551 0.831483
    outer loop
      vertex 74.2 17.15 3.52776
      vertex 76.7 16.9651 3.6513
      vertex 76.7 17.15 3.52776
    endloop
  endfacet
  facet normal 0 0.555551 0.831483
    outer loop
      vertex 76.7 16.9651 3.6513
      vertex 74.2 17.15 3.52776
      vertex 74.2 16.9651 3.6513
    endloop
  endfacet
  facet normal 0 -0.442386 0.896825
    outer loop
      vertex 74.2 18.85 3.52776
      vertex 76.7 18.6506 3.4294
      vertex 76.7 18.85 3.52776
    endloop
  endfacet
  facet normal 0 -0.442386 0.896825
    outer loop
      vertex 76.7 18.6506 3.4294
      vertex 74.2 18.85 3.52776
      vertex 74.2 18.6506 3.4294
    endloop
  endfacet
  facet normal 0 -0.195122 0.980779
    outer loop
      vertex 74.2 18.44 3.35793
      vertex 76.7 18.2219 3.31454
      vertex 76.7 18.44 3.35793
    endloop
  endfacet
  facet normal 0 -0.195122 0.980779
    outer loop
      vertex 76.7 18.2219 3.31454
      vertex 74.2 18.44 3.35793
      vertex 74.2 18.2219 3.31454
    endloop
  endfacet
  facet normal 0 -0.555551 0.831483
    outer loop
      vertex 74.2 19.0349 3.6513
      vertex 76.7 18.85 3.52776
      vertex 76.7 19.0349 3.6513
    endloop
  endfacet
  facet normal 0 -0.555551 0.831483
    outer loop
      vertex 76.7 18.85 3.52776
      vertex 74.2 19.0349 3.6513
      vertex 74.2 18.85 3.52776
    endloop
  endfacet
  facet normal 0 -0.831552 0.555447
    outer loop
      vertex 74.2 19.3487 3.96511
      vertex 76.7 19.4722 4.15
      vertex 74.2 19.4722 4.15
    endloop
  endfacet
  facet normal 0 -0.831552 0.555447
    outer loop
      vertex 76.7 19.4722 4.15
      vertex 74.2 19.3487 3.96511
      vertex 76.7 19.3487 3.96511
    endloop
  endfacet
  facet normal 0 -0.321403 -0.946943
    outer loop
      vertex 74.2 18.44 6.64207
      vertex 76.7 18.6506 6.57059
      vertex 76.7 18.44 6.64207
    endloop
  endfacet
  facet normal -0 -0.321403 -0.946943
    outer loop
      vertex 76.7 18.6506 6.57059
      vertex 74.2 18.44 6.64207
      vertex 74.2 18.6506 6.57059
    endloop
  endfacet
  facet normal 0 -0.442349 -0.896843
    outer loop
      vertex 74.2 18.6506 6.57059
      vertex 76.7 18.85 6.47224
      vertex 76.7 18.6506 6.57059
    endloop
  endfacet
  facet normal -0 -0.442349 -0.896843
    outer loop
      vertex 76.7 18.85 6.47224
      vertex 74.2 18.6506 6.57059
      vertex 74.2 18.85 6.47224
    endloop
  endfacet
  facet normal 0 -0.0653848 -0.99786
    outer loop
      vertex 74.2 18 6.7
      vertex 76.7 18.2219 6.68546
      vertex 76.7 18 6.7
    endloop
  endfacet
  facet normal -0 -0.0653848 -0.99786
    outer loop
      vertex 76.7 18.2219 6.68546
      vertex 74.2 18 6.7
      vertex 74.2 18.2219 6.68546
    endloop
  endfacet
  facet normal 0 -0.831552 -0.555447
    outer loop
      vertex 74.2 19.4722 5.85
      vertex 76.7 19.3487 6.03489
      vertex 74.2 19.3487 6.03489
    endloop
  endfacet
  facet normal 0 -0.831552 -0.555447
    outer loop
      vertex 76.7 19.3487 6.03489
      vertex 74.2 19.4722 5.85
      vertex 76.7 19.4722 5.85
    endloop
  endfacet
  facet normal 0 -0.98077 -0.195165
    outer loop
      vertex 74.2 19.6855 5.22189
      vertex 76.7 19.6421 5.43999
      vertex 74.2 19.6421 5.43999
    endloop
  endfacet
  facet normal 0 -0.98077 -0.195165
    outer loop
      vertex 76.7 19.6421 5.43999
      vertex 74.2 19.6855 5.22189
      vertex 76.7 19.6855 5.22189
    endloop
  endfacet
  facet normal -0 0.0653848 0.99786
    outer loop
      vertex 74.2 18 3.3
      vertex 76.7 17.7781 3.31454
      vertex 76.7 18 3.3
    endloop
  endfacet
  facet normal 0 0.0653848 0.99786
    outer loop
      vertex 76.7 17.7781 3.31454
      vertex 74.2 18 3.3
      vertex 74.2 17.7781 3.31454
    endloop
  endfacet
  facet normal 0 0.997872 -0.0652086
    outer loop
      vertex 76.7 16.3 5
      vertex 74.2 16.3145 5.22189
      vertex 76.7 16.3145 5.22189
    endloop
  endfacet
  facet normal 0 0.997872 -0.0652086
    outer loop
      vertex 74.2 16.3145 5.22189
      vertex 76.7 16.3 5
      vertex 74.2 16.3 5
    endloop
  endfacet
  facet normal 0 0.980769 0.195173
    outer loop
      vertex 76.7 16.3579 4.56001
      vertex 74.2 16.3145 4.7781
      vertex 76.7 16.3145 4.7781
    endloop
  endfacet
  facet normal 0 0.980769 0.195173
    outer loop
      vertex 74.2 16.3145 4.7781
      vertex 76.7 16.3579 4.56001
      vertex 74.2 16.3579 4.56001
    endloop
  endfacet
  facet normal 0 -0.321363 0.946956
    outer loop
      vertex 74.2 18.6506 3.4294
      vertex 76.7 18.44 3.35793
      vertex 76.7 18.6506 3.4294
    endloop
  endfacet
  facet normal 0 -0.321363 0.946956
    outer loop
      vertex 76.7 18.44 3.35793
      vertex 74.2 18.6506 3.4294
      vertex 74.2 18.44 3.35793
    endloop
  endfacet
  facet normal 0 -0.659319 0.751863
    outer loop
      vertex 74.2 19.2021 3.79792
      vertex 76.7 19.0349 3.6513
      vertex 76.7 19.2021 3.79792
    endloop
  endfacet
  facet normal 0 -0.659319 0.751863
    outer loop
      vertex 76.7 19.0349 3.6513
      vertex 74.2 19.2021 3.79792
      vertex 74.2 19.0349 3.6513
    endloop
  endfacet
  facet normal 0 -0.980769 0.195173
    outer loop
      vertex 74.2 19.6421 4.56001
      vertex 76.7 19.6855 4.7781
      vertex 74.2 19.6855 4.7781
    endloop
  endfacet
  facet normal 0 -0.980769 0.195173
    outer loop
      vertex 76.7 19.6855 4.7781
      vertex 74.2 19.6421 4.56001
      vertex 76.7 19.6421 4.56001
    endloop
  endfacet
  facet normal 0 -0.997872 0.0652057
    outer loop
      vertex 74.2 19.6855 4.7781
      vertex 76.7 19.7 5
      vertex 74.2 19.7 5
    endloop
  endfacet
  facet normal 0 -0.997872 0.0652057
    outer loop
      vertex 76.7 19.7 5
      vertex 74.2 19.6855 4.7781
      vertex 76.7 19.6855 4.7781
    endloop
  endfacet
  facet normal 0 -0.946901 0.321525
    outer loop
      vertex 74.2 19.5706 4.34944
      vertex 76.7 19.6421 4.56001
      vertex 74.2 19.6421 4.56001
    endloop
  endfacet
  facet normal 0 -0.946901 0.321525
    outer loop
      vertex 76.7 19.6421 4.56001
      vertex 74.2 19.5706 4.34944
      vertex 76.7 19.5706 4.34944
    endloop
  endfacet
  facet normal 0 -0.896789 0.442459
    outer loop
      vertex 74.2 19.4722 4.15
      vertex 76.7 19.5706 4.34944
      vertex 74.2 19.5706 4.34944
    endloop
  endfacet
  facet normal 0 -0.896789 0.442459
    outer loop
      vertex 76.7 19.5706 4.34944
      vertex 74.2 19.4722 4.15
      vertex 76.7 19.4722 4.15
    endloop
  endfacet
  facet normal 0 -0.195122 -0.980779
    outer loop
      vertex 74.2 18.2219 6.68546
      vertex 76.7 18.44 6.64207
      vertex 76.7 18.2219 6.68546
    endloop
  endfacet
  facet normal -0 -0.195122 -0.980779
    outer loop
      vertex 76.7 18.44 6.64207
      vertex 74.2 18.2219 6.68546
      vertex 74.2 18.44 6.64207
    endloop
  endfacet
  facet normal 0 0.831552 0.555447
    outer loop
      vertex 76.7 16.6513 3.96511
      vertex 74.2 16.5278 4.15
      vertex 76.7 16.5278 4.15
    endloop
  endfacet
  facet normal 0 0.831552 0.555447
    outer loop
      vertex 74.2 16.5278 4.15
      vertex 76.7 16.6513 3.96511
      vertex 74.2 16.6513 3.96511
    endloop
  endfacet
  facet normal -0 0.321363 0.946956
    outer loop
      vertex 74.2 17.56 3.35793
      vertex 76.7 17.3494 3.4294
      vertex 76.7 17.56 3.35793
    endloop
  endfacet
  facet normal 0 0.321363 0.946956
    outer loop
      vertex 76.7 17.3494 3.4294
      vertex 74.2 17.56 3.35793
      vertex 74.2 17.3494 3.4294
    endloop
  endfacet
  facet normal -0 0.442386 0.896825
    outer loop
      vertex 74.2 17.3494 3.4294
      vertex 76.7 17.15 3.52776
      vertex 76.7 17.3494 3.4294
    endloop
  endfacet
  facet normal 0 0.442386 0.896825
    outer loop
      vertex 76.7 17.15 3.52776
      vertex 74.2 17.3494 3.4294
      vertex 74.2 17.15 3.52776
    endloop
  endfacet
  facet normal -0 0.195122 0.980779
    outer loop
      vertex 74.2 17.7781 3.31454
      vertex 76.7 17.56 3.35793
      vertex 76.7 17.7781 3.31454
    endloop
  endfacet
  facet normal 0 0.195122 0.980779
    outer loop
      vertex 76.7 17.56 3.35793
      vertex 74.2 17.7781 3.31454
      vertex 74.2 17.56 3.35793
    endloop
  endfacet
  facet normal 0 0.946901 -0.321525
    outer loop
      vertex 76.7 16.3579 5.43999
      vertex 74.2 16.4294 5.65056
      vertex 76.7 16.4294 5.65056
    endloop
  endfacet
  facet normal 0 0.946901 -0.321525
    outer loop
      vertex 74.2 16.4294 5.65056
      vertex 76.7 16.3579 5.43999
      vertex 74.2 16.3579 5.43999
    endloop
  endfacet
  facet normal 0 0.442349 -0.896843
    outer loop
      vertex 74.2 17.15 6.47224
      vertex 76.7 17.3494 6.57059
      vertex 76.7 17.15 6.47224
    endloop
  endfacet
  facet normal 0 0.442349 -0.896843
    outer loop
      vertex 76.7 17.3494 6.57059
      vertex 74.2 17.15 6.47224
      vertex 74.2 17.3494 6.57059
    endloop
  endfacet
  facet normal 0 0.896789 0.442459
    outer loop
      vertex 76.7 16.5278 4.15
      vertex 74.2 16.4294 4.34944
      vertex 76.7 16.4294 4.34944
    endloop
  endfacet
  facet normal 0 0.896789 0.442459
    outer loop
      vertex 74.2 16.4294 4.34944
      vertex 76.7 16.5278 4.15
      vertex 74.2 16.5278 4.15
    endloop
  endfacet
  facet normal 0 0.946901 0.321525
    outer loop
      vertex 76.7 16.4294 4.34944
      vertex 74.2 16.3579 4.56001
      vertex 76.7 16.3579 4.56001
    endloop
  endfacet
  facet normal 0 0.946901 0.321525
    outer loop
      vertex 74.2 16.3579 4.56001
      vertex 76.7 16.4294 4.34944
      vertex 74.2 16.4294 4.34944
    endloop
  endfacet
  facet normal 0 -0.751888 0.659291
    outer loop
      vertex 74.2 19.2021 3.79792
      vertex 76.7 19.3487 3.96511
      vertex 74.2 19.3487 3.96511
    endloop
  endfacet
  facet normal 0 -0.751888 0.659291
    outer loop
      vertex 76.7 19.3487 3.96511
      vertex 74.2 19.2021 3.79792
      vertex 76.7 19.2021 3.79792
    endloop
  endfacet
  facet normal 0 -0.555551 -0.831483
    outer loop
      vertex 74.2 18.85 6.47224
      vertex 76.7 19.0349 6.3487
      vertex 76.7 18.85 6.47224
    endloop
  endfacet
  facet normal -0 -0.555551 -0.831483
    outer loop
      vertex 76.7 19.0349 6.3487
      vertex 74.2 18.85 6.47224
      vertex 74.2 19.0349 6.3487
    endloop
  endfacet
  facet normal 0 -0.751888 -0.659291
    outer loop
      vertex 74.2 19.3487 6.03489
      vertex 76.7 19.2021 6.20208
      vertex 74.2 19.2021 6.20208
    endloop
  endfacet
  facet normal 0 -0.751888 -0.659291
    outer loop
      vertex 76.7 19.2021 6.20208
      vertex 74.2 19.3487 6.03489
      vertex 76.7 19.3487 6.03489
    endloop
  endfacet
  facet normal 0 -0.946901 -0.321525
    outer loop
      vertex 74.2 19.6421 5.43999
      vertex 76.7 19.5706 5.65056
      vertex 74.2 19.5706 5.65056
    endloop
  endfacet
  facet normal 0 -0.946901 -0.321525
    outer loop
      vertex 76.7 19.5706 5.65056
      vertex 74.2 19.6421 5.43999
      vertex 76.7 19.6421 5.43999
    endloop
  endfacet
  facet normal 0 0.997872 0.0652057
    outer loop
      vertex 76.7 16.3145 4.7781
      vertex 74.2 16.3 5
      vertex 76.7 16.3 5
    endloop
  endfacet
  facet normal 0 0.997872 0.0652057
    outer loop
      vertex 74.2 16.3 5
      vertex 76.7 16.3145 4.7781
      vertex 74.2 16.3145 4.7781
    endloop
  endfacet
  facet normal 0 0.896789 -0.442459
    outer loop
      vertex 76.7 16.4294 5.65056
      vertex 74.2 16.5278 5.85
      vertex 76.7 16.5278 5.85
    endloop
  endfacet
  facet normal 0 0.896789 -0.442459
    outer loop
      vertex 74.2 16.5278 5.85
      vertex 76.7 16.4294 5.65056
      vertex 74.2 16.4294 5.65056
    endloop
  endfacet
  facet normal 0 0.555551 -0.831483
    outer loop
      vertex 74.2 16.9651 6.3487
      vertex 76.7 17.15 6.47224
      vertex 76.7 16.9651 6.3487
    endloop
  endfacet
  facet normal 0 0.555551 -0.831483
    outer loop
      vertex 76.7 17.15 6.47224
      vertex 74.2 16.9651 6.3487
      vertex 74.2 17.15 6.47224
    endloop
  endfacet
  facet normal 0 0.195122 -0.980779
    outer loop
      vertex 74.2 17.56 6.64207
      vertex 76.7 17.7781 6.68546
      vertex 76.7 17.56 6.64207
    endloop
  endfacet
  facet normal 0 0.195122 -0.980779
    outer loop
      vertex 76.7 17.7781 6.68546
      vertex 74.2 17.56 6.64207
      vertex 74.2 17.7781 6.68546
    endloop
  endfacet
  facet normal 0 0.751888 0.659291
    outer loop
      vertex 76.7 16.7979 3.79792
      vertex 74.2 16.6513 3.96511
      vertex 76.7 16.6513 3.96511
    endloop
  endfacet
  facet normal 0 0.751888 0.659291
    outer loop
      vertex 74.2 16.6513 3.96511
      vertex 76.7 16.7979 3.79792
      vertex 74.2 16.7979 3.79792
    endloop
  endfacet
  facet normal 0 0.98077 -0.195165
    outer loop
      vertex 76.7 16.3145 5.22189
      vertex 74.2 16.3579 5.43999
      vertex 76.7 16.3579 5.43999
    endloop
  endfacet
  facet normal 0 0.98077 -0.195165
    outer loop
      vertex 74.2 16.3579 5.43999
      vertex 76.7 16.3145 5.22189
      vertex 74.2 16.3145 5.22189
    endloop
  endfacet
  facet normal 0 0.831552 -0.555447
    outer loop
      vertex 76.7 16.5278 5.85
      vertex 74.2 16.6513 6.03489
      vertex 76.7 16.6513 6.03489
    endloop
  endfacet
  facet normal 0 0.831552 -0.555447
    outer loop
      vertex 74.2 16.6513 6.03489
      vertex 76.7 16.5278 5.85
      vertex 74.2 16.5278 5.85
    endloop
  endfacet
  facet normal 0 0.751888 -0.659291
    outer loop
      vertex 76.7 16.6513 6.03489
      vertex 74.2 16.7979 6.20208
      vertex 76.7 16.7979 6.20208
    endloop
  endfacet
  facet normal 0 0.751888 -0.659291
    outer loop
      vertex 74.2 16.7979 6.20208
      vertex 76.7 16.6513 6.03489
      vertex 74.2 16.6513 6.03489
    endloop
  endfacet
  facet normal 0 0.659319 -0.751863
    outer loop
      vertex 74.2 16.7979 6.20208
      vertex 76.7 16.9651 6.3487
      vertex 76.7 16.7979 6.20208
    endloop
  endfacet
  facet normal 0 0.659319 -0.751863
    outer loop
      vertex 76.7 16.9651 6.3487
      vertex 74.2 16.7979 6.20208
      vertex 74.2 16.9651 6.3487
    endloop
  endfacet
  facet normal 0 0.321403 -0.946943
    outer loop
      vertex 74.2 17.3494 6.57059
      vertex 76.7 17.56 6.64207
      vertex 76.7 17.3494 6.57059
    endloop
  endfacet
  facet normal 0 0.321403 -0.946943
    outer loop
      vertex 76.7 17.56 6.64207
      vertex 74.2 17.3494 6.57059
      vertex 74.2 17.56 6.64207
    endloop
  endfacet
  facet normal -0 0.659319 0.751863
    outer loop
      vertex 74.2 16.9651 3.6513
      vertex 76.7 16.7979 3.79792
      vertex 76.7 16.9651 3.6513
    endloop
  endfacet
  facet normal 0 0.659319 0.751863
    outer loop
      vertex 76.7 16.7979 3.79792
      vertex 74.2 16.9651 3.6513
      vertex 74.2 16.7979 3.79792
    endloop
  endfacet
  facet normal 0 -0.0653848 0.99786
    outer loop
      vertex 0 94.8219 3.31454
      vertex 2.5 94.6 3.3
      vertex 2.5 94.8219 3.31454
    endloop
  endfacet
  facet normal 0 -0.0653848 0.99786
    outer loop
      vertex 2.5 94.6 3.3
      vertex 0 94.8219 3.31454
      vertex 0 94.6 3.3
    endloop
  endfacet
  facet normal 0 -0.0653848 -0.99786
    outer loop
      vertex 0 94.6 6.7
      vertex 2.5 94.8219 6.68546
      vertex 2.5 94.6 6.7
    endloop
  endfacet
  facet normal -0 -0.0653848 -0.99786
    outer loop
      vertex 2.5 94.8219 6.68546
      vertex 0 94.6 6.7
      vertex 0 94.8219 6.68546
    endloop
  endfacet
  facet normal 0 -0.997872 -0.0652086
    outer loop
      vertex 0 96.3 5
      vertex 2.5 96.2855 5.22189
      vertex 0 96.2855 5.22189
    endloop
  endfacet
  facet normal 0 -0.997872 -0.0652086
    outer loop
      vertex 2.5 96.2855 5.22189
      vertex 0 96.3 5
      vertex 2.5 96.3 5
    endloop
  endfacet
  facet normal 0 -0.659319 -0.751863
    outer loop
      vertex 0 95.6349 6.3487
      vertex 2.5 95.8021 6.20208
      vertex 2.5 95.6349 6.3487
    endloop
  endfacet
  facet normal -0 -0.659319 -0.751863
    outer loop
      vertex 2.5 95.8021 6.20208
      vertex 0 95.6349 6.3487
      vertex 0 95.8021 6.20208
    endloop
  endfacet
  facet normal 0 -0.896789 -0.442459
    outer loop
      vertex 0 96.1706 5.65056
      vertex 2.5 96.0722 5.85
      vertex 0 96.0722 5.85
    endloop
  endfacet
  facet normal 0 -0.896789 -0.442459
    outer loop
      vertex 2.5 96.0722 5.85
      vertex 0 96.1706 5.65056
      vertex 2.5 96.1706 5.65056
    endloop
  endfacet
  facet normal -0 0.555551 0.831483
    outer loop
      vertex 0 93.75 3.52776
      vertex 2.5 93.5651 3.6513
      vertex 2.5 93.75 3.52776
    endloop
  endfacet
  facet normal 0 0.555551 0.831483
    outer loop
      vertex 2.5 93.5651 3.6513
      vertex 0 93.75 3.52776
      vertex 0 93.5651 3.6513
    endloop
  endfacet
  facet normal 0 -0.195122 0.980779
    outer loop
      vertex 0 95.04 3.35793
      vertex 2.5 94.8219 3.31454
      vertex 2.5 95.04 3.35793
    endloop
  endfacet
  facet normal 0 -0.195122 0.980779
    outer loop
      vertex 2.5 94.8219 3.31454
      vertex 0 95.04 3.35793
      vertex 0 94.8219 3.31454
    endloop
  endfacet
  facet normal 0 -0.555551 0.831483
    outer loop
      vertex 0 95.6349 3.6513
      vertex 2.5 95.45 3.52776
      vertex 2.5 95.6349 3.6513
    endloop
  endfacet
  facet normal 0 -0.555551 0.831483
    outer loop
      vertex 2.5 95.45 3.52776
      vertex 0 95.6349 3.6513
      vertex 0 95.45 3.52776
    endloop
  endfacet
  facet normal 0 -0.980769 0.195173
    outer loop
      vertex 0 96.2421 4.56001
      vertex 2.5 96.2855 4.7781
      vertex 0 96.2855 4.7781
    endloop
  endfacet
  facet normal 0 -0.980769 0.195173
    outer loop
      vertex 2.5 96.2855 4.7781
      vertex 0 96.2421 4.56001
      vertex 2.5 96.2421 4.56001
    endloop
  endfacet
  facet normal 0 -0.831552 0.555447
    outer loop
      vertex 0 95.9487 3.96511
      vertex 2.5 96.0722 4.15
      vertex 0 96.0722 4.15
    endloop
  endfacet
  facet normal 0 -0.831552 0.555447
    outer loop
      vertex 2.5 96.0722 4.15
      vertex 0 95.9487 3.96511
      vertex 2.5 95.9487 3.96511
    endloop
  endfacet
  facet normal 0 -0.321403 -0.946943
    outer loop
      vertex 0 95.04 6.64207
      vertex 2.5 95.2506 6.57059
      vertex 2.5 95.04 6.64207
    endloop
  endfacet
  facet normal -0 -0.321403 -0.946943
    outer loop
      vertex 2.5 95.2506 6.57059
      vertex 0 95.04 6.64207
      vertex 0 95.2506 6.57059
    endloop
  endfacet
  facet normal 0 -0.442349 -0.896843
    outer loop
      vertex 0 95.2506 6.57059
      vertex 2.5 95.45 6.47224
      vertex 2.5 95.2506 6.57059
    endloop
  endfacet
  facet normal -0 -0.442349 -0.896843
    outer loop
      vertex 2.5 95.45 6.47224
      vertex 0 95.2506 6.57059
      vertex 0 95.45 6.47224
    endloop
  endfacet
  facet normal 0 -0.195122 -0.980779
    outer loop
      vertex 0 94.8219 6.68546
      vertex 2.5 95.04 6.64207
      vertex 2.5 94.8219 6.68546
    endloop
  endfacet
  facet normal -0 -0.195122 -0.980779
    outer loop
      vertex 2.5 95.04 6.64207
      vertex 0 94.8219 6.68546
      vertex 0 95.04 6.64207
    endloop
  endfacet
  facet normal 0 -0.831552 -0.555447
    outer loop
      vertex 0 96.0722 5.85
      vertex 2.5 95.9487 6.03489
      vertex 0 95.9487 6.03489
    endloop
  endfacet
  facet normal 0 -0.831552 -0.555447
    outer loop
      vertex 2.5 95.9487 6.03489
      vertex 0 96.0722 5.85
      vertex 2.5 96.0722 5.85
    endloop
  endfacet
  facet normal 0 -0.98077 -0.195165
    outer loop
      vertex 0 96.2855 5.22189
      vertex 2.5 96.2421 5.43999
      vertex 0 96.2421 5.43999
    endloop
  endfacet
  facet normal 0 -0.98077 -0.195165
    outer loop
      vertex 2.5 96.2421 5.43999
      vertex 0 96.2855 5.22189
      vertex 2.5 96.2855 5.22189
    endloop
  endfacet
  facet normal -0 0.0653848 0.99786
    outer loop
      vertex 0 94.6 3.3
      vertex 2.5 94.3781 3.31454
      vertex 2.5 94.6 3.3
    endloop
  endfacet
  facet normal 0 0.0653848 0.99786
    outer loop
      vertex 2.5 94.3781 3.31454
      vertex 0 94.6 3.3
      vertex 0 94.3781 3.31454
    endloop
  endfacet
  facet normal 0 0.980769 0.195173
    outer loop
      vertex 2.5 92.9579 4.56001
      vertex 0 92.9145 4.7781
      vertex 2.5 92.9145 4.7781
    endloop
  endfacet
  facet normal 0 0.980769 0.195173
    outer loop
      vertex 0 92.9145 4.7781
      vertex 2.5 92.9579 4.56001
      vertex 0 92.9579 4.56001
    endloop
  endfacet
  facet normal 0 -0.321363 0.946956
    outer loop
      vertex 0 95.2506 3.4294
      vertex 2.5 95.04 3.35793
      vertex 2.5 95.2506 3.4294
    endloop
  endfacet
  facet normal 0 -0.321363 0.946956
    outer loop
      vertex 2.5 95.04 3.35793
      vertex 0 95.2506 3.4294
      vertex 0 95.04 3.35793
    endloop
  endfacet
  facet normal 0 -0.659319 0.751863
    outer loop
      vertex 0 95.8021 3.79792
      vertex 2.5 95.6349 3.6513
      vertex 2.5 95.8021 3.79792
    endloop
  endfacet
  facet normal 0 -0.659319 0.751863
    outer loop
      vertex 2.5 95.6349 3.6513
      vertex 0 95.8021 3.79792
      vertex 0 95.6349 3.6513
    endloop
  endfacet
  facet normal 0 -0.997872 0.0652057
    outer loop
      vertex 0 96.2855 4.7781
      vertex 2.5 96.3 5
      vertex 0 96.3 5
    endloop
  endfacet
  facet normal 0 -0.997872 0.0652057
    outer loop
      vertex 2.5 96.3 5
      vertex 0 96.2855 4.7781
      vertex 2.5 96.2855 4.7781
    endloop
  endfacet
  facet normal 0 -0.946901 0.321525
    outer loop
      vertex 0 96.1706 4.34944
      vertex 2.5 96.2421 4.56001
      vertex 0 96.2421 4.56001
    endloop
  endfacet
  facet normal 0 -0.946901 0.321525
    outer loop
      vertex 2.5 96.2421 4.56001
      vertex 0 96.1706 4.34944
      vertex 2.5 96.1706 4.34944
    endloop
  endfacet
  facet normal 0 -0.946901 -0.321525
    outer loop
      vertex 0 96.2421 5.43999
      vertex 2.5 96.1706 5.65056
      vertex 0 96.1706 5.65056
    endloop
  endfacet
  facet normal 0 -0.946901 -0.321525
    outer loop
      vertex 2.5 96.1706 5.65056
      vertex 0 96.2421 5.43999
      vertex 2.5 96.2421 5.43999
    endloop
  endfacet
  facet normal -0 0.321363 0.946956
    outer loop
      vertex 0 94.16 3.35793
      vertex 2.5 93.9494 3.4294
      vertex 2.5 94.16 3.35793
    endloop
  endfacet
  facet normal 0 0.321363 0.946956
    outer loop
      vertex 2.5 93.9494 3.4294
      vertex 0 94.16 3.35793
      vertex 0 93.9494 3.4294
    endloop
  endfacet
  facet normal -0 0.442386 0.896825
    outer loop
      vertex 0 93.9494 3.4294
      vertex 2.5 93.75 3.52776
      vertex 2.5 93.9494 3.4294
    endloop
  endfacet
  facet normal 0 0.442386 0.896825
    outer loop
      vertex 2.5 93.75 3.52776
      vertex 0 93.9494 3.4294
      vertex 0 93.75 3.52776
    endloop
  endfacet
  facet normal -0 0.195122 0.980779
    outer loop
      vertex 0 94.3781 3.31454
      vertex 2.5 94.16 3.35793
      vertex 2.5 94.3781 3.31454
    endloop
  endfacet
  facet normal 0 0.195122 0.980779
    outer loop
      vertex 2.5 94.16 3.35793
      vertex 0 94.3781 3.31454
      vertex 0 94.16 3.35793
    endloop
  endfacet
  facet normal 0 0.321403 -0.946943
    outer loop
      vertex 0 93.9494 6.57059
      vertex 2.5 94.16 6.64207
      vertex 2.5 93.9494 6.57059
    endloop
  endfacet
  facet normal 0 0.321403 -0.946943
    outer loop
      vertex 2.5 94.16 6.64207
      vertex 0 93.9494 6.57059
      vertex 0 94.16 6.64207
    endloop
  endfacet
  facet normal 0 0.896789 0.442459
    outer loop
      vertex 2.5 93.1278 4.15
      vertex 0 93.0294 4.34944
      vertex 2.5 93.0294 4.34944
    endloop
  endfacet
  facet normal 0 0.896789 0.442459
    outer loop
      vertex 0 93.0294 4.34944
      vertex 2.5 93.1278 4.15
      vertex 0 93.1278 4.15
    endloop
  endfacet
  facet normal 0 0.946901 0.321525
    outer loop
      vertex 2.5 93.0294 4.34944
      vertex 0 92.9579 4.56001
      vertex 2.5 92.9579 4.56001
    endloop
  endfacet
  facet normal 0 0.946901 0.321525
    outer loop
      vertex 0 92.9579 4.56001
      vertex 2.5 93.0294 4.34944
      vertex 0 93.0294 4.34944
    endloop
  endfacet
  facet normal 0 -0.442386 0.896825
    outer loop
      vertex 0 95.45 3.52776
      vertex 2.5 95.2506 3.4294
      vertex 2.5 95.45 3.52776
    endloop
  endfacet
  facet normal 0 -0.442386 0.896825
    outer loop
      vertex 2.5 95.2506 3.4294
      vertex 0 95.45 3.52776
      vertex 0 95.2506 3.4294
    endloop
  endfacet
  facet normal 0 -0.751888 0.659291
    outer loop
      vertex 0 95.8021 3.79792
      vertex 2.5 95.9487 3.96511
      vertex 0 95.9487 3.96511
    endloop
  endfacet
  facet normal 0 -0.751888 0.659291
    outer loop
      vertex 2.5 95.9487 3.96511
      vertex 0 95.8021 3.79792
      vertex 2.5 95.8021 3.79792
    endloop
  endfacet
  facet normal 0 -0.896789 0.442459
    outer loop
      vertex 0 96.0722 4.15
      vertex 2.5 96.1706 4.34944
      vertex 0 96.1706 4.34944
    endloop
  endfacet
  facet normal 0 -0.896789 0.442459
    outer loop
      vertex 2.5 96.1706 4.34944
      vertex 0 96.0722 4.15
      vertex 2.5 96.0722 4.15
    endloop
  endfacet
  facet normal 0 -0.555551 -0.831483
    outer loop
      vertex 0 95.45 6.47224
      vertex 2.5 95.6349 6.3487
      vertex 2.5 95.45 6.47224
    endloop
  endfacet
  facet normal -0 -0.555551 -0.831483
    outer loop
      vertex 2.5 95.6349 6.3487
      vertex 0 95.45 6.47224
      vertex 0 95.6349 6.3487
    endloop
  endfacet
  facet normal 0 -0.751888 -0.659291
    outer loop
      vertex 0 95.9487 6.03489
      vertex 2.5 95.8021 6.20208
      vertex 0 95.8021 6.20208
    endloop
  endfacet
  facet normal 0 -0.751888 -0.659291
    outer loop
      vertex 2.5 95.8021 6.20208
      vertex 0 95.9487 6.03489
      vertex 2.5 95.9487 6.03489
    endloop
  endfacet
  facet normal 0 0.946901 -0.321525
    outer loop
      vertex 2.5 92.9579 5.43999
      vertex 0 93.0294 5.65056
      vertex 2.5 93.0294 5.65056
    endloop
  endfacet
  facet normal 0 0.946901 -0.321525
    outer loop
      vertex 0 93.0294 5.65056
      vertex 2.5 92.9579 5.43999
      vertex 0 92.9579 5.43999
    endloop
  endfacet
  facet normal 0 0.0653848 -0.99786
    outer loop
      vertex 0 94.3781 6.68546
      vertex 2.5 94.6 6.7
      vertex 2.5 94.3781 6.68546
    endloop
  endfacet
  facet normal 0 0.0653848 -0.99786
    outer loop
      vertex 2.5 94.6 6.7
      vertex 0 94.3781 6.68546
      vertex 0 94.6 6.7
    endloop
  endfacet
  facet normal -0 0.659319 0.751863
    outer loop
      vertex 0 93.5651 3.6513
      vertex 2.5 93.3979 3.79792
      vertex 2.5 93.5651 3.6513
    endloop
  endfacet
  facet normal 0 0.659319 0.751863
    outer loop
      vertex 2.5 93.3979 3.79792
      vertex 0 93.5651 3.6513
      vertex 0 93.3979 3.79792
    endloop
  endfacet
  facet normal 0 0.831552 0.555447
    outer loop
      vertex 2.5 93.2513 3.96511
      vertex 0 93.1278 4.15
      vertex 2.5 93.1278 4.15
    endloop
  endfacet
  facet normal 0 0.831552 0.555447
    outer loop
      vertex 0 93.1278 4.15
      vertex 2.5 93.2513 3.96511
      vertex 0 93.2513 3.96511
    endloop
  endfacet
  facet normal 0 0.997872 0.0652057
    outer loop
      vertex 2.5 92.9145 4.7781
      vertex 0 92.9 5
      vertex 2.5 92.9 5
    endloop
  endfacet
  facet normal 0 0.997872 0.0652057
    outer loop
      vertex 0 92.9 5
      vertex 2.5 92.9145 4.7781
      vertex 0 92.9145 4.7781
    endloop
  endfacet
  facet normal 0 0.997872 -0.0652086
    outer loop
      vertex 2.5 92.9 5
      vertex 0 92.9145 5.22189
      vertex 2.5 92.9145 5.22189
    endloop
  endfacet
  facet normal 0 0.997872 -0.0652086
    outer loop
      vertex 0 92.9145 5.22189
      vertex 2.5 92.9 5
      vertex 0 92.9 5
    endloop
  endfacet
  facet normal 0 0.751888 -0.659291
    outer loop
      vertex 2.5 93.2513 6.03489
      vertex 0 93.3979 6.20208
      vertex 2.5 93.3979 6.20208
    endloop
  endfacet
  facet normal 0 0.751888 -0.659291
    outer loop
      vertex 0 93.3979 6.20208
      vertex 2.5 93.2513 6.03489
      vertex 0 93.2513 6.03489
    endloop
  endfacet
  facet normal 0 0.659319 -0.751863
    outer loop
      vertex 0 93.3979 6.20208
      vertex 2.5 93.5651 6.3487
      vertex 2.5 93.3979 6.20208
    endloop
  endfacet
  facet normal 0 0.659319 -0.751863
    outer loop
      vertex 2.5 93.5651 6.3487
      vertex 0 93.3979 6.20208
      vertex 0 93.5651 6.3487
    endloop
  endfacet
  facet normal 0 0.555551 -0.831483
    outer loop
      vertex 0 93.5651 6.3487
      vertex 2.5 93.75 6.47224
      vertex 2.5 93.5651 6.3487
    endloop
  endfacet
  facet normal 0 0.555551 -0.831483
    outer loop
      vertex 2.5 93.75 6.47224
      vertex 0 93.5651 6.3487
      vertex 0 93.75 6.47224
    endloop
  endfacet
  facet normal 0 0.442349 -0.896843
    outer loop
      vertex 0 93.75 6.47224
      vertex 2.5 93.9494 6.57059
      vertex 2.5 93.75 6.47224
    endloop
  endfacet
  facet normal 0 0.442349 -0.896843
    outer loop
      vertex 2.5 93.9494 6.57059
      vertex 0 93.75 6.47224
      vertex 0 93.9494 6.57059
    endloop
  endfacet
  facet normal 0 0.195122 -0.980779
    outer loop
      vertex 0 94.16 6.64207
      vertex 2.5 94.3781 6.68546
      vertex 2.5 94.16 6.64207
    endloop
  endfacet
  facet normal 0 0.195122 -0.980779
    outer loop
      vertex 2.5 94.3781 6.68546
      vertex 0 94.16 6.64207
      vertex 0 94.3781 6.68546
    endloop
  endfacet
  facet normal 0 0.751888 0.659291
    outer loop
      vertex 2.5 93.3979 3.79792
      vertex 0 93.2513 3.96511
      vertex 2.5 93.2513 3.96511
    endloop
  endfacet
  facet normal 0 0.751888 0.659291
    outer loop
      vertex 0 93.2513 3.96511
      vertex 2.5 93.3979 3.79792
      vertex 0 93.3979 3.79792
    endloop
  endfacet
  facet normal 0 0.98077 -0.195165
    outer loop
      vertex 2.5 92.9145 5.22189
      vertex 0 92.9579 5.43999
      vertex 2.5 92.9579 5.43999
    endloop
  endfacet
  facet normal 0 0.98077 -0.195165
    outer loop
      vertex 0 92.9579 5.43999
      vertex 2.5 92.9145 5.22189
      vertex 0 92.9145 5.22189
    endloop
  endfacet
  facet normal 0 0.831552 -0.555447
    outer loop
      vertex 2.5 93.1278 5.85
      vertex 0 93.2513 6.03489
      vertex 2.5 93.2513 6.03489
    endloop
  endfacet
  facet normal 0 0.831552 -0.555447
    outer loop
      vertex 0 93.2513 6.03489
      vertex 2.5 93.1278 5.85
      vertex 0 93.1278 5.85
    endloop
  endfacet
  facet normal 0 0.896789 -0.442459
    outer loop
      vertex 2.5 93.0294 5.65056
      vertex 0 93.1278 5.85
      vertex 2.5 93.1278 5.85
    endloop
  endfacet
  facet normal 0 0.896789 -0.442459
    outer loop
      vertex 0 93.1278 5.85
      vertex 2.5 93.0294 5.65056
      vertex 0 93.0294 5.65056
    endloop
  endfacet
  facet normal 0 -0.0653848 0.99786
    outer loop
      vertex 74.2 94.8219 3.31454
      vertex 76.7 94.6 3.3
      vertex 76.7 94.8219 3.31454
    endloop
  endfacet
  facet normal 0 -0.0653848 0.99786
    outer loop
      vertex 76.7 94.6 3.3
      vertex 74.2 94.8219 3.31454
      vertex 74.2 94.6 3.3
    endloop
  endfacet
  facet normal 0 -0.0653848 -0.99786
    outer loop
      vertex 74.2 94.6 6.7
      vertex 76.7 94.8219 6.68546
      vertex 76.7 94.6 6.7
    endloop
  endfacet
  facet normal -0 -0.0653848 -0.99786
    outer loop
      vertex 76.7 94.8219 6.68546
      vertex 74.2 94.6 6.7
      vertex 74.2 94.8219 6.68546
    endloop
  endfacet
  facet normal 0 -0.997872 -0.0652086
    outer loop
      vertex 74.2 96.3 5
      vertex 76.7 96.2855 5.22189
      vertex 74.2 96.2855 5.22189
    endloop
  endfacet
  facet normal 0 -0.997872 -0.0652086
    outer loop
      vertex 76.7 96.2855 5.22189
      vertex 74.2 96.3 5
      vertex 76.7 96.3 5
    endloop
  endfacet
  facet normal 0 0.997872 0.0652057
    outer loop
      vertex 76.7 92.9145 4.7781
      vertex 74.2 92.9 5
      vertex 76.7 92.9 5
    endloop
  endfacet
  facet normal 0 0.997872 0.0652057
    outer loop
      vertex 74.2 92.9 5
      vertex 76.7 92.9145 4.7781
      vertex 74.2 92.9145 4.7781
    endloop
  endfacet
  facet normal 0 -0.659319 -0.751863
    outer loop
      vertex 74.2 95.6349 6.3487
      vertex 76.7 95.8021 6.20208
      vertex 76.7 95.6349 6.3487
    endloop
  endfacet
  facet normal -0 -0.659319 -0.751863
    outer loop
      vertex 76.7 95.8021 6.20208
      vertex 74.2 95.6349 6.3487
      vertex 74.2 95.8021 6.20208
    endloop
  endfacet
  facet normal 0 -0.896789 -0.442459
    outer loop
      vertex 74.2 96.1706 5.65056
      vertex 76.7 96.0722 5.85
      vertex 74.2 96.0722 5.85
    endloop
  endfacet
  facet normal 0 -0.896789 -0.442459
    outer loop
      vertex 76.7 96.0722 5.85
      vertex 74.2 96.1706 5.65056
      vertex 76.7 96.1706 5.65056
    endloop
  endfacet
  facet normal 0 -0.195122 0.980779
    outer loop
      vertex 74.2 95.04 3.35793
      vertex 76.7 94.8219 3.31454
      vertex 76.7 95.04 3.35793
    endloop
  endfacet
  facet normal 0 -0.195122 0.980779
    outer loop
      vertex 76.7 94.8219 3.31454
      vertex 74.2 95.04 3.35793
      vertex 74.2 94.8219 3.31454
    endloop
  endfacet
  facet normal 0 -0.555551 0.831483
    outer loop
      vertex 74.2 95.6349 3.6513
      vertex 76.7 95.45 3.52776
      vertex 76.7 95.6349 3.6513
    endloop
  endfacet
  facet normal 0 -0.555551 0.831483
    outer loop
      vertex 76.7 95.45 3.52776
      vertex 74.2 95.6349 3.6513
      vertex 74.2 95.45 3.52776
    endloop
  endfacet
  facet normal 0 -0.980769 0.195173
    outer loop
      vertex 74.2 96.2421 4.56001
      vertex 76.7 96.2855 4.7781
      vertex 74.2 96.2855 4.7781
    endloop
  endfacet
  facet normal 0 -0.980769 0.195173
    outer loop
      vertex 76.7 96.2855 4.7781
      vertex 74.2 96.2421 4.56001
      vertex 76.7 96.2421 4.56001
    endloop
  endfacet
  facet normal 0 -0.321403 -0.946943
    outer loop
      vertex 74.2 95.04 6.64207
      vertex 76.7 95.2506 6.57059
      vertex 76.7 95.04 6.64207
    endloop
  endfacet
  facet normal -0 -0.321403 -0.946943
    outer loop
      vertex 76.7 95.2506 6.57059
      vertex 74.2 95.04 6.64207
      vertex 74.2 95.2506 6.57059
    endloop
  endfacet
  facet normal 0 -0.195122 -0.980779
    outer loop
      vertex 74.2 94.8219 6.68546
      vertex 76.7 95.04 6.64207
      vertex 76.7 94.8219 6.68546
    endloop
  endfacet
  facet normal -0 -0.195122 -0.980779
    outer loop
      vertex 76.7 95.04 6.64207
      vertex 74.2 94.8219 6.68546
      vertex 74.2 95.04 6.64207
    endloop
  endfacet
  facet normal 0 -0.831552 -0.555447
    outer loop
      vertex 74.2 96.0722 5.85
      vertex 76.7 95.9487 6.03489
      vertex 74.2 95.9487 6.03489
    endloop
  endfacet
  facet normal 0 -0.831552 -0.555447
    outer loop
      vertex 76.7 95.9487 6.03489
      vertex 74.2 96.0722 5.85
      vertex 76.7 96.0722 5.85
    endloop
  endfacet
  facet normal 0 -0.946901 -0.321525
    outer loop
      vertex 74.2 96.2421 5.43999
      vertex 76.7 96.1706 5.65056
      vertex 74.2 96.1706 5.65056
    endloop
  endfacet
  facet normal 0 -0.946901 -0.321525
    outer loop
      vertex 76.7 96.1706 5.65056
      vertex 74.2 96.2421 5.43999
      vertex 76.7 96.2421 5.43999
    endloop
  endfacet
  facet normal 0 0.980769 0.195173
    outer loop
      vertex 76.7 92.9579 4.56001
      vertex 74.2 92.9145 4.7781
      vertex 76.7 92.9145 4.7781
    endloop
  endfacet
  facet normal 0 0.980769 0.195173
    outer loop
      vertex 74.2 92.9145 4.7781
      vertex 76.7 92.9579 4.56001
      vertex 74.2 92.9579 4.56001
    endloop
  endfacet
  facet normal 0 -0.321363 0.946956
    outer loop
      vertex 74.2 95.2506 3.4294
      vertex 76.7 95.04 3.35793
      vertex 76.7 95.2506 3.4294
    endloop
  endfacet
  facet normal 0 -0.321363 0.946956
    outer loop
      vertex 76.7 95.04 3.35793
      vertex 74.2 95.2506 3.4294
      vertex 74.2 95.04 3.35793
    endloop
  endfacet
  facet normal 0 -0.659319 0.751863
    outer loop
      vertex 74.2 95.8021 3.79792
      vertex 76.7 95.6349 3.6513
      vertex 76.7 95.8021 3.79792
    endloop
  endfacet
  facet normal 0 -0.659319 0.751863
    outer loop
      vertex 76.7 95.6349 3.6513
      vertex 74.2 95.8021 3.79792
      vertex 74.2 95.6349 3.6513
    endloop
  endfacet
  facet normal 0 -0.997872 0.0652057
    outer loop
      vertex 74.2 96.2855 4.7781
      vertex 76.7 96.3 5
      vertex 74.2 96.3 5
    endloop
  endfacet
  facet normal 0 -0.997872 0.0652057
    outer loop
      vertex 76.7 96.3 5
      vertex 74.2 96.2855 4.7781
      vertex 76.7 96.2855 4.7781
    endloop
  endfacet
  facet normal 0 -0.946901 0.321525
    outer loop
      vertex 74.2 96.1706 4.34944
      vertex 76.7 96.2421 4.56001
      vertex 74.2 96.2421 4.56001
    endloop
  endfacet
  facet normal 0 -0.946901 0.321525
    outer loop
      vertex 76.7 96.2421 4.56001
      vertex 74.2 96.1706 4.34944
      vertex 76.7 96.1706 4.34944
    endloop
  endfacet
  facet normal 0 -0.831552 0.555447
    outer loop
      vertex 74.2 95.9487 3.96511
      vertex 76.7 96.0722 4.15
      vertex 74.2 96.0722 4.15
    endloop
  endfacet
  facet normal 0 -0.831552 0.555447
    outer loop
      vertex 76.7 96.0722 4.15
      vertex 74.2 95.9487 3.96511
      vertex 76.7 95.9487 3.96511
    endloop
  endfacet
  facet normal 0 -0.442349 -0.896843
    outer loop
      vertex 74.2 95.2506 6.57059
      vertex 76.7 95.45 6.47224
      vertex 76.7 95.2506 6.57059
    endloop
  endfacet
  facet normal -0 -0.442349 -0.896843
    outer loop
      vertex 76.7 95.45 6.47224
      vertex 74.2 95.2506 6.57059
      vertex 74.2 95.45 6.47224
    endloop
  endfacet
  facet normal 0 -0.555551 -0.831483
    outer loop
      vertex 74.2 95.45 6.47224
      vertex 76.7 95.6349 6.3487
      vertex 76.7 95.45 6.47224
    endloop
  endfacet
  facet normal -0 -0.555551 -0.831483
    outer loop
      vertex 76.7 95.6349 6.3487
      vertex 74.2 95.45 6.47224
      vertex 74.2 95.6349 6.3487
    endloop
  endfacet
  facet normal 0 -0.751888 -0.659291
    outer loop
      vertex 74.2 95.9487 6.03489
      vertex 76.7 95.8021 6.20208
      vertex 74.2 95.8021 6.20208
    endloop
  endfacet
  facet normal 0 -0.751888 -0.659291
    outer loop
      vertex 76.7 95.8021 6.20208
      vertex 74.2 95.9487 6.03489
      vertex 76.7 95.9487 6.03489
    endloop
  endfacet
  facet normal 0 -0.98077 -0.195165
    outer loop
      vertex 74.2 96.2855 5.22189
      vertex 76.7 96.2421 5.43999
      vertex 74.2 96.2421 5.43999
    endloop
  endfacet
  facet normal 0 -0.98077 -0.195165
    outer loop
      vertex 76.7 96.2421 5.43999
      vertex 74.2 96.2855 5.22189
      vertex 76.7 96.2855 5.22189
    endloop
  endfacet
  facet normal -0 0.321363 0.946956
    outer loop
      vertex 74.2 94.16 3.35793
      vertex 76.7 93.9494 3.4294
      vertex 76.7 94.16 3.35793
    endloop
  endfacet
  facet normal 0 0.321363 0.946956
    outer loop
      vertex 76.7 93.9494 3.4294
      vertex 74.2 94.16 3.35793
      vertex 74.2 93.9494 3.4294
    endloop
  endfacet
  facet normal -0 0.195122 0.980779
    outer loop
      vertex 74.2 94.3781 3.31454
      vertex 76.7 94.16 3.35793
      vertex 76.7 94.3781 3.31454
    endloop
  endfacet
  facet normal 0 0.195122 0.980779
    outer loop
      vertex 76.7 94.16 3.35793
      vertex 74.2 94.3781 3.31454
      vertex 74.2 94.16 3.35793
    endloop
  endfacet
  facet normal 0 0.442349 -0.896843
    outer loop
      vertex 74.2 93.75 6.47224
      vertex 76.7 93.9494 6.57059
      vertex 76.7 93.75 6.47224
    endloop
  endfacet
  facet normal 0 0.442349 -0.896843
    outer loop
      vertex 76.7 93.9494 6.57059
      vertex 74.2 93.75 6.47224
      vertex 74.2 93.9494 6.57059
    endloop
  endfacet
  facet normal 0 0.831552 0.555447
    outer loop
      vertex 76.7 93.2513 3.96511
      vertex 74.2 93.1278 4.15
      vertex 76.7 93.1278 4.15
    endloop
  endfacet
  facet normal 0 0.831552 0.555447
    outer loop
      vertex 74.2 93.1278 4.15
      vertex 76.7 93.2513 3.96511
      vertex 74.2 93.2513 3.96511
    endloop
  endfacet
  facet normal 0 -0.442386 0.896825
    outer loop
      vertex 74.2 95.45 3.52776
      vertex 76.7 95.2506 3.4294
      vertex 76.7 95.45 3.52776
    endloop
  endfacet
  facet normal 0 -0.442386 0.896825
    outer loop
      vertex 76.7 95.2506 3.4294
      vertex 74.2 95.45 3.52776
      vertex 74.2 95.2506 3.4294
    endloop
  endfacet
  facet normal 0 -0.751888 0.659291
    outer loop
      vertex 74.2 95.8021 3.79792
      vertex 76.7 95.9487 3.96511
      vertex 74.2 95.9487 3.96511
    endloop
  endfacet
  facet normal 0 -0.751888 0.659291
    outer loop
      vertex 76.7 95.9487 3.96511
      vertex 74.2 95.8021 3.79792
      vertex 76.7 95.8021 3.79792
    endloop
  endfacet
  facet normal 0 -0.896789 0.442459
    outer loop
      vertex 74.2 96.0722 4.15
      vertex 76.7 96.1706 4.34944
      vertex 74.2 96.1706 4.34944
    endloop
  endfacet
  facet normal 0 -0.896789 0.442459
    outer loop
      vertex 76.7 96.1706 4.34944
      vertex 74.2 96.0722 4.15
      vertex 76.7 96.0722 4.15
    endloop
  endfacet
  facet normal -0 0.0653848 0.99786
    outer loop
      vertex 74.2 94.6 3.3
      vertex 76.7 94.3781 3.31454
      vertex 76.7 94.6 3.3
    endloop
  endfacet
  facet normal 0 0.0653848 0.99786
    outer loop
      vertex 76.7 94.3781 3.31454
      vertex 74.2 94.6 3.3
      vertex 74.2 94.3781 3.31454
    endloop
  endfacet
  facet normal 0 0.659319 -0.751863
    outer loop
      vertex 74.2 93.3979 6.20208
      vertex 76.7 93.5651 6.3487
      vertex 76.7 93.3979 6.20208
    endloop
  endfacet
  facet normal 0 0.659319 -0.751863
    outer loop
      vertex 76.7 93.5651 6.3487
      vertex 74.2 93.3979 6.20208
      vertex 74.2 93.5651 6.3487
    endloop
  endfacet
  facet normal 0 0.321403 -0.946943
    outer loop
      vertex 74.2 93.9494 6.57059
      vertex 76.7 94.16 6.64207
      vertex 76.7 93.9494 6.57059
    endloop
  endfacet
  facet normal 0 0.321403 -0.946943
    outer loop
      vertex 76.7 94.16 6.64207
      vertex 74.2 93.9494 6.57059
      vertex 74.2 94.16 6.64207
    endloop
  endfacet
  facet normal -0 0.659319 0.751863
    outer loop
      vertex 74.2 93.5651 3.6513
      vertex 76.7 93.3979 3.79792
      vertex 76.7 93.5651 3.6513
    endloop
  endfacet
  facet normal 0 0.659319 0.751863
    outer loop
      vertex 76.7 93.3979 3.79792
      vertex 74.2 93.5651 3.6513
      vertex 74.2 93.3979 3.79792
    endloop
  endfacet
  facet normal 0 0.896789 0.442459
    outer loop
      vertex 76.7 93.1278 4.15
      vertex 74.2 93.0294 4.34944
      vertex 76.7 93.0294 4.34944
    endloop
  endfacet
  facet normal 0 0.896789 0.442459
    outer loop
      vertex 74.2 93.0294 4.34944
      vertex 76.7 93.1278 4.15
      vertex 74.2 93.1278 4.15
    endloop
  endfacet
  facet normal 0 0.946901 0.321525
    outer loop
      vertex 76.7 93.0294 4.34944
      vertex 74.2 92.9579 4.56001
      vertex 76.7 92.9579 4.56001
    endloop
  endfacet
  facet normal 0 0.946901 0.321525
    outer loop
      vertex 74.2 92.9579 4.56001
      vertex 76.7 93.0294 4.34944
      vertex 74.2 93.0294 4.34944
    endloop
  endfacet
  facet normal -0 0.442386 0.896825
    outer loop
      vertex 74.2 93.9494 3.4294
      vertex 76.7 93.75 3.52776
      vertex 76.7 93.9494 3.4294
    endloop
  endfacet
  facet normal 0 0.442386 0.896825
    outer loop
      vertex 76.7 93.75 3.52776
      vertex 74.2 93.9494 3.4294
      vertex 74.2 93.75 3.52776
    endloop
  endfacet
  facet normal -0 0.555551 0.831483
    outer loop
      vertex 74.2 93.75 3.52776
      vertex 76.7 93.5651 3.6513
      vertex 76.7 93.75 3.52776
    endloop
  endfacet
  facet normal 0 0.555551 0.831483
    outer loop
      vertex 76.7 93.5651 3.6513
      vertex 74.2 93.75 3.52776
      vertex 74.2 93.5651 3.6513
    endloop
  endfacet
  facet normal 0 0.997872 -0.0652086
    outer loop
      vertex 76.7 92.9 5
      vertex 74.2 92.9145 5.22189
      vertex 76.7 92.9145 5.22189
    endloop
  endfacet
  facet normal 0 0.997872 -0.0652086
    outer loop
      vertex 74.2 92.9145 5.22189
      vertex 76.7 92.9 5
      vertex 74.2 92.9 5
    endloop
  endfacet
  facet normal 0 0.98077 -0.195165
    outer loop
      vertex 76.7 92.9145 5.22189
      vertex 74.2 92.9579 5.43999
      vertex 76.7 92.9579 5.43999
    endloop
  endfacet
  facet normal 0 0.98077 -0.195165
    outer loop
      vertex 74.2 92.9579 5.43999
      vertex 76.7 92.9145 5.22189
      vertex 74.2 92.9145 5.22189
    endloop
  endfacet
  facet normal 0 0.555551 -0.831483
    outer loop
      vertex 74.2 93.5651 6.3487
      vertex 76.7 93.75 6.47224
      vertex 76.7 93.5651 6.3487
    endloop
  endfacet
  facet normal 0 0.555551 -0.831483
    outer loop
      vertex 76.7 93.75 6.47224
      vertex 74.2 93.5651 6.3487
      vertex 74.2 93.75 6.47224
    endloop
  endfacet
  facet normal 0 0.751888 -0.659291
    outer loop
      vertex 76.7 93.2513 6.03489
      vertex 74.2 93.3979 6.20208
      vertex 76.7 93.3979 6.20208
    endloop
  endfacet
  facet normal 0 0.751888 -0.659291
    outer loop
      vertex 74.2 93.3979 6.20208
      vertex 76.7 93.2513 6.03489
      vertex 74.2 93.2513 6.03489
    endloop
  endfacet
  facet normal 0 0.195122 -0.980779
    outer loop
      vertex 74.2 94.16 6.64207
      vertex 76.7 94.3781 6.68546
      vertex 76.7 94.16 6.64207
    endloop
  endfacet
  facet normal 0 0.195122 -0.980779
    outer loop
      vertex 76.7 94.3781 6.68546
      vertex 74.2 94.16 6.64207
      vertex 74.2 94.3781 6.68546
    endloop
  endfacet
  facet normal 0 0.0653848 -0.99786
    outer loop
      vertex 74.2 94.3781 6.68546
      vertex 76.7 94.6 6.7
      vertex 76.7 94.3781 6.68546
    endloop
  endfacet
  facet normal 0 0.0653848 -0.99786
    outer loop
      vertex 76.7 94.6 6.7
      vertex 74.2 94.3781 6.68546
      vertex 74.2 94.6 6.7
    endloop
  endfacet
  facet normal 0 0.751888 0.659291
    outer loop
      vertex 76.7 93.3979 3.79792
      vertex 74.2 93.2513 3.96511
      vertex 76.7 93.2513 3.96511
    endloop
  endfacet
  facet normal 0 0.751888 0.659291
    outer loop
      vertex 74.2 93.2513 3.96511
      vertex 76.7 93.3979 3.79792
      vertex 74.2 93.3979 3.79792
    endloop
  endfacet
  facet normal 0 0.831552 -0.555447
    outer loop
      vertex 76.7 93.1278 5.85
      vertex 74.2 93.2513 6.03489
      vertex 76.7 93.2513 6.03489
    endloop
  endfacet
  facet normal 0 0.831552 -0.555447
    outer loop
      vertex 74.2 93.2513 6.03489
      vertex 76.7 93.1278 5.85
      vertex 74.2 93.1278 5.85
    endloop
  endfacet
  facet normal 0 0.946901 -0.321525
    outer loop
      vertex 76.7 92.9579 5.43999
      vertex 74.2 93.0294 5.65056
      vertex 76.7 93.0294 5.65056
    endloop
  endfacet
  facet normal 0 0.946901 -0.321525
    outer loop
      vertex 74.2 93.0294 5.65056
      vertex 76.7 92.9579 5.43999
      vertex 74.2 92.9579 5.43999
    endloop
  endfacet
  facet normal 0 0.896789 -0.442459
    outer loop
      vertex 76.7 93.0294 5.65056
      vertex 74.2 93.1278 5.85
      vertex 76.7 93.1278 5.85
    endloop
  endfacet
  facet normal 0 0.896789 -0.442459
    outer loop
      vertex 74.2 93.1278 5.85
      vertex 76.7 93.0294 5.65056
      vertex 74.2 93.0294 5.65056
    endloop
  endfacet
endsolid OpenSCAD_Model
